SnapshotUTC,EventId,Date,KickoffUTC,HomeTeam,AwayTeam,Bookmaker,BookmakerKey,BookLastUpdate,Market,Outcome,Point,DecimalOdds
2026-08-11T03:06:20.998232+00:00,eb2553d10d63dc912b99f8fd0d675721,2026-08-21,2026-08-21T19:00:00+00:00,Arsenal,Coventry City,FanDuel,fanduel,2026-08-11T03:05:49Z,h2h,Arsenal,,1.14
2026-08-11T03:06:20.998232+00:00,eb2553d10d63dc912b99f8fd0d675721,2026-08-21,2026-08-21T19:00:00+00:00,Arsenal,Coventry City,FanDuel,fanduel,2026-08-11T03:05:49Z,h2h,Coventry City,,14.0
2026-08-11T03:06:20.998232+00:00,eb2553d10d63dc912b99f8fd0d675721,2026-08-21,2026-08-21T19:00:00+00:00,Arsenal,Coventry City,FanDuel,fanduel,2026-08-11T03:05:49Z,h2h,Draw,,7.5
2026-08-11T03:06:20.998232+00:00,eb2553d10d63dc912b99f8fd0d675721,2026-08-21,2026-08-21T19:00:00+00:00,Arsenal,Coventry City,BetMGM,betmgm,2026-08-11T03:05:36Z,h2h,Arsenal,,1.17
2026-08-11T03:06:20.998232+00:00,eb2553d10d63dc912b99f8fd0d675721,2026-08-21,2026-08-21T19:00:00+00:00,Arsenal,Coventry City,BetMGM,betmgm,2026-08-11T03:05:36Z,h2h,Coventry City,,14.0
2026-08-11T03:06:20.998232+00:00,eb2553d10d63dc912b99f8fd0d675721,2026-08-21,2026-08-21T19:00:00+00:00,Arsenal,Coventry City,BetMGM,betmgm,2026-08-11T03:05:36Z,h2h,Draw,,7.0
2026-08-11T03:06:20.998232+00:00,eb2553d10d63dc912b99f8fd0d675721,2026-08-21,2026-08-21T19:00:00+00:00,Arsenal,Coventry City,BetMGM,betmgm,2026-08-11T03:05:36Z,totals,Over,2.5,1.54
2026-08-11T03:06:20.998232+00:00,eb2553d10d63dc912b99f8fd0d675721,2026-08-21,2026-08-21T19:00:00+00:00,Arsenal,Coventry City,BetMGM,betmgm,2026-08-11T03:05:36Z,totals,Under,2.5,2.3
2026-08-11T03:06:20.998232+00:00,eb2553d10d63dc912b99f8fd0d675721,2026-08-21,2026-08-21T19:00:00+00:00,Arsenal,Coventry City,DraftKings,draftkings,2026-08-11T03:05:25Z,h2h,Arsenal,,1.15
2026-08-11T03:06:20.998232+00:00,eb2553d10d63dc912b99f8fd0d675721,2026-08-21,2026-08-21T19:00:00+00:00,Arsenal,Coventry City,DraftKings,draftkings,2026-08-11T03:05:25Z,h2h,Coventry City,,14.0
2026-08-11T03:06:20.998232+00:00,eb2553d10d63dc912b99f8fd0d675721,2026-08-21,2026-08-21T19:00:00+00:00,Arsenal,Coventry City,DraftKings,draftkings,2026-08-11T03:05:25Z,h2h,Draw,,7.0
2026-08-11T03:06:20.998232+00:00,eb2553d10d63dc912b99f8fd0d675721,2026-08-21,2026-08-21T19:00:00+00:00,Arsenal,Coventry City,BetRivers,betrivers,2026-08-11T03:05:25Z,h2h,Arsenal,,1.15
2026-08-11T03:06:20.998232+00:00,eb2553d10d63dc912b99f8fd0d675721,2026-08-21,2026-08-21T19:00:00+00:00,Arsenal,Coventry City,BetRivers,betrivers,2026-08-11T03:05:25Z,h2h,Coventry City,,19.0
2026-08-11T03:06:20.998232+00:00,eb2553d10d63dc912b99f8fd0d675721,2026-08-21,2026-08-21T19:00:00+00:00,Arsenal,Coventry City,BetRivers,betrivers,2026-08-11T03:05:25Z,h2h,Draw,,8.0
2026-08-11T03:06:20.998232+00:00,eb2553d10d63dc912b99f8fd0d675721,2026-08-21,2026-08-21T19:00:00+00:00,Arsenal,Coventry City,BetRivers,betrivers,2026-08-11T03:05:25Z,totals,Over,3.5,2.4
2026-08-11T03:06:20.998232+00:00,eb2553d10d63dc912b99f8fd0d675721,2026-08-21,2026-08-21T19:00:00+00:00,Arsenal,Coventry City,BetRivers,betrivers,2026-08-11T03:05:25Z,totals,Under,3.5,1.55
2026-08-11T03:06:20.998232+00:00,eb2553d10d63dc912b99f8fd0d675721,2026-08-21,2026-08-21T19:00:00+00:00,Arsenal,Coventry City,BetOnline.ag,betonlineag,2026-08-11T03:05:15Z,h2h,Arsenal,,1.18
2026-08-11T03:06:20.998232+00:00,eb2553d10d63dc912b99f8fd0d675721,2026-08-21,2026-08-21T19:00:00+00:00,Arsenal,Coventry City,BetOnline.ag,betonlineag,2026-08-11T03:05:15Z,h2h,Coventry City,,16.05
2026-08-11T03:06:20.998232+00:00,eb2553d10d63dc912b99f8fd0d675721,2026-08-21,2026-08-21T19:00:00+00:00,Arsenal,Coventry City,BetOnline.ag,betonlineag,2026-08-11T03:05:15Z,h2h,Draw,,8.0
2026-08-11T03:06:20.998232+00:00,eb2553d10d63dc912b99f8fd0d675721,2026-08-21,2026-08-21T19:00:00+00:00,Arsenal,Coventry City,BetOnline.ag,betonlineag,2026-08-11T03:05:15Z,totals,Over,3.0,1.93
2026-08-11T03:06:20.998232+00:00,eb2553d10d63dc912b99f8fd0d675721,2026-08-21,2026-08-21T19:00:00+00:00,Arsenal,Coventry City,BetOnline.ag,betonlineag,2026-08-11T03:05:15Z,totals,Under,3.0,1.93
2026-08-11T03:06:20.998232+00:00,eb2553d10d63dc912b99f8fd0d675721,2026-08-21,2026-08-21T19:00:00+00:00,Arsenal,Coventry City,LowVig.ag,lowvig,2026-08-11T03:05:59Z,h2h,Arsenal,,1.18
2026-08-11T03:06:20.998232+00:00,eb2553d10d63dc912b99f8fd0d675721,2026-08-21,2026-08-21T19:00:00+00:00,Arsenal,Coventry City,LowVig.ag,lowvig,2026-08-11T03:05:59Z,h2h,Coventry City,,16.05
2026-08-11T03:06:20.998232+00:00,eb2553d10d63dc912b99f8fd0d675721,2026-08-21,2026-08-21T19:00:00+00:00,Arsenal,Coventry City,LowVig.ag,lowvig,2026-08-11T03:05:59Z,h2h,Draw,,8.0
2026-08-11T03:06:20.998232+00:00,eb2553d10d63dc912b99f8fd0d675721,2026-08-21,2026-08-21T19:00:00+00:00,Arsenal,Coventry City,LowVig.ag,lowvig,2026-08-11T03:05:59Z,totals,Over,3.0,1.93
2026-08-11T03:06:20.998232+00:00,eb2553d10d63dc912b99f8fd0d675721,2026-08-21,2026-08-21T19:00:00+00:00,Arsenal,Coventry City,LowVig.ag,lowvig,2026-08-11T03:05:59Z,totals,Under,3.0,1.93
2026-08-11T03:06:20.998232+00:00,eb2553d10d63dc912b99f8fd0d675721,2026-08-21,2026-08-21T19:00:00+00:00,Arsenal,Coventry City,Bovada,bovada,2026-08-11T03:04:13Z,h2h,Arsenal,,1.18
2026-08-11T03:06:20.998232+00:00,eb2553d10d63dc912b99f8fd0d675721,2026-08-21,2026-08-21T19:00:00+00:00,Arsenal,Coventry City,Bovada,bovada,2026-08-11T03:04:13Z,h2h,Coventry City,,15.0
2026-08-11T03:06:20.998232+00:00,eb2553d10d63dc912b99f8fd0d675721,2026-08-21,2026-08-21T19:00:00+00:00,Arsenal,Coventry City,Bovada,bovada,2026-08-11T03:04:13Z,h2h,Draw,,7.0
2026-08-11T03:06:20.998232+00:00,eb2553d10d63dc912b99f8fd0d675721,2026-08-21,2026-08-21T19:00:00+00:00,Arsenal,Coventry City,Bovada,bovada,2026-08-11T03:04:13Z,totals,Over,3.0,1.95
2026-08-11T03:06:20.998232+00:00,eb2553d10d63dc912b99f8fd0d675721,2026-08-21,2026-08-21T19:00:00+00:00,Arsenal,Coventry City,Bovada,bovada,2026-08-11T03:04:13Z,totals,Under,3.0,1.87
2026-08-11T03:06:20.998232+00:00,eb2553d10d63dc912b99f8fd0d675721,2026-08-21,2026-08-21T19:00:00+00:00,Arsenal,Coventry City,BetUS,betus,2026-08-11T03:05:15Z,h2h,Arsenal,,1.17
2026-08-11T03:06:20.998232+00:00,eb2553d10d63dc912b99f8fd0d675721,2026-08-21,2026-08-21T19:00:00+00:00,Arsenal,Coventry City,BetUS,betus,2026-08-11T03:05:15Z,h2h,Coventry City,,13.0
2026-08-11T03:06:20.998232+00:00,eb2553d10d63dc912b99f8fd0d675721,2026-08-21,2026-08-21T19:00:00+00:00,Arsenal,Coventry City,BetUS,betus,2026-08-11T03:05:15Z,h2h,Draw,,7.5
2026-08-11T03:06:20.998232+00:00,eb2553d10d63dc912b99f8fd0d675721,2026-08-21,2026-08-21T19:00:00+00:00,Arsenal,Coventry City,BetUS,betus,2026-08-11T03:05:15Z,totals,Over,3.0,1.91
2026-08-11T03:06:20.998232+00:00,eb2553d10d63dc912b99f8fd0d675721,2026-08-21,2026-08-21T19:00:00+00:00,Arsenal,Coventry City,BetUS,betus,2026-08-11T03:05:15Z,totals,Under,3.0,1.91
2026-08-11T03:06:20.998232+00:00,eb2553d10d63dc912b99f8fd0d675721,2026-08-21,2026-08-21T19:00:00+00:00,Arsenal,Coventry City,MyBookie.ag,mybookieag,2026-08-11T03:04:10Z,h2h,Arsenal,,1.16
2026-08-11T03:06:20.998232+00:00,eb2553d10d63dc912b99f8fd0d675721,2026-08-21,2026-08-21T19:00:00+00:00,Arsenal,Coventry City,MyBookie.ag,mybookieag,2026-08-11T03:04:10Z,h2h,Coventry City,,14.75
2026-08-11T03:06:20.998232+00:00,eb2553d10d63dc912b99f8fd0d675721,2026-08-21,2026-08-21T19:00:00+00:00,Arsenal,Coventry City,MyBookie.ag,mybookieag,2026-08-11T03:04:10Z,h2h,Draw,,6.7
2026-08-11T03:06:20.998232+00:00,eb2553d10d63dc912b99f8fd0d675721,2026-08-21,2026-08-21T19:00:00+00:00,Arsenal,Coventry City,MyBookie.ag,mybookieag,2026-08-11T03:04:10Z,totals,Over,2.5,1.55
2026-08-11T03:06:20.998232+00:00,eb2553d10d63dc912b99f8fd0d675721,2026-08-21,2026-08-21T19:00:00+00:00,Arsenal,Coventry City,MyBookie.ag,mybookieag,2026-08-11T03:04:10Z,totals,Under,2.5,2.31
2026-08-11T03:06:20.998232+00:00,95bb16d19debff3ec39919f361f072a4,2026-08-22,2026-08-22T11:30:00+00:00,Hull City,Man United,FanDuel,fanduel,2026-08-11T03:05:49Z,h2h,Hull City,,7.0
2026-08-11T03:06:20.998232+00:00,95bb16d19debff3ec39919f361f072a4,2026-08-22,2026-08-22T11:30:00+00:00,Hull City,Man United,FanDuel,fanduel,2026-08-11T03:05:49Z,h2h,Manchester United,,1.43
2026-08-11T03:06:20.998232+00:00,95bb16d19debff3ec39919f361f072a4,2026-08-22,2026-08-22T11:30:00+00:00,Hull City,Man United,FanDuel,fanduel,2026-08-11T03:05:49Z,h2h,Draw,,4.6
2026-08-11T03:06:20.998232+00:00,95bb16d19debff3ec39919f361f072a4,2026-08-22,2026-08-22T11:30:00+00:00,Hull City,Man United,BetMGM,betmgm,2026-08-11T03:05:36Z,h2h,Hull City,,6.5
2026-08-11T03:06:20.998232+00:00,95bb16d19debff3ec39919f361f072a4,2026-08-22,2026-08-22T11:30:00+00:00,Hull City,Man United,BetMGM,betmgm,2026-08-11T03:05:36Z,h2h,Manchester United,,1.43
2026-08-11T03:06:20.998232+00:00,95bb16d19debff3ec39919f361f072a4,2026-08-22,2026-08-22T11:30:00+00:00,Hull City,Man United,BetMGM,betmgm,2026-08-11T03:05:36Z,h2h,Draw,,4.4
2026-08-11T03:06:20.998232+00:00,95bb16d19debff3ec39919f361f072a4,2026-08-22,2026-08-22T11:30:00+00:00,Hull City,Man United,BetMGM,betmgm,2026-08-11T03:05:36Z,totals,Over,2.5,1.71
2026-08-11T03:06:20.998232+00:00,95bb16d19debff3ec39919f361f072a4,2026-08-22,2026-08-22T11:30:00+00:00,Hull City,Man United,BetMGM,betmgm,2026-08-11T03:05:36Z,totals,Under,2.5,2.0
2026-08-11T03:06:20.998232+00:00,95bb16d19debff3ec39919f361f072a4,2026-08-22,2026-08-22T11:30:00+00:00,Hull City,Man United,DraftKings,draftkings,2026-08-11T03:05:25Z,h2h,Hull City,,7.0
2026-08-11T03:06:20.998232+00:00,95bb16d19debff3ec39919f361f072a4,2026-08-22,2026-08-22T11:30:00+00:00,Hull City,Man United,DraftKings,draftkings,2026-08-11T03:05:25Z,h2h,Manchester United,,1.44
2026-08-11T03:06:20.998232+00:00,95bb16d19debff3ec39919f361f072a4,2026-08-22,2026-08-22T11:30:00+00:00,Hull City,Man United,DraftKings,draftkings,2026-08-11T03:05:25Z,h2h,Draw,,4.3
2026-08-11T03:06:20.998232+00:00,95bb16d19debff3ec39919f361f072a4,2026-08-22,2026-08-22T11:30:00+00:00,Hull City,Man United,BetRivers,betrivers,2026-08-11T03:05:25Z,h2h,Hull City,,8.0
2026-08-11T03:06:20.998232+00:00,95bb16d19debff3ec39919f361f072a4,2026-08-22,2026-08-22T11:30:00+00:00,Hull City,Man United,BetRivers,betrivers,2026-08-11T03:05:25Z,h2h,Manchester United,,1.42
2026-08-11T03:06:20.998232+00:00,95bb16d19debff3ec39919f361f072a4,2026-08-22,2026-08-22T11:30:00+00:00,Hull City,Man United,BetRivers,betrivers,2026-08-11T03:05:25Z,h2h,Draw,,4.5
2026-08-11T03:06:20.998232+00:00,95bb16d19debff3ec39919f361f072a4,2026-08-22,2026-08-22T11:30:00+00:00,Hull City,Man United,BetRivers,betrivers,2026-08-11T03:05:25Z,totals,Over,2.5,1.73
2026-08-11T03:06:20.998232+00:00,95bb16d19debff3ec39919f361f072a4,2026-08-22,2026-08-22T11:30:00+00:00,Hull City,Man United,BetRivers,betrivers,2026-08-11T03:05:25Z,totals,Under,2.5,2.08
2026-08-11T03:06:20.998232+00:00,95bb16d19debff3ec39919f361f072a4,2026-08-22,2026-08-22T11:30:00+00:00,Hull City,Man United,BetOnline.ag,betonlineag,2026-08-11T03:05:15Z,h2h,Hull City,,7.7
2026-08-11T03:06:20.998232+00:00,95bb16d19debff3ec39919f361f072a4,2026-08-22,2026-08-22T11:30:00+00:00,Hull City,Man United,BetOnline.ag,betonlineag,2026-08-11T03:05:15Z,h2h,Manchester United,,1.45
2026-08-11T03:06:20.998232+00:00,95bb16d19debff3ec39919f361f072a4,2026-08-22,2026-08-22T11:30:00+00:00,Hull City,Man United,BetOnline.ag,betonlineag,2026-08-11T03:05:15Z,h2h,Draw,,4.6
2026-08-11T03:06:20.998232+00:00,95bb16d19debff3ec39919f361f072a4,2026-08-22,2026-08-22T11:30:00+00:00,Hull City,Man United,BetOnline.ag,betonlineag,2026-08-11T03:05:15Z,totals,Over,2.5,1.75
2026-08-11T03:06:20.998232+00:00,95bb16d19debff3ec39919f361f072a4,2026-08-22,2026-08-22T11:30:00+00:00,Hull City,Man United,BetOnline.ag,betonlineag,2026-08-11T03:05:15Z,totals,Under,2.5,2.17
2026-08-11T03:06:20.998232+00:00,95bb16d19debff3ec39919f361f072a4,2026-08-22,2026-08-22T11:30:00+00:00,Hull City,Man United,LowVig.ag,lowvig,2026-08-11T03:05:59Z,h2h,Hull City,,7.7
2026-08-11T03:06:20.998232+00:00,95bb16d19debff3ec39919f361f072a4,2026-08-22,2026-08-22T11:30:00+00:00,Hull City,Man United,LowVig.ag,lowvig,2026-08-11T03:05:59Z,h2h,Manchester United,,1.45
2026-08-11T03:06:20.998232+00:00,95bb16d19debff3ec39919f361f072a4,2026-08-22,2026-08-22T11:30:00+00:00,Hull City,Man United,LowVig.ag,lowvig,2026-08-11T03:05:59Z,h2h,Draw,,4.6
2026-08-11T03:06:20.998232+00:00,95bb16d19debff3ec39919f361f072a4,2026-08-22,2026-08-22T11:30:00+00:00,Hull City,Man United,LowVig.ag,lowvig,2026-08-11T03:05:59Z,totals,Over,2.5,1.75
2026-08-11T03:06:20.998232+00:00,95bb16d19debff3ec39919f361f072a4,2026-08-22,2026-08-22T11:30:00+00:00,Hull City,Man United,LowVig.ag,lowvig,2026-08-11T03:05:59Z,totals,Under,2.5,2.17
2026-08-11T03:06:20.998232+00:00,95bb16d19debff3ec39919f361f072a4,2026-08-22,2026-08-22T11:30:00+00:00,Hull City,Man United,Bovada,bovada,2026-08-11T03:04:13Z,h2h,Hull City,,6.75
2026-08-11T03:06:20.998232+00:00,95bb16d19debff3ec39919f361f072a4,2026-08-22,2026-08-22T11:30:00+00:00,Hull City,Man United,Bovada,bovada,2026-08-11T03:04:13Z,h2h,Manchester United,,1.47
2026-08-11T03:06:20.998232+00:00,95bb16d19debff3ec39919f361f072a4,2026-08-22,2026-08-22T11:30:00+00:00,Hull City,Man United,Bovada,bovada,2026-08-11T03:04:13Z,h2h,Draw,,4.5
2026-08-11T03:06:20.998232+00:00,95bb16d19debff3ec39919f361f072a4,2026-08-22,2026-08-22T11:30:00+00:00,Hull City,Man United,Bovada,bovada,2026-08-11T03:04:13Z,totals,Over,2.5,1.78
2026-08-11T03:06:20.998232+00:00,95bb16d19debff3ec39919f361f072a4,2026-08-22,2026-08-22T11:30:00+00:00,Hull City,Man United,Bovada,bovada,2026-08-11T03:04:13Z,totals,Under,2.5,2.08
2026-08-11T03:06:20.998232+00:00,95bb16d19debff3ec39919f361f072a4,2026-08-22,2026-08-22T11:30:00+00:00,Hull City,Man United,BetUS,betus,2026-08-11T03:05:15Z,h2h,Hull City,,7.7
2026-08-11T03:06:20.998232+00:00,95bb16d19debff3ec39919f361f072a4,2026-08-22,2026-08-22T11:30:00+00:00,Hull City,Man United,BetUS,betus,2026-08-11T03:05:15Z,h2h,Manchester United,,1.45
2026-08-11T03:06:20.998232+00:00,95bb16d19debff3ec39919f361f072a4,2026-08-22,2026-08-22T11:30:00+00:00,Hull City,Man United,BetUS,betus,2026-08-11T03:05:15Z,h2h,Draw,,4.6
2026-08-11T03:06:20.998232+00:00,95bb16d19debff3ec39919f361f072a4,2026-08-22,2026-08-22T11:30:00+00:00,Hull City,Man United,BetUS,betus,2026-08-11T03:05:15Z,totals,Over,2.5,1.74
2026-08-11T03:06:20.998232+00:00,95bb16d19debff3ec39919f361f072a4,2026-08-22,2026-08-22T11:30:00+00:00,Hull City,Man United,BetUS,betus,2026-08-11T03:05:15Z,totals,Under,2.5,2.15
2026-08-11T03:06:20.998232+00:00,95bb16d19debff3ec39919f361f072a4,2026-08-22,2026-08-22T11:30:00+00:00,Hull City,Man United,MyBookie.ag,mybookieag,2026-08-11T03:04:10Z,h2h,Hull City,,6.4
2026-08-11T03:06:20.998232+00:00,95bb16d19debff3ec39919f361f072a4,2026-08-22,2026-08-22T11:30:00+00:00,Hull City,Man United,MyBookie.ag,mybookieag,2026-08-11T03:04:10Z,h2h,Manchester United,,1.44
2026-08-11T03:06:20.998232+00:00,95bb16d19debff3ec39919f361f072a4,2026-08-22,2026-08-22T11:30:00+00:00,Hull City,Man United,MyBookie.ag,mybookieag,2026-08-11T03:04:10Z,h2h,Draw,,4.4
2026-08-11T03:06:20.998232+00:00,95bb16d19debff3ec39919f361f072a4,2026-08-22,2026-08-22T11:30:00+00:00,Hull City,Man United,MyBookie.ag,mybookieag,2026-08-11T03:04:10Z,totals,Over,2.5,1.72
2026-08-11T03:06:20.998232+00:00,95bb16d19debff3ec39919f361f072a4,2026-08-22,2026-08-22T11:30:00+00:00,Hull City,Man United,MyBookie.ag,mybookieag,2026-08-11T03:04:10Z,totals,Under,2.5,2.0
2026-08-11T03:06:20.998232+00:00,cd1f0173ec061d9b8a8b22ab8f2f8393,2026-08-22,2026-08-22T14:00:00+00:00,Everton,Crystal Palace,FanDuel,fanduel,2026-08-11T03:05:49Z,h2h,Crystal Palace,,3.3
2026-08-11T03:06:20.998232+00:00,cd1f0173ec061d9b8a8b22ab8f2f8393,2026-08-22,2026-08-22T14:00:00+00:00,Everton,Crystal Palace,FanDuel,fanduel,2026-08-11T03:05:49Z,h2h,Everton,,2.1
2026-08-11T03:06:20.998232+00:00,cd1f0173ec061d9b8a8b22ab8f2f8393,2026-08-22,2026-08-22T14:00:00+00:00,Everton,Crystal Palace,FanDuel,fanduel,2026-08-11T03:05:49Z,h2h,Draw,,3.6
2026-08-11T03:06:20.998232+00:00,cd1f0173ec061d9b8a8b22ab8f2f8393,2026-08-22,2026-08-22T14:00:00+00:00,Everton,Crystal Palace,BetMGM,betmgm,2026-08-11T03:05:36Z,h2h,Crystal Palace,,3.2
2026-08-11T03:06:20.998232+00:00,cd1f0173ec061d9b8a8b22ab8f2f8393,2026-08-22,2026-08-22T14:00:00+00:00,Everton,Crystal Palace,BetMGM,betmgm,2026-08-11T03:05:36Z,h2h,Everton,,2.1
2026-08-11T03:06:20.998232+00:00,cd1f0173ec061d9b8a8b22ab8f2f8393,2026-08-22,2026-08-22T14:00:00+00:00,Everton,Crystal Palace,BetMGM,betmgm,2026-08-11T03:05:36Z,h2h,Draw,,3.4
2026-08-11T03:06:20.998232+00:00,cd1f0173ec061d9b8a8b22ab8f2f8393,2026-08-22,2026-08-22T14:00:00+00:00,Everton,Crystal Palace,BetMGM,betmgm,2026-08-11T03:05:36Z,totals,Over,2.5,1.83
2026-08-11T03:06:20.998232+00:00,cd1f0173ec061d9b8a8b22ab8f2f8393,2026-08-22,2026-08-22T14:00:00+00:00,Everton,Crystal Palace,BetMGM,betmgm,2026-08-11T03:05:36Z,totals,Under,2.5,1.87
2026-08-11T03:06:20.998232+00:00,cd1f0173ec061d9b8a8b22ab8f2f8393,2026-08-22,2026-08-22T14:00:00+00:00,Everton,Crystal Palace,DraftKings,draftkings,2026-08-11T03:05:25Z,h2h,Crystal Palace,,3.3
2026-08-11T03:06:20.998232+00:00,cd1f0173ec061d9b8a8b22ab8f2f8393,2026-08-22,2026-08-22T14:00:00+00:00,Everton,Crystal Palace,DraftKings,draftkings,2026-08-11T03:05:25Z,h2h,Everton,,2.15
2026-08-11T03:06:20.998232+00:00,cd1f0173ec061d9b8a8b22ab8f2f8393,2026-08-22,2026-08-22T14:00:00+00:00,Everton,Crystal Palace,DraftKings,draftkings,2026-08-11T03:05:25Z,h2h,Draw,,3.4
2026-08-11T03:06:20.998232+00:00,cd1f0173ec061d9b8a8b22ab8f2f8393,2026-08-22,2026-08-22T14:00:00+00:00,Everton,Crystal Palace,BetRivers,betrivers,2026-08-11T03:05:25Z,h2h,Crystal Palace,,3.7
2026-08-11T03:06:20.998232+00:00,cd1f0173ec061d9b8a8b22ab8f2f8393,2026-08-22,2026-08-22T14:00:00+00:00,Everton,Crystal Palace,BetRivers,betrivers,2026-08-11T03:05:25Z,h2h,Everton,,2.06
2026-08-11T03:06:20.998232+00:00,cd1f0173ec061d9b8a8b22ab8f2f8393,2026-08-22,2026-08-22T14:00:00+00:00,Everton,Crystal Palace,BetRivers,betrivers,2026-08-11T03:05:25Z,h2h,Draw,,3.4
2026-08-11T03:06:20.998232+00:00,cd1f0173ec061d9b8a8b22ab8f2f8393,2026-08-22,2026-08-22T14:00:00+00:00,Everton,Crystal Palace,BetRivers,betrivers,2026-08-11T03:05:25Z,totals,Over,2.5,1.91
2026-08-11T03:06:20.998232+00:00,cd1f0173ec061d9b8a8b22ab8f2f8393,2026-08-22,2026-08-22T14:00:00+00:00,Everton,Crystal Palace,BetRivers,betrivers,2026-08-11T03:05:25Z,totals,Under,2.5,1.87
2026-08-11T03:06:20.998232+00:00,cd1f0173ec061d9b8a8b22ab8f2f8393,2026-08-22,2026-08-22T14:00:00+00:00,Everton,Crystal Palace,BetOnline.ag,betonlineag,2026-08-11T03:05:15Z,h2h,Crystal Palace,,3.45
2026-08-11T03:06:20.998232+00:00,cd1f0173ec061d9b8a8b22ab8f2f8393,2026-08-22,2026-08-22T14:00:00+00:00,Everton,Crystal Palace,BetOnline.ag,betonlineag,2026-08-11T03:05:15Z,h2h,Everton,,2.2
2026-08-11T03:06:20.998232+00:00,cd1f0173ec061d9b8a8b22ab8f2f8393,2026-08-22,2026-08-22T14:00:00+00:00,Everton,Crystal Palace,BetOnline.ag,betonlineag,2026-08-11T03:05:15Z,h2h,Draw,,3.45
2026-08-11T03:06:20.998232+00:00,cd1f0173ec061d9b8a8b22ab8f2f8393,2026-08-22,2026-08-22T14:00:00+00:00,Everton,Crystal Palace,BetOnline.ag,betonlineag,2026-08-11T03:05:15Z,totals,Over,2.5,1.95
2026-08-11T03:06:20.998232+00:00,cd1f0173ec061d9b8a8b22ab8f2f8393,2026-08-22,2026-08-22T14:00:00+00:00,Everton,Crystal Palace,BetOnline.ag,betonlineag,2026-08-11T03:05:15Z,totals,Under,2.5,1.9
2026-08-11T03:06:20.998232+00:00,cd1f0173ec061d9b8a8b22ab8f2f8393,2026-08-22,2026-08-22T14:00:00+00:00,Everton,Crystal Palace,LowVig.ag,lowvig,2026-08-11T03:05:59Z,h2h,Crystal Palace,,3.45
2026-08-11T03:06:20.998232+00:00,cd1f0173ec061d9b8a8b22ab8f2f8393,2026-08-22,2026-08-22T14:00:00+00:00,Everton,Crystal Palace,LowVig.ag,lowvig,2026-08-11T03:05:59Z,h2h,Everton,,2.2
2026-08-11T03:06:20.998232+00:00,cd1f0173ec061d9b8a8b22ab8f2f8393,2026-08-22,2026-08-22T14:00:00+00:00,Everton,Crystal Palace,LowVig.ag,lowvig,2026-08-11T03:05:59Z,h2h,Draw,,3.45
2026-08-11T03:06:20.998232+00:00,cd1f0173ec061d9b8a8b22ab8f2f8393,2026-08-22,2026-08-22T14:00:00+00:00,Everton,Crystal Palace,LowVig.ag,lowvig,2026-08-11T03:05:59Z,totals,Over,2.5,1.95
2026-08-11T03:06:20.998232+00:00,cd1f0173ec061d9b8a8b22ab8f2f8393,2026-08-22,2026-08-22T14:00:00+00:00,Everton,Crystal Palace,LowVig.ag,lowvig,2026-08-11T03:05:59Z,totals,Under,2.5,1.9
2026-08-11T03:06:20.998232+00:00,cd1f0173ec061d9b8a8b22ab8f2f8393,2026-08-22,2026-08-22T14:00:00+00:00,Everton,Crystal Palace,Bovada,bovada,2026-08-11T03:04:13Z,h2h,Crystal Palace,,3.35
2026-08-11T03:06:20.998232+00:00,cd1f0173ec061d9b8a8b22ab8f2f8393,2026-08-22,2026-08-22T14:00:00+00:00,Everton,Crystal Palace,Bovada,bovada,2026-08-11T03:04:13Z,h2h,Everton,,2.15
2026-08-11T03:06:20.998232+00:00,cd1f0173ec061d9b8a8b22ab8f2f8393,2026-08-22,2026-08-22T14:00:00+00:00,Everton,Crystal Palace,Bovada,bovada,2026-08-11T03:04:13Z,h2h,Draw,,3.45
2026-08-11T03:06:20.998232+00:00,cd1f0173ec061d9b8a8b22ab8f2f8393,2026-08-22,2026-08-22T14:00:00+00:00,Everton,Crystal Palace,Bovada,bovada,2026-08-11T03:04:13Z,totals,Over,2.5,1.91
2026-08-11T03:06:20.998232+00:00,cd1f0173ec061d9b8a8b22ab8f2f8393,2026-08-22,2026-08-22T14:00:00+00:00,Everton,Crystal Palace,Bovada,bovada,2026-08-11T03:04:13Z,totals,Under,2.5,1.91
2026-08-11T03:06:20.998232+00:00,cd1f0173ec061d9b8a8b22ab8f2f8393,2026-08-22,2026-08-22T14:00:00+00:00,Everton,Crystal Palace,BetUS,betus,2026-08-11T03:05:15Z,h2h,Crystal Palace,,3.2
2026-08-11T03:06:20.998232+00:00,cd1f0173ec061d9b8a8b22ab8f2f8393,2026-08-22,2026-08-22T14:00:00+00:00,Everton,Crystal Palace,BetUS,betus,2026-08-11T03:05:15Z,h2h,Everton,,2.1
2026-08-11T03:06:20.998232+00:00,cd1f0173ec061d9b8a8b22ab8f2f8393,2026-08-22,2026-08-22T14:00:00+00:00,Everton,Crystal Palace,BetUS,betus,2026-08-11T03:05:15Z,h2h,Draw,,3.4
2026-08-11T03:06:20.998232+00:00,cd1f0173ec061d9b8a8b22ab8f2f8393,2026-08-22,2026-08-22T14:00:00+00:00,Everton,Crystal Palace,BetUS,betus,2026-08-11T03:05:15Z,totals,Over,2.5,1.91
2026-08-11T03:06:20.998232+00:00,cd1f0173ec061d9b8a8b22ab8f2f8393,2026-08-22,2026-08-22T14:00:00+00:00,Everton,Crystal Palace,BetUS,betus,2026-08-11T03:05:15Z,totals,Under,2.5,1.91
2026-08-11T03:06:20.998232+00:00,cd1f0173ec061d9b8a8b22ab8f2f8393,2026-08-22,2026-08-22T14:00:00+00:00,Everton,Crystal Palace,MyBookie.ag,mybookieag,2026-08-11T03:04:10Z,h2h,Crystal Palace,,3.3
2026-08-11T03:06:20.998232+00:00,cd1f0173ec061d9b8a8b22ab8f2f8393,2026-08-22,2026-08-22T14:00:00+00:00,Everton,Crystal Palace,MyBookie.ag,mybookieag,2026-08-11T03:04:10Z,h2h,Everton,,2.1
2026-08-11T03:06:20.998232+00:00,cd1f0173ec061d9b8a8b22ab8f2f8393,2026-08-22,2026-08-22T14:00:00+00:00,Everton,Crystal Palace,MyBookie.ag,mybookieag,2026-08-11T03:04:10Z,h2h,Draw,,3.32
2026-08-11T03:06:20.998232+00:00,cd1f0173ec061d9b8a8b22ab8f2f8393,2026-08-22,2026-08-22T14:00:00+00:00,Everton,Crystal Palace,MyBookie.ag,mybookieag,2026-08-11T03:04:10Z,totals,Over,2.5,1.85
2026-08-11T03:06:20.998232+00:00,cd1f0173ec061d9b8a8b22ab8f2f8393,2026-08-22,2026-08-22T14:00:00+00:00,Everton,Crystal Palace,MyBookie.ag,mybookieag,2026-08-11T03:04:10Z,totals,Under,2.5,1.85
2026-08-11T03:06:20.998232+00:00,01615d9573ef1e5aa8c09eb32a4a983b,2026-08-22,2026-08-22T14:00:00+00:00,Ipswich Town,Sunderland,FanDuel,fanduel,2026-08-11T03:05:49Z,h2h,Ipswich Town,,2.7
2026-08-11T03:06:20.998232+00:00,01615d9573ef1e5aa8c09eb32a4a983b,2026-08-22,2026-08-22T14:00:00+00:00,Ipswich Town,Sunderland,FanDuel,fanduel,2026-08-11T03:05:49Z,h2h,Sunderland,,2.5
2026-08-11T03:06:20.998232+00:00,01615d9573ef1e5aa8c09eb32a4a983b,2026-08-22,2026-08-22T14:00:00+00:00,Ipswich Town,Sunderland,FanDuel,fanduel,2026-08-11T03:05:49Z,h2h,Draw,,3.4
2026-08-11T03:06:20.998232+00:00,01615d9573ef1e5aa8c09eb32a4a983b,2026-08-22,2026-08-22T14:00:00+00:00,Ipswich Town,Sunderland,BetMGM,betmgm,2026-08-11T03:05:36Z,h2h,Ipswich Town,,2.65
2026-08-11T03:06:20.998232+00:00,01615d9573ef1e5aa8c09eb32a4a983b,2026-08-22,2026-08-22T14:00:00+00:00,Ipswich Town,Sunderland,BetMGM,betmgm,2026-08-11T03:05:36Z,h2h,Sunderland,,2.5
2026-08-11T03:06:20.998232+00:00,01615d9573ef1e5aa8c09eb32a4a983b,2026-08-22,2026-08-22T14:00:00+00:00,Ipswich Town,Sunderland,BetMGM,betmgm,2026-08-11T03:05:36Z,h2h,Draw,,3.25
2026-08-11T03:06:20.998232+00:00,01615d9573ef1e5aa8c09eb32a4a983b,2026-08-22,2026-08-22T14:00:00+00:00,Ipswich Town,Sunderland,BetMGM,betmgm,2026-08-11T03:05:36Z,totals,Over,2.5,1.91
2026-08-11T03:06:20.998232+00:00,01615d9573ef1e5aa8c09eb32a4a983b,2026-08-22,2026-08-22T14:00:00+00:00,Ipswich Town,Sunderland,BetMGM,betmgm,2026-08-11T03:05:36Z,totals,Under,2.5,1.8
2026-08-11T03:06:20.998232+00:00,01615d9573ef1e5aa8c09eb32a4a983b,2026-08-22,2026-08-22T14:00:00+00:00,Ipswich Town,Sunderland,DraftKings,draftkings,2026-08-11T03:05:25Z,h2h,Ipswich Town,,2.7
2026-08-11T03:06:20.998232+00:00,01615d9573ef1e5aa8c09eb32a4a983b,2026-08-22,2026-08-22T14:00:00+00:00,Ipswich Town,Sunderland,DraftKings,draftkings,2026-08-11T03:05:25Z,h2h,Sunderland,,2.6
2026-08-11T03:06:20.998232+00:00,01615d9573ef1e5aa8c09eb32a4a983b,2026-08-22,2026-08-22T14:00:00+00:00,Ipswich Town,Sunderland,DraftKings,draftkings,2026-08-11T03:05:25Z,h2h,Draw,,3.25
2026-08-11T03:06:20.998232+00:00,01615d9573ef1e5aa8c09eb32a4a983b,2026-08-22,2026-08-22T14:00:00+00:00,Ipswich Town,Sunderland,BetRivers,betrivers,2026-08-11T03:05:25Z,h2h,Ipswich Town,,2.75
2026-08-11T03:06:20.998232+00:00,01615d9573ef1e5aa8c09eb32a4a983b,2026-08-22,2026-08-22T14:00:00+00:00,Ipswich Town,Sunderland,BetRivers,betrivers,2026-08-11T03:05:25Z,h2h,Sunderland,,2.63
2026-08-11T03:06:20.998232+00:00,01615d9573ef1e5aa8c09eb32a4a983b,2026-08-22,2026-08-22T14:00:00+00:00,Ipswich Town,Sunderland,BetRivers,betrivers,2026-08-11T03:05:25Z,h2h,Draw,,3.3
2026-08-11T03:06:20.998232+00:00,01615d9573ef1e5aa8c09eb32a4a983b,2026-08-22,2026-08-22T14:00:00+00:00,Ipswich Town,Sunderland,BetRivers,betrivers,2026-08-11T03:05:25Z,totals,Over,2.5,1.94
2026-08-11T03:06:20.998232+00:00,01615d9573ef1e5aa8c09eb32a4a983b,2026-08-22,2026-08-22T14:00:00+00:00,Ipswich Town,Sunderland,BetRivers,betrivers,2026-08-11T03:05:25Z,totals,Under,2.5,1.83
2026-08-11T03:06:20.998232+00:00,01615d9573ef1e5aa8c09eb32a4a983b,2026-08-22,2026-08-22T14:00:00+00:00,Ipswich Town,Sunderland,BetOnline.ag,betonlineag,2026-08-11T03:05:15Z,h2h,Ipswich Town,,2.78
2026-08-11T03:06:20.998232+00:00,01615d9573ef1e5aa8c09eb32a4a983b,2026-08-22,2026-08-22T14:00:00+00:00,Ipswich Town,Sunderland,BetOnline.ag,betonlineag,2026-08-11T03:05:15Z,h2h,Sunderland,,2.65
2026-08-11T03:06:20.998232+00:00,01615d9573ef1e5aa8c09eb32a4a983b,2026-08-22,2026-08-22T14:00:00+00:00,Ipswich Town,Sunderland,BetOnline.ag,betonlineag,2026-08-11T03:05:15Z,h2h,Draw,,3.36
2026-08-11T03:06:20.998232+00:00,01615d9573ef1e5aa8c09eb32a4a983b,2026-08-22,2026-08-22T14:00:00+00:00,Ipswich Town,Sunderland,BetOnline.ag,betonlineag,2026-08-11T03:05:15Z,totals,Over,2.5,1.99
2026-08-11T03:06:20.998232+00:00,01615d9573ef1e5aa8c09eb32a4a983b,2026-08-22,2026-08-22T14:00:00+00:00,Ipswich Town,Sunderland,BetOnline.ag,betonlineag,2026-08-11T03:05:15Z,totals,Under,2.5,1.87
2026-08-11T03:06:20.998232+00:00,01615d9573ef1e5aa8c09eb32a4a983b,2026-08-22,2026-08-22T14:00:00+00:00,Ipswich Town,Sunderland,LowVig.ag,lowvig,2026-08-11T03:05:59Z,h2h,Ipswich Town,,2.78
2026-08-11T03:06:20.998232+00:00,01615d9573ef1e5aa8c09eb32a4a983b,2026-08-22,2026-08-22T14:00:00+00:00,Ipswich Town,Sunderland,LowVig.ag,lowvig,2026-08-11T03:05:59Z,h2h,Sunderland,,2.65
2026-08-11T03:06:20.998232+00:00,01615d9573ef1e5aa8c09eb32a4a983b,2026-08-22,2026-08-22T14:00:00+00:00,Ipswich Town,Sunderland,LowVig.ag,lowvig,2026-08-11T03:05:59Z,h2h,Draw,,3.36
2026-08-11T03:06:20.998232+00:00,01615d9573ef1e5aa8c09eb32a4a983b,2026-08-22,2026-08-22T14:00:00+00:00,Ipswich Town,Sunderland,LowVig.ag,lowvig,2026-08-11T03:05:59Z,totals,Over,2.5,1.99
2026-08-11T03:06:20.998232+00:00,01615d9573ef1e5aa8c09eb32a4a983b,2026-08-22,2026-08-22T14:00:00+00:00,Ipswich Town,Sunderland,LowVig.ag,lowvig,2026-08-11T03:05:59Z,totals,Under,2.5,1.87
2026-08-11T03:06:20.998232+00:00,01615d9573ef1e5aa8c09eb32a4a983b,2026-08-22,2026-08-22T14:00:00+00:00,Ipswich Town,Sunderland,Bovada,bovada,2026-08-11T03:04:13Z,h2h,Ipswich Town,,2.75
2026-08-11T03:06:20.998232+00:00,01615d9573ef1e5aa8c09eb32a4a983b,2026-08-22,2026-08-22T14:00:00+00:00,Ipswich Town,Sunderland,Bovada,bovada,2026-08-11T03:04:13Z,h2h,Sunderland,,2.6
2026-08-11T03:06:20.998232+00:00,01615d9573ef1e5aa8c09eb32a4a983b,2026-08-22,2026-08-22T14:00:00+00:00,Ipswich Town,Sunderland,Bovada,bovada,2026-08-11T03:04:13Z,h2h,Draw,,3.35
2026-08-11T03:06:20.998232+00:00,01615d9573ef1e5aa8c09eb32a4a983b,2026-08-22,2026-08-22T14:00:00+00:00,Ipswich Town,Sunderland,Bovada,bovada,2026-08-11T03:04:13Z,totals,Over,2.5,1.93
2026-08-11T03:06:20.998232+00:00,01615d9573ef1e5aa8c09eb32a4a983b,2026-08-22,2026-08-22T14:00:00+00:00,Ipswich Town,Sunderland,Bovada,bovada,2026-08-11T03:04:13Z,totals,Under,2.5,1.89
2026-08-11T03:06:20.998232+00:00,01615d9573ef1e5aa8c09eb32a4a983b,2026-08-22,2026-08-22T14:00:00+00:00,Ipswich Town,Sunderland,BetUS,betus,2026-08-11T03:05:15Z,h2h,Ipswich Town,,2.63
2026-08-11T03:06:20.998232+00:00,01615d9573ef1e5aa8c09eb32a4a983b,2026-08-22,2026-08-22T14:00:00+00:00,Ipswich Town,Sunderland,BetUS,betus,2026-08-11T03:05:15Z,h2h,Sunderland,,2.55
2026-08-11T03:06:20.998232+00:00,01615d9573ef1e5aa8c09eb32a4a983b,2026-08-22,2026-08-22T14:00:00+00:00,Ipswich Town,Sunderland,BetUS,betus,2026-08-11T03:05:15Z,h2h,Draw,,3.2
2026-08-11T03:06:20.998232+00:00,01615d9573ef1e5aa8c09eb32a4a983b,2026-08-22,2026-08-22T14:00:00+00:00,Ipswich Town,Sunderland,BetUS,betus,2026-08-11T03:05:15Z,totals,Over,2.5,1.95
2026-08-11T03:06:20.998232+00:00,01615d9573ef1e5aa8c09eb32a4a983b,2026-08-22,2026-08-22T14:00:00+00:00,Ipswich Town,Sunderland,BetUS,betus,2026-08-11T03:05:15Z,totals,Under,2.5,1.87
2026-08-11T03:06:20.998232+00:00,01615d9573ef1e5aa8c09eb32a4a983b,2026-08-22,2026-08-22T14:00:00+00:00,Ipswich Town,Sunderland,MyBookie.ag,mybookieag,2026-08-11T03:04:10Z,h2h,Ipswich Town,,2.65
2026-08-11T03:06:20.998232+00:00,01615d9573ef1e5aa8c09eb32a4a983b,2026-08-22,2026-08-22T14:00:00+00:00,Ipswich Town,Sunderland,MyBookie.ag,mybookieag,2026-08-11T03:04:10Z,h2h,Sunderland,,2.55
2026-08-11T03:06:20.998232+00:00,01615d9573ef1e5aa8c09eb32a4a983b,2026-08-22,2026-08-22T14:00:00+00:00,Ipswich Town,Sunderland,MyBookie.ag,mybookieag,2026-08-11T03:04:10Z,h2h,Draw,,3.22
2026-08-11T03:06:20.998232+00:00,01615d9573ef1e5aa8c09eb32a4a983b,2026-08-22,2026-08-22T14:00:00+00:00,Ipswich Town,Sunderland,MyBookie.ag,mybookieag,2026-08-11T03:04:10Z,totals,Over,2.5,1.88
2026-08-11T03:06:20.998232+00:00,01615d9573ef1e5aa8c09eb32a4a983b,2026-08-22,2026-08-22T14:00:00+00:00,Ipswich Town,Sunderland,MyBookie.ag,mybookieag,2026-08-11T03:04:10Z,totals,Under,2.5,1.82
2026-08-11T03:06:20.998232+00:00,ee99154f8db029efcf567c5f7f7a0c0b,2026-08-22,2026-08-22T14:00:00+00:00,Nott'm Forest,Leeds,FanDuel,fanduel,2026-08-11T03:05:49Z,h2h,Leeds United,,3.2
2026-08-11T03:06:20.998232+00:00,ee99154f8db029efcf567c5f7f7a0c0b,2026-08-22,2026-08-22T14:00:00+00:00,Nott'm Forest,Leeds,FanDuel,fanduel,2026-08-11T03:05:49Z,h2h,Nottingham Forest,,2.2
2026-08-11T03:06:20.998232+00:00,ee99154f8db029efcf567c5f7f7a0c0b,2026-08-22,2026-08-22T14:00:00+00:00,Nott'm Forest,Leeds,FanDuel,fanduel,2026-08-11T03:05:49Z,h2h,Draw,,3.6
2026-08-11T03:06:20.998232+00:00,ee99154f8db029efcf567c5f7f7a0c0b,2026-08-22,2026-08-22T14:00:00+00:00,Nott'm Forest,Leeds,BetMGM,betmgm,2026-08-11T03:05:36Z,h2h,Leeds United,,3.0
2026-08-11T03:06:20.998232+00:00,ee99154f8db029efcf567c5f7f7a0c0b,2026-08-22,2026-08-22T14:00:00+00:00,Nott'm Forest,Leeds,BetMGM,betmgm,2026-08-11T03:05:36Z,h2h,Nottingham Forest,,2.2
2026-08-11T03:06:20.998232+00:00,ee99154f8db029efcf567c5f7f7a0c0b,2026-08-22,2026-08-22T14:00:00+00:00,Nott'm Forest,Leeds,BetMGM,betmgm,2026-08-11T03:05:36Z,h2h,Draw,,3.4
2026-08-11T03:06:20.998232+00:00,ee99154f8db029efcf567c5f7f7a0c0b,2026-08-22,2026-08-22T14:00:00+00:00,Nott'm Forest,Leeds,BetMGM,betmgm,2026-08-11T03:05:36Z,totals,Over,2.5,1.83
2026-08-11T03:06:20.998232+00:00,ee99154f8db029efcf567c5f7f7a0c0b,2026-08-22,2026-08-22T14:00:00+00:00,Nott'm Forest,Leeds,BetMGM,betmgm,2026-08-11T03:05:36Z,totals,Under,2.5,1.87
2026-08-11T03:06:20.998232+00:00,ee99154f8db029efcf567c5f7f7a0c0b,2026-08-22,2026-08-22T14:00:00+00:00,Nott'm Forest,Leeds,DraftKings,draftkings,2026-08-11T03:05:25Z,h2h,Leeds United,,3.15
2026-08-11T03:06:20.998232+00:00,ee99154f8db029efcf567c5f7f7a0c0b,2026-08-22,2026-08-22T14:00:00+00:00,Nott'm Forest,Leeds,DraftKings,draftkings,2026-08-11T03:05:25Z,h2h,Nottingham Forest,,2.2
2026-08-11T03:06:20.998232+00:00,ee99154f8db029efcf567c5f7f7a0c0b,2026-08-22,2026-08-22T14:00:00+00:00,Nott'm Forest,Leeds,DraftKings,draftkings,2026-08-11T03:05:25Z,h2h,Draw,,3.35
2026-08-11T03:06:20.998232+00:00,ee99154f8db029efcf567c5f7f7a0c0b,2026-08-22,2026-08-22T14:00:00+00:00,Nott'm Forest,Leeds,BetRivers,betrivers,2026-08-11T03:05:25Z,h2h,Leeds United,,3.2
2026-08-11T03:06:20.998232+00:00,ee99154f8db029efcf567c5f7f7a0c0b,2026-08-22,2026-08-22T14:00:00+00:00,Nott'm Forest,Leeds,BetRivers,betrivers,2026-08-11T03:05:25Z,h2h,Nottingham Forest,,2.23
2026-08-11T03:06:20.998232+00:00,ee99154f8db029efcf567c5f7f7a0c0b,2026-08-22,2026-08-22T14:00:00+00:00,Nott'm Forest,Leeds,BetRivers,betrivers,2026-08-11T03:05:25Z,h2h,Draw,,3.45
2026-08-11T03:06:20.998232+00:00,ee99154f8db029efcf567c5f7f7a0c0b,2026-08-22,2026-08-22T14:00:00+00:00,Nott'm Forest,Leeds,BetRivers,betrivers,2026-08-11T03:05:25Z,totals,Over,2.5,1.87
2026-08-11T03:06:20.998232+00:00,ee99154f8db029efcf567c5f7f7a0c0b,2026-08-22,2026-08-22T14:00:00+00:00,Nott'm Forest,Leeds,BetRivers,betrivers,2026-08-11T03:05:25Z,totals,Under,2.5,1.91
2026-08-11T03:06:20.998232+00:00,ee99154f8db029efcf567c5f7f7a0c0b,2026-08-22,2026-08-22T14:00:00+00:00,Nott'm Forest,Leeds,BetOnline.ag,betonlineag,2026-08-11T03:05:15Z,h2h,Leeds United,,3.29
2026-08-11T03:06:20.998232+00:00,ee99154f8db029efcf567c5f7f7a0c0b,2026-08-22,2026-08-22T14:00:00+00:00,Nott'm Forest,Leeds,BetOnline.ag,betonlineag,2026-08-11T03:05:15Z,h2h,Nottingham Forest,,2.26
2026-08-11T03:06:20.998232+00:00,ee99154f8db029efcf567c5f7f7a0c0b,2026-08-22,2026-08-22T14:00:00+00:00,Nott'm Forest,Leeds,BetOnline.ag,betonlineag,2026-08-11T03:05:15Z,h2h,Draw,,3.46
2026-08-11T03:06:20.998232+00:00,ee99154f8db029efcf567c5f7f7a0c0b,2026-08-22,2026-08-22T14:00:00+00:00,Nott'm Forest,Leeds,BetOnline.ag,betonlineag,2026-08-11T03:05:15Z,totals,Over,2.5,1.97
2026-08-11T03:06:20.998232+00:00,ee99154f8db029efcf567c5f7f7a0c0b,2026-08-22,2026-08-22T14:00:00+00:00,Nott'm Forest,Leeds,BetOnline.ag,betonlineag,2026-08-11T03:05:15Z,totals,Under,2.5,1.88
2026-08-11T03:06:20.998232+00:00,ee99154f8db029efcf567c5f7f7a0c0b,2026-08-22,2026-08-22T14:00:00+00:00,Nott'm Forest,Leeds,LowVig.ag,lowvig,2026-08-11T03:05:59Z,h2h,Leeds United,,3.29
2026-08-11T03:06:20.998232+00:00,ee99154f8db029efcf567c5f7f7a0c0b,2026-08-22,2026-08-22T14:00:00+00:00,Nott'm Forest,Leeds,LowVig.ag,lowvig,2026-08-11T03:05:59Z,h2h,Nottingham Forest,,2.26
2026-08-11T03:06:20.998232+00:00,ee99154f8db029efcf567c5f7f7a0c0b,2026-08-22,2026-08-22T14:00:00+00:00,Nott'm Forest,Leeds,LowVig.ag,lowvig,2026-08-11T03:05:59Z,h2h,Draw,,3.46
2026-08-11T03:06:20.998232+00:00,ee99154f8db029efcf567c5f7f7a0c0b,2026-08-22,2026-08-22T14:00:00+00:00,Nott'm Forest,Leeds,LowVig.ag,lowvig,2026-08-11T03:05:59Z,totals,Over,2.5,1.97
2026-08-11T03:06:20.998232+00:00,ee99154f8db029efcf567c5f7f7a0c0b,2026-08-22,2026-08-22T14:00:00+00:00,Nott'm Forest,Leeds,LowVig.ag,lowvig,2026-08-11T03:05:59Z,totals,Under,2.5,1.88
2026-08-11T03:06:20.998232+00:00,ee99154f8db029efcf567c5f7f7a0c0b,2026-08-22,2026-08-22T14:00:00+00:00,Nott'm Forest,Leeds,Bovada,bovada,2026-08-11T03:04:13Z,h2h,Leeds United,,3.15
2026-08-11T03:06:20.998232+00:00,ee99154f8db029efcf567c5f7f7a0c0b,2026-08-22,2026-08-22T14:00:00+00:00,Nott'm Forest,Leeds,Bovada,bovada,2026-08-11T03:04:13Z,h2h,Nottingham Forest,,2.25
2026-08-11T03:06:20.998232+00:00,ee99154f8db029efcf567c5f7f7a0c0b,2026-08-22,2026-08-22T14:00:00+00:00,Nott'm Forest,Leeds,Bovada,bovada,2026-08-11T03:04:13Z,h2h,Draw,,3.45
2026-08-11T03:06:20.998232+00:00,ee99154f8db029efcf567c5f7f7a0c0b,2026-08-22,2026-08-22T14:00:00+00:00,Nott'm Forest,Leeds,Bovada,bovada,2026-08-11T03:04:13Z,totals,Over,2.5,1.91
2026-08-11T03:06:20.998232+00:00,ee99154f8db029efcf567c5f7f7a0c0b,2026-08-22,2026-08-22T14:00:00+00:00,Nott'm Forest,Leeds,Bovada,bovada,2026-08-11T03:04:13Z,totals,Under,2.5,1.91
2026-08-11T03:06:20.998232+00:00,ee99154f8db029efcf567c5f7f7a0c0b,2026-08-22,2026-08-22T14:00:00+00:00,Nott'm Forest,Leeds,BetUS,betus,2026-08-11T03:05:15Z,h2h,Leeds United,,3.2
2026-08-11T03:06:20.998232+00:00,ee99154f8db029efcf567c5f7f7a0c0b,2026-08-22,2026-08-22T14:00:00+00:00,Nott'm Forest,Leeds,BetUS,betus,2026-08-11T03:05:15Z,h2h,Nottingham Forest,,2.2
2026-08-11T03:06:20.998232+00:00,ee99154f8db029efcf567c5f7f7a0c0b,2026-08-22,2026-08-22T14:00:00+00:00,Nott'm Forest,Leeds,BetUS,betus,2026-08-11T03:05:15Z,h2h,Draw,,3.4
2026-08-11T03:06:20.998232+00:00,ee99154f8db029efcf567c5f7f7a0c0b,2026-08-22,2026-08-22T14:00:00+00:00,Nott'm Forest,Leeds,BetUS,betus,2026-08-11T03:05:15Z,totals,Over,2.5,1.95
2026-08-11T03:06:20.998232+00:00,ee99154f8db029efcf567c5f7f7a0c0b,2026-08-22,2026-08-22T14:00:00+00:00,Nott'm Forest,Leeds,BetUS,betus,2026-08-11T03:05:15Z,totals,Under,2.5,1.87
2026-08-11T03:06:20.998232+00:00,ee99154f8db029efcf567c5f7f7a0c0b,2026-08-22,2026-08-22T14:00:00+00:00,Nott'm Forest,Leeds,MyBookie.ag,mybookieag,2026-08-11T03:04:10Z,h2h,Leeds United,,3.1
2026-08-11T03:06:20.998232+00:00,ee99154f8db029efcf567c5f7f7a0c0b,2026-08-22,2026-08-22T14:00:00+00:00,Nott'm Forest,Leeds,MyBookie.ag,mybookieag,2026-08-11T03:04:10Z,h2h,Nottingham Forest,,2.2
2026-08-11T03:06:20.998232+00:00,ee99154f8db029efcf567c5f7f7a0c0b,2026-08-22,2026-08-22T14:00:00+00:00,Nott'm Forest,Leeds,MyBookie.ag,mybookieag,2026-08-11T03:04:10Z,h2h,Draw,,3.3
2026-08-11T03:06:20.998232+00:00,ee99154f8db029efcf567c5f7f7a0c0b,2026-08-22,2026-08-22T14:00:00+00:00,Nott'm Forest,Leeds,MyBookie.ag,mybookieag,2026-08-11T03:04:10Z,totals,Over,2.5,1.86
2026-08-11T03:06:20.998232+00:00,ee99154f8db029efcf567c5f7f7a0c0b,2026-08-22,2026-08-22T14:00:00+00:00,Nott'm Forest,Leeds,MyBookie.ag,mybookieag,2026-08-11T03:04:10Z,totals,Under,2.5,1.84
2026-08-11T03:06:20.998232+00:00,8b4b033209bb204516cbd1f523614f25,2026-08-22,2026-08-22T16:30:00+00:00,Brentford,Tottenham,FanDuel,fanduel,2026-08-11T03:05:49Z,h2h,Brentford,,2.4
2026-08-11T03:06:20.998232+00:00,8b4b033209bb204516cbd1f523614f25,2026-08-22,2026-08-22T16:30:00+00:00,Brentford,Tottenham,FanDuel,fanduel,2026-08-11T03:05:49Z,h2h,Tottenham Hotspur,,2.75
2026-08-11T03:06:20.998232+00:00,8b4b033209bb204516cbd1f523614f25,2026-08-22,2026-08-22T16:30:00+00:00,Brentford,Tottenham,FanDuel,fanduel,2026-08-11T03:05:49Z,h2h,Draw,,3.5
2026-08-11T03:06:20.998232+00:00,8b4b033209bb204516cbd1f523614f25,2026-08-22,2026-08-22T16:30:00+00:00,Brentford,Tottenham,BetMGM,betmgm,2026-08-11T03:05:36Z,h2h,Brentford,,2.3
2026-08-11T03:06:20.998232+00:00,8b4b033209bb204516cbd1f523614f25,2026-08-22,2026-08-22T16:30:00+00:00,Brentford,Tottenham,BetMGM,betmgm,2026-08-11T03:05:36Z,h2h,Tottenham Hotspur,,2.75
2026-08-11T03:06:20.998232+00:00,8b4b033209bb204516cbd1f523614f25,2026-08-22,2026-08-22T16:30:00+00:00,Brentford,Tottenham,BetMGM,betmgm,2026-08-11T03:05:36Z,h2h,Draw,,3.4
2026-08-11T03:06:20.998232+00:00,8b4b033209bb204516cbd1f523614f25,2026-08-22,2026-08-22T16:30:00+00:00,Brentford,Tottenham,BetMGM,betmgm,2026-08-11T03:05:36Z,totals,Over,2.5,1.57
2026-08-11T03:06:20.998232+00:00,8b4b033209bb204516cbd1f523614f25,2026-08-22,2026-08-22T16:30:00+00:00,Brentford,Tottenham,BetMGM,betmgm,2026-08-11T03:05:36Z,totals,Under,2.5,2.2
2026-08-11T03:06:20.998232+00:00,8b4b033209bb204516cbd1f523614f25,2026-08-22,2026-08-22T16:30:00+00:00,Brentford,Tottenham,DraftKings,draftkings,2026-08-11T03:05:25Z,h2h,Brentford,,2.35
2026-08-11T03:06:20.998232+00:00,8b4b033209bb204516cbd1f523614f25,2026-08-22,2026-08-22T16:30:00+00:00,Brentford,Tottenham,DraftKings,draftkings,2026-08-11T03:05:25Z,h2h,Tottenham Hotspur,,2.8
2026-08-11T03:06:20.998232+00:00,8b4b033209bb204516cbd1f523614f25,2026-08-22,2026-08-22T16:30:00+00:00,Brentford,Tottenham,DraftKings,draftkings,2026-08-11T03:05:25Z,h2h,Draw,,3.55
2026-08-11T03:06:20.998232+00:00,8b4b033209bb204516cbd1f523614f25,2026-08-22,2026-08-22T16:30:00+00:00,Brentford,Tottenham,BetRivers,betrivers,2026-08-11T03:05:25Z,h2h,Brentford,,2.55
2026-08-11T03:06:20.998232+00:00,8b4b033209bb204516cbd1f523614f25,2026-08-22,2026-08-22T16:30:00+00:00,Brentford,Tottenham,BetRivers,betrivers,2026-08-11T03:05:25Z,h2h,Tottenham Hotspur,,2.65
2026-08-11T03:06:20.998232+00:00,8b4b033209bb204516cbd1f523614f25,2026-08-22,2026-08-22T16:30:00+00:00,Brentford,Tottenham,BetRivers,betrivers,2026-08-11T03:05:25Z,h2h,Draw,,3.5
2026-08-11T03:06:20.998232+00:00,8b4b033209bb204516cbd1f523614f25,2026-08-22,2026-08-22T16:30:00+00:00,Brentford,Tottenham,BetRivers,betrivers,2026-08-11T03:05:25Z,totals,Over,2.5,1.67
2026-08-11T03:06:20.998232+00:00,8b4b033209bb204516cbd1f523614f25,2026-08-22,2026-08-22T16:30:00+00:00,Brentford,Tottenham,BetRivers,betrivers,2026-08-11T03:05:25Z,totals,Under,2.5,2.18
2026-08-11T03:06:20.998232+00:00,8b4b033209bb204516cbd1f523614f25,2026-08-22,2026-08-22T16:30:00+00:00,Brentford,Tottenham,BetOnline.ag,betonlineag,2026-08-11T03:05:15Z,h2h,Brentford,,2.45
2026-08-11T03:06:20.998232+00:00,8b4b033209bb204516cbd1f523614f25,2026-08-22,2026-08-22T16:30:00+00:00,Brentford,Tottenham,BetOnline.ag,betonlineag,2026-08-11T03:05:15Z,h2h,Tottenham Hotspur,,2.78
2026-08-11T03:06:20.998232+00:00,8b4b033209bb204516cbd1f523614f25,2026-08-22,2026-08-22T16:30:00+00:00,Brentford,Tottenham,BetOnline.ag,betonlineag,2026-08-11T03:05:15Z,h2h,Draw,,3.75
2026-08-11T03:06:20.998232+00:00,8b4b033209bb204516cbd1f523614f25,2026-08-22,2026-08-22T16:30:00+00:00,Brentford,Tottenham,BetOnline.ag,betonlineag,2026-08-11T03:05:15Z,totals,Over,3.0,2.07
2026-08-11T03:06:20.998232+00:00,8b4b033209bb204516cbd1f523614f25,2026-08-22,2026-08-22T16:30:00+00:00,Brentford,Tottenham,BetOnline.ag,betonlineag,2026-08-11T03:05:15Z,totals,Under,3.0,1.81
2026-08-11T03:06:20.998232+00:00,8b4b033209bb204516cbd1f523614f25,2026-08-22,2026-08-22T16:30:00+00:00,Brentford,Tottenham,LowVig.ag,lowvig,2026-08-11T03:05:59Z,h2h,Brentford,,2.45
2026-08-11T03:06:20.998232+00:00,8b4b033209bb204516cbd1f523614f25,2026-08-22,2026-08-22T16:30:00+00:00,Brentford,Tottenham,LowVig.ag,lowvig,2026-08-11T03:05:59Z,h2h,Tottenham Hotspur,,2.78
2026-08-11T03:06:20.998232+00:00,8b4b033209bb204516cbd1f523614f25,2026-08-22,2026-08-22T16:30:00+00:00,Brentford,Tottenham,LowVig.ag,lowvig,2026-08-11T03:05:59Z,h2h,Draw,,3.75
2026-08-11T03:06:20.998232+00:00,8b4b033209bb204516cbd1f523614f25,2026-08-22,2026-08-22T16:30:00+00:00,Brentford,Tottenham,LowVig.ag,lowvig,2026-08-11T03:05:59Z,totals,Over,3.0,2.07
2026-08-11T03:06:20.998232+00:00,8b4b033209bb204516cbd1f523614f25,2026-08-22,2026-08-22T16:30:00+00:00,Brentford,Tottenham,LowVig.ag,lowvig,2026-08-11T03:05:59Z,totals,Under,3.0,1.81
2026-08-11T03:06:20.998232+00:00,8b4b033209bb204516cbd1f523614f25,2026-08-22,2026-08-22T16:30:00+00:00,Brentford,Tottenham,Bovada,bovada,2026-08-11T03:04:13Z,h2h,Brentford,,2.4
2026-08-11T03:06:20.998232+00:00,8b4b033209bb204516cbd1f523614f25,2026-08-22,2026-08-22T16:30:00+00:00,Brentford,Tottenham,Bovada,bovada,2026-08-11T03:04:13Z,h2h,Tottenham Hotspur,,2.85
2026-08-11T03:06:20.998232+00:00,8b4b033209bb204516cbd1f523614f25,2026-08-22,2026-08-22T16:30:00+00:00,Brentford,Tottenham,Bovada,bovada,2026-08-11T03:04:13Z,h2h,Draw,,3.6
2026-08-11T03:06:20.998232+00:00,8b4b033209bb204516cbd1f523614f25,2026-08-22,2026-08-22T16:30:00+00:00,Brentford,Tottenham,Bovada,bovada,2026-08-11T03:04:13Z,totals,Over,3.0,2.08
2026-08-11T03:06:20.998232+00:00,8b4b033209bb204516cbd1f523614f25,2026-08-22,2026-08-22T16:30:00+00:00,Brentford,Tottenham,Bovada,bovada,2026-08-11T03:04:13Z,totals,Under,3.0,1.78
2026-08-11T03:06:20.998232+00:00,8b4b033209bb204516cbd1f523614f25,2026-08-22,2026-08-22T16:30:00+00:00,Brentford,Tottenham,BetUS,betus,2026-08-11T03:05:15Z,h2h,Brentford,,2.4
2026-08-11T03:06:20.998232+00:00,8b4b033209bb204516cbd1f523614f25,2026-08-22,2026-08-22T16:30:00+00:00,Brentford,Tottenham,BetUS,betus,2026-08-11T03:05:15Z,h2h,Tottenham Hotspur,,2.8
2026-08-11T03:06:20.998232+00:00,8b4b033209bb204516cbd1f523614f25,2026-08-22,2026-08-22T16:30:00+00:00,Brentford,Tottenham,BetUS,betus,2026-08-11T03:05:15Z,h2h,Draw,,3.65
2026-08-11T03:06:20.998232+00:00,8b4b033209bb204516cbd1f523614f25,2026-08-22,2026-08-22T16:30:00+00:00,Brentford,Tottenham,BetUS,betus,2026-08-11T03:05:15Z,totals,Over,3.0,2.05
2026-08-11T03:06:20.998232+00:00,8b4b033209bb204516cbd1f523614f25,2026-08-22,2026-08-22T16:30:00+00:00,Brentford,Tottenham,BetUS,betus,2026-08-11T03:05:15Z,totals,Under,3.0,1.8
2026-08-11T03:06:20.998232+00:00,8b4b033209bb204516cbd1f523614f25,2026-08-22,2026-08-22T16:30:00+00:00,Brentford,Tottenham,MyBookie.ag,mybookieag,2026-08-11T03:04:10Z,h2h,Brentford,,2.32
2026-08-11T03:06:20.998232+00:00,8b4b033209bb204516cbd1f523614f25,2026-08-22,2026-08-22T16:30:00+00:00,Brentford,Tottenham,MyBookie.ag,mybookieag,2026-08-11T03:04:10Z,h2h,Tottenham Hotspur,,2.74
2026-08-11T03:06:20.998232+00:00,8b4b033209bb204516cbd1f523614f25,2026-08-22,2026-08-22T16:30:00+00:00,Brentford,Tottenham,MyBookie.ag,mybookieag,2026-08-11T03:04:10Z,h2h,Draw,,3.5
2026-08-11T03:06:20.998232+00:00,8b4b033209bb204516cbd1f523614f25,2026-08-22,2026-08-22T16:30:00+00:00,Brentford,Tottenham,MyBookie.ag,mybookieag,2026-08-11T03:04:10Z,totals,Over,2.5,1.6
2026-08-11T03:06:20.998232+00:00,8b4b033209bb204516cbd1f523614f25,2026-08-22,2026-08-22T16:30:00+00:00,Brentford,Tottenham,MyBookie.ag,mybookieag,2026-08-11T03:04:10Z,totals,Under,2.5,2.19
2026-08-11T03:06:20.998232+00:00,f5086c74d4a767e3ad7ea69bd4a66b76,2026-08-23,2026-08-23T13:00:00+00:00,Brighton,Aston Villa,FanDuel,fanduel,2026-08-11T03:05:49Z,h2h,Aston Villa,,2.8
2026-08-11T03:06:20.998232+00:00,f5086c74d4a767e3ad7ea69bd4a66b76,2026-08-23,2026-08-23T13:00:00+00:00,Brighton,Aston Villa,FanDuel,fanduel,2026-08-11T03:05:49Z,h2h,Brighton and Hove Albion,,2.3
2026-08-11T03:06:20.998232+00:00,f5086c74d4a767e3ad7ea69bd4a66b76,2026-08-23,2026-08-23T13:00:00+00:00,Brighton,Aston Villa,FanDuel,fanduel,2026-08-11T03:05:49Z,h2h,Draw,,3.8
2026-08-11T03:06:20.998232+00:00,f5086c74d4a767e3ad7ea69bd4a66b76,2026-08-23,2026-08-23T13:00:00+00:00,Brighton,Aston Villa,BetMGM,betmgm,2026-08-11T03:05:36Z,h2h,Aston Villa,,2.8
2026-08-11T03:06:20.998232+00:00,f5086c74d4a767e3ad7ea69bd4a66b76,2026-08-23,2026-08-23T13:00:00+00:00,Brighton,Aston Villa,BetMGM,betmgm,2026-08-11T03:05:36Z,h2h,Brighton and Hove Albion,,2.25
2026-08-11T03:06:20.998232+00:00,f5086c74d4a767e3ad7ea69bd4a66b76,2026-08-23,2026-08-23T13:00:00+00:00,Brighton,Aston Villa,BetMGM,betmgm,2026-08-11T03:05:36Z,h2h,Draw,,3.5
2026-08-11T03:06:20.998232+00:00,f5086c74d4a767e3ad7ea69bd4a66b76,2026-08-23,2026-08-23T13:00:00+00:00,Brighton,Aston Villa,BetMGM,betmgm,2026-08-11T03:05:36Z,totals,Over,2.5,1.54
2026-08-11T03:06:20.998232+00:00,f5086c74d4a767e3ad7ea69bd4a66b76,2026-08-23,2026-08-23T13:00:00+00:00,Brighton,Aston Villa,BetMGM,betmgm,2026-08-11T03:05:36Z,totals,Under,2.5,2.3
2026-08-11T03:06:20.998232+00:00,f5086c74d4a767e3ad7ea69bd4a66b76,2026-08-23,2026-08-23T13:00:00+00:00,Brighton,Aston Villa,DraftKings,draftkings,2026-08-11T03:05:25Z,h2h,Aston Villa,,2.9
2026-08-11T03:06:20.998232+00:00,f5086c74d4a767e3ad7ea69bd4a66b76,2026-08-23,2026-08-23T13:00:00+00:00,Brighton,Aston Villa,DraftKings,draftkings,2026-08-11T03:05:25Z,h2h,Brighton and Hove Albion,,2.25
2026-08-11T03:06:20.998232+00:00,f5086c74d4a767e3ad7ea69bd4a66b76,2026-08-23,2026-08-23T13:00:00+00:00,Brighton,Aston Villa,DraftKings,draftkings,2026-08-11T03:05:25Z,h2h,Draw,,3.55
2026-08-11T03:06:20.998232+00:00,f5086c74d4a767e3ad7ea69bd4a66b76,2026-08-23,2026-08-23T13:00:00+00:00,Brighton,Aston Villa,BetRivers,betrivers,2026-08-11T03:05:25Z,h2h,Aston Villa,,2.95
2026-08-11T03:06:20.998232+00:00,f5086c74d4a767e3ad7ea69bd4a66b76,2026-08-23,2026-08-23T13:00:00+00:00,Brighton,Aston Villa,BetRivers,betrivers,2026-08-11T03:05:25Z,h2h,Brighton and Hove Albion,,2.3
2026-08-11T03:06:20.998232+00:00,f5086c74d4a767e3ad7ea69bd4a66b76,2026-08-23,2026-08-23T13:00:00+00:00,Brighton,Aston Villa,BetRivers,betrivers,2026-08-11T03:05:25Z,h2h,Draw,,3.65
2026-08-11T03:06:20.998232+00:00,f5086c74d4a767e3ad7ea69bd4a66b76,2026-08-23,2026-08-23T13:00:00+00:00,Brighton,Aston Villa,BetRivers,betrivers,2026-08-11T03:05:25Z,totals,Over,2.5,1.62
2026-08-11T03:06:20.998232+00:00,f5086c74d4a767e3ad7ea69bd4a66b76,2026-08-23,2026-08-23T13:00:00+00:00,Brighton,Aston Villa,BetRivers,betrivers,2026-08-11T03:05:25Z,totals,Under,2.5,2.28
2026-08-11T03:06:20.998232+00:00,f5086c74d4a767e3ad7ea69bd4a66b76,2026-08-23,2026-08-23T13:00:00+00:00,Brighton,Aston Villa,BetOnline.ag,betonlineag,2026-08-11T03:05:15Z,h2h,Aston Villa,,2.95
2026-08-11T03:06:20.998232+00:00,f5086c74d4a767e3ad7ea69bd4a66b76,2026-08-23,2026-08-23T13:00:00+00:00,Brighton,Aston Villa,BetOnline.ag,betonlineag,2026-08-11T03:05:15Z,h2h,Brighton and Hove Albion,,2.37
2026-08-11T03:06:20.998232+00:00,f5086c74d4a767e3ad7ea69bd4a66b76,2026-08-23,2026-08-23T13:00:00+00:00,Brighton,Aston Villa,BetOnline.ag,betonlineag,2026-08-11T03:05:15Z,h2h,Draw,,3.65
2026-08-11T03:06:20.998232+00:00,f5086c74d4a767e3ad7ea69bd4a66b76,2026-08-23,2026-08-23T13:00:00+00:00,Brighton,Aston Villa,BetOnline.ag,betonlineag,2026-08-11T03:05:15Z,totals,Over,3.0,2.0
2026-08-11T03:06:20.998232+00:00,f5086c74d4a767e3ad7ea69bd4a66b76,2026-08-23,2026-08-23T13:00:00+00:00,Brighton,Aston Villa,BetOnline.ag,betonlineag,2026-08-11T03:05:15Z,totals,Under,3.0,1.86
2026-08-11T03:06:20.998232+00:00,f5086c74d4a767e3ad7ea69bd4a66b76,2026-08-23,2026-08-23T13:00:00+00:00,Brighton,Aston Villa,LowVig.ag,lowvig,2026-08-11T03:05:59Z,h2h,Aston Villa,,2.95
2026-08-11T03:06:20.998232+00:00,f5086c74d4a767e3ad7ea69bd4a66b76,2026-08-23,2026-08-23T13:00:00+00:00,Brighton,Aston Villa,LowVig.ag,lowvig,2026-08-11T03:05:59Z,h2h,Brighton and Hove Albion,,2.37
2026-08-11T03:06:20.998232+00:00,f5086c74d4a767e3ad7ea69bd4a66b76,2026-08-23,2026-08-23T13:00:00+00:00,Brighton,Aston Villa,LowVig.ag,lowvig,2026-08-11T03:05:59Z,h2h,Draw,,3.65
2026-08-11T03:06:20.998232+00:00,f5086c74d4a767e3ad7ea69bd4a66b76,2026-08-23,2026-08-23T13:00:00+00:00,Brighton,Aston Villa,LowVig.ag,lowvig,2026-08-11T03:05:59Z,totals,Over,3.0,2.0
2026-08-11T03:06:20.998232+00:00,f5086c74d4a767e3ad7ea69bd4a66b76,2026-08-23,2026-08-23T13:00:00+00:00,Brighton,Aston Villa,LowVig.ag,lowvig,2026-08-11T03:05:59Z,totals,Under,3.0,1.86
2026-08-11T03:06:20.998232+00:00,f5086c74d4a767e3ad7ea69bd4a66b76,2026-08-23,2026-08-23T13:00:00+00:00,Brighton,Aston Villa,Bovada,bovada,2026-08-11T03:04:13Z,h2h,Aston Villa,,2.95
2026-08-11T03:06:20.998232+00:00,f5086c74d4a767e3ad7ea69bd4a66b76,2026-08-23,2026-08-23T13:00:00+00:00,Brighton,Aston Villa,Bovada,bovada,2026-08-11T03:04:13Z,h2h,Brighton and Hove Albion,,2.3
2026-08-11T03:06:20.998232+00:00,f5086c74d4a767e3ad7ea69bd4a66b76,2026-08-23,2026-08-23T13:00:00+00:00,Brighton,Aston Villa,Bovada,bovada,2026-08-11T03:04:13Z,h2h,Draw,,3.65
2026-08-11T03:06:20.998232+00:00,f5086c74d4a767e3ad7ea69bd4a66b76,2026-08-23,2026-08-23T13:00:00+00:00,Brighton,Aston Villa,Bovada,bovada,2026-08-11T03:04:13Z,totals,Over,3.0,1.98
2026-08-11T03:06:20.998232+00:00,f5086c74d4a767e3ad7ea69bd4a66b76,2026-08-23,2026-08-23T13:00:00+00:00,Brighton,Aston Villa,Bovada,bovada,2026-08-11T03:04:13Z,totals,Under,3.0,1.85
2026-08-11T03:06:20.998232+00:00,f5086c74d4a767e3ad7ea69bd4a66b76,2026-08-23,2026-08-23T13:00:00+00:00,Brighton,Aston Villa,BetUS,betus,2026-08-11T03:05:15Z,h2h,Aston Villa,,2.88
2026-08-11T03:06:20.998232+00:00,f5086c74d4a767e3ad7ea69bd4a66b76,2026-08-23,2026-08-23T13:00:00+00:00,Brighton,Aston Villa,BetUS,betus,2026-08-11T03:05:15Z,h2h,Brighton and Hove Albion,,2.25
2026-08-11T03:06:20.998232+00:00,f5086c74d4a767e3ad7ea69bd4a66b76,2026-08-23,2026-08-23T13:00:00+00:00,Brighton,Aston Villa,BetUS,betus,2026-08-11T03:05:15Z,h2h,Draw,,3.6
2026-08-11T03:06:20.998232+00:00,f5086c74d4a767e3ad7ea69bd4a66b76,2026-08-23,2026-08-23T13:00:00+00:00,Brighton,Aston Villa,BetUS,betus,2026-08-11T03:05:15Z,totals,Over,3.0,1.95
2026-08-11T03:06:20.998232+00:00,f5086c74d4a767e3ad7ea69bd4a66b76,2026-08-23,2026-08-23T13:00:00+00:00,Brighton,Aston Villa,BetUS,betus,2026-08-11T03:05:15Z,totals,Under,3.0,1.87
2026-08-11T03:06:20.998232+00:00,f5086c74d4a767e3ad7ea69bd4a66b76,2026-08-23,2026-08-23T13:00:00+00:00,Brighton,Aston Villa,MyBookie.ag,mybookieag,2026-08-11T03:04:10Z,h2h,Aston Villa,,2.85
2026-08-11T03:06:20.998232+00:00,f5086c74d4a767e3ad7ea69bd4a66b76,2026-08-23,2026-08-23T13:00:00+00:00,Brighton,Aston Villa,MyBookie.ag,mybookieag,2026-08-11T03:04:10Z,h2h,Brighton and Hove Albion,,2.24
2026-08-11T03:06:20.998232+00:00,f5086c74d4a767e3ad7ea69bd4a66b76,2026-08-23,2026-08-23T13:00:00+00:00,Brighton,Aston Villa,MyBookie.ag,mybookieag,2026-08-11T03:04:10Z,h2h,Draw,,3.55
2026-08-11T03:06:20.998232+00:00,f5086c74d4a767e3ad7ea69bd4a66b76,2026-08-23,2026-08-23T13:00:00+00:00,Brighton,Aston Villa,MyBookie.ag,mybookieag,2026-08-11T03:04:10Z,totals,Over,2.5,1.57
2026-08-11T03:06:20.998232+00:00,f5086c74d4a767e3ad7ea69bd4a66b76,2026-08-23,2026-08-23T13:00:00+00:00,Brighton,Aston Villa,MyBookie.ag,mybookieag,2026-08-11T03:04:10Z,totals,Under,2.5,2.25
2026-08-11T03:06:20.998232+00:00,87c7c9bfd5e3072bded20c702f553c63,2026-08-23,2026-08-23T13:00:00+00:00,Man City,Bournemouth,FanDuel,fanduel,2026-08-11T03:05:49Z,h2h,Bournemouth,,6.0
2026-08-11T03:06:20.998232+00:00,87c7c9bfd5e3072bded20c702f553c63,2026-08-23,2026-08-23T13:00:00+00:00,Man City,Bournemouth,FanDuel,fanduel,2026-08-11T03:05:49Z,h2h,Manchester City,,1.38
2026-08-11T03:06:20.998232+00:00,87c7c9bfd5e3072bded20c702f553c63,2026-08-23,2026-08-23T13:00:00+00:00,Man City,Bournemouth,FanDuel,fanduel,2026-08-11T03:05:49Z,h2h,Draw,,5.1
2026-08-11T03:06:20.998232+00:00,87c7c9bfd5e3072bded20c702f553c63,2026-08-23,2026-08-23T13:00:00+00:00,Man City,Bournemouth,BetMGM,betmgm,2026-08-11T03:05:36Z,h2h,Bournemouth,,5.75
2026-08-11T03:06:20.998232+00:00,87c7c9bfd5e3072bded20c702f553c63,2026-08-23,2026-08-23T13:00:00+00:00,Man City,Bournemouth,BetMGM,betmgm,2026-08-11T03:05:36Z,h2h,Manchester City,,1.44
2026-08-11T03:06:20.998232+00:00,87c7c9bfd5e3072bded20c702f553c63,2026-08-23,2026-08-23T13:00:00+00:00,Man City,Bournemouth,BetMGM,betmgm,2026-08-11T03:05:36Z,h2h,Draw,,4.75
2026-08-11T03:06:20.998232+00:00,87c7c9bfd5e3072bded20c702f553c63,2026-08-23,2026-08-23T13:00:00+00:00,Man City,Bournemouth,BetMGM,betmgm,2026-08-11T03:05:36Z,totals,Over,3.5,1.98
2026-08-11T03:06:20.998232+00:00,87c7c9bfd5e3072bded20c702f553c63,2026-08-23,2026-08-23T13:00:00+00:00,Man City,Bournemouth,BetMGM,betmgm,2026-08-11T03:05:36Z,totals,Under,3.5,1.74
2026-08-11T03:06:20.998232+00:00,87c7c9bfd5e3072bded20c702f553c63,2026-08-23,2026-08-23T13:00:00+00:00,Man City,Bournemouth,DraftKings,draftkings,2026-08-11T03:05:25Z,h2h,Bournemouth,,5.75
2026-08-11T03:06:20.998232+00:00,87c7c9bfd5e3072bded20c702f553c63,2026-08-23,2026-08-23T13:00:00+00:00,Man City,Bournemouth,DraftKings,draftkings,2026-08-11T03:05:25Z,h2h,Manchester City,,1.44
2026-08-11T03:06:20.998232+00:00,87c7c9bfd5e3072bded20c702f553c63,2026-08-23,2026-08-23T13:00:00+00:00,Man City,Bournemouth,DraftKings,draftkings,2026-08-11T03:05:25Z,h2h,Draw,,4.9
2026-08-11T03:06:20.998232+00:00,87c7c9bfd5e3072bded20c702f553c63,2026-08-23,2026-08-23T13:00:00+00:00,Man City,Bournemouth,BetRivers,betrivers,2026-08-11T03:05:25Z,h2h,Bournemouth,,6.5
2026-08-11T03:06:20.998232+00:00,87c7c9bfd5e3072bded20c702f553c63,2026-08-23,2026-08-23T13:00:00+00:00,Man City,Bournemouth,BetRivers,betrivers,2026-08-11T03:05:25Z,h2h,Manchester City,,1.44
2026-08-11T03:06:20.998232+00:00,87c7c9bfd5e3072bded20c702f553c63,2026-08-23,2026-08-23T13:00:00+00:00,Man City,Bournemouth,BetRivers,betrivers,2026-08-11T03:05:25Z,h2h,Draw,,4.8
2026-08-11T03:06:20.998232+00:00,87c7c9bfd5e3072bded20c702f553c63,2026-08-23,2026-08-23T13:00:00+00:00,Man City,Bournemouth,BetRivers,betrivers,2026-08-11T03:05:25Z,totals,Over,3.5,2.02
2026-08-11T03:06:20.998232+00:00,87c7c9bfd5e3072bded20c702f553c63,2026-08-23,2026-08-23T13:00:00+00:00,Man City,Bournemouth,BetRivers,betrivers,2026-08-11T03:05:25Z,totals,Under,3.5,1.77
2026-08-11T03:06:20.998232+00:00,87c7c9bfd5e3072bded20c702f553c63,2026-08-23,2026-08-23T13:00:00+00:00,Man City,Bournemouth,BetOnline.ag,betonlineag,2026-08-11T03:05:15Z,h2h,Bournemouth,,6.55
2026-08-11T03:06:20.998232+00:00,87c7c9bfd5e3072bded20c702f553c63,2026-08-23,2026-08-23T13:00:00+00:00,Man City,Bournemouth,BetOnline.ag,betonlineag,2026-08-11T03:05:15Z,h2h,Manchester City,,1.44
2026-08-11T03:06:20.998232+00:00,87c7c9bfd5e3072bded20c702f553c63,2026-08-23,2026-08-23T13:00:00+00:00,Man City,Bournemouth,BetOnline.ag,betonlineag,2026-08-11T03:05:15Z,h2h,Draw,,5.25
2026-08-11T03:06:20.998232+00:00,87c7c9bfd5e3072bded20c702f553c63,2026-08-23,2026-08-23T13:00:00+00:00,Man City,Bournemouth,BetOnline.ag,betonlineag,2026-08-11T03:05:15Z,totals,Over,3.5,2.09
2026-08-11T03:06:20.998232+00:00,87c7c9bfd5e3072bded20c702f553c63,2026-08-23,2026-08-23T13:00:00+00:00,Man City,Bournemouth,BetOnline.ag,betonlineag,2026-08-11T03:05:15Z,totals,Under,3.5,1.8
2026-08-11T03:06:20.998232+00:00,87c7c9bfd5e3072bded20c702f553c63,2026-08-23,2026-08-23T13:00:00+00:00,Man City,Bournemouth,LowVig.ag,lowvig,2026-08-11T03:05:59Z,h2h,Bournemouth,,6.55
2026-08-11T03:06:20.998232+00:00,87c7c9bfd5e3072bded20c702f553c63,2026-08-23,2026-08-23T13:00:00+00:00,Man City,Bournemouth,LowVig.ag,lowvig,2026-08-11T03:05:59Z,h2h,Manchester City,,1.44
2026-08-11T03:06:20.998232+00:00,87c7c9bfd5e3072bded20c702f553c63,2026-08-23,2026-08-23T13:00:00+00:00,Man City,Bournemouth,LowVig.ag,lowvig,2026-08-11T03:05:59Z,h2h,Draw,,5.25
2026-08-11T03:06:20.998232+00:00,87c7c9bfd5e3072bded20c702f553c63,2026-08-23,2026-08-23T13:00:00+00:00,Man City,Bournemouth,LowVig.ag,lowvig,2026-08-11T03:05:59Z,totals,Over,3.5,2.09
2026-08-11T03:06:20.998232+00:00,87c7c9bfd5e3072bded20c702f553c63,2026-08-23,2026-08-23T13:00:00+00:00,Man City,Bournemouth,LowVig.ag,lowvig,2026-08-11T03:05:59Z,totals,Under,3.5,1.8
2026-08-11T03:06:20.998232+00:00,87c7c9bfd5e3072bded20c702f553c63,2026-08-23,2026-08-23T13:00:00+00:00,Man City,Bournemouth,Bovada,bovada,2026-08-11T03:04:13Z,h2h,Bournemouth,,5.75
2026-08-11T03:06:20.998232+00:00,87c7c9bfd5e3072bded20c702f553c63,2026-08-23,2026-08-23T13:00:00+00:00,Man City,Bournemouth,Bovada,bovada,2026-08-11T03:04:13Z,h2h,Manchester City,,1.48
2026-08-11T03:06:20.998232+00:00,87c7c9bfd5e3072bded20c702f553c63,2026-08-23,2026-08-23T13:00:00+00:00,Man City,Bournemouth,Bovada,bovada,2026-08-11T03:04:13Z,h2h,Draw,,5.0
2026-08-11T03:06:20.998232+00:00,87c7c9bfd5e3072bded20c702f553c63,2026-08-23,2026-08-23T13:00:00+00:00,Man City,Bournemouth,Bovada,bovada,2026-08-11T03:04:13Z,totals,Over,3.5,2.05
2026-08-11T03:06:20.998232+00:00,87c7c9bfd5e3072bded20c702f553c63,2026-08-23,2026-08-23T13:00:00+00:00,Man City,Bournemouth,Bovada,bovada,2026-08-11T03:04:13Z,totals,Under,3.5,1.8
2026-08-11T03:06:20.998232+00:00,87c7c9bfd5e3072bded20c702f553c63,2026-08-23,2026-08-23T13:00:00+00:00,Man City,Bournemouth,BetUS,betus,2026-08-11T03:05:15Z,h2h,Bournemouth,,6.0
2026-08-11T03:06:20.998232+00:00,87c7c9bfd5e3072bded20c702f553c63,2026-08-23,2026-08-23T13:00:00+00:00,Man City,Bournemouth,BetUS,betus,2026-08-11T03:05:15Z,h2h,Manchester City,,1.44
2026-08-11T03:06:20.998232+00:00,87c7c9bfd5e3072bded20c702f553c63,2026-08-23,2026-08-23T13:00:00+00:00,Man City,Bournemouth,BetUS,betus,2026-08-11T03:05:15Z,h2h,Draw,,5.0
2026-08-11T03:06:20.998232+00:00,87c7c9bfd5e3072bded20c702f553c63,2026-08-23,2026-08-23T13:00:00+00:00,Man City,Bournemouth,BetUS,betus,2026-08-11T03:05:15Z,totals,Over,3.5,2.05
2026-08-11T03:06:20.998232+00:00,87c7c9bfd5e3072bded20c702f553c63,2026-08-23,2026-08-23T13:00:00+00:00,Man City,Bournemouth,BetUS,betus,2026-08-11T03:05:15Z,totals,Under,3.5,1.8
2026-08-11T03:06:20.998232+00:00,87c7c9bfd5e3072bded20c702f553c63,2026-08-23,2026-08-23T13:00:00+00:00,Man City,Bournemouth,MyBookie.ag,mybookieag,2026-08-11T03:04:10Z,h2h,Bournemouth,,5.6
2026-08-11T03:06:20.998232+00:00,87c7c9bfd5e3072bded20c702f553c63,2026-08-23,2026-08-23T13:00:00+00:00,Man City,Bournemouth,MyBookie.ag,mybookieag,2026-08-11T03:04:10Z,h2h,Manchester City,,1.44
2026-08-11T03:06:20.998232+00:00,87c7c9bfd5e3072bded20c702f553c63,2026-08-23,2026-08-23T13:00:00+00:00,Man City,Bournemouth,MyBookie.ag,mybookieag,2026-08-11T03:04:10Z,h2h,Draw,,4.8
2026-08-11T03:06:20.998232+00:00,87c7c9bfd5e3072bded20c702f553c63,2026-08-23,2026-08-23T13:00:00+00:00,Man City,Bournemouth,MyBookie.ag,mybookieag,2026-08-11T03:04:10Z,totals,Over,3.5,1.97
2026-08-11T03:06:20.998232+00:00,87c7c9bfd5e3072bded20c702f553c63,2026-08-23,2026-08-23T13:00:00+00:00,Man City,Bournemouth,MyBookie.ag,mybookieag,2026-08-11T03:04:10Z,totals,Under,3.5,1.75
2026-08-11T03:06:20.998232+00:00,ea0bacc4c23f813c6af97ec9b306a850,2026-08-23,2026-08-23T15:30:00+00:00,Newcastle,Liverpool,FanDuel,fanduel,2026-08-11T03:05:49Z,h2h,Liverpool,,2.1
2026-08-11T03:06:20.998232+00:00,ea0bacc4c23f813c6af97ec9b306a850,2026-08-23,2026-08-23T15:30:00+00:00,Newcastle,Liverpool,FanDuel,fanduel,2026-08-11T03:05:49Z,h2h,Newcastle United,,3.0
2026-08-11T03:06:20.998232+00:00,ea0bacc4c23f813c6af97ec9b306a850,2026-08-23,2026-08-23T15:30:00+00:00,Newcastle,Liverpool,FanDuel,fanduel,2026-08-11T03:05:49Z,h2h,Draw,,4.0
2026-08-11T03:06:20.998232+00:00,ea0bacc4c23f813c6af97ec9b306a850,2026-08-23,2026-08-23T15:30:00+00:00,Newcastle,Liverpool,BetMGM,betmgm,2026-08-11T03:05:36Z,h2h,Liverpool,,2.1
2026-08-11T03:06:20.998232+00:00,ea0bacc4c23f813c6af97ec9b306a850,2026-08-23,2026-08-23T15:30:00+00:00,Newcastle,Liverpool,BetMGM,betmgm,2026-08-11T03:05:36Z,h2h,Newcastle United,,2.95
2026-08-11T03:06:20.998232+00:00,ea0bacc4c23f813c6af97ec9b306a850,2026-08-23,2026-08-23T15:30:00+00:00,Newcastle,Liverpool,BetMGM,betmgm,2026-08-11T03:05:36Z,h2h,Draw,,3.7
2026-08-11T03:06:20.998232+00:00,ea0bacc4c23f813c6af97ec9b306a850,2026-08-23,2026-08-23T15:30:00+00:00,Newcastle,Liverpool,BetMGM,betmgm,2026-08-11T03:05:36Z,totals,Over,3.5,2.15
2026-08-11T03:06:20.998232+00:00,ea0bacc4c23f813c6af97ec9b306a850,2026-08-23,2026-08-23T15:30:00+00:00,Newcastle,Liverpool,BetMGM,betmgm,2026-08-11T03:05:36Z,totals,Under,3.5,1.62
2026-08-11T03:06:20.998232+00:00,ea0bacc4c23f813c6af97ec9b306a850,2026-08-23,2026-08-23T15:30:00+00:00,Newcastle,Liverpool,DraftKings,draftkings,2026-08-11T03:05:25Z,h2h,Liverpool,,2.05
2026-08-11T03:06:20.998232+00:00,ea0bacc4c23f813c6af97ec9b306a850,2026-08-23,2026-08-23T15:30:00+00:00,Newcastle,Liverpool,DraftKings,draftkings,2026-08-11T03:05:25Z,h2h,Newcastle United,,3.15
2026-08-11T03:06:20.998232+00:00,ea0bacc4c23f813c6af97ec9b306a850,2026-08-23,2026-08-23T15:30:00+00:00,Newcastle,Liverpool,DraftKings,draftkings,2026-08-11T03:05:25Z,h2h,Draw,,3.75
2026-08-11T03:06:20.998232+00:00,ea0bacc4c23f813c6af97ec9b306a850,2026-08-23,2026-08-23T15:30:00+00:00,Newcastle,Liverpool,BetRivers,betrivers,2026-08-11T03:05:25Z,h2h,Liverpool,,2.0
2026-08-11T03:06:20.998232+00:00,ea0bacc4c23f813c6af97ec9b306a850,2026-08-23,2026-08-23T15:30:00+00:00,Newcastle,Liverpool,BetRivers,betrivers,2026-08-11T03:05:25Z,h2h,Newcastle United,,3.45
2026-08-11T03:06:20.998232+00:00,ea0bacc4c23f813c6af97ec9b306a850,2026-08-23,2026-08-23T15:30:00+00:00,Newcastle,Liverpool,BetRivers,betrivers,2026-08-11T03:05:25Z,h2h,Draw,,3.85
2026-08-11T03:06:20.998232+00:00,ea0bacc4c23f813c6af97ec9b306a850,2026-08-23,2026-08-23T15:30:00+00:00,Newcastle,Liverpool,BetRivers,betrivers,2026-08-11T03:05:25Z,totals,Over,3.5,2.23
2026-08-11T03:06:20.998232+00:00,ea0bacc4c23f813c6af97ec9b306a850,2026-08-23,2026-08-23T15:30:00+00:00,Newcastle,Liverpool,BetRivers,betrivers,2026-08-11T03:05:25Z,totals,Under,3.5,1.64
2026-08-11T03:06:20.998232+00:00,ea0bacc4c23f813c6af97ec9b306a850,2026-08-23,2026-08-23T15:30:00+00:00,Newcastle,Liverpool,BetOnline.ag,betonlineag,2026-08-11T03:05:15Z,h2h,Liverpool,,2.07
2026-08-11T03:06:20.998232+00:00,ea0bacc4c23f813c6af97ec9b306a850,2026-08-23,2026-08-23T15:30:00+00:00,Newcastle,Liverpool,BetOnline.ag,betonlineag,2026-08-11T03:05:15Z,h2h,Newcastle United,,3.44
2026-08-11T03:06:20.998232+00:00,ea0bacc4c23f813c6af97ec9b306a850,2026-08-23,2026-08-23T15:30:00+00:00,Newcastle,Liverpool,BetOnline.ag,betonlineag,2026-08-11T03:05:15Z,h2h,Draw,,3.83
2026-08-11T03:06:20.998232+00:00,ea0bacc4c23f813c6af97ec9b306a850,2026-08-23,2026-08-23T15:30:00+00:00,Newcastle,Liverpool,BetOnline.ag,betonlineag,2026-08-11T03:05:15Z,totals,Over,3.0,1.76
2026-08-11T03:06:20.998232+00:00,ea0bacc4c23f813c6af97ec9b306a850,2026-08-23,2026-08-23T15:30:00+00:00,Newcastle,Liverpool,BetOnline.ag,betonlineag,2026-08-11T03:05:15Z,totals,Under,3.0,2.16
2026-08-11T03:06:20.998232+00:00,ea0bacc4c23f813c6af97ec9b306a850,2026-08-23,2026-08-23T15:30:00+00:00,Newcastle,Liverpool,LowVig.ag,lowvig,2026-08-11T03:05:59Z,h2h,Liverpool,,2.07
2026-08-11T03:06:20.998232+00:00,ea0bacc4c23f813c6af97ec9b306a850,2026-08-23,2026-08-23T15:30:00+00:00,Newcastle,Liverpool,LowVig.ag,lowvig,2026-08-11T03:05:59Z,h2h,Newcastle United,,3.44
2026-08-11T03:06:20.998232+00:00,ea0bacc4c23f813c6af97ec9b306a850,2026-08-23,2026-08-23T15:30:00+00:00,Newcastle,Liverpool,LowVig.ag,lowvig,2026-08-11T03:05:59Z,h2h,Draw,,3.83
2026-08-11T03:06:20.998232+00:00,ea0bacc4c23f813c6af97ec9b306a850,2026-08-23,2026-08-23T15:30:00+00:00,Newcastle,Liverpool,LowVig.ag,lowvig,2026-08-11T03:05:59Z,totals,Over,3.0,1.76
2026-08-11T03:06:20.998232+00:00,ea0bacc4c23f813c6af97ec9b306a850,2026-08-23,2026-08-23T15:30:00+00:00,Newcastle,Liverpool,LowVig.ag,lowvig,2026-08-11T03:05:59Z,totals,Under,3.0,2.16
2026-08-11T03:06:20.998232+00:00,ea0bacc4c23f813c6af97ec9b306a850,2026-08-23,2026-08-23T15:30:00+00:00,Newcastle,Liverpool,Bovada,bovada,2026-08-11T03:04:13Z,h2h,Liverpool,,2.1
2026-08-11T03:06:20.998232+00:00,ea0bacc4c23f813c6af97ec9b306a850,2026-08-23,2026-08-23T15:30:00+00:00,Newcastle,Liverpool,Bovada,bovada,2026-08-11T03:04:13Z,h2h,Newcastle United,,3.15
2026-08-11T03:06:20.998232+00:00,ea0bacc4c23f813c6af97ec9b306a850,2026-08-23,2026-08-23T15:30:00+00:00,Newcastle,Liverpool,Bovada,bovada,2026-08-11T03:04:13Z,h2h,Draw,,3.85
2026-08-11T03:06:20.998232+00:00,ea0bacc4c23f813c6af97ec9b306a850,2026-08-23,2026-08-23T15:30:00+00:00,Newcastle,Liverpool,Bovada,bovada,2026-08-11T03:04:13Z,totals,Over,3.5,2.22
2026-08-11T03:06:20.998232+00:00,ea0bacc4c23f813c6af97ec9b306a850,2026-08-23,2026-08-23T15:30:00+00:00,Newcastle,Liverpool,Bovada,bovada,2026-08-11T03:04:13Z,totals,Under,3.5,1.68
2026-08-11T03:06:20.998232+00:00,ea0bacc4c23f813c6af97ec9b306a850,2026-08-23,2026-08-23T15:30:00+00:00,Newcastle,Liverpool,BetUS,betus,2026-08-11T03:05:15Z,h2h,Liverpool,,2.05
2026-08-11T03:06:20.998232+00:00,ea0bacc4c23f813c6af97ec9b306a850,2026-08-23,2026-08-23T15:30:00+00:00,Newcastle,Liverpool,BetUS,betus,2026-08-11T03:05:15Z,h2h,Newcastle United,,3.1
2026-08-11T03:06:20.998232+00:00,ea0bacc4c23f813c6af97ec9b306a850,2026-08-23,2026-08-23T15:30:00+00:00,Newcastle,Liverpool,BetUS,betus,2026-08-11T03:05:15Z,h2h,Draw,,3.8
2026-08-11T03:06:20.998232+00:00,ea0bacc4c23f813c6af97ec9b306a850,2026-08-23,2026-08-23T15:30:00+00:00,Newcastle,Liverpool,BetUS,betus,2026-08-11T03:05:15Z,totals,Over,3.0,1.77
2026-08-11T03:06:20.998232+00:00,ea0bacc4c23f813c6af97ec9b306a850,2026-08-23,2026-08-23T15:30:00+00:00,Newcastle,Liverpool,BetUS,betus,2026-08-11T03:05:15Z,totals,Under,3.0,2.1
2026-08-11T03:06:20.998232+00:00,ea0bacc4c23f813c6af97ec9b306a850,2026-08-23,2026-08-23T15:30:00+00:00,Newcastle,Liverpool,MyBookie.ag,mybookieag,2026-08-11T03:04:10Z,h2h,Liverpool,,2.04
2026-08-11T03:06:20.998232+00:00,ea0bacc4c23f813c6af97ec9b306a850,2026-08-23,2026-08-23T15:30:00+00:00,Newcastle,Liverpool,MyBookie.ag,mybookieag,2026-08-11T03:04:10Z,h2h,Newcastle United,,3.12
2026-08-11T03:06:20.998232+00:00,ea0bacc4c23f813c6af97ec9b306a850,2026-08-23,2026-08-23T15:30:00+00:00,Newcastle,Liverpool,MyBookie.ag,mybookieag,2026-08-11T03:04:10Z,h2h,Draw,,3.7
2026-08-11T03:06:20.998232+00:00,ea0bacc4c23f813c6af97ec9b306a850,2026-08-23,2026-08-23T15:30:00+00:00,Newcastle,Liverpool,MyBookie.ag,mybookieag,2026-08-11T03:04:10Z,totals,Over,3.5,2.16
2026-08-11T03:06:20.998232+00:00,ea0bacc4c23f813c6af97ec9b306a850,2026-08-23,2026-08-23T15:30:00+00:00,Newcastle,Liverpool,MyBookie.ag,mybookieag,2026-08-11T03:04:10Z,totals,Under,3.5,1.62
2026-08-11T03:06:20.998232+00:00,4e4a813bf4218cc527e6f8ef2351170d,2026-08-24,2026-08-24T19:00:00+00:00,Fulham,Chelsea,FanDuel,fanduel,2026-08-11T03:05:49Z,h2h,Chelsea,,2.15
2026-08-11T03:06:20.998232+00:00,4e4a813bf4218cc527e6f8ef2351170d,2026-08-24,2026-08-24T19:00:00+00:00,Fulham,Chelsea,FanDuel,fanduel,2026-08-11T03:05:49Z,h2h,Fulham,,3.1
2026-08-11T03:06:20.998232+00:00,4e4a813bf4218cc527e6f8ef2351170d,2026-08-24,2026-08-24T19:00:00+00:00,Fulham,Chelsea,FanDuel,fanduel,2026-08-11T03:05:49Z,h2h,Draw,,3.8
2026-08-11T03:06:20.998232+00:00,4e4a813bf4218cc527e6f8ef2351170d,2026-08-24,2026-08-24T19:00:00+00:00,Fulham,Chelsea,BetMGM,betmgm,2026-08-11T03:05:36Z,h2h,Chelsea,,2.2
2026-08-11T03:06:20.998232+00:00,4e4a813bf4218cc527e6f8ef2351170d,2026-08-24,2026-08-24T19:00:00+00:00,Fulham,Chelsea,BetMGM,betmgm,2026-08-11T03:05:36Z,h2h,Fulham,,2.95
2026-08-11T03:06:20.998232+00:00,4e4a813bf4218cc527e6f8ef2351170d,2026-08-24,2026-08-24T19:00:00+00:00,Fulham,Chelsea,BetMGM,betmgm,2026-08-11T03:05:36Z,h2h,Draw,,3.5
2026-08-11T03:06:20.998232+00:00,4e4a813bf4218cc527e6f8ef2351170d,2026-08-24,2026-08-24T19:00:00+00:00,Fulham,Chelsea,BetMGM,betmgm,2026-08-11T03:05:36Z,totals,Over,2.5,1.61
2026-08-11T03:06:20.998232+00:00,4e4a813bf4218cc527e6f8ef2351170d,2026-08-24,2026-08-24T19:00:00+00:00,Fulham,Chelsea,BetMGM,betmgm,2026-08-11T03:05:36Z,totals,Under,2.5,2.2
2026-08-11T03:06:20.998232+00:00,4e4a813bf4218cc527e6f8ef2351170d,2026-08-24,2026-08-24T19:00:00+00:00,Fulham,Chelsea,DraftKings,draftkings,2026-08-11T03:05:25Z,h2h,Chelsea,,2.15
2026-08-11T03:06:20.998232+00:00,4e4a813bf4218cc527e6f8ef2351170d,2026-08-24,2026-08-24T19:00:00+00:00,Fulham,Chelsea,DraftKings,draftkings,2026-08-11T03:05:25Z,h2h,Fulham,,3.05
2026-08-11T03:06:20.998232+00:00,4e4a813bf4218cc527e6f8ef2351170d,2026-08-24,2026-08-24T19:00:00+00:00,Fulham,Chelsea,DraftKings,draftkings,2026-08-11T03:05:25Z,h2h,Draw,,3.65
2026-08-11T03:06:20.998232+00:00,4e4a813bf4218cc527e6f8ef2351170d,2026-08-24,2026-08-24T19:00:00+00:00,Fulham,Chelsea,BetRivers,betrivers,2026-08-11T03:05:25Z,h2h,Chelsea,,2.14
2026-08-11T03:06:20.998232+00:00,4e4a813bf4218cc527e6f8ef2351170d,2026-08-24,2026-08-24T19:00:00+00:00,Fulham,Chelsea,BetRivers,betrivers,2026-08-11T03:05:25Z,h2h,Fulham,,3.2
2026-08-11T03:06:20.998232+00:00,4e4a813bf4218cc527e6f8ef2351170d,2026-08-24,2026-08-24T19:00:00+00:00,Fulham,Chelsea,BetRivers,betrivers,2026-08-11T03:05:25Z,h2h,Draw,,3.7
2026-08-11T03:06:20.998232+00:00,4e4a813bf4218cc527e6f8ef2351170d,2026-08-24,2026-08-24T19:00:00+00:00,Fulham,Chelsea,BetRivers,betrivers,2026-08-11T03:05:25Z,totals,Over,2.5,1.6
2026-08-11T03:06:20.998232+00:00,4e4a813bf4218cc527e6f8ef2351170d,2026-08-24,2026-08-24T19:00:00+00:00,Fulham,Chelsea,BetRivers,betrivers,2026-08-11T03:05:25Z,totals,Under,2.5,2.32
2026-08-11T03:06:20.998232+00:00,4e4a813bf4218cc527e6f8ef2351170d,2026-08-24,2026-08-24T19:00:00+00:00,Fulham,Chelsea,BetOnline.ag,betonlineag,2026-08-11T03:05:15Z,h2h,Chelsea,,2.14
2026-08-11T03:06:20.998232+00:00,4e4a813bf4218cc527e6f8ef2351170d,2026-08-24,2026-08-24T19:00:00+00:00,Fulham,Chelsea,BetOnline.ag,betonlineag,2026-08-11T03:05:15Z,h2h,Fulham,,3.28
2026-08-11T03:06:20.998232+00:00,4e4a813bf4218cc527e6f8ef2351170d,2026-08-24,2026-08-24T19:00:00+00:00,Fulham,Chelsea,BetOnline.ag,betonlineag,2026-08-11T03:05:15Z,h2h,Draw,,3.8
2026-08-11T03:06:20.998232+00:00,4e4a813bf4218cc527e6f8ef2351170d,2026-08-24,2026-08-24T19:00:00+00:00,Fulham,Chelsea,BetOnline.ag,betonlineag,2026-08-11T03:05:15Z,totals,Over,3.0,2.02
2026-08-11T03:06:20.998232+00:00,4e4a813bf4218cc527e6f8ef2351170d,2026-08-24,2026-08-24T19:00:00+00:00,Fulham,Chelsea,BetOnline.ag,betonlineag,2026-08-11T03:05:15Z,totals,Under,3.0,1.85
2026-08-11T03:06:20.998232+00:00,4e4a813bf4218cc527e6f8ef2351170d,2026-08-24,2026-08-24T19:00:00+00:00,Fulham,Chelsea,LowVig.ag,lowvig,2026-08-11T03:05:59Z,h2h,Chelsea,,2.14
2026-08-11T03:06:20.998232+00:00,4e4a813bf4218cc527e6f8ef2351170d,2026-08-24,2026-08-24T19:00:00+00:00,Fulham,Chelsea,LowVig.ag,lowvig,2026-08-11T03:05:59Z,h2h,Fulham,,3.28
2026-08-11T03:06:20.998232+00:00,4e4a813bf4218cc527e6f8ef2351170d,2026-08-24,2026-08-24T19:00:00+00:00,Fulham,Chelsea,LowVig.ag,lowvig,2026-08-11T03:05:59Z,h2h,Draw,,3.8
2026-08-11T03:06:20.998232+00:00,4e4a813bf4218cc527e6f8ef2351170d,2026-08-24,2026-08-24T19:00:00+00:00,Fulham,Chelsea,LowVig.ag,lowvig,2026-08-11T03:05:59Z,totals,Over,3.0,2.02
2026-08-11T03:06:20.998232+00:00,4e4a813bf4218cc527e6f8ef2351170d,2026-08-24,2026-08-24T19:00:00+00:00,Fulham,Chelsea,LowVig.ag,lowvig,2026-08-11T03:05:59Z,totals,Under,3.0,1.85
2026-08-11T03:06:20.998232+00:00,4e4a813bf4218cc527e6f8ef2351170d,2026-08-24,2026-08-24T19:00:00+00:00,Fulham,Chelsea,Bovada,bovada,2026-08-11T03:04:13Z,h2h,Chelsea,,2.2
2026-08-11T03:06:20.998232+00:00,4e4a813bf4218cc527e6f8ef2351170d,2026-08-24,2026-08-24T19:00:00+00:00,Fulham,Chelsea,Bovada,bovada,2026-08-11T03:04:13Z,h2h,Fulham,,3.1
2026-08-11T03:06:20.998232+00:00,4e4a813bf4218cc527e6f8ef2351170d,2026-08-24,2026-08-24T19:00:00+00:00,Fulham,Chelsea,Bovada,bovada,2026-08-11T03:04:13Z,h2h,Draw,,3.65
2026-08-11T03:06:20.998232+00:00,4e4a813bf4218cc527e6f8ef2351170d,2026-08-24,2026-08-24T19:00:00+00:00,Fulham,Chelsea,Bovada,bovada,2026-08-11T03:04:13Z,totals,Over,3.0,2.02
2026-08-11T03:06:20.998232+00:00,4e4a813bf4218cc527e6f8ef2351170d,2026-08-24,2026-08-24T19:00:00+00:00,Fulham,Chelsea,Bovada,bovada,2026-08-11T03:04:13Z,totals,Under,3.0,1.82
2026-08-11T03:06:20.998232+00:00,4e4a813bf4218cc527e6f8ef2351170d,2026-08-24,2026-08-24T19:00:00+00:00,Fulham,Chelsea,BetUS,betus,2026-08-11T03:05:15Z,h2h,Chelsea,,2.15
2026-08-11T03:06:20.998232+00:00,4e4a813bf4218cc527e6f8ef2351170d,2026-08-24,2026-08-24T19:00:00+00:00,Fulham,Chelsea,BetUS,betus,2026-08-11T03:05:15Z,h2h,Fulham,,3.0
2026-08-11T03:06:20.998232+00:00,4e4a813bf4218cc527e6f8ef2351170d,2026-08-24,2026-08-24T19:00:00+00:00,Fulham,Chelsea,BetUS,betus,2026-08-11T03:05:15Z,h2h,Draw,,3.5
2026-08-11T03:06:20.998232+00:00,4e4a813bf4218cc527e6f8ef2351170d,2026-08-24,2026-08-24T19:00:00+00:00,Fulham,Chelsea,BetUS,betus,2026-08-11T03:05:15Z,totals,Over,3.0,2.0
2026-08-11T03:06:20.998232+00:00,4e4a813bf4218cc527e6f8ef2351170d,2026-08-24,2026-08-24T19:00:00+00:00,Fulham,Chelsea,BetUS,betus,2026-08-11T03:05:15Z,totals,Under,3.0,1.83
2026-08-11T03:06:20.998232+00:00,4e4a813bf4218cc527e6f8ef2351170d,2026-08-24,2026-08-24T19:00:00+00:00,Fulham,Chelsea,MyBookie.ag,mybookieag,2026-08-11T03:04:10Z,h2h,Chelsea,,2.15
2026-08-11T03:06:20.998232+00:00,4e4a813bf4218cc527e6f8ef2351170d,2026-08-24,2026-08-24T19:00:00+00:00,Fulham,Chelsea,MyBookie.ag,mybookieag,2026-08-11T03:04:10Z,h2h,Fulham,,3.02
2026-08-11T03:06:20.998232+00:00,4e4a813bf4218cc527e6f8ef2351170d,2026-08-24,2026-08-24T19:00:00+00:00,Fulham,Chelsea,MyBookie.ag,mybookieag,2026-08-11T03:04:10Z,h2h,Draw,,3.55
2026-08-11T03:06:20.998232+00:00,4e4a813bf4218cc527e6f8ef2351170d,2026-08-24,2026-08-24T19:00:00+00:00,Fulham,Chelsea,MyBookie.ag,mybookieag,2026-08-11T03:04:10Z,totals,Over,2.5,1.59
2026-08-11T03:06:20.998232+00:00,4e4a813bf4218cc527e6f8ef2351170d,2026-08-24,2026-08-24T19:00:00+00:00,Fulham,Chelsea,MyBookie.ag,mybookieag,2026-08-11T03:04:10Z,totals,Under,2.5,2.22
2026-08-11T03:15:44.741132+00:00,eb2553d10d63dc912b99f8fd0d675721,2026-08-21,2026-08-21T19:00:00+00:00,Arsenal,Coventry City,FanDuel,fanduel,2026-08-11T03:15:36Z,h2h,Arsenal,,1.14
2026-08-11T03:15:44.741132+00:00,eb2553d10d63dc912b99f8fd0d675721,2026-08-21,2026-08-21T19:00:00+00:00,Arsenal,Coventry City,FanDuel,fanduel,2026-08-11T03:15:36Z,h2h,Coventry City,,14.0
2026-08-11T03:15:44.741132+00:00,eb2553d10d63dc912b99f8fd0d675721,2026-08-21,2026-08-21T19:00:00+00:00,Arsenal,Coventry City,FanDuel,fanduel,2026-08-11T03:15:36Z,h2h,Draw,,7.5
2026-08-11T03:15:44.741132+00:00,eb2553d10d63dc912b99f8fd0d675721,2026-08-21,2026-08-21T19:00:00+00:00,Arsenal,Coventry City,BetMGM,betmgm,2026-08-11T03:15:36Z,h2h,Arsenal,,1.17
2026-08-11T03:15:44.741132+00:00,eb2553d10d63dc912b99f8fd0d675721,2026-08-21,2026-08-21T19:00:00+00:00,Arsenal,Coventry City,BetMGM,betmgm,2026-08-11T03:15:36Z,h2h,Coventry City,,14.0
2026-08-11T03:15:44.741132+00:00,eb2553d10d63dc912b99f8fd0d675721,2026-08-21,2026-08-21T19:00:00+00:00,Arsenal,Coventry City,BetMGM,betmgm,2026-08-11T03:15:36Z,h2h,Draw,,7.0
2026-08-11T03:15:44.741132+00:00,eb2553d10d63dc912b99f8fd0d675721,2026-08-21,2026-08-21T19:00:00+00:00,Arsenal,Coventry City,BetMGM,betmgm,2026-08-11T03:15:36Z,totals,Over,2.5,1.54
2026-08-11T03:15:44.741132+00:00,eb2553d10d63dc912b99f8fd0d675721,2026-08-21,2026-08-21T19:00:00+00:00,Arsenal,Coventry City,BetMGM,betmgm,2026-08-11T03:15:36Z,totals,Under,2.5,2.3
2026-08-11T03:15:44.741132+00:00,eb2553d10d63dc912b99f8fd0d675721,2026-08-21,2026-08-21T19:00:00+00:00,Arsenal,Coventry City,DraftKings,draftkings,2026-08-11T03:14:09Z,h2h,Arsenal,,1.15
2026-08-11T03:15:44.741132+00:00,eb2553d10d63dc912b99f8fd0d675721,2026-08-21,2026-08-21T19:00:00+00:00,Arsenal,Coventry City,DraftKings,draftkings,2026-08-11T03:14:09Z,h2h,Coventry City,,14.0
2026-08-11T03:15:44.741132+00:00,eb2553d10d63dc912b99f8fd0d675721,2026-08-21,2026-08-21T19:00:00+00:00,Arsenal,Coventry City,DraftKings,draftkings,2026-08-11T03:14:09Z,h2h,Draw,,7.0
2026-08-11T03:15:44.741132+00:00,eb2553d10d63dc912b99f8fd0d675721,2026-08-21,2026-08-21T19:00:00+00:00,Arsenal,Coventry City,BetRivers,betrivers,2026-08-11T03:15:15Z,h2h,Arsenal,,1.15
2026-08-11T03:15:44.741132+00:00,eb2553d10d63dc912b99f8fd0d675721,2026-08-21,2026-08-21T19:00:00+00:00,Arsenal,Coventry City,BetRivers,betrivers,2026-08-11T03:15:15Z,h2h,Coventry City,,19.0
2026-08-11T03:15:44.741132+00:00,eb2553d10d63dc912b99f8fd0d675721,2026-08-21,2026-08-21T19:00:00+00:00,Arsenal,Coventry City,BetRivers,betrivers,2026-08-11T03:15:15Z,h2h,Draw,,8.0
2026-08-11T03:15:44.741132+00:00,eb2553d10d63dc912b99f8fd0d675721,2026-08-21,2026-08-21T19:00:00+00:00,Arsenal,Coventry City,BetRivers,betrivers,2026-08-11T03:15:15Z,totals,Over,3.5,2.4
2026-08-11T03:15:44.741132+00:00,eb2553d10d63dc912b99f8fd0d675721,2026-08-21,2026-08-21T19:00:00+00:00,Arsenal,Coventry City,BetRivers,betrivers,2026-08-11T03:15:15Z,totals,Under,3.5,1.55
2026-08-11T03:15:44.741132+00:00,eb2553d10d63dc912b99f8fd0d675721,2026-08-21,2026-08-21T19:00:00+00:00,Arsenal,Coventry City,BetOnline.ag,betonlineag,2026-08-11T03:15:05Z,h2h,Arsenal,,1.18
2026-08-11T03:15:44.741132+00:00,eb2553d10d63dc912b99f8fd0d675721,2026-08-21,2026-08-21T19:00:00+00:00,Arsenal,Coventry City,BetOnline.ag,betonlineag,2026-08-11T03:15:05Z,h2h,Coventry City,,16.05
2026-08-11T03:15:44.741132+00:00,eb2553d10d63dc912b99f8fd0d675721,2026-08-21,2026-08-21T19:00:00+00:00,Arsenal,Coventry City,BetOnline.ag,betonlineag,2026-08-11T03:15:05Z,h2h,Draw,,8.0
2026-08-11T03:15:44.741132+00:00,eb2553d10d63dc912b99f8fd0d675721,2026-08-21,2026-08-21T19:00:00+00:00,Arsenal,Coventry City,BetOnline.ag,betonlineag,2026-08-11T03:15:05Z,totals,Over,3.0,1.93
2026-08-11T03:15:44.741132+00:00,eb2553d10d63dc912b99f8fd0d675721,2026-08-21,2026-08-21T19:00:00+00:00,Arsenal,Coventry City,BetOnline.ag,betonlineag,2026-08-11T03:15:05Z,totals,Under,3.0,1.93
2026-08-11T03:15:44.741132+00:00,eb2553d10d63dc912b99f8fd0d675721,2026-08-21,2026-08-21T19:00:00+00:00,Arsenal,Coventry City,LowVig.ag,lowvig,2026-08-11T03:14:43Z,h2h,Arsenal,,1.18
2026-08-11T03:15:44.741132+00:00,eb2553d10d63dc912b99f8fd0d675721,2026-08-21,2026-08-21T19:00:00+00:00,Arsenal,Coventry City,LowVig.ag,lowvig,2026-08-11T03:14:43Z,h2h,Coventry City,,16.05
2026-08-11T03:15:44.741132+00:00,eb2553d10d63dc912b99f8fd0d675721,2026-08-21,2026-08-21T19:00:00+00:00,Arsenal,Coventry City,LowVig.ag,lowvig,2026-08-11T03:14:43Z,h2h,Draw,,8.0
2026-08-11T03:15:44.741132+00:00,eb2553d10d63dc912b99f8fd0d675721,2026-08-21,2026-08-21T19:00:00+00:00,Arsenal,Coventry City,LowVig.ag,lowvig,2026-08-11T03:14:43Z,totals,Over,3.0,1.93
2026-08-11T03:15:44.741132+00:00,eb2553d10d63dc912b99f8fd0d675721,2026-08-21,2026-08-21T19:00:00+00:00,Arsenal,Coventry City,LowVig.ag,lowvig,2026-08-11T03:14:43Z,totals,Under,3.0,1.93
2026-08-11T03:15:44.741132+00:00,eb2553d10d63dc912b99f8fd0d675721,2026-08-21,2026-08-21T19:00:00+00:00,Arsenal,Coventry City,Bovada,bovada,2026-08-11T03:14:24Z,h2h,Arsenal,,1.18
2026-08-11T03:15:44.741132+00:00,eb2553d10d63dc912b99f8fd0d675721,2026-08-21,2026-08-21T19:00:00+00:00,Arsenal,Coventry City,Bovada,bovada,2026-08-11T03:14:24Z,h2h,Coventry City,,15.0
2026-08-11T03:15:44.741132+00:00,eb2553d10d63dc912b99f8fd0d675721,2026-08-21,2026-08-21T19:00:00+00:00,Arsenal,Coventry City,Bovada,bovada,2026-08-11T03:14:24Z,h2h,Draw,,7.0
2026-08-11T03:15:44.741132+00:00,eb2553d10d63dc912b99f8fd0d675721,2026-08-21,2026-08-21T19:00:00+00:00,Arsenal,Coventry City,Bovada,bovada,2026-08-11T03:14:24Z,totals,Over,3.0,1.95
2026-08-11T03:15:44.741132+00:00,eb2553d10d63dc912b99f8fd0d675721,2026-08-21,2026-08-21T19:00:00+00:00,Arsenal,Coventry City,Bovada,bovada,2026-08-11T03:14:24Z,totals,Under,3.0,1.87
2026-08-11T03:15:44.741132+00:00,eb2553d10d63dc912b99f8fd0d675721,2026-08-21,2026-08-21T19:00:00+00:00,Arsenal,Coventry City,BetUS,betus,2026-08-11T03:15:04Z,h2h,Arsenal,,1.17
2026-08-11T03:15:44.741132+00:00,eb2553d10d63dc912b99f8fd0d675721,2026-08-21,2026-08-21T19:00:00+00:00,Arsenal,Coventry City,BetUS,betus,2026-08-11T03:15:04Z,h2h,Coventry City,,13.0
2026-08-11T03:15:44.741132+00:00,eb2553d10d63dc912b99f8fd0d675721,2026-08-21,2026-08-21T19:00:00+00:00,Arsenal,Coventry City,BetUS,betus,2026-08-11T03:15:04Z,h2h,Draw,,7.5
2026-08-11T03:15:44.741132+00:00,eb2553d10d63dc912b99f8fd0d675721,2026-08-21,2026-08-21T19:00:00+00:00,Arsenal,Coventry City,BetUS,betus,2026-08-11T03:15:04Z,totals,Over,3.0,1.91
2026-08-11T03:15:44.741132+00:00,eb2553d10d63dc912b99f8fd0d675721,2026-08-21,2026-08-21T19:00:00+00:00,Arsenal,Coventry City,BetUS,betus,2026-08-11T03:15:04Z,totals,Under,3.0,1.91
2026-08-11T03:15:44.741132+00:00,eb2553d10d63dc912b99f8fd0d675721,2026-08-21,2026-08-21T19:00:00+00:00,Arsenal,Coventry City,MyBookie.ag,mybookieag,2026-08-11T03:15:04Z,h2h,Arsenal,,1.16
2026-08-11T03:15:44.741132+00:00,eb2553d10d63dc912b99f8fd0d675721,2026-08-21,2026-08-21T19:00:00+00:00,Arsenal,Coventry City,MyBookie.ag,mybookieag,2026-08-11T03:15:04Z,h2h,Coventry City,,14.75
2026-08-11T03:15:44.741132+00:00,eb2553d10d63dc912b99f8fd0d675721,2026-08-21,2026-08-21T19:00:00+00:00,Arsenal,Coventry City,MyBookie.ag,mybookieag,2026-08-11T03:15:04Z,h2h,Draw,,6.7
2026-08-11T03:15:44.741132+00:00,eb2553d10d63dc912b99f8fd0d675721,2026-08-21,2026-08-21T19:00:00+00:00,Arsenal,Coventry City,MyBookie.ag,mybookieag,2026-08-11T03:15:04Z,totals,Over,2.5,1.55
2026-08-11T03:15:44.741132+00:00,eb2553d10d63dc912b99f8fd0d675721,2026-08-21,2026-08-21T19:00:00+00:00,Arsenal,Coventry City,MyBookie.ag,mybookieag,2026-08-11T03:15:04Z,totals,Under,2.5,2.31
2026-08-11T03:15:44.741132+00:00,95bb16d19debff3ec39919f361f072a4,2026-08-22,2026-08-22T11:30:00+00:00,Hull City,Man United,FanDuel,fanduel,2026-08-11T03:15:36Z,h2h,Hull City,,7.0
2026-08-11T03:15:44.741132+00:00,95bb16d19debff3ec39919f361f072a4,2026-08-22,2026-08-22T11:30:00+00:00,Hull City,Man United,FanDuel,fanduel,2026-08-11T03:15:36Z,h2h,Manchester United,,1.43
2026-08-11T03:15:44.741132+00:00,95bb16d19debff3ec39919f361f072a4,2026-08-22,2026-08-22T11:30:00+00:00,Hull City,Man United,FanDuel,fanduel,2026-08-11T03:15:36Z,h2h,Draw,,4.6
2026-08-11T03:15:44.741132+00:00,95bb16d19debff3ec39919f361f072a4,2026-08-22,2026-08-22T11:30:00+00:00,Hull City,Man United,BetMGM,betmgm,2026-08-11T03:15:36Z,h2h,Hull City,,6.5
2026-08-11T03:15:44.741132+00:00,95bb16d19debff3ec39919f361f072a4,2026-08-22,2026-08-22T11:30:00+00:00,Hull City,Man United,BetMGM,betmgm,2026-08-11T03:15:36Z,h2h,Manchester United,,1.43
2026-08-11T03:15:44.741132+00:00,95bb16d19debff3ec39919f361f072a4,2026-08-22,2026-08-22T11:30:00+00:00,Hull City,Man United,BetMGM,betmgm,2026-08-11T03:15:36Z,h2h,Draw,,4.4
2026-08-11T03:15:44.741132+00:00,95bb16d19debff3ec39919f361f072a4,2026-08-22,2026-08-22T11:30:00+00:00,Hull City,Man United,BetMGM,betmgm,2026-08-11T03:15:36Z,totals,Over,2.5,1.71
2026-08-11T03:15:44.741132+00:00,95bb16d19debff3ec39919f361f072a4,2026-08-22,2026-08-22T11:30:00+00:00,Hull City,Man United,BetMGM,betmgm,2026-08-11T03:15:36Z,totals,Under,2.5,2.0
2026-08-11T03:15:44.741132+00:00,95bb16d19debff3ec39919f361f072a4,2026-08-22,2026-08-22T11:30:00+00:00,Hull City,Man United,DraftKings,draftkings,2026-08-11T03:14:09Z,h2h,Hull City,,7.0
2026-08-11T03:15:44.741132+00:00,95bb16d19debff3ec39919f361f072a4,2026-08-22,2026-08-22T11:30:00+00:00,Hull City,Man United,DraftKings,draftkings,2026-08-11T03:14:09Z,h2h,Manchester United,,1.44
2026-08-11T03:15:44.741132+00:00,95bb16d19debff3ec39919f361f072a4,2026-08-22,2026-08-22T11:30:00+00:00,Hull City,Man United,DraftKings,draftkings,2026-08-11T03:14:09Z,h2h,Draw,,4.3
2026-08-11T03:15:44.741132+00:00,95bb16d19debff3ec39919f361f072a4,2026-08-22,2026-08-22T11:30:00+00:00,Hull City,Man United,BetRivers,betrivers,2026-08-11T03:15:15Z,h2h,Hull City,,8.0
2026-08-11T03:15:44.741132+00:00,95bb16d19debff3ec39919f361f072a4,2026-08-22,2026-08-22T11:30:00+00:00,Hull City,Man United,BetRivers,betrivers,2026-08-11T03:15:15Z,h2h,Manchester United,,1.42
2026-08-11T03:15:44.741132+00:00,95bb16d19debff3ec39919f361f072a4,2026-08-22,2026-08-22T11:30:00+00:00,Hull City,Man United,BetRivers,betrivers,2026-08-11T03:15:15Z,h2h,Draw,,4.5
2026-08-11T03:15:44.741132+00:00,95bb16d19debff3ec39919f361f072a4,2026-08-22,2026-08-22T11:30:00+00:00,Hull City,Man United,BetRivers,betrivers,2026-08-11T03:15:15Z,totals,Over,2.5,1.73
2026-08-11T03:15:44.741132+00:00,95bb16d19debff3ec39919f361f072a4,2026-08-22,2026-08-22T11:30:00+00:00,Hull City,Man United,BetRivers,betrivers,2026-08-11T03:15:15Z,totals,Under,2.5,2.08
2026-08-11T03:15:44.741132+00:00,95bb16d19debff3ec39919f361f072a4,2026-08-22,2026-08-22T11:30:00+00:00,Hull City,Man United,BetOnline.ag,betonlineag,2026-08-11T03:15:05Z,h2h,Hull City,,7.7
2026-08-11T03:15:44.741132+00:00,95bb16d19debff3ec39919f361f072a4,2026-08-22,2026-08-22T11:30:00+00:00,Hull City,Man United,BetOnline.ag,betonlineag,2026-08-11T03:15:05Z,h2h,Manchester United,,1.45
2026-08-11T03:15:44.741132+00:00,95bb16d19debff3ec39919f361f072a4,2026-08-22,2026-08-22T11:30:00+00:00,Hull City,Man United,BetOnline.ag,betonlineag,2026-08-11T03:15:05Z,h2h,Draw,,4.6
2026-08-11T03:15:44.741132+00:00,95bb16d19debff3ec39919f361f072a4,2026-08-22,2026-08-22T11:30:00+00:00,Hull City,Man United,BetOnline.ag,betonlineag,2026-08-11T03:15:05Z,totals,Over,2.5,1.75
2026-08-11T03:15:44.741132+00:00,95bb16d19debff3ec39919f361f072a4,2026-08-22,2026-08-22T11:30:00+00:00,Hull City,Man United,BetOnline.ag,betonlineag,2026-08-11T03:15:05Z,totals,Under,2.5,2.17
2026-08-11T03:15:44.741132+00:00,95bb16d19debff3ec39919f361f072a4,2026-08-22,2026-08-22T11:30:00+00:00,Hull City,Man United,LowVig.ag,lowvig,2026-08-11T03:14:43Z,h2h,Hull City,,7.7
2026-08-11T03:15:44.741132+00:00,95bb16d19debff3ec39919f361f072a4,2026-08-22,2026-08-22T11:30:00+00:00,Hull City,Man United,LowVig.ag,lowvig,2026-08-11T03:14:43Z,h2h,Manchester United,,1.45
2026-08-11T03:15:44.741132+00:00,95bb16d19debff3ec39919f361f072a4,2026-08-22,2026-08-22T11:30:00+00:00,Hull City,Man United,LowVig.ag,lowvig,2026-08-11T03:14:43Z,h2h,Draw,,4.6
2026-08-11T03:15:44.741132+00:00,95bb16d19debff3ec39919f361f072a4,2026-08-22,2026-08-22T11:30:00+00:00,Hull City,Man United,LowVig.ag,lowvig,2026-08-11T03:14:43Z,totals,Over,2.5,1.75
2026-08-11T03:15:44.741132+00:00,95bb16d19debff3ec39919f361f072a4,2026-08-22,2026-08-22T11:30:00+00:00,Hull City,Man United,LowVig.ag,lowvig,2026-08-11T03:14:43Z,totals,Under,2.5,2.17
2026-08-11T03:15:44.741132+00:00,95bb16d19debff3ec39919f361f072a4,2026-08-22,2026-08-22T11:30:00+00:00,Hull City,Man United,Bovada,bovada,2026-08-11T03:14:24Z,h2h,Hull City,,6.75
2026-08-11T03:15:44.741132+00:00,95bb16d19debff3ec39919f361f072a4,2026-08-22,2026-08-22T11:30:00+00:00,Hull City,Man United,Bovada,bovada,2026-08-11T03:14:24Z,h2h,Manchester United,,1.47
2026-08-11T03:15:44.741132+00:00,95bb16d19debff3ec39919f361f072a4,2026-08-22,2026-08-22T11:30:00+00:00,Hull City,Man United,Bovada,bovada,2026-08-11T03:14:24Z,h2h,Draw,,4.5
2026-08-11T03:15:44.741132+00:00,95bb16d19debff3ec39919f361f072a4,2026-08-22,2026-08-22T11:30:00+00:00,Hull City,Man United,Bovada,bovada,2026-08-11T03:14:24Z,totals,Over,2.5,1.78
2026-08-11T03:15:44.741132+00:00,95bb16d19debff3ec39919f361f072a4,2026-08-22,2026-08-22T11:30:00+00:00,Hull City,Man United,Bovada,bovada,2026-08-11T03:14:24Z,totals,Under,2.5,2.08
2026-08-11T03:15:44.741132+00:00,95bb16d19debff3ec39919f361f072a4,2026-08-22,2026-08-22T11:30:00+00:00,Hull City,Man United,BetUS,betus,2026-08-11T03:15:04Z,h2h,Hull City,,7.7
2026-08-11T03:15:44.741132+00:00,95bb16d19debff3ec39919f361f072a4,2026-08-22,2026-08-22T11:30:00+00:00,Hull City,Man United,BetUS,betus,2026-08-11T03:15:04Z,h2h,Manchester United,,1.45
2026-08-11T03:15:44.741132+00:00,95bb16d19debff3ec39919f361f072a4,2026-08-22,2026-08-22T11:30:00+00:00,Hull City,Man United,BetUS,betus,2026-08-11T03:15:04Z,h2h,Draw,,4.6
2026-08-11T03:15:44.741132+00:00,95bb16d19debff3ec39919f361f072a4,2026-08-22,2026-08-22T11:30:00+00:00,Hull City,Man United,BetUS,betus,2026-08-11T03:15:04Z,totals,Over,2.5,1.74
2026-08-11T03:15:44.741132+00:00,95bb16d19debff3ec39919f361f072a4,2026-08-22,2026-08-22T11:30:00+00:00,Hull City,Man United,BetUS,betus,2026-08-11T03:15:04Z,totals,Under,2.5,2.15
2026-08-11T03:15:44.741132+00:00,95bb16d19debff3ec39919f361f072a4,2026-08-22,2026-08-22T11:30:00+00:00,Hull City,Man United,MyBookie.ag,mybookieag,2026-08-11T03:15:04Z,h2h,Hull City,,6.4
2026-08-11T03:15:44.741132+00:00,95bb16d19debff3ec39919f361f072a4,2026-08-22,2026-08-22T11:30:00+00:00,Hull City,Man United,MyBookie.ag,mybookieag,2026-08-11T03:15:04Z,h2h,Manchester United,,1.44
2026-08-11T03:15:44.741132+00:00,95bb16d19debff3ec39919f361f072a4,2026-08-22,2026-08-22T11:30:00+00:00,Hull City,Man United,MyBookie.ag,mybookieag,2026-08-11T03:15:04Z,h2h,Draw,,4.4
2026-08-11T03:15:44.741132+00:00,95bb16d19debff3ec39919f361f072a4,2026-08-22,2026-08-22T11:30:00+00:00,Hull City,Man United,MyBookie.ag,mybookieag,2026-08-11T03:15:04Z,totals,Over,2.5,1.72
2026-08-11T03:15:44.741132+00:00,95bb16d19debff3ec39919f361f072a4,2026-08-22,2026-08-22T11:30:00+00:00,Hull City,Man United,MyBookie.ag,mybookieag,2026-08-11T03:15:04Z,totals,Under,2.5,2.0
2026-08-11T03:15:44.741132+00:00,cd1f0173ec061d9b8a8b22ab8f2f8393,2026-08-22,2026-08-22T14:00:00+00:00,Everton,Crystal Palace,FanDuel,fanduel,2026-08-11T03:15:36Z,h2h,Crystal Palace,,3.3
2026-08-11T03:15:44.741132+00:00,cd1f0173ec061d9b8a8b22ab8f2f8393,2026-08-22,2026-08-22T14:00:00+00:00,Everton,Crystal Palace,FanDuel,fanduel,2026-08-11T03:15:36Z,h2h,Everton,,2.1
2026-08-11T03:15:44.741132+00:00,cd1f0173ec061d9b8a8b22ab8f2f8393,2026-08-22,2026-08-22T14:00:00+00:00,Everton,Crystal Palace,FanDuel,fanduel,2026-08-11T03:15:36Z,h2h,Draw,,3.6
2026-08-11T03:15:44.741132+00:00,cd1f0173ec061d9b8a8b22ab8f2f8393,2026-08-22,2026-08-22T14:00:00+00:00,Everton,Crystal Palace,BetMGM,betmgm,2026-08-11T03:15:36Z,h2h,Crystal Palace,,3.2
2026-08-11T03:15:44.741132+00:00,cd1f0173ec061d9b8a8b22ab8f2f8393,2026-08-22,2026-08-22T14:00:00+00:00,Everton,Crystal Palace,BetMGM,betmgm,2026-08-11T03:15:36Z,h2h,Everton,,2.1
2026-08-11T03:15:44.741132+00:00,cd1f0173ec061d9b8a8b22ab8f2f8393,2026-08-22,2026-08-22T14:00:00+00:00,Everton,Crystal Palace,BetMGM,betmgm,2026-08-11T03:15:36Z,h2h,Draw,,3.4
2026-08-11T03:15:44.741132+00:00,cd1f0173ec061d9b8a8b22ab8f2f8393,2026-08-22,2026-08-22T14:00:00+00:00,Everton,Crystal Palace,BetMGM,betmgm,2026-08-11T03:15:36Z,totals,Over,2.5,1.83
2026-08-11T03:15:44.741132+00:00,cd1f0173ec061d9b8a8b22ab8f2f8393,2026-08-22,2026-08-22T14:00:00+00:00,Everton,Crystal Palace,BetMGM,betmgm,2026-08-11T03:15:36Z,totals,Under,2.5,1.87
2026-08-11T03:15:44.741132+00:00,cd1f0173ec061d9b8a8b22ab8f2f8393,2026-08-22,2026-08-22T14:00:00+00:00,Everton,Crystal Palace,DraftKings,draftkings,2026-08-11T03:14:09Z,h2h,Crystal Palace,,3.3
2026-08-11T03:15:44.741132+00:00,cd1f0173ec061d9b8a8b22ab8f2f8393,2026-08-22,2026-08-22T14:00:00+00:00,Everton,Crystal Palace,DraftKings,draftkings,2026-08-11T03:14:09Z,h2h,Everton,,2.15
2026-08-11T03:15:44.741132+00:00,cd1f0173ec061d9b8a8b22ab8f2f8393,2026-08-22,2026-08-22T14:00:00+00:00,Everton,Crystal Palace,DraftKings,draftkings,2026-08-11T03:14:09Z,h2h,Draw,,3.4
2026-08-11T03:15:44.741132+00:00,cd1f0173ec061d9b8a8b22ab8f2f8393,2026-08-22,2026-08-22T14:00:00+00:00,Everton,Crystal Palace,BetRivers,betrivers,2026-08-11T03:15:15Z,h2h,Crystal Palace,,3.7
2026-08-11T03:15:44.741132+00:00,cd1f0173ec061d9b8a8b22ab8f2f8393,2026-08-22,2026-08-22T14:00:00+00:00,Everton,Crystal Palace,BetRivers,betrivers,2026-08-11T03:15:15Z,h2h,Everton,,2.06
2026-08-11T03:15:44.741132+00:00,cd1f0173ec061d9b8a8b22ab8f2f8393,2026-08-22,2026-08-22T14:00:00+00:00,Everton,Crystal Palace,BetRivers,betrivers,2026-08-11T03:15:15Z,h2h,Draw,,3.4
2026-08-11T03:15:44.741132+00:00,cd1f0173ec061d9b8a8b22ab8f2f8393,2026-08-22,2026-08-22T14:00:00+00:00,Everton,Crystal Palace,BetRivers,betrivers,2026-08-11T03:15:15Z,totals,Over,2.5,1.91
2026-08-11T03:15:44.741132+00:00,cd1f0173ec061d9b8a8b22ab8f2f8393,2026-08-22,2026-08-22T14:00:00+00:00,Everton,Crystal Palace,BetRivers,betrivers,2026-08-11T03:15:15Z,totals,Under,2.5,1.87
2026-08-11T03:15:44.741132+00:00,cd1f0173ec061d9b8a8b22ab8f2f8393,2026-08-22,2026-08-22T14:00:00+00:00,Everton,Crystal Palace,BetOnline.ag,betonlineag,2026-08-11T03:15:05Z,h2h,Crystal Palace,,3.45
2026-08-11T03:15:44.741132+00:00,cd1f0173ec061d9b8a8b22ab8f2f8393,2026-08-22,2026-08-22T14:00:00+00:00,Everton,Crystal Palace,BetOnline.ag,betonlineag,2026-08-11T03:15:05Z,h2h,Everton,,2.2
2026-08-11T03:15:44.741132+00:00,cd1f0173ec061d9b8a8b22ab8f2f8393,2026-08-22,2026-08-22T14:00:00+00:00,Everton,Crystal Palace,BetOnline.ag,betonlineag,2026-08-11T03:15:05Z,h2h,Draw,,3.45
2026-08-11T03:15:44.741132+00:00,cd1f0173ec061d9b8a8b22ab8f2f8393,2026-08-22,2026-08-22T14:00:00+00:00,Everton,Crystal Palace,BetOnline.ag,betonlineag,2026-08-11T03:15:05Z,totals,Over,2.5,1.95
2026-08-11T03:15:44.741132+00:00,cd1f0173ec061d9b8a8b22ab8f2f8393,2026-08-22,2026-08-22T14:00:00+00:00,Everton,Crystal Palace,BetOnline.ag,betonlineag,2026-08-11T03:15:05Z,totals,Under,2.5,1.9
2026-08-11T03:15:44.741132+00:00,cd1f0173ec061d9b8a8b22ab8f2f8393,2026-08-22,2026-08-22T14:00:00+00:00,Everton,Crystal Palace,LowVig.ag,lowvig,2026-08-11T03:14:43Z,h2h,Crystal Palace,,3.45
2026-08-11T03:15:44.741132+00:00,cd1f0173ec061d9b8a8b22ab8f2f8393,2026-08-22,2026-08-22T14:00:00+00:00,Everton,Crystal Palace,LowVig.ag,lowvig,2026-08-11T03:14:43Z,h2h,Everton,,2.2
2026-08-11T03:15:44.741132+00:00,cd1f0173ec061d9b8a8b22ab8f2f8393,2026-08-22,2026-08-22T14:00:00+00:00,Everton,Crystal Palace,LowVig.ag,lowvig,2026-08-11T03:14:43Z,h2h,Draw,,3.45
2026-08-11T03:15:44.741132+00:00,cd1f0173ec061d9b8a8b22ab8f2f8393,2026-08-22,2026-08-22T14:00:00+00:00,Everton,Crystal Palace,LowVig.ag,lowvig,2026-08-11T03:14:43Z,totals,Over,2.5,1.95
2026-08-11T03:15:44.741132+00:00,cd1f0173ec061d9b8a8b22ab8f2f8393,2026-08-22,2026-08-22T14:00:00+00:00,Everton,Crystal Palace,LowVig.ag,lowvig,2026-08-11T03:14:43Z,totals,Under,2.5,1.9
2026-08-11T03:15:44.741132+00:00,cd1f0173ec061d9b8a8b22ab8f2f8393,2026-08-22,2026-08-22T14:00:00+00:00,Everton,Crystal Palace,Bovada,bovada,2026-08-11T03:14:24Z,h2h,Crystal Palace,,3.35
2026-08-11T03:15:44.741132+00:00,cd1f0173ec061d9b8a8b22ab8f2f8393,2026-08-22,2026-08-22T14:00:00+00:00,Everton,Crystal Palace,Bovada,bovada,2026-08-11T03:14:24Z,h2h,Everton,,2.15
2026-08-11T03:15:44.741132+00:00,cd1f0173ec061d9b8a8b22ab8f2f8393,2026-08-22,2026-08-22T14:00:00+00:00,Everton,Crystal Palace,Bovada,bovada,2026-08-11T03:14:24Z,h2h,Draw,,3.45
2026-08-11T03:15:44.741132+00:00,cd1f0173ec061d9b8a8b22ab8f2f8393,2026-08-22,2026-08-22T14:00:00+00:00,Everton,Crystal Palace,Bovada,bovada,2026-08-11T03:14:24Z,totals,Over,2.5,1.91
2026-08-11T03:15:44.741132+00:00,cd1f0173ec061d9b8a8b22ab8f2f8393,2026-08-22,2026-08-22T14:00:00+00:00,Everton,Crystal Palace,Bovada,bovada,2026-08-11T03:14:24Z,totals,Under,2.5,1.91
2026-08-11T03:15:44.741132+00:00,cd1f0173ec061d9b8a8b22ab8f2f8393,2026-08-22,2026-08-22T14:00:00+00:00,Everton,Crystal Palace,BetUS,betus,2026-08-11T03:15:04Z,h2h,Crystal Palace,,3.2
2026-08-11T03:15:44.741132+00:00,cd1f0173ec061d9b8a8b22ab8f2f8393,2026-08-22,2026-08-22T14:00:00+00:00,Everton,Crystal Palace,BetUS,betus,2026-08-11T03:15:04Z,h2h,Everton,,2.1
2026-08-11T03:15:44.741132+00:00,cd1f0173ec061d9b8a8b22ab8f2f8393,2026-08-22,2026-08-22T14:00:00+00:00,Everton,Crystal Palace,BetUS,betus,2026-08-11T03:15:04Z,h2h,Draw,,3.4
2026-08-11T03:15:44.741132+00:00,cd1f0173ec061d9b8a8b22ab8f2f8393,2026-08-22,2026-08-22T14:00:00+00:00,Everton,Crystal Palace,BetUS,betus,2026-08-11T03:15:04Z,totals,Over,2.5,1.91
2026-08-11T03:15:44.741132+00:00,cd1f0173ec061d9b8a8b22ab8f2f8393,2026-08-22,2026-08-22T14:00:00+00:00,Everton,Crystal Palace,BetUS,betus,2026-08-11T03:15:04Z,totals,Under,2.5,1.91
2026-08-11T03:15:44.741132+00:00,cd1f0173ec061d9b8a8b22ab8f2f8393,2026-08-22,2026-08-22T14:00:00+00:00,Everton,Crystal Palace,MyBookie.ag,mybookieag,2026-08-11T03:15:04Z,h2h,Crystal Palace,,3.3
2026-08-11T03:15:44.741132+00:00,cd1f0173ec061d9b8a8b22ab8f2f8393,2026-08-22,2026-08-22T14:00:00+00:00,Everton,Crystal Palace,MyBookie.ag,mybookieag,2026-08-11T03:15:04Z,h2h,Everton,,2.1
2026-08-11T03:15:44.741132+00:00,cd1f0173ec061d9b8a8b22ab8f2f8393,2026-08-22,2026-08-22T14:00:00+00:00,Everton,Crystal Palace,MyBookie.ag,mybookieag,2026-08-11T03:15:04Z,h2h,Draw,,3.32
2026-08-11T03:15:44.741132+00:00,cd1f0173ec061d9b8a8b22ab8f2f8393,2026-08-22,2026-08-22T14:00:00+00:00,Everton,Crystal Palace,MyBookie.ag,mybookieag,2026-08-11T03:15:04Z,totals,Over,2.5,1.85
2026-08-11T03:15:44.741132+00:00,cd1f0173ec061d9b8a8b22ab8f2f8393,2026-08-22,2026-08-22T14:00:00+00:00,Everton,Crystal Palace,MyBookie.ag,mybookieag,2026-08-11T03:15:04Z,totals,Under,2.5,1.85
2026-08-11T03:15:44.741132+00:00,01615d9573ef1e5aa8c09eb32a4a983b,2026-08-22,2026-08-22T14:00:00+00:00,Ipswich Town,Sunderland,FanDuel,fanduel,2026-08-11T03:15:36Z,h2h,Ipswich Town,,2.7
2026-08-11T03:15:44.741132+00:00,01615d9573ef1e5aa8c09eb32a4a983b,2026-08-22,2026-08-22T14:00:00+00:00,Ipswich Town,Sunderland,FanDuel,fanduel,2026-08-11T03:15:36Z,h2h,Sunderland,,2.5
2026-08-11T03:15:44.741132+00:00,01615d9573ef1e5aa8c09eb32a4a983b,2026-08-22,2026-08-22T14:00:00+00:00,Ipswich Town,Sunderland,FanDuel,fanduel,2026-08-11T03:15:36Z,h2h,Draw,,3.4
2026-08-11T03:15:44.741132+00:00,01615d9573ef1e5aa8c09eb32a4a983b,2026-08-22,2026-08-22T14:00:00+00:00,Ipswich Town,Sunderland,BetMGM,betmgm,2026-08-11T03:15:36Z,h2h,Ipswich Town,,2.65
2026-08-11T03:15:44.741132+00:00,01615d9573ef1e5aa8c09eb32a4a983b,2026-08-22,2026-08-22T14:00:00+00:00,Ipswich Town,Sunderland,BetMGM,betmgm,2026-08-11T03:15:36Z,h2h,Sunderland,,2.5
2026-08-11T03:15:44.741132+00:00,01615d9573ef1e5aa8c09eb32a4a983b,2026-08-22,2026-08-22T14:00:00+00:00,Ipswich Town,Sunderland,BetMGM,betmgm,2026-08-11T03:15:36Z,h2h,Draw,,3.25
2026-08-11T03:15:44.741132+00:00,01615d9573ef1e5aa8c09eb32a4a983b,2026-08-22,2026-08-22T14:00:00+00:00,Ipswich Town,Sunderland,BetMGM,betmgm,2026-08-11T03:15:36Z,totals,Over,2.5,1.91
2026-08-11T03:15:44.741132+00:00,01615d9573ef1e5aa8c09eb32a4a983b,2026-08-22,2026-08-22T14:00:00+00:00,Ipswich Town,Sunderland,BetMGM,betmgm,2026-08-11T03:15:36Z,totals,Under,2.5,1.8
2026-08-11T03:15:44.741132+00:00,01615d9573ef1e5aa8c09eb32a4a983b,2026-08-22,2026-08-22T14:00:00+00:00,Ipswich Town,Sunderland,DraftKings,draftkings,2026-08-11T03:14:09Z,h2h,Ipswich Town,,2.7
2026-08-11T03:15:44.741132+00:00,01615d9573ef1e5aa8c09eb32a4a983b,2026-08-22,2026-08-22T14:00:00+00:00,Ipswich Town,Sunderland,DraftKings,draftkings,2026-08-11T03:14:09Z,h2h,Sunderland,,2.6
2026-08-11T03:15:44.741132+00:00,01615d9573ef1e5aa8c09eb32a4a983b,2026-08-22,2026-08-22T14:00:00+00:00,Ipswich Town,Sunderland,DraftKings,draftkings,2026-08-11T03:14:09Z,h2h,Draw,,3.25
2026-08-11T03:15:44.741132+00:00,01615d9573ef1e5aa8c09eb32a4a983b,2026-08-22,2026-08-22T14:00:00+00:00,Ipswich Town,Sunderland,BetRivers,betrivers,2026-08-11T03:15:15Z,h2h,Ipswich Town,,2.75
2026-08-11T03:15:44.741132+00:00,01615d9573ef1e5aa8c09eb32a4a983b,2026-08-22,2026-08-22T14:00:00+00:00,Ipswich Town,Sunderland,BetRivers,betrivers,2026-08-11T03:15:15Z,h2h,Sunderland,,2.63
2026-08-11T03:15:44.741132+00:00,01615d9573ef1e5aa8c09eb32a4a983b,2026-08-22,2026-08-22T14:00:00+00:00,Ipswich Town,Sunderland,BetRivers,betrivers,2026-08-11T03:15:15Z,h2h,Draw,,3.3
2026-08-11T03:15:44.741132+00:00,01615d9573ef1e5aa8c09eb32a4a983b,2026-08-22,2026-08-22T14:00:00+00:00,Ipswich Town,Sunderland,BetRivers,betrivers,2026-08-11T03:15:15Z,totals,Over,2.5,1.94
2026-08-11T03:15:44.741132+00:00,01615d9573ef1e5aa8c09eb32a4a983b,2026-08-22,2026-08-22T14:00:00+00:00,Ipswich Town,Sunderland,BetRivers,betrivers,2026-08-11T03:15:15Z,totals,Under,2.5,1.83
2026-08-11T03:15:44.741132+00:00,01615d9573ef1e5aa8c09eb32a4a983b,2026-08-22,2026-08-22T14:00:00+00:00,Ipswich Town,Sunderland,BetOnline.ag,betonlineag,2026-08-11T03:15:05Z,h2h,Ipswich Town,,2.78
2026-08-11T03:15:44.741132+00:00,01615d9573ef1e5aa8c09eb32a4a983b,2026-08-22,2026-08-22T14:00:00+00:00,Ipswich Town,Sunderland,BetOnline.ag,betonlineag,2026-08-11T03:15:05Z,h2h,Sunderland,,2.65
2026-08-11T03:15:44.741132+00:00,01615d9573ef1e5aa8c09eb32a4a983b,2026-08-22,2026-08-22T14:00:00+00:00,Ipswich Town,Sunderland,BetOnline.ag,betonlineag,2026-08-11T03:15:05Z,h2h,Draw,,3.36
2026-08-11T03:15:44.741132+00:00,01615d9573ef1e5aa8c09eb32a4a983b,2026-08-22,2026-08-22T14:00:00+00:00,Ipswich Town,Sunderland,BetOnline.ag,betonlineag,2026-08-11T03:15:05Z,totals,Over,2.5,1.99
2026-08-11T03:15:44.741132+00:00,01615d9573ef1e5aa8c09eb32a4a983b,2026-08-22,2026-08-22T14:00:00+00:00,Ipswich Town,Sunderland,BetOnline.ag,betonlineag,2026-08-11T03:15:05Z,totals,Under,2.5,1.87
2026-08-11T03:15:44.741132+00:00,01615d9573ef1e5aa8c09eb32a4a983b,2026-08-22,2026-08-22T14:00:00+00:00,Ipswich Town,Sunderland,LowVig.ag,lowvig,2026-08-11T03:14:43Z,h2h,Ipswich Town,,2.78
2026-08-11T03:15:44.741132+00:00,01615d9573ef1e5aa8c09eb32a4a983b,2026-08-22,2026-08-22T14:00:00+00:00,Ipswich Town,Sunderland,LowVig.ag,lowvig,2026-08-11T03:14:43Z,h2h,Sunderland,,2.65
2026-08-11T03:15:44.741132+00:00,01615d9573ef1e5aa8c09eb32a4a983b,2026-08-22,2026-08-22T14:00:00+00:00,Ipswich Town,Sunderland,LowVig.ag,lowvig,2026-08-11T03:14:43Z,h2h,Draw,,3.36
2026-08-11T03:15:44.741132+00:00,01615d9573ef1e5aa8c09eb32a4a983b,2026-08-22,2026-08-22T14:00:00+00:00,Ipswich Town,Sunderland,LowVig.ag,lowvig,2026-08-11T03:14:43Z,totals,Over,2.5,1.99
2026-08-11T03:15:44.741132+00:00,01615d9573ef1e5aa8c09eb32a4a983b,2026-08-22,2026-08-22T14:00:00+00:00,Ipswich Town,Sunderland,LowVig.ag,lowvig,2026-08-11T03:14:43Z,totals,Under,2.5,1.87
2026-08-11T03:15:44.741132+00:00,01615d9573ef1e5aa8c09eb32a4a983b,2026-08-22,2026-08-22T14:00:00+00:00,Ipswich Town,Sunderland,Bovada,bovada,2026-08-11T03:14:24Z,h2h,Ipswich Town,,2.75
2026-08-11T03:15:44.741132+00:00,01615d9573ef1e5aa8c09eb32a4a983b,2026-08-22,2026-08-22T14:00:00+00:00,Ipswich Town,Sunderland,Bovada,bovada,2026-08-11T03:14:24Z,h2h,Sunderland,,2.6
2026-08-11T03:15:44.741132+00:00,01615d9573ef1e5aa8c09eb32a4a983b,2026-08-22,2026-08-22T14:00:00+00:00,Ipswich Town,Sunderland,Bovada,bovada,2026-08-11T03:14:24Z,h2h,Draw,,3.35
2026-08-11T03:15:44.741132+00:00,01615d9573ef1e5aa8c09eb32a4a983b,2026-08-22,2026-08-22T14:00:00+00:00,Ipswich Town,Sunderland,Bovada,bovada,2026-08-11T03:14:24Z,totals,Over,2.5,1.93
2026-08-11T03:15:44.741132+00:00,01615d9573ef1e5aa8c09eb32a4a983b,2026-08-22,2026-08-22T14:00:00+00:00,Ipswich Town,Sunderland,Bovada,bovada,2026-08-11T03:14:24Z,totals,Under,2.5,1.89
2026-08-11T03:15:44.741132+00:00,01615d9573ef1e5aa8c09eb32a4a983b,2026-08-22,2026-08-22T14:00:00+00:00,Ipswich Town,Sunderland,BetUS,betus,2026-08-11T03:15:04Z,h2h,Ipswich Town,,2.63
2026-08-11T03:15:44.741132+00:00,01615d9573ef1e5aa8c09eb32a4a983b,2026-08-22,2026-08-22T14:00:00+00:00,Ipswich Town,Sunderland,BetUS,betus,2026-08-11T03:15:04Z,h2h,Sunderland,,2.55
2026-08-11T03:15:44.741132+00:00,01615d9573ef1e5aa8c09eb32a4a983b,2026-08-22,2026-08-22T14:00:00+00:00,Ipswich Town,Sunderland,BetUS,betus,2026-08-11T03:15:04Z,h2h,Draw,,3.2
2026-08-11T03:15:44.741132+00:00,01615d9573ef1e5aa8c09eb32a4a983b,2026-08-22,2026-08-22T14:00:00+00:00,Ipswich Town,Sunderland,BetUS,betus,2026-08-11T03:15:04Z,totals,Over,2.5,1.95
2026-08-11T03:15:44.741132+00:00,01615d9573ef1e5aa8c09eb32a4a983b,2026-08-22,2026-08-22T14:00:00+00:00,Ipswich Town,Sunderland,BetUS,betus,2026-08-11T03:15:04Z,totals,Under,2.5,1.87
2026-08-11T03:15:44.741132+00:00,01615d9573ef1e5aa8c09eb32a4a983b,2026-08-22,2026-08-22T14:00:00+00:00,Ipswich Town,Sunderland,MyBookie.ag,mybookieag,2026-08-11T03:15:04Z,h2h,Ipswich Town,,2.65
2026-08-11T03:15:44.741132+00:00,01615d9573ef1e5aa8c09eb32a4a983b,2026-08-22,2026-08-22T14:00:00+00:00,Ipswich Town,Sunderland,MyBookie.ag,mybookieag,2026-08-11T03:15:04Z,h2h,Sunderland,,2.55
2026-08-11T03:15:44.741132+00:00,01615d9573ef1e5aa8c09eb32a4a983b,2026-08-22,2026-08-22T14:00:00+00:00,Ipswich Town,Sunderland,MyBookie.ag,mybookieag,2026-08-11T03:15:04Z,h2h,Draw,,3.22
2026-08-11T03:15:44.741132+00:00,01615d9573ef1e5aa8c09eb32a4a983b,2026-08-22,2026-08-22T14:00:00+00:00,Ipswich Town,Sunderland,MyBookie.ag,mybookieag,2026-08-11T03:15:04Z,totals,Over,2.5,1.88
2026-08-11T03:15:44.741132+00:00,01615d9573ef1e5aa8c09eb32a4a983b,2026-08-22,2026-08-22T14:00:00+00:00,Ipswich Town,Sunderland,MyBookie.ag,mybookieag,2026-08-11T03:15:04Z,totals,Under,2.5,1.82
2026-08-11T03:15:44.741132+00:00,ee99154f8db029efcf567c5f7f7a0c0b,2026-08-22,2026-08-22T14:00:00+00:00,Nott'm Forest,Leeds,FanDuel,fanduel,2026-08-11T03:15:36Z,h2h,Leeds United,,3.2
2026-08-11T03:15:44.741132+00:00,ee99154f8db029efcf567c5f7f7a0c0b,2026-08-22,2026-08-22T14:00:00+00:00,Nott'm Forest,Leeds,FanDuel,fanduel,2026-08-11T03:15:36Z,h2h,Nottingham Forest,,2.2
2026-08-11T03:15:44.741132+00:00,ee99154f8db029efcf567c5f7f7a0c0b,2026-08-22,2026-08-22T14:00:00+00:00,Nott'm Forest,Leeds,FanDuel,fanduel,2026-08-11T03:15:36Z,h2h,Draw,,3.6
2026-08-11T03:15:44.741132+00:00,ee99154f8db029efcf567c5f7f7a0c0b,2026-08-22,2026-08-22T14:00:00+00:00,Nott'm Forest,Leeds,BetMGM,betmgm,2026-08-11T03:15:36Z,h2h,Leeds United,,3.0
2026-08-11T03:15:44.741132+00:00,ee99154f8db029efcf567c5f7f7a0c0b,2026-08-22,2026-08-22T14:00:00+00:00,Nott'm Forest,Leeds,BetMGM,betmgm,2026-08-11T03:15:36Z,h2h,Nottingham Forest,,2.2
2026-08-11T03:15:44.741132+00:00,ee99154f8db029efcf567c5f7f7a0c0b,2026-08-22,2026-08-22T14:00:00+00:00,Nott'm Forest,Leeds,BetMGM,betmgm,2026-08-11T03:15:36Z,h2h,Draw,,3.4
2026-08-11T03:15:44.741132+00:00,ee99154f8db029efcf567c5f7f7a0c0b,2026-08-22,2026-08-22T14:00:00+00:00,Nott'm Forest,Leeds,BetMGM,betmgm,2026-08-11T03:15:36Z,totals,Over,2.5,1.83
2026-08-11T03:15:44.741132+00:00,ee99154f8db029efcf567c5f7f7a0c0b,2026-08-22,2026-08-22T14:00:00+00:00,Nott'm Forest,Leeds,BetMGM,betmgm,2026-08-11T03:15:36Z,totals,Under,2.5,1.87
2026-08-11T03:15:44.741132+00:00,ee99154f8db029efcf567c5f7f7a0c0b,2026-08-22,2026-08-22T14:00:00+00:00,Nott'm Forest,Leeds,DraftKings,draftkings,2026-08-11T03:14:09Z,h2h,Leeds United,,3.15
2026-08-11T03:15:44.741132+00:00,ee99154f8db029efcf567c5f7f7a0c0b,2026-08-22,2026-08-22T14:00:00+00:00,Nott'm Forest,Leeds,DraftKings,draftkings,2026-08-11T03:14:09Z,h2h,Nottingham Forest,,2.2
2026-08-11T03:15:44.741132+00:00,ee99154f8db029efcf567c5f7f7a0c0b,2026-08-22,2026-08-22T14:00:00+00:00,Nott'm Forest,Leeds,DraftKings,draftkings,2026-08-11T03:14:09Z,h2h,Draw,,3.35
2026-08-11T03:15:44.741132+00:00,ee99154f8db029efcf567c5f7f7a0c0b,2026-08-22,2026-08-22T14:00:00+00:00,Nott'm Forest,Leeds,BetRivers,betrivers,2026-08-11T03:15:15Z,h2h,Leeds United,,3.2
2026-08-11T03:15:44.741132+00:00,ee99154f8db029efcf567c5f7f7a0c0b,2026-08-22,2026-08-22T14:00:00+00:00,Nott'm Forest,Leeds,BetRivers,betrivers,2026-08-11T03:15:15Z,h2h,Nottingham Forest,,2.23
2026-08-11T03:15:44.741132+00:00,ee99154f8db029efcf567c5f7f7a0c0b,2026-08-22,2026-08-22T14:00:00+00:00,Nott'm Forest,Leeds,BetRivers,betrivers,2026-08-11T03:15:15Z,h2h,Draw,,3.45
2026-08-11T03:15:44.741132+00:00,ee99154f8db029efcf567c5f7f7a0c0b,2026-08-22,2026-08-22T14:00:00+00:00,Nott'm Forest,Leeds,BetRivers,betrivers,2026-08-11T03:15:15Z,totals,Over,2.5,1.87
2026-08-11T03:15:44.741132+00:00,ee99154f8db029efcf567c5f7f7a0c0b,2026-08-22,2026-08-22T14:00:00+00:00,Nott'm Forest,Leeds,BetRivers,betrivers,2026-08-11T03:15:15Z,totals,Under,2.5,1.91
2026-08-11T03:15:44.741132+00:00,ee99154f8db029efcf567c5f7f7a0c0b,2026-08-22,2026-08-22T14:00:00+00:00,Nott'm Forest,Leeds,BetOnline.ag,betonlineag,2026-08-11T03:15:05Z,h2h,Leeds United,,3.29
2026-08-11T03:15:44.741132+00:00,ee99154f8db029efcf567c5f7f7a0c0b,2026-08-22,2026-08-22T14:00:00+00:00,Nott'm Forest,Leeds,BetOnline.ag,betonlineag,2026-08-11T03:15:05Z,h2h,Nottingham Forest,,2.26
2026-08-11T03:15:44.741132+00:00,ee99154f8db029efcf567c5f7f7a0c0b,2026-08-22,2026-08-22T14:00:00+00:00,Nott'm Forest,Leeds,BetOnline.ag,betonlineag,2026-08-11T03:15:05Z,h2h,Draw,,3.46
2026-08-11T03:15:44.741132+00:00,ee99154f8db029efcf567c5f7f7a0c0b,2026-08-22,2026-08-22T14:00:00+00:00,Nott'm Forest,Leeds,BetOnline.ag,betonlineag,2026-08-11T03:15:05Z,totals,Over,2.5,1.97
2026-08-11T03:15:44.741132+00:00,ee99154f8db029efcf567c5f7f7a0c0b,2026-08-22,2026-08-22T14:00:00+00:00,Nott'm Forest,Leeds,BetOnline.ag,betonlineag,2026-08-11T03:15:05Z,totals,Under,2.5,1.88
2026-08-11T03:15:44.741132+00:00,ee99154f8db029efcf567c5f7f7a0c0b,2026-08-22,2026-08-22T14:00:00+00:00,Nott'm Forest,Leeds,LowVig.ag,lowvig,2026-08-11T03:14:43Z,h2h,Leeds United,,3.29
2026-08-11T03:15:44.741132+00:00,ee99154f8db029efcf567c5f7f7a0c0b,2026-08-22,2026-08-22T14:00:00+00:00,Nott'm Forest,Leeds,LowVig.ag,lowvig,2026-08-11T03:14:43Z,h2h,Nottingham Forest,,2.26
2026-08-11T03:15:44.741132+00:00,ee99154f8db029efcf567c5f7f7a0c0b,2026-08-22,2026-08-22T14:00:00+00:00,Nott'm Forest,Leeds,LowVig.ag,lowvig,2026-08-11T03:14:43Z,h2h,Draw,,3.46
2026-08-11T03:15:44.741132+00:00,ee99154f8db029efcf567c5f7f7a0c0b,2026-08-22,2026-08-22T14:00:00+00:00,Nott'm Forest,Leeds,LowVig.ag,lowvig,2026-08-11T03:14:43Z,totals,Over,2.5,1.97
2026-08-11T03:15:44.741132+00:00,ee99154f8db029efcf567c5f7f7a0c0b,2026-08-22,2026-08-22T14:00:00+00:00,Nott'm Forest,Leeds,LowVig.ag,lowvig,2026-08-11T03:14:43Z,totals,Under,2.5,1.88
2026-08-11T03:15:44.741132+00:00,ee99154f8db029efcf567c5f7f7a0c0b,2026-08-22,2026-08-22T14:00:00+00:00,Nott'm Forest,Leeds,Bovada,bovada,2026-08-11T03:14:24Z,h2h,Leeds United,,3.15
2026-08-11T03:15:44.741132+00:00,ee99154f8db029efcf567c5f7f7a0c0b,2026-08-22,2026-08-22T14:00:00+00:00,Nott'm Forest,Leeds,Bovada,bovada,2026-08-11T03:14:24Z,h2h,Nottingham Forest,,2.25
2026-08-11T03:15:44.741132+00:00,ee99154f8db029efcf567c5f7f7a0c0b,2026-08-22,2026-08-22T14:00:00+00:00,Nott'm Forest,Leeds,Bovada,bovada,2026-08-11T03:14:24Z,h2h,Draw,,3.45
2026-08-11T03:15:44.741132+00:00,ee99154f8db029efcf567c5f7f7a0c0b,2026-08-22,2026-08-22T14:00:00+00:00,Nott'm Forest,Leeds,Bovada,bovada,2026-08-11T03:14:24Z,totals,Over,2.5,1.91
2026-08-11T03:15:44.741132+00:00,ee99154f8db029efcf567c5f7f7a0c0b,2026-08-22,2026-08-22T14:00:00+00:00,Nott'm Forest,Leeds,Bovada,bovada,2026-08-11T03:14:24Z,totals,Under,2.5,1.91
2026-08-11T03:15:44.741132+00:00,ee99154f8db029efcf567c5f7f7a0c0b,2026-08-22,2026-08-22T14:00:00+00:00,Nott'm Forest,Leeds,BetUS,betus,2026-08-11T03:15:04Z,h2h,Leeds United,,3.2
2026-08-11T03:15:44.741132+00:00,ee99154f8db029efcf567c5f7f7a0c0b,2026-08-22,2026-08-22T14:00:00+00:00,Nott'm Forest,Leeds,BetUS,betus,2026-08-11T03:15:04Z,h2h,Nottingham Forest,,2.2
2026-08-11T03:15:44.741132+00:00,ee99154f8db029efcf567c5f7f7a0c0b,2026-08-22,2026-08-22T14:00:00+00:00,Nott'm Forest,Leeds,BetUS,betus,2026-08-11T03:15:04Z,h2h,Draw,,3.4
2026-08-11T03:15:44.741132+00:00,ee99154f8db029efcf567c5f7f7a0c0b,2026-08-22,2026-08-22T14:00:00+00:00,Nott'm Forest,Leeds,BetUS,betus,2026-08-11T03:15:04Z,totals,Over,2.5,1.95
2026-08-11T03:15:44.741132+00:00,ee99154f8db029efcf567c5f7f7a0c0b,2026-08-22,2026-08-22T14:00:00+00:00,Nott'm Forest,Leeds,BetUS,betus,2026-08-11T03:15:04Z,totals,Under,2.5,1.87
2026-08-11T03:15:44.741132+00:00,ee99154f8db029efcf567c5f7f7a0c0b,2026-08-22,2026-08-22T14:00:00+00:00,Nott'm Forest,Leeds,MyBookie.ag,mybookieag,2026-08-11T03:15:04Z,h2h,Leeds United,,3.1
2026-08-11T03:15:44.741132+00:00,ee99154f8db029efcf567c5f7f7a0c0b,2026-08-22,2026-08-22T14:00:00+00:00,Nott'm Forest,Leeds,MyBookie.ag,mybookieag,2026-08-11T03:15:04Z,h2h,Nottingham Forest,,2.2
2026-08-11T03:15:44.741132+00:00,ee99154f8db029efcf567c5f7f7a0c0b,2026-08-22,2026-08-22T14:00:00+00:00,Nott'm Forest,Leeds,MyBookie.ag,mybookieag,2026-08-11T03:15:04Z,h2h,Draw,,3.3
2026-08-11T03:15:44.741132+00:00,ee99154f8db029efcf567c5f7f7a0c0b,2026-08-22,2026-08-22T14:00:00+00:00,Nott'm Forest,Leeds,MyBookie.ag,mybookieag,2026-08-11T03:15:04Z,totals,Over,2.5,1.86
2026-08-11T03:15:44.741132+00:00,ee99154f8db029efcf567c5f7f7a0c0b,2026-08-22,2026-08-22T14:00:00+00:00,Nott'm Forest,Leeds,MyBookie.ag,mybookieag,2026-08-11T03:15:04Z,totals,Under,2.5,1.84
2026-08-11T03:15:44.741132+00:00,8b4b033209bb204516cbd1f523614f25,2026-08-22,2026-08-22T16:30:00+00:00,Brentford,Tottenham,FanDuel,fanduel,2026-08-11T03:15:36Z,h2h,Brentford,,2.4
2026-08-11T03:15:44.741132+00:00,8b4b033209bb204516cbd1f523614f25,2026-08-22,2026-08-22T16:30:00+00:00,Brentford,Tottenham,FanDuel,fanduel,2026-08-11T03:15:36Z,h2h,Tottenham Hotspur,,2.75
2026-08-11T03:15:44.741132+00:00,8b4b033209bb204516cbd1f523614f25,2026-08-22,2026-08-22T16:30:00+00:00,Brentford,Tottenham,FanDuel,fanduel,2026-08-11T03:15:36Z,h2h,Draw,,3.5
2026-08-11T03:15:44.741132+00:00,8b4b033209bb204516cbd1f523614f25,2026-08-22,2026-08-22T16:30:00+00:00,Brentford,Tottenham,BetMGM,betmgm,2026-08-11T03:15:36Z,h2h,Brentford,,2.3
2026-08-11T03:15:44.741132+00:00,8b4b033209bb204516cbd1f523614f25,2026-08-22,2026-08-22T16:30:00+00:00,Brentford,Tottenham,BetMGM,betmgm,2026-08-11T03:15:36Z,h2h,Tottenham Hotspur,,2.75
2026-08-11T03:15:44.741132+00:00,8b4b033209bb204516cbd1f523614f25,2026-08-22,2026-08-22T16:30:00+00:00,Brentford,Tottenham,BetMGM,betmgm,2026-08-11T03:15:36Z,h2h,Draw,,3.4
2026-08-11T03:15:44.741132+00:00,8b4b033209bb204516cbd1f523614f25,2026-08-22,2026-08-22T16:30:00+00:00,Brentford,Tottenham,BetMGM,betmgm,2026-08-11T03:15:36Z,totals,Over,2.5,1.57
2026-08-11T03:15:44.741132+00:00,8b4b033209bb204516cbd1f523614f25,2026-08-22,2026-08-22T16:30:00+00:00,Brentford,Tottenham,BetMGM,betmgm,2026-08-11T03:15:36Z,totals,Under,2.5,2.2
2026-08-11T03:15:44.741132+00:00,8b4b033209bb204516cbd1f523614f25,2026-08-22,2026-08-22T16:30:00+00:00,Brentford,Tottenham,DraftKings,draftkings,2026-08-11T03:14:09Z,h2h,Brentford,,2.35
2026-08-11T03:15:44.741132+00:00,8b4b033209bb204516cbd1f523614f25,2026-08-22,2026-08-22T16:30:00+00:00,Brentford,Tottenham,DraftKings,draftkings,2026-08-11T03:14:09Z,h2h,Tottenham Hotspur,,2.8
2026-08-11T03:15:44.741132+00:00,8b4b033209bb204516cbd1f523614f25,2026-08-22,2026-08-22T16:30:00+00:00,Brentford,Tottenham,DraftKings,draftkings,2026-08-11T03:14:09Z,h2h,Draw,,3.55
2026-08-11T03:15:44.741132+00:00,8b4b033209bb204516cbd1f523614f25,2026-08-22,2026-08-22T16:30:00+00:00,Brentford,Tottenham,BetRivers,betrivers,2026-08-11T03:15:15Z,h2h,Brentford,,2.55
2026-08-11T03:15:44.741132+00:00,8b4b033209bb204516cbd1f523614f25,2026-08-22,2026-08-22T16:30:00+00:00,Brentford,Tottenham,BetRivers,betrivers,2026-08-11T03:15:15Z,h2h,Tottenham Hotspur,,2.65
2026-08-11T03:15:44.741132+00:00,8b4b033209bb204516cbd1f523614f25,2026-08-22,2026-08-22T16:30:00+00:00,Brentford,Tottenham,BetRivers,betrivers,2026-08-11T03:15:15Z,h2h,Draw,,3.5
2026-08-11T03:15:44.741132+00:00,8b4b033209bb204516cbd1f523614f25,2026-08-22,2026-08-22T16:30:00+00:00,Brentford,Tottenham,BetRivers,betrivers,2026-08-11T03:15:15Z,totals,Over,2.5,1.67
2026-08-11T03:15:44.741132+00:00,8b4b033209bb204516cbd1f523614f25,2026-08-22,2026-08-22T16:30:00+00:00,Brentford,Tottenham,BetRivers,betrivers,2026-08-11T03:15:15Z,totals,Under,2.5,2.18
2026-08-11T03:15:44.741132+00:00,8b4b033209bb204516cbd1f523614f25,2026-08-22,2026-08-22T16:30:00+00:00,Brentford,Tottenham,BetOnline.ag,betonlineag,2026-08-11T03:15:05Z,h2h,Brentford,,2.45
2026-08-11T03:15:44.741132+00:00,8b4b033209bb204516cbd1f523614f25,2026-08-22,2026-08-22T16:30:00+00:00,Brentford,Tottenham,BetOnline.ag,betonlineag,2026-08-11T03:15:05Z,h2h,Tottenham Hotspur,,2.78
2026-08-11T03:15:44.741132+00:00,8b4b033209bb204516cbd1f523614f25,2026-08-22,2026-08-22T16:30:00+00:00,Brentford,Tottenham,BetOnline.ag,betonlineag,2026-08-11T03:15:05Z,h2h,Draw,,3.75
2026-08-11T03:15:44.741132+00:00,8b4b033209bb204516cbd1f523614f25,2026-08-22,2026-08-22T16:30:00+00:00,Brentford,Tottenham,BetOnline.ag,betonlineag,2026-08-11T03:15:05Z,totals,Over,3.0,2.07
2026-08-11T03:15:44.741132+00:00,8b4b033209bb204516cbd1f523614f25,2026-08-22,2026-08-22T16:30:00+00:00,Brentford,Tottenham,BetOnline.ag,betonlineag,2026-08-11T03:15:05Z,totals,Under,3.0,1.81
2026-08-11T03:15:44.741132+00:00,8b4b033209bb204516cbd1f523614f25,2026-08-22,2026-08-22T16:30:00+00:00,Brentford,Tottenham,LowVig.ag,lowvig,2026-08-11T03:14:43Z,h2h,Brentford,,2.45
2026-08-11T03:15:44.741132+00:00,8b4b033209bb204516cbd1f523614f25,2026-08-22,2026-08-22T16:30:00+00:00,Brentford,Tottenham,LowVig.ag,lowvig,2026-08-11T03:14:43Z,h2h,Tottenham Hotspur,,2.78
2026-08-11T03:15:44.741132+00:00,8b4b033209bb204516cbd1f523614f25,2026-08-22,2026-08-22T16:30:00+00:00,Brentford,Tottenham,LowVig.ag,lowvig,2026-08-11T03:14:43Z,h2h,Draw,,3.75
2026-08-11T03:15:44.741132+00:00,8b4b033209bb204516cbd1f523614f25,2026-08-22,2026-08-22T16:30:00+00:00,Brentford,Tottenham,LowVig.ag,lowvig,2026-08-11T03:14:43Z,totals,Over,3.0,2.07
2026-08-11T03:15:44.741132+00:00,8b4b033209bb204516cbd1f523614f25,2026-08-22,2026-08-22T16:30:00+00:00,Brentford,Tottenham,LowVig.ag,lowvig,2026-08-11T03:14:43Z,totals,Under,3.0,1.81
2026-08-11T03:15:44.741132+00:00,8b4b033209bb204516cbd1f523614f25,2026-08-22,2026-08-22T16:30:00+00:00,Brentford,Tottenham,Bovada,bovada,2026-08-11T03:14:24Z,h2h,Brentford,,2.4
2026-08-11T03:15:44.741132+00:00,8b4b033209bb204516cbd1f523614f25,2026-08-22,2026-08-22T16:30:00+00:00,Brentford,Tottenham,Bovada,bovada,2026-08-11T03:14:24Z,h2h,Tottenham Hotspur,,2.85
2026-08-11T03:15:44.741132+00:00,8b4b033209bb204516cbd1f523614f25,2026-08-22,2026-08-22T16:30:00+00:00,Brentford,Tottenham,Bovada,bovada,2026-08-11T03:14:24Z,h2h,Draw,,3.6
2026-08-11T03:15:44.741132+00:00,8b4b033209bb204516cbd1f523614f25,2026-08-22,2026-08-22T16:30:00+00:00,Brentford,Tottenham,Bovada,bovada,2026-08-11T03:14:24Z,totals,Over,3.0,2.08
2026-08-11T03:15:44.741132+00:00,8b4b033209bb204516cbd1f523614f25,2026-08-22,2026-08-22T16:30:00+00:00,Brentford,Tottenham,Bovada,bovada,2026-08-11T03:14:24Z,totals,Under,3.0,1.78
2026-08-11T03:15:44.741132+00:00,8b4b033209bb204516cbd1f523614f25,2026-08-22,2026-08-22T16:30:00+00:00,Brentford,Tottenham,BetUS,betus,2026-08-11T03:15:04Z,h2h,Brentford,,2.4
2026-08-11T03:15:44.741132+00:00,8b4b033209bb204516cbd1f523614f25,2026-08-22,2026-08-22T16:30:00+00:00,Brentford,Tottenham,BetUS,betus,2026-08-11T03:15:04Z,h2h,Tottenham Hotspur,,2.8
2026-08-11T03:15:44.741132+00:00,8b4b033209bb204516cbd1f523614f25,2026-08-22,2026-08-22T16:30:00+00:00,Brentford,Tottenham,BetUS,betus,2026-08-11T03:15:04Z,h2h,Draw,,3.65
2026-08-11T03:15:44.741132+00:00,8b4b033209bb204516cbd1f523614f25,2026-08-22,2026-08-22T16:30:00+00:00,Brentford,Tottenham,BetUS,betus,2026-08-11T03:15:04Z,totals,Over,3.0,2.05
2026-08-11T03:15:44.741132+00:00,8b4b033209bb204516cbd1f523614f25,2026-08-22,2026-08-22T16:30:00+00:00,Brentford,Tottenham,BetUS,betus,2026-08-11T03:15:04Z,totals,Under,3.0,1.8
2026-08-11T03:15:44.741132+00:00,8b4b033209bb204516cbd1f523614f25,2026-08-22,2026-08-22T16:30:00+00:00,Brentford,Tottenham,MyBookie.ag,mybookieag,2026-08-11T03:15:04Z,h2h,Brentford,,2.32
2026-08-11T03:15:44.741132+00:00,8b4b033209bb204516cbd1f523614f25,2026-08-22,2026-08-22T16:30:00+00:00,Brentford,Tottenham,MyBookie.ag,mybookieag,2026-08-11T03:15:04Z,h2h,Tottenham Hotspur,,2.74
2026-08-11T03:15:44.741132+00:00,8b4b033209bb204516cbd1f523614f25,2026-08-22,2026-08-22T16:30:00+00:00,Brentford,Tottenham,MyBookie.ag,mybookieag,2026-08-11T03:15:04Z,h2h,Draw,,3.5
2026-08-11T03:15:44.741132+00:00,8b4b033209bb204516cbd1f523614f25,2026-08-22,2026-08-22T16:30:00+00:00,Brentford,Tottenham,MyBookie.ag,mybookieag,2026-08-11T03:15:04Z,totals,Over,2.5,1.6
2026-08-11T03:15:44.741132+00:00,8b4b033209bb204516cbd1f523614f25,2026-08-22,2026-08-22T16:30:00+00:00,Brentford,Tottenham,MyBookie.ag,mybookieag,2026-08-11T03:15:04Z,totals,Under,2.5,2.19
2026-08-11T03:15:44.741132+00:00,f5086c74d4a767e3ad7ea69bd4a66b76,2026-08-23,2026-08-23T13:00:00+00:00,Brighton,Aston Villa,FanDuel,fanduel,2026-08-11T03:15:36Z,h2h,Aston Villa,,2.8
2026-08-11T03:15:44.741132+00:00,f5086c74d4a767e3ad7ea69bd4a66b76,2026-08-23,2026-08-23T13:00:00+00:00,Brighton,Aston Villa,FanDuel,fanduel,2026-08-11T03:15:36Z,h2h,Brighton and Hove Albion,,2.3
2026-08-11T03:15:44.741132+00:00,f5086c74d4a767e3ad7ea69bd4a66b76,2026-08-23,2026-08-23T13:00:00+00:00,Brighton,Aston Villa,FanDuel,fanduel,2026-08-11T03:15:36Z,h2h,Draw,,3.8
2026-08-11T03:15:44.741132+00:00,f5086c74d4a767e3ad7ea69bd4a66b76,2026-08-23,2026-08-23T13:00:00+00:00,Brighton,Aston Villa,BetMGM,betmgm,2026-08-11T03:15:36Z,h2h,Aston Villa,,2.8
2026-08-11T03:15:44.741132+00:00,f5086c74d4a767e3ad7ea69bd4a66b76,2026-08-23,2026-08-23T13:00:00+00:00,Brighton,Aston Villa,BetMGM,betmgm,2026-08-11T03:15:36Z,h2h,Brighton and Hove Albion,,2.25
2026-08-11T03:15:44.741132+00:00,f5086c74d4a767e3ad7ea69bd4a66b76,2026-08-23,2026-08-23T13:00:00+00:00,Brighton,Aston Villa,BetMGM,betmgm,2026-08-11T03:15:36Z,h2h,Draw,,3.5
2026-08-11T03:15:44.741132+00:00,f5086c74d4a767e3ad7ea69bd4a66b76,2026-08-23,2026-08-23T13:00:00+00:00,Brighton,Aston Villa,BetMGM,betmgm,2026-08-11T03:15:36Z,totals,Over,2.5,1.54
2026-08-11T03:15:44.741132+00:00,f5086c74d4a767e3ad7ea69bd4a66b76,2026-08-23,2026-08-23T13:00:00+00:00,Brighton,Aston Villa,BetMGM,betmgm,2026-08-11T03:15:36Z,totals,Under,2.5,2.3
2026-08-11T03:15:44.741132+00:00,f5086c74d4a767e3ad7ea69bd4a66b76,2026-08-23,2026-08-23T13:00:00+00:00,Brighton,Aston Villa,DraftKings,draftkings,2026-08-11T03:14:09Z,h2h,Aston Villa,,2.9
2026-08-11T03:15:44.741132+00:00,f5086c74d4a767e3ad7ea69bd4a66b76,2026-08-23,2026-08-23T13:00:00+00:00,Brighton,Aston Villa,DraftKings,draftkings,2026-08-11T03:14:09Z,h2h,Brighton and Hove Albion,,2.25
2026-08-11T03:15:44.741132+00:00,f5086c74d4a767e3ad7ea69bd4a66b76,2026-08-23,2026-08-23T13:00:00+00:00,Brighton,Aston Villa,DraftKings,draftkings,2026-08-11T03:14:09Z,h2h,Draw,,3.55
2026-08-11T03:15:44.741132+00:00,f5086c74d4a767e3ad7ea69bd4a66b76,2026-08-23,2026-08-23T13:00:00+00:00,Brighton,Aston Villa,BetRivers,betrivers,2026-08-11T03:15:15Z,h2h,Aston Villa,,2.95
2026-08-11T03:15:44.741132+00:00,f5086c74d4a767e3ad7ea69bd4a66b76,2026-08-23,2026-08-23T13:00:00+00:00,Brighton,Aston Villa,BetRivers,betrivers,2026-08-11T03:15:15Z,h2h,Brighton and Hove Albion,,2.3
2026-08-11T03:15:44.741132+00:00,f5086c74d4a767e3ad7ea69bd4a66b76,2026-08-23,2026-08-23T13:00:00+00:00,Brighton,Aston Villa,BetRivers,betrivers,2026-08-11T03:15:15Z,h2h,Draw,,3.65
2026-08-11T03:15:44.741132+00:00,f5086c74d4a767e3ad7ea69bd4a66b76,2026-08-23,2026-08-23T13:00:00+00:00,Brighton,Aston Villa,BetRivers,betrivers,2026-08-11T03:15:15Z,totals,Over,2.5,1.62
2026-08-11T03:15:44.741132+00:00,f5086c74d4a767e3ad7ea69bd4a66b76,2026-08-23,2026-08-23T13:00:00+00:00,Brighton,Aston Villa,BetRivers,betrivers,2026-08-11T03:15:15Z,totals,Under,2.5,2.28
2026-08-11T03:15:44.741132+00:00,f5086c74d4a767e3ad7ea69bd4a66b76,2026-08-23,2026-08-23T13:00:00+00:00,Brighton,Aston Villa,BetOnline.ag,betonlineag,2026-08-11T03:15:05Z,h2h,Aston Villa,,2.95
2026-08-11T03:15:44.741132+00:00,f5086c74d4a767e3ad7ea69bd4a66b76,2026-08-23,2026-08-23T13:00:00+00:00,Brighton,Aston Villa,BetOnline.ag,betonlineag,2026-08-11T03:15:05Z,h2h,Brighton and Hove Albion,,2.37
2026-08-11T03:15:44.741132+00:00,f5086c74d4a767e3ad7ea69bd4a66b76,2026-08-23,2026-08-23T13:00:00+00:00,Brighton,Aston Villa,BetOnline.ag,betonlineag,2026-08-11T03:15:05Z,h2h,Draw,,3.65
2026-08-11T03:15:44.741132+00:00,f5086c74d4a767e3ad7ea69bd4a66b76,2026-08-23,2026-08-23T13:00:00+00:00,Brighton,Aston Villa,BetOnline.ag,betonlineag,2026-08-11T03:15:05Z,totals,Over,3.0,2.0
2026-08-11T03:15:44.741132+00:00,f5086c74d4a767e3ad7ea69bd4a66b76,2026-08-23,2026-08-23T13:00:00+00:00,Brighton,Aston Villa,BetOnline.ag,betonlineag,2026-08-11T03:15:05Z,totals,Under,3.0,1.86
2026-08-11T03:15:44.741132+00:00,f5086c74d4a767e3ad7ea69bd4a66b76,2026-08-23,2026-08-23T13:00:00+00:00,Brighton,Aston Villa,LowVig.ag,lowvig,2026-08-11T03:14:43Z,h2h,Aston Villa,,2.95
2026-08-11T03:15:44.741132+00:00,f5086c74d4a767e3ad7ea69bd4a66b76,2026-08-23,2026-08-23T13:00:00+00:00,Brighton,Aston Villa,LowVig.ag,lowvig,2026-08-11T03:14:43Z,h2h,Brighton and Hove Albion,,2.37
2026-08-11T03:15:44.741132+00:00,f5086c74d4a767e3ad7ea69bd4a66b76,2026-08-23,2026-08-23T13:00:00+00:00,Brighton,Aston Villa,LowVig.ag,lowvig,2026-08-11T03:14:43Z,h2h,Draw,,3.65
2026-08-11T03:15:44.741132+00:00,f5086c74d4a767e3ad7ea69bd4a66b76,2026-08-23,2026-08-23T13:00:00+00:00,Brighton,Aston Villa,LowVig.ag,lowvig,2026-08-11T03:14:43Z,totals,Over,3.0,2.0
2026-08-11T03:15:44.741132+00:00,f5086c74d4a767e3ad7ea69bd4a66b76,2026-08-23,2026-08-23T13:00:00+00:00,Brighton,Aston Villa,LowVig.ag,lowvig,2026-08-11T03:14:43Z,totals,Under,3.0,1.86
2026-08-11T03:15:44.741132+00:00,f5086c74d4a767e3ad7ea69bd4a66b76,2026-08-23,2026-08-23T13:00:00+00:00,Brighton,Aston Villa,Bovada,bovada,2026-08-11T03:14:24Z,h2h,Aston Villa,,2.95
2026-08-11T03:15:44.741132+00:00,f5086c74d4a767e3ad7ea69bd4a66b76,2026-08-23,2026-08-23T13:00:00+00:00,Brighton,Aston Villa,Bovada,bovada,2026-08-11T03:14:24Z,h2h,Brighton and Hove Albion,,2.3
2026-08-11T03:15:44.741132+00:00,f5086c74d4a767e3ad7ea69bd4a66b76,2026-08-23,2026-08-23T13:00:00+00:00,Brighton,Aston Villa,Bovada,bovada,2026-08-11T03:14:24Z,h2h,Draw,,3.65
2026-08-11T03:15:44.741132+00:00,f5086c74d4a767e3ad7ea69bd4a66b76,2026-08-23,2026-08-23T13:00:00+00:00,Brighton,Aston Villa,Bovada,bovada,2026-08-11T03:14:24Z,totals,Over,3.0,1.98
2026-08-11T03:15:44.741132+00:00,f5086c74d4a767e3ad7ea69bd4a66b76,2026-08-23,2026-08-23T13:00:00+00:00,Brighton,Aston Villa,Bovada,bovada,2026-08-11T03:14:24Z,totals,Under,3.0,1.85
2026-08-11T03:15:44.741132+00:00,f5086c74d4a767e3ad7ea69bd4a66b76,2026-08-23,2026-08-23T13:00:00+00:00,Brighton,Aston Villa,BetUS,betus,2026-08-11T03:15:04Z,h2h,Aston Villa,,2.88
2026-08-11T03:15:44.741132+00:00,f5086c74d4a767e3ad7ea69bd4a66b76,2026-08-23,2026-08-23T13:00:00+00:00,Brighton,Aston Villa,BetUS,betus,2026-08-11T03:15:04Z,h2h,Brighton and Hove Albion,,2.25
2026-08-11T03:15:44.741132+00:00,f5086c74d4a767e3ad7ea69bd4a66b76,2026-08-23,2026-08-23T13:00:00+00:00,Brighton,Aston Villa,BetUS,betus,2026-08-11T03:15:04Z,h2h,Draw,,3.6
2026-08-11T03:15:44.741132+00:00,f5086c74d4a767e3ad7ea69bd4a66b76,2026-08-23,2026-08-23T13:00:00+00:00,Brighton,Aston Villa,BetUS,betus,2026-08-11T03:15:04Z,totals,Over,3.0,1.95
2026-08-11T03:15:44.741132+00:00,f5086c74d4a767e3ad7ea69bd4a66b76,2026-08-23,2026-08-23T13:00:00+00:00,Brighton,Aston Villa,BetUS,betus,2026-08-11T03:15:04Z,totals,Under,3.0,1.87
2026-08-11T03:15:44.741132+00:00,f5086c74d4a767e3ad7ea69bd4a66b76,2026-08-23,2026-08-23T13:00:00+00:00,Brighton,Aston Villa,MyBookie.ag,mybookieag,2026-08-11T03:15:04Z,h2h,Aston Villa,,2.85
2026-08-11T03:15:44.741132+00:00,f5086c74d4a767e3ad7ea69bd4a66b76,2026-08-23,2026-08-23T13:00:00+00:00,Brighton,Aston Villa,MyBookie.ag,mybookieag,2026-08-11T03:15:04Z,h2h,Brighton and Hove Albion,,2.24
2026-08-11T03:15:44.741132+00:00,f5086c74d4a767e3ad7ea69bd4a66b76,2026-08-23,2026-08-23T13:00:00+00:00,Brighton,Aston Villa,MyBookie.ag,mybookieag,2026-08-11T03:15:04Z,h2h,Draw,,3.55
2026-08-11T03:15:44.741132+00:00,f5086c74d4a767e3ad7ea69bd4a66b76,2026-08-23,2026-08-23T13:00:00+00:00,Brighton,Aston Villa,MyBookie.ag,mybookieag,2026-08-11T03:15:04Z,totals,Over,2.5,1.57
2026-08-11T03:15:44.741132+00:00,f5086c74d4a767e3ad7ea69bd4a66b76,2026-08-23,2026-08-23T13:00:00+00:00,Brighton,Aston Villa,MyBookie.ag,mybookieag,2026-08-11T03:15:04Z,totals,Under,2.5,2.25
2026-08-11T03:15:44.741132+00:00,87c7c9bfd5e3072bded20c702f553c63,2026-08-23,2026-08-23T13:00:00+00:00,Man City,Bournemouth,FanDuel,fanduel,2026-08-11T03:15:36Z,h2h,Bournemouth,,6.0
2026-08-11T03:15:44.741132+00:00,87c7c9bfd5e3072bded20c702f553c63,2026-08-23,2026-08-23T13:00:00+00:00,Man City,Bournemouth,FanDuel,fanduel,2026-08-11T03:15:36Z,h2h,Manchester City,,1.38
2026-08-11T03:15:44.741132+00:00,87c7c9bfd5e3072bded20c702f553c63,2026-08-23,2026-08-23T13:00:00+00:00,Man City,Bournemouth,FanDuel,fanduel,2026-08-11T03:15:36Z,h2h,Draw,,5.1
2026-08-11T03:15:44.741132+00:00,87c7c9bfd5e3072bded20c702f553c63,2026-08-23,2026-08-23T13:00:00+00:00,Man City,Bournemouth,BetMGM,betmgm,2026-08-11T03:15:36Z,h2h,Bournemouth,,5.75
2026-08-11T03:15:44.741132+00:00,87c7c9bfd5e3072bded20c702f553c63,2026-08-23,2026-08-23T13:00:00+00:00,Man City,Bournemouth,BetMGM,betmgm,2026-08-11T03:15:36Z,h2h,Manchester City,,1.44
2026-08-11T03:15:44.741132+00:00,87c7c9bfd5e3072bded20c702f553c63,2026-08-23,2026-08-23T13:00:00+00:00,Man City,Bournemouth,BetMGM,betmgm,2026-08-11T03:15:36Z,h2h,Draw,,4.75
2026-08-11T03:15:44.741132+00:00,87c7c9bfd5e3072bded20c702f553c63,2026-08-23,2026-08-23T13:00:00+00:00,Man City,Bournemouth,BetMGM,betmgm,2026-08-11T03:15:36Z,totals,Over,3.5,1.98
2026-08-11T03:15:44.741132+00:00,87c7c9bfd5e3072bded20c702f553c63,2026-08-23,2026-08-23T13:00:00+00:00,Man City,Bournemouth,BetMGM,betmgm,2026-08-11T03:15:36Z,totals,Under,3.5,1.74
2026-08-11T03:15:44.741132+00:00,87c7c9bfd5e3072bded20c702f553c63,2026-08-23,2026-08-23T13:00:00+00:00,Man City,Bournemouth,DraftKings,draftkings,2026-08-11T03:14:09Z,h2h,Bournemouth,,5.75
2026-08-11T03:15:44.741132+00:00,87c7c9bfd5e3072bded20c702f553c63,2026-08-23,2026-08-23T13:00:00+00:00,Man City,Bournemouth,DraftKings,draftkings,2026-08-11T03:14:09Z,h2h,Manchester City,,1.44
2026-08-11T03:15:44.741132+00:00,87c7c9bfd5e3072bded20c702f553c63,2026-08-23,2026-08-23T13:00:00+00:00,Man City,Bournemouth,DraftKings,draftkings,2026-08-11T03:14:09Z,h2h,Draw,,4.9
2026-08-11T03:15:44.741132+00:00,87c7c9bfd5e3072bded20c702f553c63,2026-08-23,2026-08-23T13:00:00+00:00,Man City,Bournemouth,BetRivers,betrivers,2026-08-11T03:15:15Z,h2h,Bournemouth,,6.5
2026-08-11T03:15:44.741132+00:00,87c7c9bfd5e3072bded20c702f553c63,2026-08-23,2026-08-23T13:00:00+00:00,Man City,Bournemouth,BetRivers,betrivers,2026-08-11T03:15:15Z,h2h,Manchester City,,1.44
2026-08-11T03:15:44.741132+00:00,87c7c9bfd5e3072bded20c702f553c63,2026-08-23,2026-08-23T13:00:00+00:00,Man City,Bournemouth,BetRivers,betrivers,2026-08-11T03:15:15Z,h2h,Draw,,4.8
2026-08-11T03:15:44.741132+00:00,87c7c9bfd5e3072bded20c702f553c63,2026-08-23,2026-08-23T13:00:00+00:00,Man City,Bournemouth,BetRivers,betrivers,2026-08-11T03:15:15Z,totals,Over,3.5,2.02
2026-08-11T03:15:44.741132+00:00,87c7c9bfd5e3072bded20c702f553c63,2026-08-23,2026-08-23T13:00:00+00:00,Man City,Bournemouth,BetRivers,betrivers,2026-08-11T03:15:15Z,totals,Under,3.5,1.77
2026-08-11T03:15:44.741132+00:00,87c7c9bfd5e3072bded20c702f553c63,2026-08-23,2026-08-23T13:00:00+00:00,Man City,Bournemouth,BetOnline.ag,betonlineag,2026-08-11T03:15:05Z,h2h,Bournemouth,,6.55
2026-08-11T03:15:44.741132+00:00,87c7c9bfd5e3072bded20c702f553c63,2026-08-23,2026-08-23T13:00:00+00:00,Man City,Bournemouth,BetOnline.ag,betonlineag,2026-08-11T03:15:05Z,h2h,Manchester City,,1.44
2026-08-11T03:15:44.741132+00:00,87c7c9bfd5e3072bded20c702f553c63,2026-08-23,2026-08-23T13:00:00+00:00,Man City,Bournemouth,BetOnline.ag,betonlineag,2026-08-11T03:15:05Z,h2h,Draw,,5.25
2026-08-11T03:15:44.741132+00:00,87c7c9bfd5e3072bded20c702f553c63,2026-08-23,2026-08-23T13:00:00+00:00,Man City,Bournemouth,BetOnline.ag,betonlineag,2026-08-11T03:15:05Z,totals,Over,3.5,2.09
2026-08-11T03:15:44.741132+00:00,87c7c9bfd5e3072bded20c702f553c63,2026-08-23,2026-08-23T13:00:00+00:00,Man City,Bournemouth,BetOnline.ag,betonlineag,2026-08-11T03:15:05Z,totals,Under,3.5,1.8
2026-08-11T03:15:44.741132+00:00,87c7c9bfd5e3072bded20c702f553c63,2026-08-23,2026-08-23T13:00:00+00:00,Man City,Bournemouth,LowVig.ag,lowvig,2026-08-11T03:14:43Z,h2h,Bournemouth,,6.55
2026-08-11T03:15:44.741132+00:00,87c7c9bfd5e3072bded20c702f553c63,2026-08-23,2026-08-23T13:00:00+00:00,Man City,Bournemouth,LowVig.ag,lowvig,2026-08-11T03:14:43Z,h2h,Manchester City,,1.44
2026-08-11T03:15:44.741132+00:00,87c7c9bfd5e3072bded20c702f553c63,2026-08-23,2026-08-23T13:00:00+00:00,Man City,Bournemouth,LowVig.ag,lowvig,2026-08-11T03:14:43Z,h2h,Draw,,5.25
2026-08-11T03:15:44.741132+00:00,87c7c9bfd5e3072bded20c702f553c63,2026-08-23,2026-08-23T13:00:00+00:00,Man City,Bournemouth,LowVig.ag,lowvig,2026-08-11T03:14:43Z,totals,Over,3.5,2.09
2026-08-11T03:15:44.741132+00:00,87c7c9bfd5e3072bded20c702f553c63,2026-08-23,2026-08-23T13:00:00+00:00,Man City,Bournemouth,LowVig.ag,lowvig,2026-08-11T03:14:43Z,totals,Under,3.5,1.8
2026-08-11T03:15:44.741132+00:00,87c7c9bfd5e3072bded20c702f553c63,2026-08-23,2026-08-23T13:00:00+00:00,Man City,Bournemouth,Bovada,bovada,2026-08-11T03:14:24Z,h2h,Bournemouth,,5.75
2026-08-11T03:15:44.741132+00:00,87c7c9bfd5e3072bded20c702f553c63,2026-08-23,2026-08-23T13:00:00+00:00,Man City,Bournemouth,Bovada,bovada,2026-08-11T03:14:24Z,h2h,Manchester City,,1.48
2026-08-11T03:15:44.741132+00:00,87c7c9bfd5e3072bded20c702f553c63,2026-08-23,2026-08-23T13:00:00+00:00,Man City,Bournemouth,Bovada,bovada,2026-08-11T03:14:24Z,h2h,Draw,,5.0
2026-08-11T03:15:44.741132+00:00,87c7c9bfd5e3072bded20c702f553c63,2026-08-23,2026-08-23T13:00:00+00:00,Man City,Bournemouth,Bovada,bovada,2026-08-11T03:14:24Z,totals,Over,3.5,2.05
2026-08-11T03:15:44.741132+00:00,87c7c9bfd5e3072bded20c702f553c63,2026-08-23,2026-08-23T13:00:00+00:00,Man City,Bournemouth,Bovada,bovada,2026-08-11T03:14:24Z,totals,Under,3.5,1.8
2026-08-11T03:15:44.741132+00:00,87c7c9bfd5e3072bded20c702f553c63,2026-08-23,2026-08-23T13:00:00+00:00,Man City,Bournemouth,BetUS,betus,2026-08-11T03:15:04Z,h2h,Bournemouth,,6.0
2026-08-11T03:15:44.741132+00:00,87c7c9bfd5e3072bded20c702f553c63,2026-08-23,2026-08-23T13:00:00+00:00,Man City,Bournemouth,BetUS,betus,2026-08-11T03:15:04Z,h2h,Manchester City,,1.44
2026-08-11T03:15:44.741132+00:00,87c7c9bfd5e3072bded20c702f553c63,2026-08-23,2026-08-23T13:00:00+00:00,Man City,Bournemouth,BetUS,betus,2026-08-11T03:15:04Z,h2h,Draw,,5.0
2026-08-11T03:15:44.741132+00:00,87c7c9bfd5e3072bded20c702f553c63,2026-08-23,2026-08-23T13:00:00+00:00,Man City,Bournemouth,BetUS,betus,2026-08-11T03:15:04Z,totals,Over,3.5,2.05
2026-08-11T03:15:44.741132+00:00,87c7c9bfd5e3072bded20c702f553c63,2026-08-23,2026-08-23T13:00:00+00:00,Man City,Bournemouth,BetUS,betus,2026-08-11T03:15:04Z,totals,Under,3.5,1.8
2026-08-11T03:15:44.741132+00:00,87c7c9bfd5e3072bded20c702f553c63,2026-08-23,2026-08-23T13:00:00+00:00,Man City,Bournemouth,MyBookie.ag,mybookieag,2026-08-11T03:15:04Z,h2h,Bournemouth,,5.6
2026-08-11T03:15:44.741132+00:00,87c7c9bfd5e3072bded20c702f553c63,2026-08-23,2026-08-23T13:00:00+00:00,Man City,Bournemouth,MyBookie.ag,mybookieag,2026-08-11T03:15:04Z,h2h,Manchester City,,1.44
2026-08-11T03:15:44.741132+00:00,87c7c9bfd5e3072bded20c702f553c63,2026-08-23,2026-08-23T13:00:00+00:00,Man City,Bournemouth,MyBookie.ag,mybookieag,2026-08-11T03:15:04Z,h2h,Draw,,4.8
2026-08-11T03:15:44.741132+00:00,87c7c9bfd5e3072bded20c702f553c63,2026-08-23,2026-08-23T13:00:00+00:00,Man City,Bournemouth,MyBookie.ag,mybookieag,2026-08-11T03:15:04Z,totals,Over,3.5,1.97
2026-08-11T03:15:44.741132+00:00,87c7c9bfd5e3072bded20c702f553c63,2026-08-23,2026-08-23T13:00:00+00:00,Man City,Bournemouth,MyBookie.ag,mybookieag,2026-08-11T03:15:04Z,totals,Under,3.5,1.75
2026-08-11T03:15:44.741132+00:00,ea0bacc4c23f813c6af97ec9b306a850,2026-08-23,2026-08-23T15:30:00+00:00,Newcastle,Liverpool,FanDuel,fanduel,2026-08-11T03:15:36Z,h2h,Liverpool,,2.1
2026-08-11T03:15:44.741132+00:00,ea0bacc4c23f813c6af97ec9b306a850,2026-08-23,2026-08-23T15:30:00+00:00,Newcastle,Liverpool,FanDuel,fanduel,2026-08-11T03:15:36Z,h2h,Newcastle United,,3.0
2026-08-11T03:15:44.741132+00:00,ea0bacc4c23f813c6af97ec9b306a850,2026-08-23,2026-08-23T15:30:00+00:00,Newcastle,Liverpool,FanDuel,fanduel,2026-08-11T03:15:36Z,h2h,Draw,,4.0
2026-08-11T03:15:44.741132+00:00,ea0bacc4c23f813c6af97ec9b306a850,2026-08-23,2026-08-23T15:30:00+00:00,Newcastle,Liverpool,BetMGM,betmgm,2026-08-11T03:15:36Z,h2h,Liverpool,,2.1
2026-08-11T03:15:44.741132+00:00,ea0bacc4c23f813c6af97ec9b306a850,2026-08-23,2026-08-23T15:30:00+00:00,Newcastle,Liverpool,BetMGM,betmgm,2026-08-11T03:15:36Z,h2h,Newcastle United,,2.95
2026-08-11T03:15:44.741132+00:00,ea0bacc4c23f813c6af97ec9b306a850,2026-08-23,2026-08-23T15:30:00+00:00,Newcastle,Liverpool,BetMGM,betmgm,2026-08-11T03:15:36Z,h2h,Draw,,3.7
2026-08-11T03:15:44.741132+00:00,ea0bacc4c23f813c6af97ec9b306a850,2026-08-23,2026-08-23T15:30:00+00:00,Newcastle,Liverpool,BetMGM,betmgm,2026-08-11T03:15:36Z,totals,Over,3.5,2.15
2026-08-11T03:15:44.741132+00:00,ea0bacc4c23f813c6af97ec9b306a850,2026-08-23,2026-08-23T15:30:00+00:00,Newcastle,Liverpool,BetMGM,betmgm,2026-08-11T03:15:36Z,totals,Under,3.5,1.62
2026-08-11T03:15:44.741132+00:00,ea0bacc4c23f813c6af97ec9b306a850,2026-08-23,2026-08-23T15:30:00+00:00,Newcastle,Liverpool,DraftKings,draftkings,2026-08-11T03:14:09Z,h2h,Liverpool,,2.05
2026-08-11T03:15:44.741132+00:00,ea0bacc4c23f813c6af97ec9b306a850,2026-08-23,2026-08-23T15:30:00+00:00,Newcastle,Liverpool,DraftKings,draftkings,2026-08-11T03:14:09Z,h2h,Newcastle United,,3.15
2026-08-11T03:15:44.741132+00:00,ea0bacc4c23f813c6af97ec9b306a850,2026-08-23,2026-08-23T15:30:00+00:00,Newcastle,Liverpool,DraftKings,draftkings,2026-08-11T03:14:09Z,h2h,Draw,,3.75
2026-08-11T03:15:44.741132+00:00,ea0bacc4c23f813c6af97ec9b306a850,2026-08-23,2026-08-23T15:30:00+00:00,Newcastle,Liverpool,BetRivers,betrivers,2026-08-11T03:15:15Z,h2h,Liverpool,,2.0
2026-08-11T03:15:44.741132+00:00,ea0bacc4c23f813c6af97ec9b306a850,2026-08-23,2026-08-23T15:30:00+00:00,Newcastle,Liverpool,BetRivers,betrivers,2026-08-11T03:15:15Z,h2h,Newcastle United,,3.45
2026-08-11T03:15:44.741132+00:00,ea0bacc4c23f813c6af97ec9b306a850,2026-08-23,2026-08-23T15:30:00+00:00,Newcastle,Liverpool,BetRivers,betrivers,2026-08-11T03:15:15Z,h2h,Draw,,3.85
2026-08-11T03:15:44.741132+00:00,ea0bacc4c23f813c6af97ec9b306a850,2026-08-23,2026-08-23T15:30:00+00:00,Newcastle,Liverpool,BetRivers,betrivers,2026-08-11T03:15:15Z,totals,Over,3.5,2.23
2026-08-11T03:15:44.741132+00:00,ea0bacc4c23f813c6af97ec9b306a850,2026-08-23,2026-08-23T15:30:00+00:00,Newcastle,Liverpool,BetRivers,betrivers,2026-08-11T03:15:15Z,totals,Under,3.5,1.64
2026-08-11T03:15:44.741132+00:00,ea0bacc4c23f813c6af97ec9b306a850,2026-08-23,2026-08-23T15:30:00+00:00,Newcastle,Liverpool,BetOnline.ag,betonlineag,2026-08-11T03:15:05Z,h2h,Liverpool,,2.07
2026-08-11T03:15:44.741132+00:00,ea0bacc4c23f813c6af97ec9b306a850,2026-08-23,2026-08-23T15:30:00+00:00,Newcastle,Liverpool,BetOnline.ag,betonlineag,2026-08-11T03:15:05Z,h2h,Newcastle United,,3.44
2026-08-11T03:15:44.741132+00:00,ea0bacc4c23f813c6af97ec9b306a850,2026-08-23,2026-08-23T15:30:00+00:00,Newcastle,Liverpool,BetOnline.ag,betonlineag,2026-08-11T03:15:05Z,h2h,Draw,,3.83
2026-08-11T03:15:44.741132+00:00,ea0bacc4c23f813c6af97ec9b306a850,2026-08-23,2026-08-23T15:30:00+00:00,Newcastle,Liverpool,BetOnline.ag,betonlineag,2026-08-11T03:15:05Z,totals,Over,3.0,1.76
2026-08-11T03:15:44.741132+00:00,ea0bacc4c23f813c6af97ec9b306a850,2026-08-23,2026-08-23T15:30:00+00:00,Newcastle,Liverpool,BetOnline.ag,betonlineag,2026-08-11T03:15:05Z,totals,Under,3.0,2.16
2026-08-11T03:15:44.741132+00:00,ea0bacc4c23f813c6af97ec9b306a850,2026-08-23,2026-08-23T15:30:00+00:00,Newcastle,Liverpool,LowVig.ag,lowvig,2026-08-11T03:14:43Z,h2h,Liverpool,,2.07
2026-08-11T03:15:44.741132+00:00,ea0bacc4c23f813c6af97ec9b306a850,2026-08-23,2026-08-23T15:30:00+00:00,Newcastle,Liverpool,LowVig.ag,lowvig,2026-08-11T03:14:43Z,h2h,Newcastle United,,3.44
2026-08-11T03:15:44.741132+00:00,ea0bacc4c23f813c6af97ec9b306a850,2026-08-23,2026-08-23T15:30:00+00:00,Newcastle,Liverpool,LowVig.ag,lowvig,2026-08-11T03:14:43Z,h2h,Draw,,3.83
2026-08-11T03:15:44.741132+00:00,ea0bacc4c23f813c6af97ec9b306a850,2026-08-23,2026-08-23T15:30:00+00:00,Newcastle,Liverpool,LowVig.ag,lowvig,2026-08-11T03:14:43Z,totals,Over,3.0,1.76
2026-08-11T03:15:44.741132+00:00,ea0bacc4c23f813c6af97ec9b306a850,2026-08-23,2026-08-23T15:30:00+00:00,Newcastle,Liverpool,LowVig.ag,lowvig,2026-08-11T03:14:43Z,totals,Under,3.0,2.16
2026-08-11T03:15:44.741132+00:00,ea0bacc4c23f813c6af97ec9b306a850,2026-08-23,2026-08-23T15:30:00+00:00,Newcastle,Liverpool,Bovada,bovada,2026-08-11T03:14:24Z,h2h,Liverpool,,2.1
2026-08-11T03:15:44.741132+00:00,ea0bacc4c23f813c6af97ec9b306a850,2026-08-23,2026-08-23T15:30:00+00:00,Newcastle,Liverpool,Bovada,bovada,2026-08-11T03:14:24Z,h2h,Newcastle United,,3.15
2026-08-11T03:15:44.741132+00:00,ea0bacc4c23f813c6af97ec9b306a850,2026-08-23,2026-08-23T15:30:00+00:00,Newcastle,Liverpool,Bovada,bovada,2026-08-11T03:14:24Z,h2h,Draw,,3.85
2026-08-11T03:15:44.741132+00:00,ea0bacc4c23f813c6af97ec9b306a850,2026-08-23,2026-08-23T15:30:00+00:00,Newcastle,Liverpool,Bovada,bovada,2026-08-11T03:14:24Z,totals,Over,3.5,2.22
2026-08-11T03:15:44.741132+00:00,ea0bacc4c23f813c6af97ec9b306a850,2026-08-23,2026-08-23T15:30:00+00:00,Newcastle,Liverpool,Bovada,bovada,2026-08-11T03:14:24Z,totals,Under,3.5,1.68
2026-08-11T03:15:44.741132+00:00,ea0bacc4c23f813c6af97ec9b306a850,2026-08-23,2026-08-23T15:30:00+00:00,Newcastle,Liverpool,BetUS,betus,2026-08-11T03:15:04Z,h2h,Liverpool,,2.05
2026-08-11T03:15:44.741132+00:00,ea0bacc4c23f813c6af97ec9b306a850,2026-08-23,2026-08-23T15:30:00+00:00,Newcastle,Liverpool,BetUS,betus,2026-08-11T03:15:04Z,h2h,Newcastle United,,3.1
2026-08-11T03:15:44.741132+00:00,ea0bacc4c23f813c6af97ec9b306a850,2026-08-23,2026-08-23T15:30:00+00:00,Newcastle,Liverpool,BetUS,betus,2026-08-11T03:15:04Z,h2h,Draw,,3.8
2026-08-11T03:15:44.741132+00:00,ea0bacc4c23f813c6af97ec9b306a850,2026-08-23,2026-08-23T15:30:00+00:00,Newcastle,Liverpool,BetUS,betus,2026-08-11T03:15:04Z,totals,Over,3.0,1.77
2026-08-11T03:15:44.741132+00:00,ea0bacc4c23f813c6af97ec9b306a850,2026-08-23,2026-08-23T15:30:00+00:00,Newcastle,Liverpool,BetUS,betus,2026-08-11T03:15:04Z,totals,Under,3.0,2.1
2026-08-11T03:15:44.741132+00:00,ea0bacc4c23f813c6af97ec9b306a850,2026-08-23,2026-08-23T15:30:00+00:00,Newcastle,Liverpool,MyBookie.ag,mybookieag,2026-08-11T03:15:04Z,h2h,Liverpool,,2.04
2026-08-11T03:15:44.741132+00:00,ea0bacc4c23f813c6af97ec9b306a850,2026-08-23,2026-08-23T15:30:00+00:00,Newcastle,Liverpool,MyBookie.ag,mybookieag,2026-08-11T03:15:04Z,h2h,Newcastle United,,3.12
2026-08-11T03:15:44.741132+00:00,ea0bacc4c23f813c6af97ec9b306a850,2026-08-23,2026-08-23T15:30:00+00:00,Newcastle,Liverpool,MyBookie.ag,mybookieag,2026-08-11T03:15:04Z,h2h,Draw,,3.7
2026-08-11T03:15:44.741132+00:00,ea0bacc4c23f813c6af97ec9b306a850,2026-08-23,2026-08-23T15:30:00+00:00,Newcastle,Liverpool,MyBookie.ag,mybookieag,2026-08-11T03:15:04Z,totals,Over,3.5,2.16
2026-08-11T03:15:44.741132+00:00,ea0bacc4c23f813c6af97ec9b306a850,2026-08-23,2026-08-23T15:30:00+00:00,Newcastle,Liverpool,MyBookie.ag,mybookieag,2026-08-11T03:15:04Z,totals,Under,3.5,1.62
2026-08-11T03:15:44.741132+00:00,4e4a813bf4218cc527e6f8ef2351170d,2026-08-24,2026-08-24T19:00:00+00:00,Fulham,Chelsea,FanDuel,fanduel,2026-08-11T03:15:36Z,h2h,Chelsea,,2.15
2026-08-11T03:15:44.741132+00:00,4e4a813bf4218cc527e6f8ef2351170d,2026-08-24,2026-08-24T19:00:00+00:00,Fulham,Chelsea,FanDuel,fanduel,2026-08-11T03:15:36Z,h2h,Fulham,,3.1
2026-08-11T03:15:44.741132+00:00,4e4a813bf4218cc527e6f8ef2351170d,2026-08-24,2026-08-24T19:00:00+00:00,Fulham,Chelsea,FanDuel,fanduel,2026-08-11T03:15:36Z,h2h,Draw,,3.8
2026-08-11T03:15:44.741132+00:00,4e4a813bf4218cc527e6f8ef2351170d,2026-08-24,2026-08-24T19:00:00+00:00,Fulham,Chelsea,BetMGM,betmgm,2026-08-11T03:15:36Z,h2h,Chelsea,,2.2
2026-08-11T03:15:44.741132+00:00,4e4a813bf4218cc527e6f8ef2351170d,2026-08-24,2026-08-24T19:00:00+00:00,Fulham,Chelsea,BetMGM,betmgm,2026-08-11T03:15:36Z,h2h,Fulham,,2.95
2026-08-11T03:15:44.741132+00:00,4e4a813bf4218cc527e6f8ef2351170d,2026-08-24,2026-08-24T19:00:00+00:00,Fulham,Chelsea,BetMGM,betmgm,2026-08-11T03:15:36Z,h2h,Draw,,3.5
2026-08-11T03:15:44.741132+00:00,4e4a813bf4218cc527e6f8ef2351170d,2026-08-24,2026-08-24T19:00:00+00:00,Fulham,Chelsea,BetMGM,betmgm,2026-08-11T03:15:36Z,totals,Over,2.5,1.61
2026-08-11T03:15:44.741132+00:00,4e4a813bf4218cc527e6f8ef2351170d,2026-08-24,2026-08-24T19:00:00+00:00,Fulham,Chelsea,BetMGM,betmgm,2026-08-11T03:15:36Z,totals,Under,2.5,2.2
2026-08-11T03:15:44.741132+00:00,4e4a813bf4218cc527e6f8ef2351170d,2026-08-24,2026-08-24T19:00:00+00:00,Fulham,Chelsea,DraftKings,draftkings,2026-08-11T03:14:09Z,h2h,Chelsea,,2.15
2026-08-11T03:15:44.741132+00:00,4e4a813bf4218cc527e6f8ef2351170d,2026-08-24,2026-08-24T19:00:00+00:00,Fulham,Chelsea,DraftKings,draftkings,2026-08-11T03:14:09Z,h2h,Fulham,,3.05
2026-08-11T03:15:44.741132+00:00,4e4a813bf4218cc527e6f8ef2351170d,2026-08-24,2026-08-24T19:00:00+00:00,Fulham,Chelsea,DraftKings,draftkings,2026-08-11T03:14:09Z,h2h,Draw,,3.65
2026-08-11T03:15:44.741132+00:00,4e4a813bf4218cc527e6f8ef2351170d,2026-08-24,2026-08-24T19:00:00+00:00,Fulham,Chelsea,BetRivers,betrivers,2026-08-11T03:15:15Z,h2h,Chelsea,,2.14
2026-08-11T03:15:44.741132+00:00,4e4a813bf4218cc527e6f8ef2351170d,2026-08-24,2026-08-24T19:00:00+00:00,Fulham,Chelsea,BetRivers,betrivers,2026-08-11T03:15:15Z,h2h,Fulham,,3.2
2026-08-11T03:15:44.741132+00:00,4e4a813bf4218cc527e6f8ef2351170d,2026-08-24,2026-08-24T19:00:00+00:00,Fulham,Chelsea,BetRivers,betrivers,2026-08-11T03:15:15Z,h2h,Draw,,3.7
2026-08-11T03:15:44.741132+00:00,4e4a813bf4218cc527e6f8ef2351170d,2026-08-24,2026-08-24T19:00:00+00:00,Fulham,Chelsea,BetRivers,betrivers,2026-08-11T03:15:15Z,totals,Over,2.5,1.6
2026-08-11T03:15:44.741132+00:00,4e4a813bf4218cc527e6f8ef2351170d,2026-08-24,2026-08-24T19:00:00+00:00,Fulham,Chelsea,BetRivers,betrivers,2026-08-11T03:15:15Z,totals,Under,2.5,2.32
2026-08-11T03:15:44.741132+00:00,4e4a813bf4218cc527e6f8ef2351170d,2026-08-24,2026-08-24T19:00:00+00:00,Fulham,Chelsea,BetOnline.ag,betonlineag,2026-08-11T03:15:05Z,h2h,Chelsea,,2.14
2026-08-11T03:15:44.741132+00:00,4e4a813bf4218cc527e6f8ef2351170d,2026-08-24,2026-08-24T19:00:00+00:00,Fulham,Chelsea,BetOnline.ag,betonlineag,2026-08-11T03:15:05Z,h2h,Fulham,,3.28
2026-08-11T03:15:44.741132+00:00,4e4a813bf4218cc527e6f8ef2351170d,2026-08-24,2026-08-24T19:00:00+00:00,Fulham,Chelsea,BetOnline.ag,betonlineag,2026-08-11T03:15:05Z,h2h,Draw,,3.8
2026-08-11T03:15:44.741132+00:00,4e4a813bf4218cc527e6f8ef2351170d,2026-08-24,2026-08-24T19:00:00+00:00,Fulham,Chelsea,BetOnline.ag,betonlineag,2026-08-11T03:15:05Z,totals,Over,3.0,2.02
2026-08-11T03:15:44.741132+00:00,4e4a813bf4218cc527e6f8ef2351170d,2026-08-24,2026-08-24T19:00:00+00:00,Fulham,Chelsea,BetOnline.ag,betonlineag,2026-08-11T03:15:05Z,totals,Under,3.0,1.85
2026-08-11T03:15:44.741132+00:00,4e4a813bf4218cc527e6f8ef2351170d,2026-08-24,2026-08-24T19:00:00+00:00,Fulham,Chelsea,LowVig.ag,lowvig,2026-08-11T03:14:43Z,h2h,Chelsea,,2.14
2026-08-11T03:15:44.741132+00:00,4e4a813bf4218cc527e6f8ef2351170d,2026-08-24,2026-08-24T19:00:00+00:00,Fulham,Chelsea,LowVig.ag,lowvig,2026-08-11T03:14:43Z,h2h,Fulham,,3.28
2026-08-11T03:15:44.741132+00:00,4e4a813bf4218cc527e6f8ef2351170d,2026-08-24,2026-08-24T19:00:00+00:00,Fulham,Chelsea,LowVig.ag,lowvig,2026-08-11T03:14:43Z,h2h,Draw,,3.8
2026-08-11T03:15:44.741132+00:00,4e4a813bf4218cc527e6f8ef2351170d,2026-08-24,2026-08-24T19:00:00+00:00,Fulham,Chelsea,LowVig.ag,lowvig,2026-08-11T03:14:43Z,totals,Over,3.0,2.02
2026-08-11T03:15:44.741132+00:00,4e4a813bf4218cc527e6f8ef2351170d,2026-08-24,2026-08-24T19:00:00+00:00,Fulham,Chelsea,LowVig.ag,lowvig,2026-08-11T03:14:43Z,totals,Under,3.0,1.85
2026-08-11T03:15:44.741132+00:00,4e4a813bf4218cc527e6f8ef2351170d,2026-08-24,2026-08-24T19:00:00+00:00,Fulham,Chelsea,Bovada,bovada,2026-08-11T03:14:24Z,h2h,Chelsea,,2.2
2026-08-11T03:15:44.741132+00:00,4e4a813bf4218cc527e6f8ef2351170d,2026-08-24,2026-08-24T19:00:00+00:00,Fulham,Chelsea,Bovada,bovada,2026-08-11T03:14:24Z,h2h,Fulham,,3.1
2026-08-11T03:15:44.741132+00:00,4e4a813bf4218cc527e6f8ef2351170d,2026-08-24,2026-08-24T19:00:00+00:00,Fulham,Chelsea,Bovada,bovada,2026-08-11T03:14:24Z,h2h,Draw,,3.65
2026-08-11T03:15:44.741132+00:00,4e4a813bf4218cc527e6f8ef2351170d,2026-08-24,2026-08-24T19:00:00+00:00,Fulham,Chelsea,Bovada,bovada,2026-08-11T03:14:24Z,totals,Over,3.0,2.02
2026-08-11T03:15:44.741132+00:00,4e4a813bf4218cc527e6f8ef2351170d,2026-08-24,2026-08-24T19:00:00+00:00,Fulham,Chelsea,Bovada,bovada,2026-08-11T03:14:24Z,totals,Under,3.0,1.82
2026-08-11T03:15:44.741132+00:00,4e4a813bf4218cc527e6f8ef2351170d,2026-08-24,2026-08-24T19:00:00+00:00,Fulham,Chelsea,BetUS,betus,2026-08-11T03:15:04Z,h2h,Chelsea,,2.15
2026-08-11T03:15:44.741132+00:00,4e4a813bf4218cc527e6f8ef2351170d,2026-08-24,2026-08-24T19:00:00+00:00,Fulham,Chelsea,BetUS,betus,2026-08-11T03:15:04Z,h2h,Fulham,,3.0
2026-08-11T03:15:44.741132+00:00,4e4a813bf4218cc527e6f8ef2351170d,2026-08-24,2026-08-24T19:00:00+00:00,Fulham,Chelsea,BetUS,betus,2026-08-11T03:15:04Z,h2h,Draw,,3.5
2026-08-11T03:15:44.741132+00:00,4e4a813bf4218cc527e6f8ef2351170d,2026-08-24,2026-08-24T19:00:00+00:00,Fulham,Chelsea,BetUS,betus,2026-08-11T03:15:04Z,totals,Over,3.0,2.0
2026-08-11T03:15:44.741132+00:00,4e4a813bf4218cc527e6f8ef2351170d,2026-08-24,2026-08-24T19:00:00+00:00,Fulham,Chelsea,BetUS,betus,2026-08-11T03:15:04Z,totals,Under,3.0,1.83
2026-08-11T03:15:44.741132+00:00,4e4a813bf4218cc527e6f8ef2351170d,2026-08-24,2026-08-24T19:00:00+00:00,Fulham,Chelsea,MyBookie.ag,mybookieag,2026-08-11T03:15:04Z,h2h,Chelsea,,2.15
2026-08-11T03:15:44.741132+00:00,4e4a813bf4218cc527e6f8ef2351170d,2026-08-24,2026-08-24T19:00:00+00:00,Fulham,Chelsea,MyBookie.ag,mybookieag,2026-08-11T03:15:04Z,h2h,Fulham,,3.02
2026-08-11T03:15:44.741132+00:00,4e4a813bf4218cc527e6f8ef2351170d,2026-08-24,2026-08-24T19:00:00+00:00,Fulham,Chelsea,MyBookie.ag,mybookieag,2026-08-11T03:15:04Z,h2h,Draw,,3.55
2026-08-11T03:15:44.741132+00:00,4e4a813bf4218cc527e6f8ef2351170d,2026-08-24,2026-08-24T19:00:00+00:00,Fulham,Chelsea,MyBookie.ag,mybookieag,2026-08-11T03:15:04Z,totals,Over,2.5,1.59
2026-08-11T03:15:44.741132+00:00,4e4a813bf4218cc527e6f8ef2351170d,2026-08-24,2026-08-24T19:00:00+00:00,Fulham,Chelsea,MyBookie.ag,mybookieag,2026-08-11T03:15:04Z,totals,Under,2.5,2.22
