SnapshotUTC,Date,KickoffUTC,FPLGameweek,Season,HomeTeam,AwayTeam,ModelVersion,Lambda_Home_xG,Lambda_Away_xG,Lambda_Total_xG,DixonColes_Rho,P_HomeWin,P_Draw,P_AwayWin,P_BTTS_Yes,P_BTTS_No,RawP_Over0_5,RawP_Over1_5,RawP_Over2_5,CalP_Over2_5,CalP_Under2_5,FairOdds_Over2_5,FairOdds_Under2_5,RawP_Over3_5,RawP_Over4_5,MostLikelyScore,HomeAttackRating,HomeDefenseRating,AwayAttackRating,AwayDefenseRating
2026-08-11T03:06:20.998232+00:00,2026-08-21,2026-08-21T19:00:00+00:00,1,2026/27,Arsenal,Coventry City,V1.2,2.300520709834532,0.7898702495613139,3.090390959395845,-0.0849999999999999,0.7066899706886675,0.1882434886923146,0.1050665406190179,0.49839766030186,0.5016023396981399,0.9474890411894002,0.820971917383902,0.5967414073505708,0.5782566748731481,0.4217433251268518,1.729335852836233,2.371110437134293,0.3729918856337947,0.200123510863128,2-0,0.3183429563658556,0.5537665548291025,0.0,0.0
2026-08-11T03:15:44.741132+00:00,2026-08-21,2026-08-21T19:00:00+00:00,1,2026/27,Arsenal,Coventry City,V1.2,2.3004986749304583,0.7898408175877842,3.0903394925182424,-0.0849999999999999,0.7066929666993168,0.18824388736455,0.1050631459361331,0.4983844663693608,0.5016155336306392,0.9474866677638378,0.820964715614155,0.5967302294016074,0.5782490466099817,0.4217509533900183,1.7293586662400182,2.3710675505580663,0.3729803715202049,0.2001146159561443,2-0,0.3183527697703152,0.5538031832789289,0.0,0.0
2026-08-11T12:34:14.751586+00:00,2026-08-21,2026-08-21T19:00:00+00:00,1,2026/27,Arsenal,Coventry City,V1.2,2.3004986749304583,0.7898408175877842,3.0903394925182424,-0.0849999999999999,0.7066929666993168,0.18824388736455,0.1050631459361331,0.4983844663693608,0.5016155336306392,0.9474866677638378,0.820964715614155,0.5967302294016074,0.5782490466099817,0.4217509533900183,1.7293586662400182,2.3710675505580663,0.3729803715202049,0.2001146159561443,2-0,0.3183527697703152,0.5538031832789289,0.0,0.0
2026-08-11T16:15:24.439890+00:00,2026-08-21,2026-08-21T19:00:00+00:00,1,2026/27,Arsenal,Coventry City,V1.2,2.300520709834532,0.7898702495613139,3.090390959395845,-0.0849999999999999,0.7066899706886675,0.1882434886923146,0.1050665406190179,0.49839766030186,0.5016023396981399,0.9474890411894002,0.820971917383902,0.5967414073505708,0.5782566748731481,0.4217433251268518,1.729335852836233,2.371110437134293,0.3729918856337947,0.200123510863128,2-0,0.3183429563658556,0.5537665548291025,0.0,0.0
2026-08-11T17:32:17.914116+00:00,2026-08-21,2026-08-21T19:00:00+00:00,1,2026/27,Arsenal,Coventry City,V1.2,2.3004986749304583,0.7898408175877842,3.0903394925182424,-0.0849999999999999,0.7066929666993168,0.18824388736455,0.1050631459361331,0.4983844663693608,0.5016155336306392,0.9474866677638378,0.820964715614155,0.5967302294016074,0.5782490466099817,0.4217509533900183,1.7293586662400182,2.3710675505580663,0.3729803715202049,0.2001146159561443,2-0,0.3183527697703152,0.5538031832789289,0.0,0.0
2026-08-11T17:32:17.914116+00:00,2026-08-22,2026-08-22T11:30:00+00:00,1,2026/27,Hull City,Man United,V1.2,1.5136740958622847,1.6379171006655189,3.151591196527804,-0.0849999999999999,0.3463651689454624,0.2538525186242671,0.3997823124302708,0.6373156050463672,0.3626843949536328,0.9481996863497336,0.8313942468801592,0.609901014638888,0.5877261368458263,0.4122738631541737,1.7014727392706075,2.4255721484484223,0.3866874732767572,0.2108180153010854,1-1,0.0,0.0,0.1755460413254899,0.1002332733362435
2026-08-11T17:32:17.914116+00:00,2026-08-22,2026-08-22T14:00:00+00:00,1,2026/27,Everton,Crystal Palace,V1.2,1.458115287983904,1.432434307513263,2.890549595497167,-0.0849999999999999,0.3717818097821612,0.2679200964583273,0.360298093759511,0.5940054161269916,0.4059945838730083,0.9345929366956862,0.7937579672391613,0.5518466881191377,0.5462311146331965,0.4537688853668035,1.8307269088314693,2.203765027193637,0.3282627392253469,0.1666926159666958,1-1,-0.0883525549557702,0.0904178188322672,0.1319137960276581,0.0492758867434802
2026-08-11T17:32:17.914116+00:00,2026-08-22,2026-08-22T14:00:00+00:00,1,2026/27,Ipswich Town,Sunderland,V1.2,1.581949792336805,1.1272547148411616,2.709204507177967,-0.0849999999999999,0.4686246804476616,0.2702091276788553,0.2611661918734833,0.5471879408555024,0.4528120591444976,0.9233166852409548,0.7630982305834393,0.5086271174982568,0.5156133628497376,0.4843866371502624,1.93943771059988,2.0644665300496063,0.2879374684479663,0.1384641204743233,1-1,0.0,0.0,-0.1980941118153214,0.0561150128379114
2026-08-11T17:32:17.914116+00:00,2026-08-22,2026-08-22T14:00:00+00:00,1,2026/27,Nott'm Forest,Leeds,V1.2,1.393321952946296,1.4918444902079249,2.8851664431542208,-0.0849999999999999,0.3440191876200827,0.2678848716598836,0.3880959407200338,0.5925056900823401,0.4074943099176599,0.9342875231179504,0.7928977287651404,0.5505964837924454,0.5453436841922303,0.4546563158077696,1.833706026102076,2.199463562324742,0.327059263759329,0.1658237422504462,1-1,-0.0765335445023149,0.0312346993189824,0.11336863385482,0.1065488102553076
2026-08-11T17:32:17.914116+00:00,2026-08-22,2026-08-22T16:30:00+00:00,1,2026/27,Brentford,Spurs,V1.2,2.007670238769056,1.3237705741236636,3.331440812892719,-0.0849999999999999,0.5249992356813158,0.232083872138372,0.2429168921803121,0.6433837765391297,0.3566162234608703,0.9561838788340248,0.8532603795714369,0.64684552819018,0.6146033877926663,0.3853966122073337,1.6270655513167225,2.5947296066578427,0.4265921886509454,0.2431519475217146,1-1,0.1822018197717722,0.0373951726145931,0.0,0.0
2026-08-11T17:32:17.914116+00:00,2026-08-23,2026-08-23T13:00:00+00:00,1,2026/27,Brighton,Aston Villa,V1.2,1.6799212924986735,1.361269875969851,3.0411911684685244,-0.0849999999999999,0.4411565411781172,0.2564385826259357,0.3024048761959471,0.6143410760706732,0.3856589239293267,0.9429348629170528,0.8162069433738995,0.585974062071829,0.5705414623209627,0.4294585376790373,1.752720995827367,2.3285134937691376,0.3619946141395774,0.1917035343970723,1-1,0.0950319451911219,0.1121605378939401,0.102699201585468,0.0910581474275352
2026-08-11T17:32:17.914116+00:00,2026-08-23,2026-08-23T13:00:00+00:00,1,2026/27,Man City,Bournemouth,V1.2,2.185229599097613,1.29394837995565,3.479177979053263,-0.0849999999999999,0.5694132885249108,0.2176709770148522,0.2129157344602366,0.6516038285392758,0.3483961714607242,0.9617560772617572,0.8693026528359907,0.6752783029976662,0.6356720601924187,0.3643279398075812,1.573138199116851,2.7447798830036123,0.4588574851880301,0.2706158493050339,2-1,0.3519224309944804,0.2695521316709335,0.2093711023809789,0.084974673139797
2026-08-11T17:32:17.914116+00:00,2026-08-23,2026-08-23T15:30:00+00:00,1,2026/27,Newcastle,Liverpool,V1.2,1.6751618260047985,1.8059864994256207,3.48114832543042,-0.0849999999999999,0.3536988305874822,0.2388390968255952,0.4074620725869226,0.687094361145392,0.312905638854608,0.9613146590035552,0.870018335400609,0.6756503655680597,0.6359504379805789,0.364049562019421,1.5724495814098938,2.7468787339089085,0.4592913910718347,0.2709969706319907,1-1,0.2034859307457143,0.0712623625180281,0.3444900093534425,0.202349302446126
2026-08-11T17:32:17.914116+00:00,2026-08-24,2026-08-24T19:00:00+00:00,1,2026/27,Fulham,Chelsea,V1.2,1.4896589938643463,1.6806896663205462,3.1703486601848923,-0.0849999999999999,0.3329446747040425,0.2522629278024316,0.4147923974935258,0.6392293333991691,0.3607706666008309,0.9490752387995436,0.8338267541367973,0.6138727662170542,0.5905935406634302,0.4094064593365698,1.6932118811808747,2.442560387592488,0.3908722669562445,0.2141249334432269,1-1,-0.0479298064154808,0.0736441124525308,0.2749690045658441,0.0682961078495448
2026-08-11T18:26:44.152918+00:00,2026-08-21,2026-08-21T19:00:00+00:00,1,2026/27,Arsenal,Coventry City,V1.2,2.300520709834532,0.7898702495613139,3.090390959395845,-0.0849999999999999,0.7066899706886675,0.1882434886923146,0.1050665406190179,0.49839766030186,0.5016023396981399,0.9474890411894002,0.820971917383902,0.5967414073505708,0.5782566748731481,0.4217433251268518,1.729335852836233,2.371110437134293,0.3729918856337947,0.200123510863128,2-0,0.3183429563658556,0.5537665548291025,0.0,0.0
2026-08-11T18:26:44.152918+00:00,2026-08-22,2026-08-22T11:30:00+00:00,1,2026/27,Hull City,Man United,V1.2,1.513683893377037,1.6379507610332196,3.1516346544102563,-0.0849999999999999,0.3463613671035044,0.2538502065016711,0.3997884263948247,0.6373222969353397,0.3626777030646603,0.9482016937779404,0.8313999583367437,0.6099102482534149,0.5877324272196005,0.4122675727803995,1.701454528773788,2.425609157799721,0.3866971734777552,0.2108256580326461,1-1,0.0,0.0,0.1755659578024097,0.1002461923609129
2026-08-11T18:26:44.152918+00:00,2026-08-22,2026-08-22T14:00:00+00:00,1,2026/27,Everton,Crystal Palace,V1.2,1.4581559379757625,1.4324504357033472,2.890606373679109,-0.0849999999999999,0.3717888356404011,0.2679169090690285,0.3602942552905703,0.594015396674154,0.4059846033258459,0.9345962643426152,0.7937669092490234,0.5518598633093029,0.5462399879695974,0.4537600120304026,1.8306971697862184,2.203808122107063,0.3282754338271286,0.1667017895979832,1-1,-0.0883272103708902,0.0904283519450653,0.1319349543378221,0.0492927449434677
2026-08-11T18:26:44.152918+00:00,2026-08-22,2026-08-22T14:00:00+00:00,1,2026/27,Ipswich Town,Sunderland,V1.2,1.5819131541729192,1.1273239772374954,2.709237131410415,-0.0849999999999999,0.4685994135101773,0.2702110846981377,0.2611895017916849,0.5472007283628513,0.4527992716371487,0.923318800563198,0.7631041732535311,0.508635090186494,0.5156184490405864,0.4843815509594136,1.939418579495564,2.064488207734795,0.2879446684214488,0.138468997123327,1-1,0.0,0.0,-0.1980333042997622,0.0561575649117087
2026-08-11T18:26:44.152918+00:00,2026-08-22,2026-08-22T14:00:00+00:00,1,2026/27,Nott'm Forest,Leeds,V1.2,1.3933426874649346,1.4918920878731858,2.8852347753381204,-0.0849999999999999,0.3440154025086313,0.2678808974791472,0.3881037000122215,0.5925175160115254,0.4074824839884746,0.9342915516147614,0.7929085258175054,0.5506123662797102,0.5453544750054488,0.4546455249945512,1.833669742950232,2.199515765632983,0.3270745384317624,0.1658347598041511,1-1,-0.0765101783200788,0.031246510592989,0.1134117158387142,0.1065766868681888
2026-08-11T18:26:44.152918+00:00,2026-08-22,2026-08-22T16:30:00+00:00,1,2026/27,Brentford,Spurs,V1.2,2.0077481255293,1.3237522967695696,3.331500422298869,-0.0849999999999999,0.5250203542789612,0.2320777211449524,0.2429019245760861,0.6433869620020602,0.3566130379979397,0.956186288736614,0.85326719723912,0.646857349940184,0.6146117720932135,0.3853882279067865,1.6270433555059496,2.594786056209971,0.426605316036634,0.243162880046168,1-1,0.1822212219425491,0.0374096137775571,0.0,0.0
2026-08-11T18:26:44.152918+00:00,2026-08-23,2026-08-23T13:00:00+00:00,1,2026/27,Brighton,Aston Villa,V1.2,1.6799617387000498,1.3612796941102414,3.041241432810291,-0.0849999999999999,0.4411642318142327,0.2564354104903988,0.3024003576953685,0.6143485536131386,0.3856514463868614,0.9429374405956666,0.8162140704657337,0.585985167510026,0.5705489907112727,0.4294510092887272,1.752697868684955,2.328554313229435,0.3620058720683022,0.191712093721045,1-1,0.095051581198208,0.1121731506554348,0.1027183927802748,0.0910730991515563
2026-08-11T18:26:44.152918+00:00,2026-08-23,2026-08-23T13:00:00+00:00,1,2026/27,Man City,Bournemouth,V1.2,2.185212771366879,1.29397300043879,3.4791857718056693,-0.0849999999999999,0.5694044390122719,0.2176726690405689,0.2129228919471594,0.651608472690708,0.348391527309292,0.9617562913984276,0.8693035151516972,0.6752797576425078,0.6356729067947483,0.3643270932052517,1.5731361039788485,2.744786261165123,0.4588591723883842,0.2706173171528843,2-1,0.3519079880977398,0.2695512306983252,0.2093885946078537,0.0849873226170581
2026-08-11T18:26:44.152918+00:00,2026-08-23,2026-08-23T15:30:00+00:00,1,2026/27,Newcastle,Liverpool,V1.2,1.675218414830531,1.805942518141254,3.481160932971785,-0.0849999999999999,0.3537194101919307,0.2388393064290855,0.4074412833789838,0.687097318740627,0.312902681259373,0.9613150721382148,0.8700196608101112,0.6756527163722901,0.6359519562244202,0.3640480437755797,1.5724458274126472,2.7468901896268885,0.4592941189467712,0.2709993447291997,1-1,0.2035037607245838,0.0712752796067303,0.3444779390658983,0.2023527435606102
2026-08-11T18:26:44.152918+00:00,2026-08-24,2026-08-24T19:00:00+00:00,1,2026/27,Fulham,Chelsea,V1.2,1.489702235708043,1.6806864777714314,3.1703887134794746,-0.0849999999999999,0.3329555035585402,0.2522615742904655,0.4147829221509944,0.6392366909300962,0.3607633090699038,0.949077036033962,0.8338319704614084,0.6138812180871412,0.5905992847236421,0.4094007152763579,1.6931954133129845,2.4425946577180984,0.3908811987811803,0.2141320127028494,1-1,-0.0479086622385251,0.073654940141424,0.2749773010588313,0.0683076161076916
2026-08-11T18:36:55.157068+00:00,2026-08-21,2026-08-21T19:00:00+00:00,1,2026/27,Arsenal,Coventry City,V1.2,2.3004986749304583,0.7898408175877842,3.0903394925182424,-0.0849999999999999,0.7066929666993168,0.18824388736455,0.1050631459361331,0.4983844663693608,0.5016155336306392,0.9474866677638378,0.820964715614155,0.5967302294016074,0.5782490466099817,0.4217509533900183,1.7293586662400182,2.3710675505580663,0.3729803715202049,0.2001146159561443,2-0,0.3183527697703152,0.5538031832789289,0.0,0.0
2026-08-11T18:36:55.157068+00:00,2026-08-22,2026-08-22T11:30:00+00:00,1,2026/27,Hull City,Man United,V1.2,1.5136740958622847,1.6379171006655189,3.151591196527804,-0.0849999999999999,0.3463651689454624,0.2538525186242671,0.3997823124302708,0.6373156050463672,0.3626843949536328,0.9481996863497336,0.8313942468801592,0.609901014638888,0.5877261368458263,0.4122738631541737,1.7014727392706075,2.4255721484484223,0.3866874732767572,0.2108180153010854,1-1,0.0,0.0,0.1755460413254899,0.1002332733362435
2026-08-11T18:36:55.157068+00:00,2026-08-22,2026-08-22T14:00:00+00:00,1,2026/27,Everton,Crystal Palace,V1.2,1.458115287983904,1.432434307513263,2.890549595497167,-0.0849999999999999,0.3717818097821612,0.2679200964583273,0.360298093759511,0.5940054161269916,0.4059945838730083,0.9345929366956862,0.7937579672391613,0.5518466881191377,0.5462311146331965,0.4537688853668035,1.8307269088314693,2.203765027193637,0.3282627392253469,0.1666926159666958,1-1,-0.0883525549557702,0.0904178188322672,0.1319137960276581,0.0492758867434802
2026-08-11T18:36:55.157068+00:00,2026-08-22,2026-08-22T14:00:00+00:00,1,2026/27,Ipswich Town,Sunderland,V1.2,1.581949792336805,1.1272547148411616,2.709204507177967,-0.0849999999999999,0.4686246804476616,0.2702091276788553,0.2611661918734833,0.5471879408555024,0.4528120591444976,0.9233166852409548,0.7630982305834393,0.5086271174982568,0.5156133628497376,0.4843866371502624,1.93943771059988,2.0644665300496063,0.2879374684479663,0.1384641204743233,1-1,0.0,0.0,-0.1980941118153214,0.0561150128379114
2026-08-11T18:36:55.157068+00:00,2026-08-22,2026-08-22T14:00:00+00:00,1,2026/27,Nott'm Forest,Leeds,V1.2,1.393321952946296,1.4918444902079249,2.8851664431542208,-0.0849999999999999,0.3440191876200827,0.2678848716598836,0.3880959407200338,0.5925056900823401,0.4074943099176599,0.9342875231179504,0.7928977287651404,0.5505964837924454,0.5453436841922303,0.4546563158077696,1.833706026102076,2.199463562324742,0.327059263759329,0.1658237422504462,1-1,-0.0765335445023149,0.0312346993189824,0.11336863385482,0.1065488102553076
2026-08-11T18:36:55.157068+00:00,2026-08-22,2026-08-22T16:30:00+00:00,1,2026/27,Brentford,Spurs,V1.2,2.007670238769056,1.3237705741236636,3.331440812892719,-0.0849999999999999,0.5249992356813158,0.232083872138372,0.2429168921803121,0.6433837765391297,0.3566162234608703,0.9561838788340248,0.8532603795714369,0.64684552819018,0.6146033877926663,0.3853966122073337,1.6270655513167225,2.5947296066578427,0.4265921886509454,0.2431519475217146,1-1,0.1822018197717722,0.0373951726145931,0.0,0.0
2026-08-11T18:36:55.157068+00:00,2026-08-23,2026-08-23T13:00:00+00:00,1,2026/27,Brighton,Aston Villa,V1.2,1.6799212924986735,1.361269875969851,3.0411911684685244,-0.0849999999999999,0.4411565411781172,0.2564385826259357,0.3024048761959471,0.6143410760706732,0.3856589239293267,0.9429348629170528,0.8162069433738995,0.585974062071829,0.5705414623209627,0.4294585376790373,1.752720995827367,2.3285134937691376,0.3619946141395774,0.1917035343970723,1-1,0.0950319451911219,0.1121605378939401,0.102699201585468,0.0910581474275352
2026-08-11T18:36:55.157068+00:00,2026-08-23,2026-08-23T13:00:00+00:00,1,2026/27,Man City,Bournemouth,V1.2,2.185229599097613,1.29394837995565,3.479177979053263,-0.0849999999999999,0.5694132885249108,0.2176709770148522,0.2129157344602366,0.6516038285392758,0.3483961714607242,0.9617560772617572,0.8693026528359907,0.6752783029976662,0.6356720601924187,0.3643279398075812,1.573138199116851,2.7447798830036123,0.4588574851880301,0.2706158493050339,2-1,0.3519224309944804,0.2695521316709335,0.2093711023809789,0.084974673139797
2026-08-11T18:36:55.157068+00:00,2026-08-23,2026-08-23T15:30:00+00:00,1,2026/27,Newcastle,Liverpool,V1.2,1.6751618260047985,1.8059864994256207,3.48114832543042,-0.0849999999999999,0.3536988305874822,0.2388390968255952,0.4074620725869226,0.687094361145392,0.312905638854608,0.9613146590035552,0.870018335400609,0.6756503655680597,0.6359504379805789,0.364049562019421,1.5724495814098938,2.7468787339089085,0.4592913910718347,0.2709969706319907,1-1,0.2034859307457143,0.0712623625180281,0.3444900093534425,0.202349302446126
2026-08-11T18:36:55.157068+00:00,2026-08-24,2026-08-24T19:00:00+00:00,1,2026/27,Fulham,Chelsea,V1.2,1.4896589938643463,1.6806896663205462,3.1703486601848923,-0.0849999999999999,0.3329446747040425,0.2522629278024316,0.4147923974935258,0.6392293333991691,0.3607706666008309,0.9490752387995436,0.8338267541367973,0.6138727662170542,0.5905935406634302,0.4094064593365698,1.6932118811808747,2.442560387592488,0.3908722669562445,0.2141249334432269,1-1,-0.0479298064154808,0.0736441124525308,0.2749690045658441,0.0682961078495448
2026-08-11T19:04:29.799755+00:00,2026-08-21,2026-08-21T19:00:00+00:00,1,2026/27,Arsenal,Coventry City,V1.2,2.300520709834532,0.7898702495613139,3.090390959395845,-0.0849999999999999,0.7066899706886675,0.1882434886923146,0.1050665406190179,0.49839766030186,0.5016023396981399,0.9474890411894002,0.820971917383902,0.5967414073505708,0.5782566748731481,0.4217433251268518,1.729335852836233,2.371110437134293,0.3729918856337947,0.200123510863128,2-0,0.3183429563658556,0.5537665548291025,0.0,0.0
2026-08-11T19:04:29.799755+00:00,2026-08-22,2026-08-22T11:30:00+00:00,1,2026/27,Hull City,Man United,V1.2,1.513683893377037,1.6379507610332196,3.1516346544102563,-0.0849999999999999,0.3463613671035044,0.2538502065016711,0.3997884263948247,0.6373222969353397,0.3626777030646603,0.9482016937779404,0.8313999583367437,0.6099102482534149,0.5877324272196005,0.4122675727803995,1.701454528773788,2.425609157799721,0.3866971734777552,0.2108256580326461,1-1,0.0,0.0,0.1755659578024097,0.1002461923609129
2026-08-11T19:04:29.799755+00:00,2026-08-22,2026-08-22T14:00:00+00:00,1,2026/27,Everton,Crystal Palace,V1.2,1.4581559379757625,1.4324504357033472,2.890606373679109,-0.0849999999999999,0.3717888356404011,0.2679169090690285,0.3602942552905703,0.594015396674154,0.4059846033258459,0.9345962643426152,0.7937669092490234,0.5518598633093029,0.5462399879695974,0.4537600120304026,1.8306971697862184,2.203808122107063,0.3282754338271286,0.1667017895979832,1-1,-0.0883272103708902,0.0904283519450653,0.1319349543378221,0.0492927449434677
2026-08-11T19:04:29.799755+00:00,2026-08-22,2026-08-22T14:00:00+00:00,1,2026/27,Ipswich Town,Sunderland,V1.2,1.5819131541729192,1.1273239772374954,2.709237131410415,-0.0849999999999999,0.4685994135101773,0.2702110846981377,0.2611895017916849,0.5472007283628513,0.4527992716371487,0.923318800563198,0.7631041732535311,0.508635090186494,0.5156184490405864,0.4843815509594136,1.939418579495564,2.064488207734795,0.2879446684214488,0.138468997123327,1-1,0.0,0.0,-0.1980333042997622,0.0561575649117087
2026-08-11T19:04:29.799755+00:00,2026-08-22,2026-08-22T14:00:00+00:00,1,2026/27,Nott'm Forest,Leeds,V1.2,1.3933426874649346,1.4918920878731858,2.8852347753381204,-0.0849999999999999,0.3440154025086313,0.2678808974791472,0.3881037000122215,0.5925175160115254,0.4074824839884746,0.9342915516147614,0.7929085258175054,0.5506123662797102,0.5453544750054488,0.4546455249945512,1.833669742950232,2.199515765632983,0.3270745384317624,0.1658347598041511,1-1,-0.0765101783200788,0.031246510592989,0.1134117158387142,0.1065766868681888
2026-08-11T19:04:29.799755+00:00,2026-08-22,2026-08-22T16:30:00+00:00,1,2026/27,Brentford,Spurs,V1.2,2.0077481255293,1.3237522967695696,3.331500422298869,-0.0849999999999999,0.5250203542789612,0.2320777211449524,0.2429019245760861,0.6433869620020602,0.3566130379979397,0.956186288736614,0.85326719723912,0.646857349940184,0.6146117720932135,0.3853882279067865,1.6270433555059496,2.594786056209971,0.426605316036634,0.243162880046168,1-1,0.1822212219425491,0.0374096137775571,0.0,0.0
2026-08-11T19:04:29.799755+00:00,2026-08-23,2026-08-23T13:00:00+00:00,1,2026/27,Brighton,Aston Villa,V1.2,1.6799617387000498,1.3612796941102414,3.041241432810291,-0.0849999999999999,0.4411642318142327,0.2564354104903988,0.3024003576953685,0.6143485536131386,0.3856514463868614,0.9429374405956666,0.8162140704657337,0.585985167510026,0.5705489907112727,0.4294510092887272,1.752697868684955,2.328554313229435,0.3620058720683022,0.191712093721045,1-1,0.095051581198208,0.1121731506554348,0.1027183927802748,0.0910730991515563
2026-08-11T19:04:29.799755+00:00,2026-08-23,2026-08-23T13:00:00+00:00,1,2026/27,Man City,Bournemouth,V1.2,2.185212771366879,1.29397300043879,3.4791857718056693,-0.0849999999999999,0.5694044390122719,0.2176726690405689,0.2129228919471594,0.651608472690708,0.348391527309292,0.9617562913984276,0.8693035151516972,0.6752797576425078,0.6356729067947483,0.3643270932052517,1.5731361039788485,2.744786261165123,0.4588591723883842,0.2706173171528843,2-1,0.3519079880977398,0.2695512306983252,0.2093885946078537,0.0849873226170581
2026-08-11T19:04:29.799755+00:00,2026-08-23,2026-08-23T15:30:00+00:00,1,2026/27,Newcastle,Liverpool,V1.2,1.675218414830531,1.805942518141254,3.481160932971785,-0.0849999999999999,0.3537194101919307,0.2388393064290855,0.4074412833789838,0.687097318740627,0.312902681259373,0.9613150721382148,0.8700196608101112,0.6756527163722901,0.6359519562244202,0.3640480437755797,1.5724458274126472,2.7468901896268885,0.4592941189467712,0.2709993447291997,1-1,0.2035037607245838,0.0712752796067303,0.3444779390658983,0.2023527435606102
2026-08-11T19:04:29.799755+00:00,2026-08-24,2026-08-24T19:00:00+00:00,1,2026/27,Fulham,Chelsea,V1.2,1.489702235708043,1.6806864777714314,3.1703887134794746,-0.0849999999999999,0.3329555035585402,0.2522615742904655,0.4147829221509944,0.6392366909300962,0.3607633090699038,0.949077036033962,0.8338319704614084,0.6138812180871412,0.5905992847236421,0.4094007152763579,1.6931954133129845,2.4425946577180984,0.3908811987811803,0.2141320127028494,1-1,-0.0479086622385251,0.073654940141424,0.2749773010588313,0.0683076161076916
2026-08-11T19:12:57.026658+00:00,2026-08-21,2026-08-21T19:00:00+00:00,1,2026/27,Arsenal,Coventry City,V1.2,2.3004986749304583,0.7898408175877842,3.0903394925182424,-0.0849999999999999,0.7066929666993168,0.18824388736455,0.1050631459361331,0.4983844663693608,0.5016155336306392,0.9474866677638378,0.820964715614155,0.5967302294016074,0.5782490466099817,0.4217509533900183,1.7293586662400182,2.3710675505580663,0.3729803715202049,0.2001146159561443,2-0,0.3183527697703152,0.5538031832789289,0.0,0.0
2026-08-11T19:12:57.026658+00:00,2026-08-22,2026-08-22T11:30:00+00:00,1,2026/27,Hull City,Man United,V1.2,1.5136740958622847,1.6379171006655189,3.151591196527804,-0.0849999999999999,0.3463651689454624,0.2538525186242671,0.3997823124302708,0.6373156050463672,0.3626843949536328,0.9481996863497336,0.8313942468801592,0.609901014638888,0.5877261368458263,0.4122738631541737,1.7014727392706075,2.4255721484484223,0.3866874732767572,0.2108180153010854,1-1,0.0,0.0,0.1755460413254899,0.1002332733362435
2026-08-11T19:12:57.026658+00:00,2026-08-22,2026-08-22T14:00:00+00:00,1,2026/27,Everton,Crystal Palace,V1.2,1.458115287983904,1.432434307513263,2.890549595497167,-0.0849999999999999,0.3717818097821612,0.2679200964583273,0.360298093759511,0.5940054161269916,0.4059945838730083,0.9345929366956862,0.7937579672391613,0.5518466881191377,0.5462311146331965,0.4537688853668035,1.8307269088314693,2.203765027193637,0.3282627392253469,0.1666926159666958,1-1,-0.0883525549557702,0.0904178188322672,0.1319137960276581,0.0492758867434802
2026-08-11T19:12:57.026658+00:00,2026-08-22,2026-08-22T14:00:00+00:00,1,2026/27,Ipswich Town,Sunderland,V1.2,1.581949792336805,1.1272547148411616,2.709204507177967,-0.0849999999999999,0.4686246804476616,0.2702091276788553,0.2611661918734833,0.5471879408555024,0.4528120591444976,0.9233166852409548,0.7630982305834393,0.5086271174982568,0.5156133628497376,0.4843866371502624,1.93943771059988,2.0644665300496063,0.2879374684479663,0.1384641204743233,1-1,0.0,0.0,-0.1980941118153214,0.0561150128379114
2026-08-11T19:12:57.026658+00:00,2026-08-22,2026-08-22T14:00:00+00:00,1,2026/27,Nott'm Forest,Leeds,V1.2,1.393321952946296,1.4918444902079249,2.8851664431542208,-0.0849999999999999,0.3440191876200827,0.2678848716598836,0.3880959407200338,0.5925056900823401,0.4074943099176599,0.9342875231179504,0.7928977287651404,0.5505964837924454,0.5453436841922303,0.4546563158077696,1.833706026102076,2.199463562324742,0.327059263759329,0.1658237422504462,1-1,-0.0765335445023149,0.0312346993189824,0.11336863385482,0.1065488102553076
2026-08-11T19:12:57.026658+00:00,2026-08-22,2026-08-22T16:30:00+00:00,1,2026/27,Brentford,Spurs,V1.2,2.007670238769056,1.3237705741236636,3.331440812892719,-0.0849999999999999,0.5249992356813158,0.232083872138372,0.2429168921803121,0.6433837765391297,0.3566162234608703,0.9561838788340248,0.8532603795714369,0.64684552819018,0.6146033877926663,0.3853966122073337,1.6270655513167225,2.5947296066578427,0.4265921886509454,0.2431519475217146,1-1,0.1822018197717722,0.0373951726145931,0.0,0.0
2026-08-11T19:12:57.026658+00:00,2026-08-23,2026-08-23T13:00:00+00:00,1,2026/27,Brighton,Aston Villa,V1.2,1.6799212924986735,1.361269875969851,3.0411911684685244,-0.0849999999999999,0.4411565411781172,0.2564385826259357,0.3024048761959471,0.6143410760706732,0.3856589239293267,0.9429348629170528,0.8162069433738995,0.585974062071829,0.5705414623209627,0.4294585376790373,1.752720995827367,2.3285134937691376,0.3619946141395774,0.1917035343970723,1-1,0.0950319451911219,0.1121605378939401,0.102699201585468,0.0910581474275352
2026-08-11T19:12:57.026658+00:00,2026-08-23,2026-08-23T13:00:00+00:00,1,2026/27,Man City,Bournemouth,V1.2,2.185229599097613,1.29394837995565,3.479177979053263,-0.0849999999999999,0.5694132885249108,0.2176709770148522,0.2129157344602366,0.6516038285392758,0.3483961714607242,0.9617560772617572,0.8693026528359907,0.6752783029976662,0.6356720601924187,0.3643279398075812,1.573138199116851,2.7447798830036123,0.4588574851880301,0.2706158493050339,2-1,0.3519224309944804,0.2695521316709335,0.2093711023809789,0.084974673139797
2026-08-11T19:12:57.026658+00:00,2026-08-23,2026-08-23T15:30:00+00:00,1,2026/27,Newcastle,Liverpool,V1.2,1.6751618260047985,1.8059864994256207,3.48114832543042,-0.0849999999999999,0.3536988305874822,0.2388390968255952,0.4074620725869226,0.687094361145392,0.312905638854608,0.9613146590035552,0.870018335400609,0.6756503655680597,0.6359504379805789,0.364049562019421,1.5724495814098938,2.7468787339089085,0.4592913910718347,0.2709969706319907,1-1,0.2034859307457143,0.0712623625180281,0.3444900093534425,0.202349302446126
2026-08-11T19:12:57.026658+00:00,2026-08-24,2026-08-24T19:00:00+00:00,1,2026/27,Fulham,Chelsea,V1.2,1.4896589938643463,1.6806896663205462,3.1703486601848923,-0.0849999999999999,0.3329446747040425,0.2522629278024316,0.4147923974935258,0.6392293333991691,0.3607706666008309,0.9490752387995436,0.8338267541367973,0.6138727662170542,0.5905935406634302,0.4094064593365698,1.6932118811808747,2.442560387592488,0.3908722669562445,0.2141249334432269,1-1,-0.0479298064154808,0.0736441124525308,0.2749690045658441,0.0682961078495448
2026-08-11T22:00:02.896176+00:00,2026-08-21,2026-08-21T19:00:00+00:00,1,2026/27,Arsenal,Coventry City,V1.2,2.300520709834532,0.7898702495613139,3.090390959395845,-0.0849999999999999,0.7066899706886675,0.1882434886923146,0.1050665406190179,0.49839766030186,0.5016023396981399,0.9474890411894002,0.820971917383902,0.5967414073505708,0.5782566748731481,0.4217433251268518,1.729335852836233,2.371110437134293,0.3729918856337947,0.200123510863128,2-0,0.3183429563658556,0.5537665548291025,0.0,0.0
2026-08-11T22:00:02.896176+00:00,2026-08-22,2026-08-22T11:30:00+00:00,1,2026/27,Hull City,Man United,V1.2,1.513683893377037,1.6379507610332196,3.1516346544102563,-0.0849999999999999,0.3463613671035044,0.2538502065016711,0.3997884263948247,0.6373222969353397,0.3626777030646603,0.9482016937779404,0.8313999583367437,0.6099102482534149,0.5877324272196005,0.4122675727803995,1.701454528773788,2.425609157799721,0.3866971734777552,0.2108256580326461,1-1,0.0,0.0,0.1755659578024097,0.1002461923609129
2026-08-11T22:00:02.896176+00:00,2026-08-22,2026-08-22T14:00:00+00:00,1,2026/27,Everton,Crystal Palace,V1.2,1.4581559379757625,1.4324504357033472,2.890606373679109,-0.0849999999999999,0.3717888356404011,0.2679169090690285,0.3602942552905703,0.594015396674154,0.4059846033258459,0.9345962643426152,0.7937669092490234,0.5518598633093029,0.5462399879695974,0.4537600120304026,1.8306971697862184,2.203808122107063,0.3282754338271286,0.1667017895979832,1-1,-0.0883272103708902,0.0904283519450653,0.1319349543378221,0.0492927449434677
2026-08-11T22:00:02.896176+00:00,2026-08-22,2026-08-22T14:00:00+00:00,1,2026/27,Ipswich Town,Sunderland,V1.2,1.5819131541729192,1.1273239772374954,2.709237131410415,-0.0849999999999999,0.4685994135101773,0.2702110846981377,0.2611895017916849,0.5472007283628513,0.4527992716371487,0.923318800563198,0.7631041732535311,0.508635090186494,0.5156184490405864,0.4843815509594136,1.939418579495564,2.064488207734795,0.2879446684214488,0.138468997123327,1-1,0.0,0.0,-0.1980333042997622,0.0561575649117087
2026-08-11T22:00:02.896176+00:00,2026-08-22,2026-08-22T14:00:00+00:00,1,2026/27,Nott'm Forest,Leeds,V1.2,1.3933426874649346,1.4918920878731858,2.8852347753381204,-0.0849999999999999,0.3440154025086313,0.2678808974791472,0.3881037000122215,0.5925175160115254,0.4074824839884746,0.9342915516147614,0.7929085258175054,0.5506123662797102,0.5453544750054488,0.4546455249945512,1.833669742950232,2.199515765632983,0.3270745384317624,0.1658347598041511,1-1,-0.0765101783200788,0.031246510592989,0.1134117158387142,0.1065766868681888
2026-08-11T22:00:02.896176+00:00,2026-08-22,2026-08-22T16:30:00+00:00,1,2026/27,Brentford,Spurs,V1.2,2.0077481255293,1.3237522967695696,3.331500422298869,-0.0849999999999999,0.5250203542789612,0.2320777211449524,0.2429019245760861,0.6433869620020602,0.3566130379979397,0.956186288736614,0.85326719723912,0.646857349940184,0.6146117720932135,0.3853882279067865,1.6270433555059496,2.594786056209971,0.426605316036634,0.243162880046168,1-1,0.1822212219425491,0.0374096137775571,0.0,0.0
2026-08-11T22:00:02.896176+00:00,2026-08-23,2026-08-23T13:00:00+00:00,1,2026/27,Brighton,Aston Villa,V1.2,1.6799617387000498,1.3612796941102414,3.041241432810291,-0.0849999999999999,0.4411642318142327,0.2564354104903988,0.3024003576953685,0.6143485536131386,0.3856514463868614,0.9429374405956666,0.8162140704657337,0.585985167510026,0.5705489907112727,0.4294510092887272,1.752697868684955,2.328554313229435,0.3620058720683022,0.191712093721045,1-1,0.095051581198208,0.1121731506554348,0.1027183927802748,0.0910730991515563
2026-08-11T22:00:02.896176+00:00,2026-08-23,2026-08-23T13:00:00+00:00,1,2026/27,Man City,Bournemouth,V1.2,2.185212771366879,1.29397300043879,3.4791857718056693,-0.0849999999999999,0.5694044390122719,0.2176726690405689,0.2129228919471594,0.651608472690708,0.348391527309292,0.9617562913984276,0.8693035151516972,0.6752797576425078,0.6356729067947483,0.3643270932052517,1.5731361039788485,2.744786261165123,0.4588591723883842,0.2706173171528843,2-1,0.3519079880977398,0.2695512306983252,0.2093885946078537,0.0849873226170581
2026-08-11T22:00:02.896176+00:00,2026-08-23,2026-08-23T15:30:00+00:00,1,2026/27,Newcastle,Liverpool,V1.2,1.675218414830531,1.805942518141254,3.481160932971785,-0.0849999999999999,0.3537194101919307,0.2388393064290855,0.4074412833789838,0.687097318740627,0.312902681259373,0.9613150721382148,0.8700196608101112,0.6756527163722901,0.6359519562244202,0.3640480437755797,1.5724458274126472,2.7468901896268885,0.4592941189467712,0.2709993447291997,1-1,0.2035037607245838,0.0712752796067303,0.3444779390658983,0.2023527435606102
2026-08-11T22:00:02.896176+00:00,2026-08-24,2026-08-24T19:00:00+00:00,1,2026/27,Fulham,Chelsea,V1.2,1.489702235708043,1.6806864777714314,3.1703887134794746,-0.0849999999999999,0.3329555035585402,0.2522615742904655,0.4147829221509944,0.6392366909300962,0.3607633090699038,0.949077036033962,0.8338319704614084,0.6138812180871412,0.5905992847236421,0.4094007152763579,1.6931954133129845,2.4425946577180984,0.3908811987811803,0.2141320127028494,1-1,-0.0479086622385251,0.073654940141424,0.2749773010588313,0.0683076161076916
2026-08-11T22:18:29.407265+00:00,2026-08-21,2026-08-21T19:00:00+00:00,1,2026/27,Arsenal,Coventry City,V1.2,2.3004986749304583,0.7898408175877842,3.0903394925182424,-0.0849999999999999,0.7066929666993168,0.18824388736455,0.1050631459361331,0.4983844663693608,0.5016155336306392,0.9474866677638378,0.820964715614155,0.5967302294016074,0.5782490466099817,0.4217509533900183,1.7293586662400182,2.3710675505580663,0.3729803715202049,0.2001146159561443,2-0,0.3183527697703152,0.5538031832789289,0.0,0.0
2026-08-11T22:18:29.407265+00:00,2026-08-22,2026-08-22T11:30:00+00:00,1,2026/27,Hull City,Man United,V1.2,1.5136740958622847,1.6379171006655189,3.151591196527804,-0.0849999999999999,0.3463651689454624,0.2538525186242671,0.3997823124302708,0.6373156050463672,0.3626843949536328,0.9481996863497336,0.8313942468801592,0.609901014638888,0.5877261368458263,0.4122738631541737,1.7014727392706075,2.4255721484484223,0.3866874732767572,0.2108180153010854,1-1,0.0,0.0,0.1755460413254899,0.1002332733362435
2026-08-11T22:18:29.407265+00:00,2026-08-22,2026-08-22T14:00:00+00:00,1,2026/27,Everton,Crystal Palace,V1.2,1.458115287983904,1.432434307513263,2.890549595497167,-0.0849999999999999,0.3717818097821612,0.2679200964583273,0.360298093759511,0.5940054161269916,0.4059945838730083,0.9345929366956862,0.7937579672391613,0.5518466881191377,0.5462311146331965,0.4537688853668035,1.8307269088314693,2.203765027193637,0.3282627392253469,0.1666926159666958,1-1,-0.0883525549557702,0.0904178188322672,0.1319137960276581,0.0492758867434802
2026-08-11T22:18:29.407265+00:00,2026-08-22,2026-08-22T14:00:00+00:00,1,2026/27,Ipswich Town,Sunderland,V1.2,1.581949792336805,1.1272547148411616,2.709204507177967,-0.0849999999999999,0.4686246804476616,0.2702091276788553,0.2611661918734833,0.5471879408555024,0.4528120591444976,0.9233166852409548,0.7630982305834393,0.5086271174982568,0.5156133628497376,0.4843866371502624,1.93943771059988,2.0644665300496063,0.2879374684479663,0.1384641204743233,1-1,0.0,0.0,-0.1980941118153214,0.0561150128379114
2026-08-11T22:18:29.407265+00:00,2026-08-22,2026-08-22T14:00:00+00:00,1,2026/27,Nott'm Forest,Leeds,V1.2,1.393321952946296,1.4918444902079249,2.8851664431542208,-0.0849999999999999,0.3440191876200827,0.2678848716598836,0.3880959407200338,0.5925056900823401,0.4074943099176599,0.9342875231179504,0.7928977287651404,0.5505964837924454,0.5453436841922303,0.4546563158077696,1.833706026102076,2.199463562324742,0.327059263759329,0.1658237422504462,1-1,-0.0765335445023149,0.0312346993189824,0.11336863385482,0.1065488102553076
2026-08-11T22:18:29.407265+00:00,2026-08-22,2026-08-22T16:30:00+00:00,1,2026/27,Brentford,Spurs,V1.2,2.007670238769056,1.3237705741236636,3.331440812892719,-0.0849999999999999,0.5249992356813158,0.232083872138372,0.2429168921803121,0.6433837765391297,0.3566162234608703,0.9561838788340248,0.8532603795714369,0.64684552819018,0.6146033877926663,0.3853966122073337,1.6270655513167225,2.5947296066578427,0.4265921886509454,0.2431519475217146,1-1,0.1822018197717722,0.0373951726145931,0.0,0.0
2026-08-11T22:18:29.407265+00:00,2026-08-23,2026-08-23T13:00:00+00:00,1,2026/27,Brighton,Aston Villa,V1.2,1.6799212924986735,1.361269875969851,3.0411911684685244,-0.0849999999999999,0.4411565411781172,0.2564385826259357,0.3024048761959471,0.6143410760706732,0.3856589239293267,0.9429348629170528,0.8162069433738995,0.585974062071829,0.5705414623209627,0.4294585376790373,1.752720995827367,2.3285134937691376,0.3619946141395774,0.1917035343970723,1-1,0.0950319451911219,0.1121605378939401,0.102699201585468,0.0910581474275352
2026-08-11T22:18:29.407265+00:00,2026-08-23,2026-08-23T13:00:00+00:00,1,2026/27,Man City,Bournemouth,V1.2,2.185229599097613,1.29394837995565,3.479177979053263,-0.0849999999999999,0.5694132885249108,0.2176709770148522,0.2129157344602366,0.6516038285392758,0.3483961714607242,0.9617560772617572,0.8693026528359907,0.6752783029976662,0.6356720601924187,0.3643279398075812,1.573138199116851,2.7447798830036123,0.4588574851880301,0.2706158493050339,2-1,0.3519224309944804,0.2695521316709335,0.2093711023809789,0.084974673139797
2026-08-11T22:18:29.407265+00:00,2026-08-23,2026-08-23T15:30:00+00:00,1,2026/27,Newcastle,Liverpool,V1.2,1.6751618260047985,1.8059864994256207,3.48114832543042,-0.0849999999999999,0.3536988305874822,0.2388390968255952,0.4074620725869226,0.687094361145392,0.312905638854608,0.9613146590035552,0.870018335400609,0.6756503655680597,0.6359504379805789,0.364049562019421,1.5724495814098938,2.7468787339089085,0.4592913910718347,0.2709969706319907,1-1,0.2034859307457143,0.0712623625180281,0.3444900093534425,0.202349302446126
2026-08-11T22:18:29.407265+00:00,2026-08-24,2026-08-24T19:00:00+00:00,1,2026/27,Fulham,Chelsea,V1.2,1.4896589938643463,1.6806896663205462,3.1703486601848923,-0.0849999999999999,0.3329446747040425,0.2522629278024316,0.4147923974935258,0.6392293333991691,0.3607706666008309,0.9490752387995436,0.8338267541367973,0.6138727662170542,0.5905935406634302,0.4094064593365698,1.6932118811808747,2.442560387592488,0.3908722669562445,0.2141249334432269,1-1,-0.0479298064154808,0.0736441124525308,0.2749690045658441,0.0682961078495448
2026-08-12T12:39:49.603109+00:00,2026-08-21,2026-08-21T19:00:00+00:00,1,2026/27,Arsenal,Coventry City,V1.2,2.3004986749304583,0.7898408175877842,3.0903394925182424,-0.0849999999999999,0.7066929666993168,0.18824388736455,0.1050631459361331,0.4983844663693608,0.5016155336306392,0.9474866677638378,0.820964715614155,0.5967302294016074,0.5782490466099817,0.4217509533900183,1.7293586662400182,2.3710675505580663,0.3729803715202049,0.2001146159561443,2-0,0.3183527697703152,0.5538031832789289,0.0,0.0
2026-08-12T12:39:49.603109+00:00,2026-08-22,2026-08-22T11:30:00+00:00,1,2026/27,Hull City,Man United,V1.2,1.5136740958622847,1.6379171006655189,3.151591196527804,-0.0849999999999999,0.3463651689454624,0.2538525186242671,0.3997823124302708,0.6373156050463672,0.3626843949536328,0.9481996863497336,0.8313942468801592,0.609901014638888,0.5877261368458263,0.4122738631541737,1.7014727392706075,2.4255721484484223,0.3866874732767572,0.2108180153010854,1-1,0.0,0.0,0.1755460413254899,0.1002332733362435
2026-08-12T12:39:49.603109+00:00,2026-08-22,2026-08-22T14:00:00+00:00,1,2026/27,Everton,Crystal Palace,V1.2,1.458115287983904,1.432434307513263,2.890549595497167,-0.0849999999999999,0.3717818097821612,0.2679200964583273,0.360298093759511,0.5940054161269916,0.4059945838730083,0.9345929366956862,0.7937579672391613,0.5518466881191377,0.5462311146331965,0.4537688853668035,1.8307269088314693,2.203765027193637,0.3282627392253469,0.1666926159666958,1-1,-0.0883525549557702,0.0904178188322672,0.1319137960276581,0.0492758867434802
2026-08-12T12:39:49.603109+00:00,2026-08-22,2026-08-22T14:00:00+00:00,1,2026/27,Ipswich Town,Sunderland,V1.2,1.581949792336805,1.1272547148411616,2.709204507177967,-0.0849999999999999,0.4686246804476616,0.2702091276788553,0.2611661918734833,0.5471879408555024,0.4528120591444976,0.9233166852409548,0.7630982305834393,0.5086271174982568,0.5156133628497376,0.4843866371502624,1.93943771059988,2.0644665300496063,0.2879374684479663,0.1384641204743233,1-1,0.0,0.0,-0.1980941118153214,0.0561150128379114
2026-08-12T12:39:49.603109+00:00,2026-08-22,2026-08-22T14:00:00+00:00,1,2026/27,Nott'm Forest,Leeds,V1.2,1.393321952946296,1.4918444902079249,2.8851664431542208,-0.0849999999999999,0.3440191876200827,0.2678848716598836,0.3880959407200338,0.5925056900823401,0.4074943099176599,0.9342875231179504,0.7928977287651404,0.5505964837924454,0.5453436841922303,0.4546563158077696,1.833706026102076,2.199463562324742,0.327059263759329,0.1658237422504462,1-1,-0.0765335445023149,0.0312346993189824,0.11336863385482,0.1065488102553076
2026-08-12T12:39:49.603109+00:00,2026-08-22,2026-08-22T16:30:00+00:00,1,2026/27,Brentford,Spurs,V1.2,2.007670238769056,1.3237705741236636,3.331440812892719,-0.0849999999999999,0.5249992356813158,0.232083872138372,0.2429168921803121,0.6433837765391297,0.3566162234608703,0.9561838788340248,0.8532603795714369,0.64684552819018,0.6146033877926663,0.3853966122073337,1.6270655513167225,2.5947296066578427,0.4265921886509454,0.2431519475217146,1-1,0.1822018197717722,0.0373951726145931,0.0,0.0
2026-08-12T12:39:49.603109+00:00,2026-08-23,2026-08-23T13:00:00+00:00,1,2026/27,Brighton,Aston Villa,V1.2,1.6799212924986735,1.361269875969851,3.0411911684685244,-0.0849999999999999,0.4411565411781172,0.2564385826259357,0.3024048761959471,0.6143410760706732,0.3856589239293267,0.9429348629170528,0.8162069433738995,0.585974062071829,0.5705414623209627,0.4294585376790373,1.752720995827367,2.3285134937691376,0.3619946141395774,0.1917035343970723,1-1,0.0950319451911219,0.1121605378939401,0.102699201585468,0.0910581474275352
2026-08-12T12:39:49.603109+00:00,2026-08-23,2026-08-23T13:00:00+00:00,1,2026/27,Man City,Bournemouth,V1.2,2.185229599097613,1.29394837995565,3.479177979053263,-0.0849999999999999,0.5694132885249108,0.2176709770148522,0.2129157344602366,0.6516038285392758,0.3483961714607242,0.9617560772617572,0.8693026528359907,0.6752783029976662,0.6356720601924187,0.3643279398075812,1.573138199116851,2.7447798830036123,0.4588574851880301,0.2706158493050339,2-1,0.3519224309944804,0.2695521316709335,0.2093711023809789,0.084974673139797
2026-08-12T12:39:49.603109+00:00,2026-08-23,2026-08-23T15:30:00+00:00,1,2026/27,Newcastle,Liverpool,V1.2,1.6751618260047985,1.8059864994256207,3.48114832543042,-0.0849999999999999,0.3536988305874822,0.2388390968255952,0.4074620725869226,0.687094361145392,0.312905638854608,0.9613146590035552,0.870018335400609,0.6756503655680597,0.6359504379805789,0.364049562019421,1.5724495814098938,2.7468787339089085,0.4592913910718347,0.2709969706319907,1-1,0.2034859307457143,0.0712623625180281,0.3444900093534425,0.202349302446126
2026-08-12T12:39:49.603109+00:00,2026-08-24,2026-08-24T19:00:00+00:00,1,2026/27,Fulham,Chelsea,V1.2,1.4896589938643463,1.6806896663205462,3.1703486601848923,-0.0849999999999999,0.3329446747040425,0.2522629278024316,0.4147923974935258,0.6392293333991691,0.3607706666008309,0.9490752387995436,0.8338267541367973,0.6138727662170542,0.5905935406634302,0.4094064593365698,1.6932118811808747,2.442560387592488,0.3908722669562445,0.2141249334432269,1-1,-0.0479298064154808,0.0736441124525308,0.2749690045658441,0.0682961078495448
2026-08-12T16:15:54.776208+00:00,2026-08-21,2026-08-21T19:00:00+00:00,1,2026/27,Arsenal,Coventry City,V1.2,2.3004986749304583,0.7898408175877842,3.0903394925182424,-0.0849999999999999,0.7066929666993168,0.18824388736455,0.1050631459361331,0.4983844663693608,0.5016155336306392,0.9474866677638378,0.820964715614155,0.5967302294016074,0.5782490466099817,0.4217509533900183,1.7293586662400182,2.3710675505580663,0.3729803715202049,0.2001146159561443,2-0,0.3183527697703152,0.5538031832789289,0.0,0.0
2026-08-12T16:15:54.776208+00:00,2026-08-22,2026-08-22T11:30:00+00:00,1,2026/27,Hull City,Man United,V1.2,1.5136740958622847,1.6379171006655189,3.151591196527804,-0.0849999999999999,0.3463651689454624,0.2538525186242671,0.3997823124302708,0.6373156050463672,0.3626843949536328,0.9481996863497336,0.8313942468801592,0.609901014638888,0.5877261368458263,0.4122738631541737,1.7014727392706075,2.4255721484484223,0.3866874732767572,0.2108180153010854,1-1,0.0,0.0,0.1755460413254899,0.1002332733362435
2026-08-12T16:15:54.776208+00:00,2026-08-22,2026-08-22T14:00:00+00:00,1,2026/27,Everton,Crystal Palace,V1.2,1.458115287983904,1.432434307513263,2.890549595497167,-0.0849999999999999,0.3717818097821612,0.2679200964583273,0.360298093759511,0.5940054161269916,0.4059945838730083,0.9345929366956862,0.7937579672391613,0.5518466881191377,0.5462311146331965,0.4537688853668035,1.8307269088314693,2.203765027193637,0.3282627392253469,0.1666926159666958,1-1,-0.0883525549557702,0.0904178188322672,0.1319137960276581,0.0492758867434802
2026-08-12T16:15:54.776208+00:00,2026-08-22,2026-08-22T14:00:00+00:00,1,2026/27,Ipswich Town,Sunderland,V1.2,1.581949792336805,1.1272547148411616,2.709204507177967,-0.0849999999999999,0.4686246804476616,0.2702091276788553,0.2611661918734833,0.5471879408555024,0.4528120591444976,0.9233166852409548,0.7630982305834393,0.5086271174982568,0.5156133628497376,0.4843866371502624,1.93943771059988,2.0644665300496063,0.2879374684479663,0.1384641204743233,1-1,0.0,0.0,-0.1980941118153214,0.0561150128379114
2026-08-12T16:15:54.776208+00:00,2026-08-22,2026-08-22T14:00:00+00:00,1,2026/27,Nott'm Forest,Leeds,V1.2,1.393321952946296,1.4918444902079249,2.8851664431542208,-0.0849999999999999,0.3440191876200827,0.2678848716598836,0.3880959407200338,0.5925056900823401,0.4074943099176599,0.9342875231179504,0.7928977287651404,0.5505964837924454,0.5453436841922303,0.4546563158077696,1.833706026102076,2.199463562324742,0.327059263759329,0.1658237422504462,1-1,-0.0765335445023149,0.0312346993189824,0.11336863385482,0.1065488102553076
2026-08-12T16:15:54.776208+00:00,2026-08-22,2026-08-22T16:30:00+00:00,1,2026/27,Brentford,Spurs,V1.2,2.007670238769056,1.3237705741236636,3.331440812892719,-0.0849999999999999,0.5249992356813158,0.232083872138372,0.2429168921803121,0.6433837765391297,0.3566162234608703,0.9561838788340248,0.8532603795714369,0.64684552819018,0.6146033877926663,0.3853966122073337,1.6270655513167225,2.5947296066578427,0.4265921886509454,0.2431519475217146,1-1,0.1822018197717722,0.0373951726145931,0.0,0.0
2026-08-12T16:15:54.776208+00:00,2026-08-23,2026-08-23T13:00:00+00:00,1,2026/27,Brighton,Aston Villa,V1.2,1.6799212924986735,1.361269875969851,3.0411911684685244,-0.0849999999999999,0.4411565411781172,0.2564385826259357,0.3024048761959471,0.6143410760706732,0.3856589239293267,0.9429348629170528,0.8162069433738995,0.585974062071829,0.5705414623209627,0.4294585376790373,1.752720995827367,2.3285134937691376,0.3619946141395774,0.1917035343970723,1-1,0.0950319451911219,0.1121605378939401,0.102699201585468,0.0910581474275352
2026-08-12T16:15:54.776208+00:00,2026-08-23,2026-08-23T13:00:00+00:00,1,2026/27,Man City,Bournemouth,V1.2,2.185229599097613,1.29394837995565,3.479177979053263,-0.0849999999999999,0.5694132885249108,0.2176709770148522,0.2129157344602366,0.6516038285392758,0.3483961714607242,0.9617560772617572,0.8693026528359907,0.6752783029976662,0.6356720601924187,0.3643279398075812,1.573138199116851,2.7447798830036123,0.4588574851880301,0.2706158493050339,2-1,0.3519224309944804,0.2695521316709335,0.2093711023809789,0.084974673139797
2026-08-12T16:15:54.776208+00:00,2026-08-23,2026-08-23T15:30:00+00:00,1,2026/27,Newcastle,Liverpool,V1.2,1.6751618260047985,1.8059864994256207,3.48114832543042,-0.0849999999999999,0.3536988305874822,0.2388390968255952,0.4074620725869226,0.687094361145392,0.312905638854608,0.9613146590035552,0.870018335400609,0.6756503655680597,0.6359504379805789,0.364049562019421,1.5724495814098938,2.7468787339089085,0.4592913910718347,0.2709969706319907,1-1,0.2034859307457143,0.0712623625180281,0.3444900093534425,0.202349302446126
2026-08-12T16:15:54.776208+00:00,2026-08-24,2026-08-24T19:00:00+00:00,1,2026/27,Fulham,Chelsea,V1.2,1.4896589938643463,1.6806896663205462,3.1703486601848923,-0.0849999999999999,0.3329446747040425,0.2522629278024316,0.4147923974935258,0.6392293333991691,0.3607706666008309,0.9490752387995436,0.8338267541367973,0.6138727662170542,0.5905935406634302,0.4094064593365698,1.6932118811808747,2.442560387592488,0.3908722669562445,0.2141249334432269,1-1,-0.0479298064154808,0.0736441124525308,0.2749690045658441,0.0682961078495448
2026-08-12T20:06:38.864386+00:00,2026-08-21,2026-08-21T19:00:00+00:00,1,2026/27,Arsenal,Coventry City,V1.2,2.300520709834532,0.7898702495613139,3.090390959395845,-0.0849999999999999,0.7066899706886675,0.1882434886923146,0.1050665406190179,0.49839766030186,0.5016023396981399,0.9474890411894002,0.820971917383902,0.5967414073505708,0.5782566748731481,0.4217433251268518,1.729335852836233,2.371110437134293,0.3729918856337947,0.200123510863128,2-0,0.3183429563658556,0.5537665548291025,0.0,0.0
2026-08-12T20:06:38.864386+00:00,2026-08-22,2026-08-22T11:30:00+00:00,1,2026/27,Hull City,Man United,V1.2,1.513683893377037,1.6379507610332196,3.1516346544102563,-0.0849999999999999,0.3463613671035044,0.2538502065016711,0.3997884263948247,0.6373222969353397,0.3626777030646603,0.9482016937779404,0.8313999583367437,0.6099102482534149,0.5877324272196005,0.4122675727803995,1.701454528773788,2.425609157799721,0.3866971734777552,0.2108256580326461,1-1,0.0,0.0,0.1755659578024097,0.1002461923609129
2026-08-12T20:06:38.864386+00:00,2026-08-22,2026-08-22T14:00:00+00:00,1,2026/27,Everton,Crystal Palace,V1.2,1.4581559379757625,1.4324504357033472,2.890606373679109,-0.0849999999999999,0.3717888356404011,0.2679169090690285,0.3602942552905703,0.594015396674154,0.4059846033258459,0.9345962643426152,0.7937669092490234,0.5518598633093029,0.5462399879695974,0.4537600120304026,1.8306971697862184,2.203808122107063,0.3282754338271286,0.1667017895979832,1-1,-0.0883272103708902,0.0904283519450653,0.1319349543378221,0.0492927449434677
2026-08-12T20:06:38.864386+00:00,2026-08-22,2026-08-22T14:00:00+00:00,1,2026/27,Ipswich Town,Sunderland,V1.2,1.5819131541729192,1.1273239772374954,2.709237131410415,-0.0849999999999999,0.4685994135101773,0.2702110846981377,0.2611895017916849,0.5472007283628513,0.4527992716371487,0.923318800563198,0.7631041732535311,0.508635090186494,0.5156184490405864,0.4843815509594136,1.939418579495564,2.064488207734795,0.2879446684214488,0.138468997123327,1-1,0.0,0.0,-0.1980333042997622,0.0561575649117087
2026-08-12T20:06:38.864386+00:00,2026-08-22,2026-08-22T14:00:00+00:00,1,2026/27,Nott'm Forest,Leeds,V1.2,1.3933426874649346,1.4918920878731858,2.8852347753381204,-0.0849999999999999,0.3440154025086313,0.2678808974791472,0.3881037000122215,0.5925175160115254,0.4074824839884746,0.9342915516147614,0.7929085258175054,0.5506123662797102,0.5453544750054488,0.4546455249945512,1.833669742950232,2.199515765632983,0.3270745384317624,0.1658347598041511,1-1,-0.0765101783200788,0.031246510592989,0.1134117158387142,0.1065766868681888
2026-08-12T20:06:38.864386+00:00,2026-08-22,2026-08-22T16:30:00+00:00,1,2026/27,Brentford,Spurs,V1.2,2.0077481255293,1.3237522967695696,3.331500422298869,-0.0849999999999999,0.5250203542789612,0.2320777211449524,0.2429019245760861,0.6433869620020602,0.3566130379979397,0.956186288736614,0.85326719723912,0.646857349940184,0.6146117720932135,0.3853882279067865,1.6270433555059496,2.594786056209971,0.426605316036634,0.243162880046168,1-1,0.1822212219425491,0.0374096137775571,0.0,0.0
2026-08-12T20:06:38.864386+00:00,2026-08-23,2026-08-23T13:00:00+00:00,1,2026/27,Brighton,Aston Villa,V1.2,1.6799617387000498,1.3612796941102414,3.041241432810291,-0.0849999999999999,0.4411642318142327,0.2564354104903988,0.3024003576953685,0.6143485536131386,0.3856514463868614,0.9429374405956666,0.8162140704657337,0.585985167510026,0.5705489907112727,0.4294510092887272,1.752697868684955,2.328554313229435,0.3620058720683022,0.191712093721045,1-1,0.095051581198208,0.1121731506554348,0.1027183927802748,0.0910730991515563
2026-08-12T20:06:38.864386+00:00,2026-08-23,2026-08-23T13:00:00+00:00,1,2026/27,Man City,Bournemouth,V1.2,2.185212771366879,1.29397300043879,3.4791857718056693,-0.0849999999999999,0.5694044390122719,0.2176726690405689,0.2129228919471594,0.651608472690708,0.348391527309292,0.9617562913984276,0.8693035151516972,0.6752797576425078,0.6356729067947483,0.3643270932052517,1.5731361039788485,2.744786261165123,0.4588591723883842,0.2706173171528843,2-1,0.3519079880977398,0.2695512306983252,0.2093885946078537,0.0849873226170581
2026-08-12T20:06:38.864386+00:00,2026-08-23,2026-08-23T15:30:00+00:00,1,2026/27,Newcastle,Liverpool,V1.2,1.675218414830531,1.805942518141254,3.481160932971785,-0.0849999999999999,0.3537194101919307,0.2388393064290855,0.4074412833789838,0.687097318740627,0.312902681259373,0.9613150721382148,0.8700196608101112,0.6756527163722901,0.6359519562244202,0.3640480437755797,1.5724458274126472,2.7468901896268885,0.4592941189467712,0.2709993447291997,1-1,0.2035037607245838,0.0712752796067303,0.3444779390658983,0.2023527435606102
2026-08-12T20:06:38.864386+00:00,2026-08-24,2026-08-24T19:00:00+00:00,1,2026/27,Fulham,Chelsea,V1.2,1.489702235708043,1.6806864777714314,3.1703887134794746,-0.0849999999999999,0.3329555035585402,0.2522615742904655,0.4147829221509944,0.6392366909300962,0.3607633090699038,0.949077036033962,0.8338319704614084,0.6138812180871412,0.5905992847236421,0.4094007152763579,1.6931954133129845,2.4425946577180984,0.3908811987811803,0.2141320127028494,1-1,-0.0479086622385251,0.073654940141424,0.2749773010588313,0.0683076161076916
2026-08-13T12:38:59.883755+00:00,2026-08-21,2026-08-21T19:00:00+00:00,1,2026/27,Arsenal,Coventry City,V1.2,2.300520709834532,0.7898702495613139,3.090390959395845,-0.0849999999999999,0.7066899706886675,0.1882434886923146,0.1050665406190179,0.49839766030186,0.5016023396981399,0.9474890411894002,0.820971917383902,0.5967414073505708,0.5782566748731481,0.4217433251268518,1.729335852836233,2.371110437134293,0.3729918856337947,0.200123510863128,2-0,0.3183429563658556,0.5537665548291025,0.0,0.0
2026-08-13T12:38:59.883755+00:00,2026-08-22,2026-08-22T11:30:00+00:00,1,2026/27,Hull City,Man United,V1.2,1.513683893377037,1.6379507610332196,3.1516346544102563,-0.0849999999999999,0.3463613671035044,0.2538502065016711,0.3997884263948247,0.6373222969353397,0.3626777030646603,0.9482016937779404,0.8313999583367437,0.6099102482534149,0.5877324272196005,0.4122675727803995,1.701454528773788,2.425609157799721,0.3866971734777552,0.2108256580326461,1-1,0.0,0.0,0.1755659578024097,0.1002461923609129
2026-08-13T12:38:59.883755+00:00,2026-08-22,2026-08-22T14:00:00+00:00,1,2026/27,Everton,Crystal Palace,V1.2,1.4581559379757625,1.4324504357033472,2.890606373679109,-0.0849999999999999,0.3717888356404011,0.2679169090690285,0.3602942552905703,0.594015396674154,0.4059846033258459,0.9345962643426152,0.7937669092490234,0.5518598633093029,0.5462399879695974,0.4537600120304026,1.8306971697862184,2.203808122107063,0.3282754338271286,0.1667017895979832,1-1,-0.0883272103708902,0.0904283519450653,0.1319349543378221,0.0492927449434677
2026-08-13T12:38:59.883755+00:00,2026-08-22,2026-08-22T14:00:00+00:00,1,2026/27,Ipswich Town,Sunderland,V1.2,1.5819131541729192,1.1273239772374954,2.709237131410415,-0.0849999999999999,0.4685994135101773,0.2702110846981377,0.2611895017916849,0.5472007283628513,0.4527992716371487,0.923318800563198,0.7631041732535311,0.508635090186494,0.5156184490405864,0.4843815509594136,1.939418579495564,2.064488207734795,0.2879446684214488,0.138468997123327,1-1,0.0,0.0,-0.1980333042997622,0.0561575649117087
2026-08-13T12:38:59.883755+00:00,2026-08-22,2026-08-22T14:00:00+00:00,1,2026/27,Nott'm Forest,Leeds,V1.2,1.3933426874649346,1.4918920878731858,2.8852347753381204,-0.0849999999999999,0.3440154025086313,0.2678808974791472,0.3881037000122215,0.5925175160115254,0.4074824839884746,0.9342915516147614,0.7929085258175054,0.5506123662797102,0.5453544750054488,0.4546455249945512,1.833669742950232,2.199515765632983,0.3270745384317624,0.1658347598041511,1-1,-0.0765101783200788,0.031246510592989,0.1134117158387142,0.1065766868681888
2026-08-13T12:38:59.883755+00:00,2026-08-22,2026-08-22T16:30:00+00:00,1,2026/27,Brentford,Spurs,V1.2,2.0077481255293,1.3237522967695696,3.331500422298869,-0.0849999999999999,0.5250203542789612,0.2320777211449524,0.2429019245760861,0.6433869620020602,0.3566130379979397,0.956186288736614,0.85326719723912,0.646857349940184,0.6146117720932135,0.3853882279067865,1.6270433555059496,2.594786056209971,0.426605316036634,0.243162880046168,1-1,0.1822212219425491,0.0374096137775571,0.0,0.0
2026-08-13T12:38:59.883755+00:00,2026-08-23,2026-08-23T13:00:00+00:00,1,2026/27,Brighton,Aston Villa,V1.2,1.6799617387000498,1.3612796941102414,3.041241432810291,-0.0849999999999999,0.4411642318142327,0.2564354104903988,0.3024003576953685,0.6143485536131386,0.3856514463868614,0.9429374405956666,0.8162140704657337,0.585985167510026,0.5705489907112727,0.4294510092887272,1.752697868684955,2.328554313229435,0.3620058720683022,0.191712093721045,1-1,0.095051581198208,0.1121731506554348,0.1027183927802748,0.0910730991515563
2026-08-13T12:38:59.883755+00:00,2026-08-23,2026-08-23T13:00:00+00:00,1,2026/27,Man City,Bournemouth,V1.2,2.185212771366879,1.29397300043879,3.4791857718056693,-0.0849999999999999,0.5694044390122719,0.2176726690405689,0.2129228919471594,0.651608472690708,0.348391527309292,0.9617562913984276,0.8693035151516972,0.6752797576425078,0.6356729067947483,0.3643270932052517,1.5731361039788485,2.744786261165123,0.4588591723883842,0.2706173171528843,2-1,0.3519079880977398,0.2695512306983252,0.2093885946078537,0.0849873226170581
2026-08-13T12:38:59.883755+00:00,2026-08-23,2026-08-23T15:30:00+00:00,1,2026/27,Newcastle,Liverpool,V1.2,1.675218414830531,1.805942518141254,3.481160932971785,-0.0849999999999999,0.3537194101919307,0.2388393064290855,0.4074412833789838,0.687097318740627,0.312902681259373,0.9613150721382148,0.8700196608101112,0.6756527163722901,0.6359519562244202,0.3640480437755797,1.5724458274126472,2.7468901896268885,0.4592941189467712,0.2709993447291997,1-1,0.2035037607245838,0.0712752796067303,0.3444779390658983,0.2023527435606102
2026-08-13T12:38:59.883755+00:00,2026-08-24,2026-08-24T19:00:00+00:00,1,2026/27,Fulham,Chelsea,V1.2,1.489702235708043,1.6806864777714314,3.1703887134794746,-0.0849999999999999,0.3329555035585402,0.2522615742904655,0.4147829221509944,0.6392366909300962,0.3607633090699038,0.949077036033962,0.8338319704614084,0.6138812180871412,0.5905992847236421,0.4094007152763579,1.6931954133129845,2.4425946577180984,0.3908811987811803,0.2141320127028494,1-1,-0.0479086622385251,0.073654940141424,0.2749773010588313,0.0683076161076916
2026-08-13T16:15:04.599672+00:00,2026-08-21,2026-08-21T19:00:00+00:00,1,2026/27,Arsenal,Coventry City,V1.2,2.3004986749304583,0.7898408175877842,3.0903394925182424,-0.0849999999999999,0.7066929666993168,0.18824388736455,0.1050631459361331,0.4983844663693608,0.5016155336306392,0.9474866677638378,0.820964715614155,0.5967302294016074,0.5782490466099817,0.4217509533900183,1.7293586662400182,2.3710675505580663,0.3729803715202049,0.2001146159561443,2-0,0.3183527697703152,0.5538031832789289,0.0,0.0
2026-08-13T16:15:04.599672+00:00,2026-08-22,2026-08-22T11:30:00+00:00,1,2026/27,Hull City,Man United,V1.2,1.5136740958622847,1.6379171006655189,3.151591196527804,-0.0849999999999999,0.3463651689454624,0.2538525186242671,0.3997823124302708,0.6373156050463672,0.3626843949536328,0.9481996863497336,0.8313942468801592,0.609901014638888,0.5877261368458263,0.4122738631541737,1.7014727392706075,2.4255721484484223,0.3866874732767572,0.2108180153010854,1-1,0.0,0.0,0.1755460413254899,0.1002332733362435
2026-08-13T16:15:04.599672+00:00,2026-08-22,2026-08-22T14:00:00+00:00,1,2026/27,Everton,Crystal Palace,V1.2,1.458115287983904,1.432434307513263,2.890549595497167,-0.0849999999999999,0.3717818097821612,0.2679200964583273,0.360298093759511,0.5940054161269916,0.4059945838730083,0.9345929366956862,0.7937579672391613,0.5518466881191377,0.5462311146331965,0.4537688853668035,1.8307269088314693,2.203765027193637,0.3282627392253469,0.1666926159666958,1-1,-0.0883525549557702,0.0904178188322672,0.1319137960276581,0.0492758867434802
2026-08-13T16:15:04.599672+00:00,2026-08-22,2026-08-22T14:00:00+00:00,1,2026/27,Ipswich Town,Sunderland,V1.2,1.581949792336805,1.1272547148411616,2.709204507177967,-0.0849999999999999,0.4686246804476616,0.2702091276788553,0.2611661918734833,0.5471879408555024,0.4528120591444976,0.9233166852409548,0.7630982305834393,0.5086271174982568,0.5156133628497376,0.4843866371502624,1.93943771059988,2.0644665300496063,0.2879374684479663,0.1384641204743233,1-1,0.0,0.0,-0.1980941118153214,0.0561150128379114
2026-08-13T16:15:04.599672+00:00,2026-08-22,2026-08-22T14:00:00+00:00,1,2026/27,Nott'm Forest,Leeds,V1.2,1.393321952946296,1.4918444902079249,2.8851664431542208,-0.0849999999999999,0.3440191876200827,0.2678848716598836,0.3880959407200338,0.5925056900823401,0.4074943099176599,0.9342875231179504,0.7928977287651404,0.5505964837924454,0.5453436841922303,0.4546563158077696,1.833706026102076,2.199463562324742,0.327059263759329,0.1658237422504462,1-1,-0.0765335445023149,0.0312346993189824,0.11336863385482,0.1065488102553076
2026-08-13T16:15:04.599672+00:00,2026-08-22,2026-08-22T16:30:00+00:00,1,2026/27,Brentford,Spurs,V1.2,2.007670238769056,1.3237705741236636,3.331440812892719,-0.0849999999999999,0.5249992356813158,0.232083872138372,0.2429168921803121,0.6433837765391297,0.3566162234608703,0.9561838788340248,0.8532603795714369,0.64684552819018,0.6146033877926663,0.3853966122073337,1.6270655513167225,2.5947296066578427,0.4265921886509454,0.2431519475217146,1-1,0.1822018197717722,0.0373951726145931,0.0,0.0
2026-08-13T16:15:04.599672+00:00,2026-08-23,2026-08-23T13:00:00+00:00,1,2026/27,Brighton,Aston Villa,V1.2,1.6799212924986735,1.361269875969851,3.0411911684685244,-0.0849999999999999,0.4411565411781172,0.2564385826259357,0.3024048761959471,0.6143410760706732,0.3856589239293267,0.9429348629170528,0.8162069433738995,0.585974062071829,0.5705414623209627,0.4294585376790373,1.752720995827367,2.3285134937691376,0.3619946141395774,0.1917035343970723,1-1,0.0950319451911219,0.1121605378939401,0.102699201585468,0.0910581474275352
2026-08-13T16:15:04.599672+00:00,2026-08-23,2026-08-23T13:00:00+00:00,1,2026/27,Man City,Bournemouth,V1.2,2.185229599097613,1.29394837995565,3.479177979053263,-0.0849999999999999,0.5694132885249108,0.2176709770148522,0.2129157344602366,0.6516038285392758,0.3483961714607242,0.9617560772617572,0.8693026528359907,0.6752783029976662,0.6356720601924187,0.3643279398075812,1.573138199116851,2.7447798830036123,0.4588574851880301,0.2706158493050339,2-1,0.3519224309944804,0.2695521316709335,0.2093711023809789,0.084974673139797
2026-08-13T16:15:04.599672+00:00,2026-08-23,2026-08-23T15:30:00+00:00,1,2026/27,Newcastle,Liverpool,V1.2,1.6751618260047985,1.8059864994256207,3.48114832543042,-0.0849999999999999,0.3536988305874822,0.2388390968255952,0.4074620725869226,0.687094361145392,0.312905638854608,0.9613146590035552,0.870018335400609,0.6756503655680597,0.6359504379805789,0.364049562019421,1.5724495814098938,2.7468787339089085,0.4592913910718347,0.2709969706319907,1-1,0.2034859307457143,0.0712623625180281,0.3444900093534425,0.202349302446126
2026-08-13T16:15:04.599672+00:00,2026-08-24,2026-08-24T19:00:00+00:00,1,2026/27,Fulham,Chelsea,V1.2,1.4896589938643463,1.6806896663205462,3.1703486601848923,-0.0849999999999999,0.3329446747040425,0.2522629278024316,0.4147923974935258,0.6392293333991691,0.3607706666008309,0.9490752387995436,0.8338267541367973,0.6138727662170542,0.5905935406634302,0.4094064593365698,1.6932118811808747,2.442560387592488,0.3908722669562445,0.2141249334432269,1-1,-0.0479298064154808,0.0736441124525308,0.2749690045658441,0.0682961078495448
2026-08-13T20:00:56.940862+00:00,2026-08-21,2026-08-21T19:00:00+00:00,1,2026/27,Arsenal,Coventry City,V1.2,2.300520709834532,0.7898702495613139,3.090390959395845,-0.0849999999999999,0.7066899706886675,0.1882434886923146,0.1050665406190179,0.49839766030186,0.5016023396981399,0.9474890411894002,0.820971917383902,0.5967414073505708,0.5782566748731481,0.4217433251268518,1.729335852836233,2.371110437134293,0.3729918856337947,0.200123510863128,2-0,0.3183429563658556,0.5537665548291025,0.0,0.0
2026-08-13T20:00:56.940862+00:00,2026-08-22,2026-08-22T11:30:00+00:00,1,2026/27,Hull City,Man United,V1.2,1.513683893377037,1.6379507610332196,3.1516346544102563,-0.0849999999999999,0.3463613671035044,0.2538502065016711,0.3997884263948247,0.6373222969353397,0.3626777030646603,0.9482016937779404,0.8313999583367437,0.6099102482534149,0.5877324272196005,0.4122675727803995,1.701454528773788,2.425609157799721,0.3866971734777552,0.2108256580326461,1-1,0.0,0.0,0.1755659578024097,0.1002461923609129
2026-08-13T20:00:56.940862+00:00,2026-08-22,2026-08-22T14:00:00+00:00,1,2026/27,Everton,Crystal Palace,V1.2,1.4581559379757625,1.4324504357033472,2.890606373679109,-0.0849999999999999,0.3717888356404011,0.2679169090690285,0.3602942552905703,0.594015396674154,0.4059846033258459,0.9345962643426152,0.7937669092490234,0.5518598633093029,0.5462399879695974,0.4537600120304026,1.8306971697862184,2.203808122107063,0.3282754338271286,0.1667017895979832,1-1,-0.0883272103708902,0.0904283519450653,0.1319349543378221,0.0492927449434677
2026-08-13T20:00:56.940862+00:00,2026-08-22,2026-08-22T14:00:00+00:00,1,2026/27,Ipswich Town,Sunderland,V1.2,1.5819131541729192,1.1273239772374954,2.709237131410415,-0.0849999999999999,0.4685994135101773,0.2702110846981377,0.2611895017916849,0.5472007283628513,0.4527992716371487,0.923318800563198,0.7631041732535311,0.508635090186494,0.5156184490405864,0.4843815509594136,1.939418579495564,2.064488207734795,0.2879446684214488,0.138468997123327,1-1,0.0,0.0,-0.1980333042997622,0.0561575649117087
2026-08-13T20:00:56.940862+00:00,2026-08-22,2026-08-22T14:00:00+00:00,1,2026/27,Nott'm Forest,Leeds,V1.2,1.3933426874649346,1.4918920878731858,2.8852347753381204,-0.0849999999999999,0.3440154025086313,0.2678808974791472,0.3881037000122215,0.5925175160115254,0.4074824839884746,0.9342915516147614,0.7929085258175054,0.5506123662797102,0.5453544750054488,0.4546455249945512,1.833669742950232,2.199515765632983,0.3270745384317624,0.1658347598041511,1-1,-0.0765101783200788,0.031246510592989,0.1134117158387142,0.1065766868681888
2026-08-13T20:00:56.940862+00:00,2026-08-22,2026-08-22T16:30:00+00:00,1,2026/27,Brentford,Spurs,V1.2,2.0077481255293,1.3237522967695696,3.331500422298869,-0.0849999999999999,0.5250203542789612,0.2320777211449524,0.2429019245760861,0.6433869620020602,0.3566130379979397,0.956186288736614,0.85326719723912,0.646857349940184,0.6146117720932135,0.3853882279067865,1.6270433555059496,2.594786056209971,0.426605316036634,0.243162880046168,1-1,0.1822212219425491,0.0374096137775571,0.0,0.0
2026-08-13T20:00:56.940862+00:00,2026-08-23,2026-08-23T13:00:00+00:00,1,2026/27,Brighton,Aston Villa,V1.2,1.6799617387000498,1.3612796941102414,3.041241432810291,-0.0849999999999999,0.4411642318142327,0.2564354104903988,0.3024003576953685,0.6143485536131386,0.3856514463868614,0.9429374405956666,0.8162140704657337,0.585985167510026,0.5705489907112727,0.4294510092887272,1.752697868684955,2.328554313229435,0.3620058720683022,0.191712093721045,1-1,0.095051581198208,0.1121731506554348,0.1027183927802748,0.0910730991515563
2026-08-13T20:00:56.940862+00:00,2026-08-23,2026-08-23T13:00:00+00:00,1,2026/27,Man City,Bournemouth,V1.2,2.185212771366879,1.29397300043879,3.4791857718056693,-0.0849999999999999,0.5694044390122719,0.2176726690405689,0.2129228919471594,0.651608472690708,0.348391527309292,0.9617562913984276,0.8693035151516972,0.6752797576425078,0.6356729067947483,0.3643270932052517,1.5731361039788485,2.744786261165123,0.4588591723883842,0.2706173171528843,2-1,0.3519079880977398,0.2695512306983252,0.2093885946078537,0.0849873226170581
2026-08-13T20:00:56.940862+00:00,2026-08-23,2026-08-23T15:30:00+00:00,1,2026/27,Newcastle,Liverpool,V1.2,1.675218414830531,1.805942518141254,3.481160932971785,-0.0849999999999999,0.3537194101919307,0.2388393064290855,0.4074412833789838,0.687097318740627,0.312902681259373,0.9613150721382148,0.8700196608101112,0.6756527163722901,0.6359519562244202,0.3640480437755797,1.5724458274126472,2.7468901896268885,0.4592941189467712,0.2709993447291997,1-1,0.2035037607245838,0.0712752796067303,0.3444779390658983,0.2023527435606102
2026-08-13T20:00:56.940862+00:00,2026-08-24,2026-08-24T19:00:00+00:00,1,2026/27,Fulham,Chelsea,V1.2,1.489702235708043,1.6806864777714314,3.1703887134794746,-0.0849999999999999,0.3329555035585402,0.2522615742904655,0.4147829221509944,0.6392366909300962,0.3607633090699038,0.949077036033962,0.8338319704614084,0.6138812180871412,0.5905992847236421,0.4094007152763579,1.6931954133129845,2.4425946577180984,0.3908811987811803,0.2141320127028494,1-1,-0.0479086622385251,0.073654940141424,0.2749773010588313,0.0683076161076916
2026-08-14T12:33:37.678589+00:00,2026-08-21,2026-08-21T19:00:00+00:00,1,2026/27,Arsenal,Coventry City,V1.2,2.3004986749304583,0.7898408175877842,3.0903394925182424,-0.0849999999999999,0.7066929666993168,0.18824388736455,0.1050631459361331,0.4983844663693608,0.5016155336306392,0.9474866677638378,0.820964715614155,0.5967302294016074,0.5782490466099817,0.4217509533900183,1.7293586662400182,2.3710675505580663,0.3729803715202049,0.2001146159561443,2-0,0.3183527697703152,0.5538031832789289,0.0,0.0
2026-08-14T12:33:37.678589+00:00,2026-08-22,2026-08-22T11:30:00+00:00,1,2026/27,Hull City,Man United,V1.2,1.5136740958622847,1.6379171006655189,3.151591196527804,-0.0849999999999999,0.3463651689454624,0.2538525186242671,0.3997823124302708,0.6373156050463672,0.3626843949536328,0.9481996863497336,0.8313942468801592,0.609901014638888,0.5877261368458263,0.4122738631541737,1.7014727392706075,2.4255721484484223,0.3866874732767572,0.2108180153010854,1-1,0.0,0.0,0.1755460413254899,0.1002332733362435
2026-08-14T12:33:37.678589+00:00,2026-08-22,2026-08-22T14:00:00+00:00,1,2026/27,Everton,Crystal Palace,V1.2,1.458115287983904,1.432434307513263,2.890549595497167,-0.0849999999999999,0.3717818097821612,0.2679200964583273,0.360298093759511,0.5940054161269916,0.4059945838730083,0.9345929366956862,0.7937579672391613,0.5518466881191377,0.5462311146331965,0.4537688853668035,1.8307269088314693,2.203765027193637,0.3282627392253469,0.1666926159666958,1-1,-0.0883525549557702,0.0904178188322672,0.1319137960276581,0.0492758867434802
2026-08-14T12:33:37.678589+00:00,2026-08-22,2026-08-22T14:00:00+00:00,1,2026/27,Ipswich Town,Sunderland,V1.2,1.581949792336805,1.1272547148411616,2.709204507177967,-0.0849999999999999,0.4686246804476616,0.2702091276788553,0.2611661918734833,0.5471879408555024,0.4528120591444976,0.9233166852409548,0.7630982305834393,0.5086271174982568,0.5156133628497376,0.4843866371502624,1.93943771059988,2.0644665300496063,0.2879374684479663,0.1384641204743233,1-1,0.0,0.0,-0.1980941118153214,0.0561150128379114
2026-08-14T12:33:37.678589+00:00,2026-08-22,2026-08-22T14:00:00+00:00,1,2026/27,Nott'm Forest,Leeds,V1.2,1.393321952946296,1.4918444902079249,2.8851664431542208,-0.0849999999999999,0.3440191876200827,0.2678848716598836,0.3880959407200338,0.5925056900823401,0.4074943099176599,0.9342875231179504,0.7928977287651404,0.5505964837924454,0.5453436841922303,0.4546563158077696,1.833706026102076,2.199463562324742,0.327059263759329,0.1658237422504462,1-1,-0.0765335445023149,0.0312346993189824,0.11336863385482,0.1065488102553076
2026-08-14T12:33:37.678589+00:00,2026-08-22,2026-08-22T16:30:00+00:00,1,2026/27,Brentford,Spurs,V1.2,2.007670238769056,1.3237705741236636,3.331440812892719,-0.0849999999999999,0.5249992356813158,0.232083872138372,0.2429168921803121,0.6433837765391297,0.3566162234608703,0.9561838788340248,0.8532603795714369,0.64684552819018,0.6146033877926663,0.3853966122073337,1.6270655513167225,2.5947296066578427,0.4265921886509454,0.2431519475217146,1-1,0.1822018197717722,0.0373951726145931,0.0,0.0
2026-08-14T12:33:37.678589+00:00,2026-08-23,2026-08-23T13:00:00+00:00,1,2026/27,Brighton,Aston Villa,V1.2,1.6799212924986735,1.361269875969851,3.0411911684685244,-0.0849999999999999,0.4411565411781172,0.2564385826259357,0.3024048761959471,0.6143410760706732,0.3856589239293267,0.9429348629170528,0.8162069433738995,0.585974062071829,0.5705414623209627,0.4294585376790373,1.752720995827367,2.3285134937691376,0.3619946141395774,0.1917035343970723,1-1,0.0950319451911219,0.1121605378939401,0.102699201585468,0.0910581474275352
2026-08-14T12:33:37.678589+00:00,2026-08-23,2026-08-23T13:00:00+00:00,1,2026/27,Man City,Bournemouth,V1.2,2.185229599097613,1.29394837995565,3.479177979053263,-0.0849999999999999,0.5694132885249108,0.2176709770148522,0.2129157344602366,0.6516038285392758,0.3483961714607242,0.9617560772617572,0.8693026528359907,0.6752783029976662,0.6356720601924187,0.3643279398075812,1.573138199116851,2.7447798830036123,0.4588574851880301,0.2706158493050339,2-1,0.3519224309944804,0.2695521316709335,0.2093711023809789,0.084974673139797
2026-08-14T12:33:37.678589+00:00,2026-08-23,2026-08-23T15:30:00+00:00,1,2026/27,Newcastle,Liverpool,V1.2,1.6751618260047985,1.8059864994256207,3.48114832543042,-0.0849999999999999,0.3536988305874822,0.2388390968255952,0.4074620725869226,0.687094361145392,0.312905638854608,0.9613146590035552,0.870018335400609,0.6756503655680597,0.6359504379805789,0.364049562019421,1.5724495814098938,2.7468787339089085,0.4592913910718347,0.2709969706319907,1-1,0.2034859307457143,0.0712623625180281,0.3444900093534425,0.202349302446126
2026-08-14T12:33:37.678589+00:00,2026-08-24,2026-08-24T19:00:00+00:00,1,2026/27,Fulham,Chelsea,V1.2,1.4896589938643463,1.6806896663205462,3.1703486601848923,-0.0849999999999999,0.3329446747040425,0.2522629278024316,0.4147923974935258,0.6392293333991691,0.3607706666008309,0.9490752387995436,0.8338267541367973,0.6138727662170542,0.5905935406634302,0.4094064593365698,1.6932118811808747,2.442560387592488,0.3908722669562445,0.2141249334432269,1-1,-0.0479298064154808,0.0736441124525308,0.2749690045658441,0.0682961078495448
2026-08-14T15:41:09.426769+00:00,2026-08-21,2026-08-21T19:00:00+00:00,1,2026/27,Arsenal,Coventry City,V1.2,2.3004986749304583,0.7898408175877842,3.0903394925182424,-0.0849999999999999,0.7066929666993168,0.18824388736455,0.1050631459361331,0.4983844663693608,0.5016155336306392,0.9474866677638378,0.820964715614155,0.5967302294016074,0.5782490466099817,0.4217509533900183,1.7293586662400182,2.3710675505580663,0.3729803715202049,0.2001146159561443,2-0,0.3183527697703152,0.5538031832789289,0.0,0.0
2026-08-14T15:41:09.426769+00:00,2026-08-22,2026-08-22T11:30:00+00:00,1,2026/27,Hull City,Man United,V1.2,1.5136740958622847,1.6379171006655189,3.151591196527804,-0.0849999999999999,0.3463651689454624,0.2538525186242671,0.3997823124302708,0.6373156050463672,0.3626843949536328,0.9481996863497336,0.8313942468801592,0.609901014638888,0.5877261368458263,0.4122738631541737,1.7014727392706075,2.4255721484484223,0.3866874732767572,0.2108180153010854,1-1,0.0,0.0,0.1755460413254899,0.1002332733362435
2026-08-14T15:41:09.426769+00:00,2026-08-22,2026-08-22T14:00:00+00:00,1,2026/27,Everton,Crystal Palace,V1.2,1.458115287983904,1.432434307513263,2.890549595497167,-0.0849999999999999,0.3717818097821612,0.2679200964583273,0.360298093759511,0.5940054161269916,0.4059945838730083,0.9345929366956862,0.7937579672391613,0.5518466881191377,0.5462311146331965,0.4537688853668035,1.8307269088314693,2.203765027193637,0.3282627392253469,0.1666926159666958,1-1,-0.0883525549557702,0.0904178188322672,0.1319137960276581,0.0492758867434802
2026-08-14T15:41:09.426769+00:00,2026-08-22,2026-08-22T14:00:00+00:00,1,2026/27,Ipswich Town,Sunderland,V1.2,1.581949792336805,1.1272547148411616,2.709204507177967,-0.0849999999999999,0.4686246804476616,0.2702091276788553,0.2611661918734833,0.5471879408555024,0.4528120591444976,0.9233166852409548,0.7630982305834393,0.5086271174982568,0.5156133628497376,0.4843866371502624,1.93943771059988,2.0644665300496063,0.2879374684479663,0.1384641204743233,1-1,0.0,0.0,-0.1980941118153214,0.0561150128379114
2026-08-14T15:41:09.426769+00:00,2026-08-22,2026-08-22T14:00:00+00:00,1,2026/27,Nott'm Forest,Leeds,V1.2,1.393321952946296,1.4918444902079249,2.8851664431542208,-0.0849999999999999,0.3440191876200827,0.2678848716598836,0.3880959407200338,0.5925056900823401,0.4074943099176599,0.9342875231179504,0.7928977287651404,0.5505964837924454,0.5453436841922303,0.4546563158077696,1.833706026102076,2.199463562324742,0.327059263759329,0.1658237422504462,1-1,-0.0765335445023149,0.0312346993189824,0.11336863385482,0.1065488102553076
2026-08-14T15:41:09.426769+00:00,2026-08-22,2026-08-22T16:30:00+00:00,1,2026/27,Brentford,Spurs,V1.2,2.007670238769056,1.3237705741236636,3.331440812892719,-0.0849999999999999,0.5249992356813158,0.232083872138372,0.2429168921803121,0.6433837765391297,0.3566162234608703,0.9561838788340248,0.8532603795714369,0.64684552819018,0.6146033877926663,0.3853966122073337,1.6270655513167225,2.5947296066578427,0.4265921886509454,0.2431519475217146,1-1,0.1822018197717722,0.0373951726145931,0.0,0.0
2026-08-14T15:41:09.426769+00:00,2026-08-23,2026-08-23T13:00:00+00:00,1,2026/27,Brighton,Aston Villa,V1.2,1.6799212924986735,1.361269875969851,3.0411911684685244,-0.0849999999999999,0.4411565411781172,0.2564385826259357,0.3024048761959471,0.6143410760706732,0.3856589239293267,0.9429348629170528,0.8162069433738995,0.585974062071829,0.5705414623209627,0.4294585376790373,1.752720995827367,2.3285134937691376,0.3619946141395774,0.1917035343970723,1-1,0.0950319451911219,0.1121605378939401,0.102699201585468,0.0910581474275352
2026-08-14T15:41:09.426769+00:00,2026-08-23,2026-08-23T13:00:00+00:00,1,2026/27,Man City,Bournemouth,V1.2,2.185229599097613,1.29394837995565,3.479177979053263,-0.0849999999999999,0.5694132885249108,0.2176709770148522,0.2129157344602366,0.6516038285392758,0.3483961714607242,0.9617560772617572,0.8693026528359907,0.6752783029976662,0.6356720601924187,0.3643279398075812,1.573138199116851,2.7447798830036123,0.4588574851880301,0.2706158493050339,2-1,0.3519224309944804,0.2695521316709335,0.2093711023809789,0.084974673139797
2026-08-14T15:41:09.426769+00:00,2026-08-23,2026-08-23T15:30:00+00:00,1,2026/27,Newcastle,Liverpool,V1.2,1.6751618260047985,1.8059864994256207,3.48114832543042,-0.0849999999999999,0.3536988305874822,0.2388390968255952,0.4074620725869226,0.687094361145392,0.312905638854608,0.9613146590035552,0.870018335400609,0.6756503655680597,0.6359504379805789,0.364049562019421,1.5724495814098938,2.7468787339089085,0.4592913910718347,0.2709969706319907,1-1,0.2034859307457143,0.0712623625180281,0.3444900093534425,0.202349302446126
2026-08-14T15:41:09.426769+00:00,2026-08-24,2026-08-24T19:00:00+00:00,1,2026/27,Fulham,Chelsea,V1.2,1.4896589938643463,1.6806896663205462,3.1703486601848923,-0.0849999999999999,0.3329446747040425,0.2522629278024316,0.4147923974935258,0.6392293333991691,0.3607706666008309,0.9490752387995436,0.8338267541367973,0.6138727662170542,0.5905935406634302,0.4094064593365698,1.6932118811808747,2.442560387592488,0.3908722669562445,0.2141249334432269,1-1,-0.0479298064154808,0.0736441124525308,0.2749690045658441,0.0682961078495448
2026-08-14T19:54:29.605524+00:00,2026-08-21,2026-08-21T19:00:00+00:00,1,2026/27,Arsenal,Coventry City,V1.2,2.3004986749304583,0.7898408175877842,3.0903394925182424,-0.0849999999999999,0.7066929666993168,0.18824388736455,0.1050631459361331,0.4983844663693608,0.5016155336306392,0.9474866677638378,0.820964715614155,0.5967302294016074,0.5782490466099817,0.4217509533900183,1.7293586662400182,2.3710675505580663,0.3729803715202049,0.2001146159561443,2-0,0.3183527697703152,0.5538031832789289,0.0,0.0
2026-08-14T19:54:29.605524+00:00,2026-08-22,2026-08-22T11:30:00+00:00,1,2026/27,Hull City,Man United,V1.2,1.5136740958622847,1.6379171006655189,3.151591196527804,-0.0849999999999999,0.3463651689454624,0.2538525186242671,0.3997823124302708,0.6373156050463672,0.3626843949536328,0.9481996863497336,0.8313942468801592,0.609901014638888,0.5877261368458263,0.4122738631541737,1.7014727392706075,2.4255721484484223,0.3866874732767572,0.2108180153010854,1-1,0.0,0.0,0.1755460413254899,0.1002332733362435
2026-08-14T19:54:29.605524+00:00,2026-08-22,2026-08-22T14:00:00+00:00,1,2026/27,Everton,Crystal Palace,V1.2,1.458115287983904,1.432434307513263,2.890549595497167,-0.0849999999999999,0.3717818097821612,0.2679200964583273,0.360298093759511,0.5940054161269916,0.4059945838730083,0.9345929366956862,0.7937579672391613,0.5518466881191377,0.5462311146331965,0.4537688853668035,1.8307269088314693,2.203765027193637,0.3282627392253469,0.1666926159666958,1-1,-0.0883525549557702,0.0904178188322672,0.1319137960276581,0.0492758867434802
2026-08-14T19:54:29.605524+00:00,2026-08-22,2026-08-22T14:00:00+00:00,1,2026/27,Ipswich Town,Sunderland,V1.2,1.581949792336805,1.1272547148411616,2.709204507177967,-0.0849999999999999,0.4686246804476616,0.2702091276788553,0.2611661918734833,0.5471879408555024,0.4528120591444976,0.9233166852409548,0.7630982305834393,0.5086271174982568,0.5156133628497376,0.4843866371502624,1.93943771059988,2.0644665300496063,0.2879374684479663,0.1384641204743233,1-1,0.0,0.0,-0.1980941118153214,0.0561150128379114
2026-08-14T19:54:29.605524+00:00,2026-08-22,2026-08-22T14:00:00+00:00,1,2026/27,Nott'm Forest,Leeds,V1.2,1.393321952946296,1.4918444902079249,2.8851664431542208,-0.0849999999999999,0.3440191876200827,0.2678848716598836,0.3880959407200338,0.5925056900823401,0.4074943099176599,0.9342875231179504,0.7928977287651404,0.5505964837924454,0.5453436841922303,0.4546563158077696,1.833706026102076,2.199463562324742,0.327059263759329,0.1658237422504462,1-1,-0.0765335445023149,0.0312346993189824,0.11336863385482,0.1065488102553076
2026-08-14T19:54:29.605524+00:00,2026-08-22,2026-08-22T16:30:00+00:00,1,2026/27,Brentford,Spurs,V1.2,2.007670238769056,1.3237705741236636,3.331440812892719,-0.0849999999999999,0.5249992356813158,0.232083872138372,0.2429168921803121,0.6433837765391297,0.3566162234608703,0.9561838788340248,0.8532603795714369,0.64684552819018,0.6146033877926663,0.3853966122073337,1.6270655513167225,2.5947296066578427,0.4265921886509454,0.2431519475217146,1-1,0.1822018197717722,0.0373951726145931,0.0,0.0
2026-08-14T19:54:29.605524+00:00,2026-08-23,2026-08-23T13:00:00+00:00,1,2026/27,Brighton,Aston Villa,V1.2,1.6799212924986735,1.361269875969851,3.0411911684685244,-0.0849999999999999,0.4411565411781172,0.2564385826259357,0.3024048761959471,0.6143410760706732,0.3856589239293267,0.9429348629170528,0.8162069433738995,0.585974062071829,0.5705414623209627,0.4294585376790373,1.752720995827367,2.3285134937691376,0.3619946141395774,0.1917035343970723,1-1,0.0950319451911219,0.1121605378939401,0.102699201585468,0.0910581474275352
2026-08-14T19:54:29.605524+00:00,2026-08-23,2026-08-23T13:00:00+00:00,1,2026/27,Man City,Bournemouth,V1.2,2.185229599097613,1.29394837995565,3.479177979053263,-0.0849999999999999,0.5694132885249108,0.2176709770148522,0.2129157344602366,0.6516038285392758,0.3483961714607242,0.9617560772617572,0.8693026528359907,0.6752783029976662,0.6356720601924187,0.3643279398075812,1.573138199116851,2.7447798830036123,0.4588574851880301,0.2706158493050339,2-1,0.3519224309944804,0.2695521316709335,0.2093711023809789,0.084974673139797
2026-08-14T19:54:29.605524+00:00,2026-08-23,2026-08-23T15:30:00+00:00,1,2026/27,Newcastle,Liverpool,V1.2,1.6751618260047985,1.8059864994256207,3.48114832543042,-0.0849999999999999,0.3536988305874822,0.2388390968255952,0.4074620725869226,0.687094361145392,0.312905638854608,0.9613146590035552,0.870018335400609,0.6756503655680597,0.6359504379805789,0.364049562019421,1.5724495814098938,2.7468787339089085,0.4592913910718347,0.2709969706319907,1-1,0.2034859307457143,0.0712623625180281,0.3444900093534425,0.202349302446126
2026-08-14T19:54:29.605524+00:00,2026-08-24,2026-08-24T19:00:00+00:00,1,2026/27,Fulham,Chelsea,V1.2,1.4896589938643463,1.6806896663205462,3.1703486601848923,-0.0849999999999999,0.3329446747040425,0.2522629278024316,0.4147923974935258,0.6392293333991691,0.3607706666008309,0.9490752387995436,0.8338267541367973,0.6138727662170542,0.5905935406634302,0.4094064593365698,1.6932118811808747,2.442560387592488,0.3908722669562445,0.2141249334432269,1-1,-0.0479298064154808,0.0736441124525308,0.2749690045658441,0.0682961078495448
2026-08-15T03:53:21.416916+00:00,2026-08-21,2026-08-21T19:00:00+00:00,1,2026/27,Arsenal,Coventry City,V1.2,2.3004986749304583,0.7898408175877842,3.0903394925182424,-0.0849999999999999,0.7066929666993168,0.18824388736455,0.1050631459361331,0.4983844663693608,0.5016155336306392,0.9474866677638378,0.820964715614155,0.5967302294016074,0.5782490466099817,0.4217509533900183,1.7293586662400182,2.3710675505580663,0.3729803715202049,0.2001146159561443,2-0,0.3183527697703152,0.5538031832789289,0.0,0.0
2026-08-15T03:53:21.416916+00:00,2026-08-22,2026-08-22T11:30:00+00:00,1,2026/27,Hull City,Man United,V1.2,1.5136740958622847,1.6379171006655189,3.151591196527804,-0.0849999999999999,0.3463651689454624,0.2538525186242671,0.3997823124302708,0.6373156050463672,0.3626843949536328,0.9481996863497336,0.8313942468801592,0.609901014638888,0.5877261368458263,0.4122738631541737,1.7014727392706075,2.4255721484484223,0.3866874732767572,0.2108180153010854,1-1,0.0,0.0,0.1755460413254899,0.1002332733362435
2026-08-15T03:53:21.416916+00:00,2026-08-22,2026-08-22T14:00:00+00:00,1,2026/27,Everton,Crystal Palace,V1.2,1.458115287983904,1.432434307513263,2.890549595497167,-0.0849999999999999,0.3717818097821612,0.2679200964583273,0.360298093759511,0.5940054161269916,0.4059945838730083,0.9345929366956862,0.7937579672391613,0.5518466881191377,0.5462311146331965,0.4537688853668035,1.8307269088314693,2.203765027193637,0.3282627392253469,0.1666926159666958,1-1,-0.0883525549557702,0.0904178188322672,0.1319137960276581,0.0492758867434802
2026-08-15T03:53:21.416916+00:00,2026-08-22,2026-08-22T14:00:00+00:00,1,2026/27,Ipswich Town,Sunderland,V1.2,1.581949792336805,1.1272547148411616,2.709204507177967,-0.0849999999999999,0.4686246804476616,0.2702091276788553,0.2611661918734833,0.5471879408555024,0.4528120591444976,0.9233166852409548,0.7630982305834393,0.5086271174982568,0.5156133628497376,0.4843866371502624,1.93943771059988,2.0644665300496063,0.2879374684479663,0.1384641204743233,1-1,0.0,0.0,-0.1980941118153214,0.0561150128379114
2026-08-15T03:53:21.416916+00:00,2026-08-22,2026-08-22T14:00:00+00:00,1,2026/27,Nott'm Forest,Leeds,V1.2,1.393321952946296,1.4918444902079249,2.8851664431542208,-0.0849999999999999,0.3440191876200827,0.2678848716598836,0.3880959407200338,0.5925056900823401,0.4074943099176599,0.9342875231179504,0.7928977287651404,0.5505964837924454,0.5453436841922303,0.4546563158077696,1.833706026102076,2.199463562324742,0.327059263759329,0.1658237422504462,1-1,-0.0765335445023149,0.0312346993189824,0.11336863385482,0.1065488102553076
2026-08-15T03:53:21.416916+00:00,2026-08-22,2026-08-22T16:30:00+00:00,1,2026/27,Brentford,Spurs,V1.2,2.007670238769056,1.3237705741236636,3.331440812892719,-0.0849999999999999,0.5249992356813158,0.232083872138372,0.2429168921803121,0.6433837765391297,0.3566162234608703,0.9561838788340248,0.8532603795714369,0.64684552819018,0.6146033877926663,0.3853966122073337,1.6270655513167225,2.5947296066578427,0.4265921886509454,0.2431519475217146,1-1,0.1822018197717722,0.0373951726145931,0.0,0.0
2026-08-15T03:53:21.416916+00:00,2026-08-23,2026-08-23T13:00:00+00:00,1,2026/27,Brighton,Aston Villa,V1.2,1.6799212924986735,1.361269875969851,3.0411911684685244,-0.0849999999999999,0.4411565411781172,0.2564385826259357,0.3024048761959471,0.6143410760706732,0.3856589239293267,0.9429348629170528,0.8162069433738995,0.585974062071829,0.5705414623209627,0.4294585376790373,1.752720995827367,2.3285134937691376,0.3619946141395774,0.1917035343970723,1-1,0.0950319451911219,0.1121605378939401,0.102699201585468,0.0910581474275352
2026-08-15T03:53:21.416916+00:00,2026-08-23,2026-08-23T13:00:00+00:00,1,2026/27,Man City,Bournemouth,V1.2,2.185229599097613,1.29394837995565,3.479177979053263,-0.0849999999999999,0.5694132885249108,0.2176709770148522,0.2129157344602366,0.6516038285392758,0.3483961714607242,0.9617560772617572,0.8693026528359907,0.6752783029976662,0.6356720601924187,0.3643279398075812,1.573138199116851,2.7447798830036123,0.4588574851880301,0.2706158493050339,2-1,0.3519224309944804,0.2695521316709335,0.2093711023809789,0.084974673139797
2026-08-15T03:53:21.416916+00:00,2026-08-23,2026-08-23T15:30:00+00:00,1,2026/27,Newcastle,Liverpool,V1.2,1.6751618260047985,1.8059864994256207,3.48114832543042,-0.0849999999999999,0.3536988305874822,0.2388390968255952,0.4074620725869226,0.687094361145392,0.312905638854608,0.9613146590035552,0.870018335400609,0.6756503655680597,0.6359504379805789,0.364049562019421,1.5724495814098938,2.7468787339089085,0.4592913910718347,0.2709969706319907,1-1,0.2034859307457143,0.0712623625180281,0.3444900093534425,0.202349302446126
2026-08-15T03:53:21.416916+00:00,2026-08-24,2026-08-24T19:00:00+00:00,1,2026/27,Fulham,Chelsea,V1.2,1.4896589938643463,1.6806896663205462,3.1703486601848923,-0.0849999999999999,0.3329446747040425,0.2522629278024316,0.4147923974935258,0.6392293333991691,0.3607706666008309,0.9490752387995436,0.8338267541367973,0.6138727662170542,0.5905935406634302,0.4094064593365698,1.6932118811808747,2.442560387592488,0.3908722669562445,0.2141249334432269,1-1,-0.0479298064154808,0.0736441124525308,0.2749690045658441,0.0682961078495448
2026-08-15T10:56:05.868947+00:00,2026-08-21,2026-08-21T19:00:00+00:00,1,2026/27,Arsenal,Coventry City,V1.2,2.3004986749304583,0.7898408175877842,3.0903394925182424,-0.0849999999999999,0.7066929666993168,0.18824388736455,0.1050631459361331,0.4983844663693608,0.5016155336306392,0.9474866677638378,0.820964715614155,0.5967302294016074,0.5782490466099817,0.4217509533900183,1.7293586662400182,2.3710675505580663,0.3729803715202049,0.2001146159561443,2-0,0.3183527697703152,0.5538031832789289,0.0,0.0
2026-08-15T10:56:05.868947+00:00,2026-08-22,2026-08-22T11:30:00+00:00,1,2026/27,Hull City,Man United,V1.2,1.5136740958622847,1.6379171006655189,3.151591196527804,-0.0849999999999999,0.3463651689454624,0.2538525186242671,0.3997823124302708,0.6373156050463672,0.3626843949536328,0.9481996863497336,0.8313942468801592,0.609901014638888,0.5877261368458263,0.4122738631541737,1.7014727392706075,2.4255721484484223,0.3866874732767572,0.2108180153010854,1-1,0.0,0.0,0.1755460413254899,0.1002332733362435
2026-08-15T10:56:05.868947+00:00,2026-08-22,2026-08-22T14:00:00+00:00,1,2026/27,Everton,Crystal Palace,V1.2,1.458115287983904,1.432434307513263,2.890549595497167,-0.0849999999999999,0.3717818097821612,0.2679200964583273,0.360298093759511,0.5940054161269916,0.4059945838730083,0.9345929366956862,0.7937579672391613,0.5518466881191377,0.5462311146331965,0.4537688853668035,1.8307269088314693,2.203765027193637,0.3282627392253469,0.1666926159666958,1-1,-0.0883525549557702,0.0904178188322672,0.1319137960276581,0.0492758867434802
2026-08-15T10:56:05.868947+00:00,2026-08-22,2026-08-22T14:00:00+00:00,1,2026/27,Ipswich Town,Sunderland,V1.2,1.581949792336805,1.1272547148411616,2.709204507177967,-0.0849999999999999,0.4686246804476616,0.2702091276788553,0.2611661918734833,0.5471879408555024,0.4528120591444976,0.9233166852409548,0.7630982305834393,0.5086271174982568,0.5156133628497376,0.4843866371502624,1.93943771059988,2.0644665300496063,0.2879374684479663,0.1384641204743233,1-1,0.0,0.0,-0.1980941118153214,0.0561150128379114
2026-08-15T10:56:05.868947+00:00,2026-08-22,2026-08-22T14:00:00+00:00,1,2026/27,Nott'm Forest,Leeds,V1.2,1.393321952946296,1.4918444902079249,2.8851664431542208,-0.0849999999999999,0.3440191876200827,0.2678848716598836,0.3880959407200338,0.5925056900823401,0.4074943099176599,0.9342875231179504,0.7928977287651404,0.5505964837924454,0.5453436841922303,0.4546563158077696,1.833706026102076,2.199463562324742,0.327059263759329,0.1658237422504462,1-1,-0.0765335445023149,0.0312346993189824,0.11336863385482,0.1065488102553076
2026-08-15T10:56:05.868947+00:00,2026-08-22,2026-08-22T16:30:00+00:00,1,2026/27,Brentford,Spurs,V1.2,2.007670238769056,1.3237705741236636,3.331440812892719,-0.0849999999999999,0.5249992356813158,0.232083872138372,0.2429168921803121,0.6433837765391297,0.3566162234608703,0.9561838788340248,0.8532603795714369,0.64684552819018,0.6146033877926663,0.3853966122073337,1.6270655513167225,2.5947296066578427,0.4265921886509454,0.2431519475217146,1-1,0.1822018197717722,0.0373951726145931,0.0,0.0
2026-08-15T10:56:05.868947+00:00,2026-08-23,2026-08-23T13:00:00+00:00,1,2026/27,Brighton,Aston Villa,V1.2,1.6799212924986735,1.361269875969851,3.0411911684685244,-0.0849999999999999,0.4411565411781172,0.2564385826259357,0.3024048761959471,0.6143410760706732,0.3856589239293267,0.9429348629170528,0.8162069433738995,0.585974062071829,0.5705414623209627,0.4294585376790373,1.752720995827367,2.3285134937691376,0.3619946141395774,0.1917035343970723,1-1,0.0950319451911219,0.1121605378939401,0.102699201585468,0.0910581474275352
2026-08-15T10:56:05.868947+00:00,2026-08-23,2026-08-23T13:00:00+00:00,1,2026/27,Man City,Bournemouth,V1.2,2.185229599097613,1.29394837995565,3.479177979053263,-0.0849999999999999,0.5694132885249108,0.2176709770148522,0.2129157344602366,0.6516038285392758,0.3483961714607242,0.9617560772617572,0.8693026528359907,0.6752783029976662,0.6356720601924187,0.3643279398075812,1.573138199116851,2.7447798830036123,0.4588574851880301,0.2706158493050339,2-1,0.3519224309944804,0.2695521316709335,0.2093711023809789,0.084974673139797
2026-08-15T10:56:05.868947+00:00,2026-08-23,2026-08-23T15:30:00+00:00,1,2026/27,Newcastle,Liverpool,V1.2,1.6751618260047985,1.8059864994256207,3.48114832543042,-0.0849999999999999,0.3536988305874822,0.2388390968255952,0.4074620725869226,0.687094361145392,0.312905638854608,0.9613146590035552,0.870018335400609,0.6756503655680597,0.6359504379805789,0.364049562019421,1.5724495814098938,2.7468787339089085,0.4592913910718347,0.2709969706319907,1-1,0.2034859307457143,0.0712623625180281,0.3444900093534425,0.202349302446126
2026-08-15T10:56:05.868947+00:00,2026-08-24,2026-08-24T19:00:00+00:00,1,2026/27,Fulham,Chelsea,V1.2,1.4896589938643463,1.6806896663205462,3.1703486601848923,-0.0849999999999999,0.3329446747040425,0.2522629278024316,0.4147923974935258,0.6392293333991691,0.3607706666008309,0.9490752387995436,0.8338267541367973,0.6138727662170542,0.5905935406634302,0.4094064593365698,1.6932118811808747,2.442560387592488,0.3908722669562445,0.2141249334432269,1-1,-0.0479298064154808,0.0736441124525308,0.2749690045658441,0.0682961078495448
2026-08-15T13:58:38.036043+00:00,2026-08-21,2026-08-21T19:00:00+00:00,1,2026/27,Arsenal,Coventry City,V1.2,2.3004986749304583,0.7898408175877842,3.0903394925182424,-0.0849999999999999,0.7066929666993168,0.18824388736455,0.1050631459361331,0.4983844663693608,0.5016155336306392,0.9474866677638378,0.820964715614155,0.5967302294016074,0.5782490466099817,0.4217509533900183,1.7293586662400182,2.3710675505580663,0.3729803715202049,0.2001146159561443,2-0,0.3183527697703152,0.5538031832789289,0.0,0.0
2026-08-15T13:58:38.036043+00:00,2026-08-22,2026-08-22T11:30:00+00:00,1,2026/27,Hull City,Man United,V1.2,1.5136740958622847,1.6379171006655189,3.151591196527804,-0.0849999999999999,0.3463651689454624,0.2538525186242671,0.3997823124302708,0.6373156050463672,0.3626843949536328,0.9481996863497336,0.8313942468801592,0.609901014638888,0.5877261368458263,0.4122738631541737,1.7014727392706075,2.4255721484484223,0.3866874732767572,0.2108180153010854,1-1,0.0,0.0,0.1755460413254899,0.1002332733362435
2026-08-15T13:58:38.036043+00:00,2026-08-22,2026-08-22T14:00:00+00:00,1,2026/27,Everton,Crystal Palace,V1.2,1.458115287983904,1.432434307513263,2.890549595497167,-0.0849999999999999,0.3717818097821612,0.2679200964583273,0.360298093759511,0.5940054161269916,0.4059945838730083,0.9345929366956862,0.7937579672391613,0.5518466881191377,0.5462311146331965,0.4537688853668035,1.8307269088314693,2.203765027193637,0.3282627392253469,0.1666926159666958,1-1,-0.0883525549557702,0.0904178188322672,0.1319137960276581,0.0492758867434802
2026-08-15T13:58:38.036043+00:00,2026-08-22,2026-08-22T14:00:00+00:00,1,2026/27,Ipswich Town,Sunderland,V1.2,1.581949792336805,1.1272547148411616,2.709204507177967,-0.0849999999999999,0.4686246804476616,0.2702091276788553,0.2611661918734833,0.5471879408555024,0.4528120591444976,0.9233166852409548,0.7630982305834393,0.5086271174982568,0.5156133628497376,0.4843866371502624,1.93943771059988,2.0644665300496063,0.2879374684479663,0.1384641204743233,1-1,0.0,0.0,-0.1980941118153214,0.0561150128379114
2026-08-15T13:58:38.036043+00:00,2026-08-22,2026-08-22T14:00:00+00:00,1,2026/27,Nott'm Forest,Leeds,V1.2,1.393321952946296,1.4918444902079249,2.8851664431542208,-0.0849999999999999,0.3440191876200827,0.2678848716598836,0.3880959407200338,0.5925056900823401,0.4074943099176599,0.9342875231179504,0.7928977287651404,0.5505964837924454,0.5453436841922303,0.4546563158077696,1.833706026102076,2.199463562324742,0.327059263759329,0.1658237422504462,1-1,-0.0765335445023149,0.0312346993189824,0.11336863385482,0.1065488102553076
2026-08-15T13:58:38.036043+00:00,2026-08-22,2026-08-22T16:30:00+00:00,1,2026/27,Brentford,Spurs,V1.2,2.007670238769056,1.3237705741236636,3.331440812892719,-0.0849999999999999,0.5249992356813158,0.232083872138372,0.2429168921803121,0.6433837765391297,0.3566162234608703,0.9561838788340248,0.8532603795714369,0.64684552819018,0.6146033877926663,0.3853966122073337,1.6270655513167225,2.5947296066578427,0.4265921886509454,0.2431519475217146,1-1,0.1822018197717722,0.0373951726145931,0.0,0.0
2026-08-15T13:58:38.036043+00:00,2026-08-23,2026-08-23T13:00:00+00:00,1,2026/27,Brighton,Aston Villa,V1.2,1.6799212924986735,1.361269875969851,3.0411911684685244,-0.0849999999999999,0.4411565411781172,0.2564385826259357,0.3024048761959471,0.6143410760706732,0.3856589239293267,0.9429348629170528,0.8162069433738995,0.585974062071829,0.5705414623209627,0.4294585376790373,1.752720995827367,2.3285134937691376,0.3619946141395774,0.1917035343970723,1-1,0.0950319451911219,0.1121605378939401,0.102699201585468,0.0910581474275352
2026-08-15T13:58:38.036043+00:00,2026-08-23,2026-08-23T13:00:00+00:00,1,2026/27,Man City,Bournemouth,V1.2,2.185229599097613,1.29394837995565,3.479177979053263,-0.0849999999999999,0.5694132885249108,0.2176709770148522,0.2129157344602366,0.6516038285392758,0.3483961714607242,0.9617560772617572,0.8693026528359907,0.6752783029976662,0.6356720601924187,0.3643279398075812,1.573138199116851,2.7447798830036123,0.4588574851880301,0.2706158493050339,2-1,0.3519224309944804,0.2695521316709335,0.2093711023809789,0.084974673139797
2026-08-15T13:58:38.036043+00:00,2026-08-23,2026-08-23T15:30:00+00:00,1,2026/27,Newcastle,Liverpool,V1.2,1.6751618260047985,1.8059864994256207,3.48114832543042,-0.0849999999999999,0.3536988305874822,0.2388390968255952,0.4074620725869226,0.687094361145392,0.312905638854608,0.9613146590035552,0.870018335400609,0.6756503655680597,0.6359504379805789,0.364049562019421,1.5724495814098938,2.7468787339089085,0.4592913910718347,0.2709969706319907,1-1,0.2034859307457143,0.0712623625180281,0.3444900093534425,0.202349302446126
2026-08-15T13:58:38.036043+00:00,2026-08-24,2026-08-24T19:00:00+00:00,1,2026/27,Fulham,Chelsea,V1.2,1.4896589938643463,1.6806896663205462,3.1703486601848923,-0.0849999999999999,0.3329446747040425,0.2522629278024316,0.4147923974935258,0.6392293333991691,0.3607706666008309,0.9490752387995436,0.8338267541367973,0.6138727662170542,0.5905935406634302,0.4094064593365698,1.6932118811808747,2.442560387592488,0.3908722669562445,0.2141249334432269,1-1,-0.0479298064154808,0.0736441124525308,0.2749690045658441,0.0682961078495448
2026-08-15T17:47:03.245299+00:00,2026-08-21,2026-08-21T19:00:00+00:00,1,2026/27,Arsenal,Coventry City,V1.2,2.300520709834532,0.7898702495613139,3.090390959395845,-0.0849999999999999,0.7066899706886675,0.1882434886923146,0.1050665406190179,0.49839766030186,0.5016023396981399,0.9474890411894002,0.820971917383902,0.5967414073505708,0.5782566748731481,0.4217433251268518,1.729335852836233,2.371110437134293,0.3729918856337947,0.200123510863128,2-0,0.3183429563658556,0.5537665548291025,0.0,0.0
2026-08-15T17:47:03.245299+00:00,2026-08-22,2026-08-22T11:30:00+00:00,1,2026/27,Hull City,Man United,V1.2,1.513683893377037,1.6379507610332196,3.1516346544102563,-0.0849999999999999,0.3463613671035044,0.2538502065016711,0.3997884263948247,0.6373222969353397,0.3626777030646603,0.9482016937779404,0.8313999583367437,0.6099102482534149,0.5877324272196005,0.4122675727803995,1.701454528773788,2.425609157799721,0.3866971734777552,0.2108256580326461,1-1,0.0,0.0,0.1755659578024097,0.1002461923609129
2026-08-15T17:47:03.245299+00:00,2026-08-22,2026-08-22T14:00:00+00:00,1,2026/27,Everton,Crystal Palace,V1.2,1.4581559379757625,1.4324504357033472,2.890606373679109,-0.0849999999999999,0.3717888356404011,0.2679169090690285,0.3602942552905703,0.594015396674154,0.4059846033258459,0.9345962643426152,0.7937669092490234,0.5518598633093029,0.5462399879695974,0.4537600120304026,1.8306971697862184,2.203808122107063,0.3282754338271286,0.1667017895979832,1-1,-0.0883272103708902,0.0904283519450653,0.1319349543378221,0.0492927449434677
2026-08-15T17:47:03.245299+00:00,2026-08-22,2026-08-22T14:00:00+00:00,1,2026/27,Ipswich Town,Sunderland,V1.2,1.5819131541729192,1.1273239772374954,2.709237131410415,-0.0849999999999999,0.4685994135101773,0.2702110846981377,0.2611895017916849,0.5472007283628513,0.4527992716371487,0.923318800563198,0.7631041732535311,0.508635090186494,0.5156184490405864,0.4843815509594136,1.939418579495564,2.064488207734795,0.2879446684214488,0.138468997123327,1-1,0.0,0.0,-0.1980333042997622,0.0561575649117087
2026-08-15T17:47:03.245299+00:00,2026-08-22,2026-08-22T14:00:00+00:00,1,2026/27,Nott'm Forest,Leeds,V1.2,1.3933426874649346,1.4918920878731858,2.8852347753381204,-0.0849999999999999,0.3440154025086313,0.2678808974791472,0.3881037000122215,0.5925175160115254,0.4074824839884746,0.9342915516147614,0.7929085258175054,0.5506123662797102,0.5453544750054488,0.4546455249945512,1.833669742950232,2.199515765632983,0.3270745384317624,0.1658347598041511,1-1,-0.0765101783200788,0.031246510592989,0.1134117158387142,0.1065766868681888
2026-08-15T17:47:03.245299+00:00,2026-08-22,2026-08-22T16:30:00+00:00,1,2026/27,Brentford,Spurs,V1.2,2.0077481255293,1.3237522967695696,3.331500422298869,-0.0849999999999999,0.5250203542789612,0.2320777211449524,0.2429019245760861,0.6433869620020602,0.3566130379979397,0.956186288736614,0.85326719723912,0.646857349940184,0.6146117720932135,0.3853882279067865,1.6270433555059496,2.594786056209971,0.426605316036634,0.243162880046168,1-1,0.1822212219425491,0.0374096137775571,0.0,0.0
2026-08-15T17:47:03.245299+00:00,2026-08-23,2026-08-23T13:00:00+00:00,1,2026/27,Brighton,Aston Villa,V1.2,1.6799617387000498,1.3612796941102414,3.041241432810291,-0.0849999999999999,0.4411642318142327,0.2564354104903988,0.3024003576953685,0.6143485536131386,0.3856514463868614,0.9429374405956666,0.8162140704657337,0.585985167510026,0.5705489907112727,0.4294510092887272,1.752697868684955,2.328554313229435,0.3620058720683022,0.191712093721045,1-1,0.095051581198208,0.1121731506554348,0.1027183927802748,0.0910730991515563
2026-08-15T17:47:03.245299+00:00,2026-08-23,2026-08-23T13:00:00+00:00,1,2026/27,Man City,Bournemouth,V1.2,2.185212771366879,1.29397300043879,3.4791857718056693,-0.0849999999999999,0.5694044390122719,0.2176726690405689,0.2129228919471594,0.651608472690708,0.348391527309292,0.9617562913984276,0.8693035151516972,0.6752797576425078,0.6356729067947483,0.3643270932052517,1.5731361039788485,2.744786261165123,0.4588591723883842,0.2706173171528843,2-1,0.3519079880977398,0.2695512306983252,0.2093885946078537,0.0849873226170581
2026-08-15T17:47:03.245299+00:00,2026-08-23,2026-08-23T15:30:00+00:00,1,2026/27,Newcastle,Liverpool,V1.2,1.675218414830531,1.805942518141254,3.481160932971785,-0.0849999999999999,0.3537194101919307,0.2388393064290855,0.4074412833789838,0.687097318740627,0.312902681259373,0.9613150721382148,0.8700196608101112,0.6756527163722901,0.6359519562244202,0.3640480437755797,1.5724458274126472,2.7468901896268885,0.4592941189467712,0.2709993447291997,1-1,0.2035037607245838,0.0712752796067303,0.3444779390658983,0.2023527435606102
2026-08-15T17:47:03.245299+00:00,2026-08-24,2026-08-24T19:00:00+00:00,1,2026/27,Fulham,Chelsea,V1.2,1.489702235708043,1.6806864777714314,3.1703887134794746,-0.0849999999999999,0.3329555035585402,0.2522615742904655,0.4147829221509944,0.6392366909300962,0.3607633090699038,0.949077036033962,0.8338319704614084,0.6138812180871412,0.5905992847236421,0.4094007152763579,1.6931954133129845,2.4425946577180984,0.3908811987811803,0.2141320127028494,1-1,-0.0479086622385251,0.073654940141424,0.2749773010588313,0.0683076161076916
2026-08-16T00:09:58.932557+00:00,2026-08-21,2026-08-21T19:00:00+00:00,1,2026/27,Arsenal,Coventry City,V1.2,2.3004986749304583,0.7898408175877842,3.0903394925182424,-0.0849999999999999,0.7066929666993168,0.18824388736455,0.1050631459361331,0.4983844663693608,0.5016155336306392,0.9474866677638378,0.820964715614155,0.5967302294016074,0.5782490466099817,0.4217509533900183,1.7293586662400182,2.3710675505580663,0.3729803715202049,0.2001146159561443,2-0,0.3183527697703152,0.5538031832789289,0.0,0.0
2026-08-16T00:09:58.932557+00:00,2026-08-22,2026-08-22T11:30:00+00:00,1,2026/27,Hull City,Man United,V1.2,1.5136740958622847,1.6379171006655189,3.151591196527804,-0.0849999999999999,0.3463651689454624,0.2538525186242671,0.3997823124302708,0.6373156050463672,0.3626843949536328,0.9481996863497336,0.8313942468801592,0.609901014638888,0.5877261368458263,0.4122738631541737,1.7014727392706075,2.4255721484484223,0.3866874732767572,0.2108180153010854,1-1,0.0,0.0,0.1755460413254899,0.1002332733362435
2026-08-16T00:09:58.932557+00:00,2026-08-22,2026-08-22T14:00:00+00:00,1,2026/27,Everton,Crystal Palace,V1.2,1.458115287983904,1.432434307513263,2.890549595497167,-0.0849999999999999,0.3717818097821612,0.2679200964583273,0.360298093759511,0.5940054161269916,0.4059945838730083,0.9345929366956862,0.7937579672391613,0.5518466881191377,0.5462311146331965,0.4537688853668035,1.8307269088314693,2.203765027193637,0.3282627392253469,0.1666926159666958,1-1,-0.0883525549557702,0.0904178188322672,0.1319137960276581,0.0492758867434802
2026-08-16T00:09:58.932557+00:00,2026-08-22,2026-08-22T14:00:00+00:00,1,2026/27,Ipswich Town,Sunderland,V1.2,1.581949792336805,1.1272547148411616,2.709204507177967,-0.0849999999999999,0.4686246804476616,0.2702091276788553,0.2611661918734833,0.5471879408555024,0.4528120591444976,0.9233166852409548,0.7630982305834393,0.5086271174982568,0.5156133628497376,0.4843866371502624,1.93943771059988,2.0644665300496063,0.2879374684479663,0.1384641204743233,1-1,0.0,0.0,-0.1980941118153214,0.0561150128379114
2026-08-16T00:09:58.932557+00:00,2026-08-22,2026-08-22T14:00:00+00:00,1,2026/27,Nott'm Forest,Leeds,V1.2,1.393321952946296,1.4918444902079249,2.8851664431542208,-0.0849999999999999,0.3440191876200827,0.2678848716598836,0.3880959407200338,0.5925056900823401,0.4074943099176599,0.9342875231179504,0.7928977287651404,0.5505964837924454,0.5453436841922303,0.4546563158077696,1.833706026102076,2.199463562324742,0.327059263759329,0.1658237422504462,1-1,-0.0765335445023149,0.0312346993189824,0.11336863385482,0.1065488102553076
2026-08-16T00:09:58.932557+00:00,2026-08-22,2026-08-22T16:30:00+00:00,1,2026/27,Brentford,Spurs,V1.2,2.007670238769056,1.3237705741236636,3.331440812892719,-0.0849999999999999,0.5249992356813158,0.232083872138372,0.2429168921803121,0.6433837765391297,0.3566162234608703,0.9561838788340248,0.8532603795714369,0.64684552819018,0.6146033877926663,0.3853966122073337,1.6270655513167225,2.5947296066578427,0.4265921886509454,0.2431519475217146,1-1,0.1822018197717722,0.0373951726145931,0.0,0.0
2026-08-16T00:09:58.932557+00:00,2026-08-23,2026-08-23T13:00:00+00:00,1,2026/27,Brighton,Aston Villa,V1.2,1.6799212924986735,1.361269875969851,3.0411911684685244,-0.0849999999999999,0.4411565411781172,0.2564385826259357,0.3024048761959471,0.6143410760706732,0.3856589239293267,0.9429348629170528,0.8162069433738995,0.585974062071829,0.5705414623209627,0.4294585376790373,1.752720995827367,2.3285134937691376,0.3619946141395774,0.1917035343970723,1-1,0.0950319451911219,0.1121605378939401,0.102699201585468,0.0910581474275352
2026-08-16T00:09:58.932557+00:00,2026-08-23,2026-08-23T13:00:00+00:00,1,2026/27,Man City,Bournemouth,V1.2,2.185229599097613,1.29394837995565,3.479177979053263,-0.0849999999999999,0.5694132885249108,0.2176709770148522,0.2129157344602366,0.6516038285392758,0.3483961714607242,0.9617560772617572,0.8693026528359907,0.6752783029976662,0.6356720601924187,0.3643279398075812,1.573138199116851,2.7447798830036123,0.4588574851880301,0.2706158493050339,2-1,0.3519224309944804,0.2695521316709335,0.2093711023809789,0.084974673139797
2026-08-16T00:09:58.932557+00:00,2026-08-23,2026-08-23T15:30:00+00:00,1,2026/27,Newcastle,Liverpool,V1.2,1.6751618260047985,1.8059864994256207,3.48114832543042,-0.0849999999999999,0.3536988305874822,0.2388390968255952,0.4074620725869226,0.687094361145392,0.312905638854608,0.9613146590035552,0.870018335400609,0.6756503655680597,0.6359504379805789,0.364049562019421,1.5724495814098938,2.7468787339089085,0.4592913910718347,0.2709969706319907,1-1,0.2034859307457143,0.0712623625180281,0.3444900093534425,0.202349302446126
2026-08-16T00:09:58.932557+00:00,2026-08-24,2026-08-24T19:00:00+00:00,1,2026/27,Fulham,Chelsea,V1.2,1.4896589938643463,1.6806896663205462,3.1703486601848923,-0.0849999999999999,0.3329446747040425,0.2522629278024316,0.4147923974935258,0.6392293333991691,0.3607706666008309,0.9490752387995436,0.8338267541367973,0.6138727662170542,0.5905935406634302,0.4094064593365698,1.6932118811808747,2.442560387592488,0.3908722669562445,0.2141249334432269,1-1,-0.0479298064154808,0.0736441124525308,0.2749690045658441,0.0682961078495448
2026-08-16T00:17:17.018071+00:00,2026-08-21,2026-08-21T19:00:00+00:00,1,2026/27,Arsenal,Coventry City,V1.2,2.3004986749304583,0.7898408175877842,3.0903394925182424,-0.0849999999999999,0.7066929666993168,0.18824388736455,0.1050631459361331,0.4983844663693608,0.5016155336306392,0.9474866677638378,0.820964715614155,0.5967302294016074,0.5782490466099817,0.4217509533900183,1.7293586662400182,2.3710675505580663,0.3729803715202049,0.2001146159561443,2-0,0.3183527697703152,0.5538031832789289,0.0,0.0
2026-08-16T00:17:17.018071+00:00,2026-08-22,2026-08-22T11:30:00+00:00,1,2026/27,Hull City,Man United,V1.2,1.5136740958622847,1.6379171006655189,3.151591196527804,-0.0849999999999999,0.3463651689454624,0.2538525186242671,0.3997823124302708,0.6373156050463672,0.3626843949536328,0.9481996863497336,0.8313942468801592,0.609901014638888,0.5877261368458263,0.4122738631541737,1.7014727392706075,2.4255721484484223,0.3866874732767572,0.2108180153010854,1-1,0.0,0.0,0.1755460413254899,0.1002332733362435
2026-08-16T00:17:17.018071+00:00,2026-08-22,2026-08-22T14:00:00+00:00,1,2026/27,Everton,Crystal Palace,V1.2,1.458115287983904,1.432434307513263,2.890549595497167,-0.0849999999999999,0.3717818097821612,0.2679200964583273,0.360298093759511,0.5940054161269916,0.4059945838730083,0.9345929366956862,0.7937579672391613,0.5518466881191377,0.5462311146331965,0.4537688853668035,1.8307269088314693,2.203765027193637,0.3282627392253469,0.1666926159666958,1-1,-0.0883525549557702,0.0904178188322672,0.1319137960276581,0.0492758867434802
2026-08-16T00:17:17.018071+00:00,2026-08-22,2026-08-22T14:00:00+00:00,1,2026/27,Ipswich Town,Sunderland,V1.2,1.581949792336805,1.1272547148411616,2.709204507177967,-0.0849999999999999,0.4686246804476616,0.2702091276788553,0.2611661918734833,0.5471879408555024,0.4528120591444976,0.9233166852409548,0.7630982305834393,0.5086271174982568,0.5156133628497376,0.4843866371502624,1.93943771059988,2.0644665300496063,0.2879374684479663,0.1384641204743233,1-1,0.0,0.0,-0.1980941118153214,0.0561150128379114
2026-08-16T00:17:17.018071+00:00,2026-08-22,2026-08-22T14:00:00+00:00,1,2026/27,Nott'm Forest,Leeds,V1.2,1.393321952946296,1.4918444902079249,2.8851664431542208,-0.0849999999999999,0.3440191876200827,0.2678848716598836,0.3880959407200338,0.5925056900823401,0.4074943099176599,0.9342875231179504,0.7928977287651404,0.5505964837924454,0.5453436841922303,0.4546563158077696,1.833706026102076,2.199463562324742,0.327059263759329,0.1658237422504462,1-1,-0.0765335445023149,0.0312346993189824,0.11336863385482,0.1065488102553076
2026-08-16T00:17:17.018071+00:00,2026-08-22,2026-08-22T16:30:00+00:00,1,2026/27,Brentford,Spurs,V1.2,2.007670238769056,1.3237705741236636,3.331440812892719,-0.0849999999999999,0.5249992356813158,0.232083872138372,0.2429168921803121,0.6433837765391297,0.3566162234608703,0.9561838788340248,0.8532603795714369,0.64684552819018,0.6146033877926663,0.3853966122073337,1.6270655513167225,2.5947296066578427,0.4265921886509454,0.2431519475217146,1-1,0.1822018197717722,0.0373951726145931,0.0,0.0
2026-08-16T00:17:17.018071+00:00,2026-08-23,2026-08-23T13:00:00+00:00,1,2026/27,Brighton,Aston Villa,V1.2,1.6799212924986735,1.361269875969851,3.0411911684685244,-0.0849999999999999,0.4411565411781172,0.2564385826259357,0.3024048761959471,0.6143410760706732,0.3856589239293267,0.9429348629170528,0.8162069433738995,0.585974062071829,0.5705414623209627,0.4294585376790373,1.752720995827367,2.3285134937691376,0.3619946141395774,0.1917035343970723,1-1,0.0950319451911219,0.1121605378939401,0.102699201585468,0.0910581474275352
2026-08-16T00:17:17.018071+00:00,2026-08-23,2026-08-23T13:00:00+00:00,1,2026/27,Man City,Bournemouth,V1.2,2.185229599097613,1.29394837995565,3.479177979053263,-0.0849999999999999,0.5694132885249108,0.2176709770148522,0.2129157344602366,0.6516038285392758,0.3483961714607242,0.9617560772617572,0.8693026528359907,0.6752783029976662,0.6356720601924187,0.3643279398075812,1.573138199116851,2.7447798830036123,0.4588574851880301,0.2706158493050339,2-1,0.3519224309944804,0.2695521316709335,0.2093711023809789,0.084974673139797
2026-08-16T00:17:17.018071+00:00,2026-08-23,2026-08-23T15:30:00+00:00,1,2026/27,Newcastle,Liverpool,V1.2,1.6751618260047985,1.8059864994256207,3.48114832543042,-0.0849999999999999,0.3536988305874822,0.2388390968255952,0.4074620725869226,0.687094361145392,0.312905638854608,0.9613146590035552,0.870018335400609,0.6756503655680597,0.6359504379805789,0.364049562019421,1.5724495814098938,2.7468787339089085,0.4592913910718347,0.2709969706319907,1-1,0.2034859307457143,0.0712623625180281,0.3444900093534425,0.202349302446126
2026-08-16T00:17:17.018071+00:00,2026-08-24,2026-08-24T19:00:00+00:00,1,2026/27,Fulham,Chelsea,V1.2,1.4896589938643463,1.6806896663205462,3.1703486601848923,-0.0849999999999999,0.3329446747040425,0.2522629278024316,0.4147923974935258,0.6392293333991691,0.3607706666008309,0.9490752387995436,0.8338267541367973,0.6138727662170542,0.5905935406634302,0.4094064593365698,1.6932118811808747,2.442560387592488,0.3908722669562445,0.2141249334432269,1-1,-0.0479298064154808,0.0736441124525308,0.2749690045658441,0.0682961078495448
2026-08-16T04:53:10.069875+00:00,2026-08-21,2026-08-21T19:00:00+00:00,1,2026/27,Arsenal,Coventry City,V1.2,2.300520709834532,0.7898702495613139,3.090390959395845,-0.0849999999999999,0.7066899706886675,0.1882434886923146,0.1050665406190179,0.49839766030186,0.5016023396981399,0.9474890411894002,0.820971917383902,0.5967414073505708,0.5782566748731481,0.4217433251268518,1.729335852836233,2.371110437134293,0.3729918856337947,0.200123510863128,2-0,0.3183429563658556,0.5537665548291025,0.0,0.0
2026-08-16T04:53:10.069875+00:00,2026-08-22,2026-08-22T11:30:00+00:00,1,2026/27,Hull City,Man United,V1.2,1.513683893377037,1.6379507610332196,3.1516346544102563,-0.0849999999999999,0.3463613671035044,0.2538502065016711,0.3997884263948247,0.6373222969353397,0.3626777030646603,0.9482016937779404,0.8313999583367437,0.6099102482534149,0.5877324272196005,0.4122675727803995,1.701454528773788,2.425609157799721,0.3866971734777552,0.2108256580326461,1-1,0.0,0.0,0.1755659578024097,0.1002461923609129
2026-08-16T04:53:10.069875+00:00,2026-08-22,2026-08-22T14:00:00+00:00,1,2026/27,Everton,Crystal Palace,V1.2,1.4581559379757625,1.4324504357033472,2.890606373679109,-0.0849999999999999,0.3717888356404011,0.2679169090690285,0.3602942552905703,0.594015396674154,0.4059846033258459,0.9345962643426152,0.7937669092490234,0.5518598633093029,0.5462399879695974,0.4537600120304026,1.8306971697862184,2.203808122107063,0.3282754338271286,0.1667017895979832,1-1,-0.0883272103708902,0.0904283519450653,0.1319349543378221,0.0492927449434677
2026-08-16T04:53:10.069875+00:00,2026-08-22,2026-08-22T14:00:00+00:00,1,2026/27,Ipswich Town,Sunderland,V1.2,1.5819131541729192,1.1273239772374954,2.709237131410415,-0.0849999999999999,0.4685994135101773,0.2702110846981377,0.2611895017916849,0.5472007283628513,0.4527992716371487,0.923318800563198,0.7631041732535311,0.508635090186494,0.5156184490405864,0.4843815509594136,1.939418579495564,2.064488207734795,0.2879446684214488,0.138468997123327,1-1,0.0,0.0,-0.1980333042997622,0.0561575649117087
2026-08-16T04:53:10.069875+00:00,2026-08-22,2026-08-22T14:00:00+00:00,1,2026/27,Nott'm Forest,Leeds,V1.2,1.3933426874649346,1.4918920878731858,2.8852347753381204,-0.0849999999999999,0.3440154025086313,0.2678808974791472,0.3881037000122215,0.5925175160115254,0.4074824839884746,0.9342915516147614,0.7929085258175054,0.5506123662797102,0.5453544750054488,0.4546455249945512,1.833669742950232,2.199515765632983,0.3270745384317624,0.1658347598041511,1-1,-0.0765101783200788,0.031246510592989,0.1134117158387142,0.1065766868681888
2026-08-16T04:53:10.069875+00:00,2026-08-22,2026-08-22T16:30:00+00:00,1,2026/27,Brentford,Spurs,V1.2,2.0077481255293,1.3237522967695696,3.331500422298869,-0.0849999999999999,0.5250203542789612,0.2320777211449524,0.2429019245760861,0.6433869620020602,0.3566130379979397,0.956186288736614,0.85326719723912,0.646857349940184,0.6146117720932135,0.3853882279067865,1.6270433555059496,2.594786056209971,0.426605316036634,0.243162880046168,1-1,0.1822212219425491,0.0374096137775571,0.0,0.0
2026-08-16T04:53:10.069875+00:00,2026-08-23,2026-08-23T13:00:00+00:00,1,2026/27,Brighton,Aston Villa,V1.2,1.6799617387000498,1.3612796941102414,3.041241432810291,-0.0849999999999999,0.4411642318142327,0.2564354104903988,0.3024003576953685,0.6143485536131386,0.3856514463868614,0.9429374405956666,0.8162140704657337,0.585985167510026,0.5705489907112727,0.4294510092887272,1.752697868684955,2.328554313229435,0.3620058720683022,0.191712093721045,1-1,0.095051581198208,0.1121731506554348,0.1027183927802748,0.0910730991515563
2026-08-16T04:53:10.069875+00:00,2026-08-23,2026-08-23T13:00:00+00:00,1,2026/27,Man City,Bournemouth,V1.2,2.185212771366879,1.29397300043879,3.4791857718056693,-0.0849999999999999,0.5694044390122719,0.2176726690405689,0.2129228919471594,0.651608472690708,0.348391527309292,0.9617562913984276,0.8693035151516972,0.6752797576425078,0.6356729067947483,0.3643270932052517,1.5731361039788485,2.744786261165123,0.4588591723883842,0.2706173171528843,2-1,0.3519079880977398,0.2695512306983252,0.2093885946078537,0.0849873226170581
2026-08-16T04:53:10.069875+00:00,2026-08-23,2026-08-23T15:30:00+00:00,1,2026/27,Newcastle,Liverpool,V1.2,1.675218414830531,1.805942518141254,3.481160932971785,-0.0849999999999999,0.3537194101919307,0.2388393064290855,0.4074412833789838,0.687097318740627,0.312902681259373,0.9613150721382148,0.8700196608101112,0.6756527163722901,0.6359519562244202,0.3640480437755797,1.5724458274126472,2.7468901896268885,0.4592941189467712,0.2709993447291997,1-1,0.2035037607245838,0.0712752796067303,0.3444779390658983,0.2023527435606102
2026-08-16T04:53:10.069875+00:00,2026-08-24,2026-08-24T19:00:00+00:00,1,2026/27,Fulham,Chelsea,V1.2,1.489702235708043,1.6806864777714314,3.1703887134794746,-0.0849999999999999,0.3329555035585402,0.2522615742904655,0.4147829221509944,0.6392366909300962,0.3607633090699038,0.949077036033962,0.8338319704614084,0.6138812180871412,0.5905992847236421,0.4094007152763579,1.6931954133129845,2.4425946577180984,0.3908811987811803,0.2141320127028494,1-1,-0.0479086622385251,0.073654940141424,0.2749773010588313,0.0683076161076916
2026-08-16T10:56:47.445757+00:00,2026-08-21,2026-08-21T19:00:00+00:00,1,2026/27,Arsenal,Coventry City,V1.2,2.3004986749304583,0.7898408175877842,3.0903394925182424,-0.0849999999999999,0.7066929666993168,0.18824388736455,0.1050631459361331,0.4983844663693608,0.5016155336306392,0.9474866677638378,0.820964715614155,0.5967302294016074,0.5782490466099817,0.4217509533900183,1.7293586662400182,2.3710675505580663,0.3729803715202049,0.2001146159561443,2-0,0.3183527697703152,0.5538031832789289,0.0,0.0
2026-08-16T10:56:47.445757+00:00,2026-08-22,2026-08-22T11:30:00+00:00,1,2026/27,Hull City,Man United,V1.2,1.5136740958622847,1.6379171006655189,3.151591196527804,-0.0849999999999999,0.3463651689454624,0.2538525186242671,0.3997823124302708,0.6373156050463672,0.3626843949536328,0.9481996863497336,0.8313942468801592,0.609901014638888,0.5877261368458263,0.4122738631541737,1.7014727392706075,2.4255721484484223,0.3866874732767572,0.2108180153010854,1-1,0.0,0.0,0.1755460413254899,0.1002332733362435
2026-08-16T10:56:47.445757+00:00,2026-08-22,2026-08-22T14:00:00+00:00,1,2026/27,Everton,Crystal Palace,V1.2,1.458115287983904,1.432434307513263,2.890549595497167,-0.0849999999999999,0.3717818097821612,0.2679200964583273,0.360298093759511,0.5940054161269916,0.4059945838730083,0.9345929366956862,0.7937579672391613,0.5518466881191377,0.5462311146331965,0.4537688853668035,1.8307269088314693,2.203765027193637,0.3282627392253469,0.1666926159666958,1-1,-0.0883525549557702,0.0904178188322672,0.1319137960276581,0.0492758867434802
2026-08-16T10:56:47.445757+00:00,2026-08-22,2026-08-22T14:00:00+00:00,1,2026/27,Ipswich Town,Sunderland,V1.2,1.581949792336805,1.1272547148411616,2.709204507177967,-0.0849999999999999,0.4686246804476616,0.2702091276788553,0.2611661918734833,0.5471879408555024,0.4528120591444976,0.9233166852409548,0.7630982305834393,0.5086271174982568,0.5156133628497376,0.4843866371502624,1.93943771059988,2.0644665300496063,0.2879374684479663,0.1384641204743233,1-1,0.0,0.0,-0.1980941118153214,0.0561150128379114
2026-08-16T10:56:47.445757+00:00,2026-08-22,2026-08-22T14:00:00+00:00,1,2026/27,Nott'm Forest,Leeds,V1.2,1.393321952946296,1.4918444902079249,2.8851664431542208,-0.0849999999999999,0.3440191876200827,0.2678848716598836,0.3880959407200338,0.5925056900823401,0.4074943099176599,0.9342875231179504,0.7928977287651404,0.5505964837924454,0.5453436841922303,0.4546563158077696,1.833706026102076,2.199463562324742,0.327059263759329,0.1658237422504462,1-1,-0.0765335445023149,0.0312346993189824,0.11336863385482,0.1065488102553076
2026-08-16T10:56:47.445757+00:00,2026-08-22,2026-08-22T16:30:00+00:00,1,2026/27,Brentford,Spurs,V1.2,2.007670238769056,1.3237705741236636,3.331440812892719,-0.0849999999999999,0.5249992356813158,0.232083872138372,0.2429168921803121,0.6433837765391297,0.3566162234608703,0.9561838788340248,0.8532603795714369,0.64684552819018,0.6146033877926663,0.3853966122073337,1.6270655513167225,2.5947296066578427,0.4265921886509454,0.2431519475217146,1-1,0.1822018197717722,0.0373951726145931,0.0,0.0
2026-08-16T10:56:47.445757+00:00,2026-08-23,2026-08-23T13:00:00+00:00,1,2026/27,Brighton,Aston Villa,V1.2,1.6799212924986735,1.361269875969851,3.0411911684685244,-0.0849999999999999,0.4411565411781172,0.2564385826259357,0.3024048761959471,0.6143410760706732,0.3856589239293267,0.9429348629170528,0.8162069433738995,0.585974062071829,0.5705414623209627,0.4294585376790373,1.752720995827367,2.3285134937691376,0.3619946141395774,0.1917035343970723,1-1,0.0950319451911219,0.1121605378939401,0.102699201585468,0.0910581474275352
2026-08-16T10:56:47.445757+00:00,2026-08-23,2026-08-23T13:00:00+00:00,1,2026/27,Man City,Bournemouth,V1.2,2.185229599097613,1.29394837995565,3.479177979053263,-0.0849999999999999,0.5694132885249108,0.2176709770148522,0.2129157344602366,0.6516038285392758,0.3483961714607242,0.9617560772617572,0.8693026528359907,0.6752783029976662,0.6356720601924187,0.3643279398075812,1.573138199116851,2.7447798830036123,0.4588574851880301,0.2706158493050339,2-1,0.3519224309944804,0.2695521316709335,0.2093711023809789,0.084974673139797
2026-08-16T10:56:47.445757+00:00,2026-08-23,2026-08-23T15:30:00+00:00,1,2026/27,Newcastle,Liverpool,V1.2,1.6751618260047985,1.8059864994256207,3.48114832543042,-0.0849999999999999,0.3536988305874822,0.2388390968255952,0.4074620725869226,0.687094361145392,0.312905638854608,0.9613146590035552,0.870018335400609,0.6756503655680597,0.6359504379805789,0.364049562019421,1.5724495814098938,2.7468787339089085,0.4592913910718347,0.2709969706319907,1-1,0.2034859307457143,0.0712623625180281,0.3444900093534425,0.202349302446126
2026-08-16T10:56:47.445757+00:00,2026-08-24,2026-08-24T19:00:00+00:00,1,2026/27,Fulham,Chelsea,V1.2,1.4896589938643463,1.6806896663205462,3.1703486601848923,-0.0849999999999999,0.3329446747040425,0.2522629278024316,0.4147923974935258,0.6392293333991691,0.3607706666008309,0.9490752387995436,0.8338267541367973,0.6138727662170542,0.5905935406634302,0.4094064593365698,1.6932118811808747,2.442560387592488,0.3908722669562445,0.2141249334432269,1-1,-0.0479298064154808,0.0736441124525308,0.2749690045658441,0.0682961078495448
2026-08-16T13:58:25.768819+00:00,2026-08-21,2026-08-21T19:00:00+00:00,1,2026/27,Arsenal,Coventry City,V1.2,2.300520709834532,0.7898702495613139,3.090390959395845,-0.0849999999999999,0.7066899706886675,0.1882434886923146,0.1050665406190179,0.49839766030186,0.5016023396981399,0.9474890411894002,0.820971917383902,0.5967414073505708,0.5782566748731481,0.4217433251268518,1.729335852836233,2.371110437134293,0.3729918856337947,0.200123510863128,2-0,0.3183429563658556,0.5537665548291025,0.0,0.0
2026-08-16T13:58:25.768819+00:00,2026-08-22,2026-08-22T11:30:00+00:00,1,2026/27,Hull City,Man United,V1.2,1.513683893377037,1.6379507610332196,3.1516346544102563,-0.0849999999999999,0.3463613671035044,0.2538502065016711,0.3997884263948247,0.6373222969353397,0.3626777030646603,0.9482016937779404,0.8313999583367437,0.6099102482534149,0.5877324272196005,0.4122675727803995,1.701454528773788,2.425609157799721,0.3866971734777552,0.2108256580326461,1-1,0.0,0.0,0.1755659578024097,0.1002461923609129
2026-08-16T13:58:25.768819+00:00,2026-08-22,2026-08-22T14:00:00+00:00,1,2026/27,Everton,Crystal Palace,V1.2,1.4581559379757625,1.4324504357033472,2.890606373679109,-0.0849999999999999,0.3717888356404011,0.2679169090690285,0.3602942552905703,0.594015396674154,0.4059846033258459,0.9345962643426152,0.7937669092490234,0.5518598633093029,0.5462399879695974,0.4537600120304026,1.8306971697862184,2.203808122107063,0.3282754338271286,0.1667017895979832,1-1,-0.0883272103708902,0.0904283519450653,0.1319349543378221,0.0492927449434677
2026-08-16T13:58:25.768819+00:00,2026-08-22,2026-08-22T14:00:00+00:00,1,2026/27,Ipswich Town,Sunderland,V1.2,1.5819131541729192,1.1273239772374954,2.709237131410415,-0.0849999999999999,0.4685994135101773,0.2702110846981377,0.2611895017916849,0.5472007283628513,0.4527992716371487,0.923318800563198,0.7631041732535311,0.508635090186494,0.5156184490405864,0.4843815509594136,1.939418579495564,2.064488207734795,0.2879446684214488,0.138468997123327,1-1,0.0,0.0,-0.1980333042997622,0.0561575649117087
2026-08-16T13:58:25.768819+00:00,2026-08-22,2026-08-22T14:00:00+00:00,1,2026/27,Nott'm Forest,Leeds,V1.2,1.3933426874649346,1.4918920878731858,2.8852347753381204,-0.0849999999999999,0.3440154025086313,0.2678808974791472,0.3881037000122215,0.5925175160115254,0.4074824839884746,0.9342915516147614,0.7929085258175054,0.5506123662797102,0.5453544750054488,0.4546455249945512,1.833669742950232,2.199515765632983,0.3270745384317624,0.1658347598041511,1-1,-0.0765101783200788,0.031246510592989,0.1134117158387142,0.1065766868681888
2026-08-16T13:58:25.768819+00:00,2026-08-22,2026-08-22T16:30:00+00:00,1,2026/27,Brentford,Spurs,V1.2,2.0077481255293,1.3237522967695696,3.331500422298869,-0.0849999999999999,0.5250203542789612,0.2320777211449524,0.2429019245760861,0.6433869620020602,0.3566130379979397,0.956186288736614,0.85326719723912,0.646857349940184,0.6146117720932135,0.3853882279067865,1.6270433555059496,2.594786056209971,0.426605316036634,0.243162880046168,1-1,0.1822212219425491,0.0374096137775571,0.0,0.0
2026-08-16T13:58:25.768819+00:00,2026-08-23,2026-08-23T13:00:00+00:00,1,2026/27,Brighton,Aston Villa,V1.2,1.6799617387000498,1.3612796941102414,3.041241432810291,-0.0849999999999999,0.4411642318142327,0.2564354104903988,0.3024003576953685,0.6143485536131386,0.3856514463868614,0.9429374405956666,0.8162140704657337,0.585985167510026,0.5705489907112727,0.4294510092887272,1.752697868684955,2.328554313229435,0.3620058720683022,0.191712093721045,1-1,0.095051581198208,0.1121731506554348,0.1027183927802748,0.0910730991515563
2026-08-16T13:58:25.768819+00:00,2026-08-23,2026-08-23T13:00:00+00:00,1,2026/27,Man City,Bournemouth,V1.2,2.185212771366879,1.29397300043879,3.4791857718056693,-0.0849999999999999,0.5694044390122719,0.2176726690405689,0.2129228919471594,0.651608472690708,0.348391527309292,0.9617562913984276,0.8693035151516972,0.6752797576425078,0.6356729067947483,0.3643270932052517,1.5731361039788485,2.744786261165123,0.4588591723883842,0.2706173171528843,2-1,0.3519079880977398,0.2695512306983252,0.2093885946078537,0.0849873226170581
2026-08-16T13:58:25.768819+00:00,2026-08-23,2026-08-23T15:30:00+00:00,1,2026/27,Newcastle,Liverpool,V1.2,1.675218414830531,1.805942518141254,3.481160932971785,-0.0849999999999999,0.3537194101919307,0.2388393064290855,0.4074412833789838,0.687097318740627,0.312902681259373,0.9613150721382148,0.8700196608101112,0.6756527163722901,0.6359519562244202,0.3640480437755797,1.5724458274126472,2.7468901896268885,0.4592941189467712,0.2709993447291997,1-1,0.2035037607245838,0.0712752796067303,0.3444779390658983,0.2023527435606102
2026-08-16T13:58:25.768819+00:00,2026-08-24,2026-08-24T19:00:00+00:00,1,2026/27,Fulham,Chelsea,V1.2,1.489702235708043,1.6806864777714314,3.1703887134794746,-0.0849999999999999,0.3329555035585402,0.2522615742904655,0.4147829221509944,0.6392366909300962,0.3607633090699038,0.949077036033962,0.8338319704614084,0.6138812180871412,0.5905992847236421,0.4094007152763579,1.6931954133129845,2.4425946577180984,0.3908811987811803,0.2141320127028494,1-1,-0.0479086622385251,0.073654940141424,0.2749773010588313,0.0683076161076916
2026-08-16T17:04:52.494081+00:00,2026-08-21,2026-08-21T19:00:00+00:00,1,2026/27,Arsenal,Coventry City,V1.2,2.300520709834532,0.7898702495613139,3.090390959395845,-0.0849999999999999,0.7066899706886675,0.1882434886923146,0.1050665406190179,0.49839766030186,0.5016023396981399,0.9474890411894002,0.820971917383902,0.5967414073505708,0.5782566748731481,0.4217433251268518,1.729335852836233,2.371110437134293,0.3729918856337947,0.200123510863128,2-0,0.3183429563658556,0.5537665548291025,0.0,0.0
2026-08-16T17:04:52.494081+00:00,2026-08-22,2026-08-22T11:30:00+00:00,1,2026/27,Hull City,Man United,V1.2,1.513683893377037,1.6379507610332196,3.1516346544102563,-0.0849999999999999,0.3463613671035044,0.2538502065016711,0.3997884263948247,0.6373222969353397,0.3626777030646603,0.9482016937779404,0.8313999583367437,0.6099102482534149,0.5877324272196005,0.4122675727803995,1.701454528773788,2.425609157799721,0.3866971734777552,0.2108256580326461,1-1,0.0,0.0,0.1755659578024097,0.1002461923609129
2026-08-16T17:04:52.494081+00:00,2026-08-22,2026-08-22T14:00:00+00:00,1,2026/27,Everton,Crystal Palace,V1.2,1.4581559379757625,1.4324504357033472,2.890606373679109,-0.0849999999999999,0.3717888356404011,0.2679169090690285,0.3602942552905703,0.594015396674154,0.4059846033258459,0.9345962643426152,0.7937669092490234,0.5518598633093029,0.5462399879695974,0.4537600120304026,1.8306971697862184,2.203808122107063,0.3282754338271286,0.1667017895979832,1-1,-0.0883272103708902,0.0904283519450653,0.1319349543378221,0.0492927449434677
2026-08-16T17:04:52.494081+00:00,2026-08-22,2026-08-22T14:00:00+00:00,1,2026/27,Ipswich Town,Sunderland,V1.2,1.5819131541729192,1.1273239772374954,2.709237131410415,-0.0849999999999999,0.4685994135101773,0.2702110846981377,0.2611895017916849,0.5472007283628513,0.4527992716371487,0.923318800563198,0.7631041732535311,0.508635090186494,0.5156184490405864,0.4843815509594136,1.939418579495564,2.064488207734795,0.2879446684214488,0.138468997123327,1-1,0.0,0.0,-0.1980333042997622,0.0561575649117087
2026-08-16T17:04:52.494081+00:00,2026-08-22,2026-08-22T14:00:00+00:00,1,2026/27,Nott'm Forest,Leeds,V1.2,1.3933426874649346,1.4918920878731858,2.8852347753381204,-0.0849999999999999,0.3440154025086313,0.2678808974791472,0.3881037000122215,0.5925175160115254,0.4074824839884746,0.9342915516147614,0.7929085258175054,0.5506123662797102,0.5453544750054488,0.4546455249945512,1.833669742950232,2.199515765632983,0.3270745384317624,0.1658347598041511,1-1,-0.0765101783200788,0.031246510592989,0.1134117158387142,0.1065766868681888
2026-08-16T17:04:52.494081+00:00,2026-08-22,2026-08-22T16:30:00+00:00,1,2026/27,Brentford,Spurs,V1.2,2.0077481255293,1.3237522967695696,3.331500422298869,-0.0849999999999999,0.5250203542789612,0.2320777211449524,0.2429019245760861,0.6433869620020602,0.3566130379979397,0.956186288736614,0.85326719723912,0.646857349940184,0.6146117720932135,0.3853882279067865,1.6270433555059496,2.594786056209971,0.426605316036634,0.243162880046168,1-1,0.1822212219425491,0.0374096137775571,0.0,0.0
2026-08-16T17:04:52.494081+00:00,2026-08-23,2026-08-23T13:00:00+00:00,1,2026/27,Brighton,Aston Villa,V1.2,1.6799617387000498,1.3612796941102414,3.041241432810291,-0.0849999999999999,0.4411642318142327,0.2564354104903988,0.3024003576953685,0.6143485536131386,0.3856514463868614,0.9429374405956666,0.8162140704657337,0.585985167510026,0.5705489907112727,0.4294510092887272,1.752697868684955,2.328554313229435,0.3620058720683022,0.191712093721045,1-1,0.095051581198208,0.1121731506554348,0.1027183927802748,0.0910730991515563
2026-08-16T17:04:52.494081+00:00,2026-08-23,2026-08-23T13:00:00+00:00,1,2026/27,Man City,Bournemouth,V1.2,2.185212771366879,1.29397300043879,3.4791857718056693,-0.0849999999999999,0.5694044390122719,0.2176726690405689,0.2129228919471594,0.651608472690708,0.348391527309292,0.9617562913984276,0.8693035151516972,0.6752797576425078,0.6356729067947483,0.3643270932052517,1.5731361039788485,2.744786261165123,0.4588591723883842,0.2706173171528843,2-1,0.3519079880977398,0.2695512306983252,0.2093885946078537,0.0849873226170581
2026-08-16T17:04:52.494081+00:00,2026-08-23,2026-08-23T15:30:00+00:00,1,2026/27,Newcastle,Liverpool,V1.2,1.675218414830531,1.805942518141254,3.481160932971785,-0.0849999999999999,0.3537194101919307,0.2388393064290855,0.4074412833789838,0.687097318740627,0.312902681259373,0.9613150721382148,0.8700196608101112,0.6756527163722901,0.6359519562244202,0.3640480437755797,1.5724458274126472,2.7468901896268885,0.4592941189467712,0.2709993447291997,1-1,0.2035037607245838,0.0712752796067303,0.3444779390658983,0.2023527435606102
2026-08-16T17:04:52.494081+00:00,2026-08-24,2026-08-24T19:00:00+00:00,1,2026/27,Fulham,Chelsea,V1.2,1.489702235708043,1.6806864777714314,3.1703887134794746,-0.0849999999999999,0.3329555035585402,0.2522615742904655,0.4147829221509944,0.6392366909300962,0.3607633090699038,0.949077036033962,0.8338319704614084,0.6138812180871412,0.5905992847236421,0.4094007152763579,1.6931954133129845,2.4425946577180984,0.3908811987811803,0.2141320127028494,1-1,-0.0479086622385251,0.073654940141424,0.2749773010588313,0.0683076161076916
2026-08-16T17:19:09.379004+00:00,2026-08-21,2026-08-21T19:00:00+00:00,1,2026/27,Arsenal,Coventry City,V1.2,2.3004986749304583,0.7898408175877842,3.0903394925182424,-0.0849999999999999,0.7066929666993168,0.18824388736455,0.1050631459361331,0.4983844663693608,0.5016155336306392,0.9474866677638378,0.820964715614155,0.5967302294016074,0.5782490466099817,0.4217509533900183,1.7293586662400182,2.3710675505580663,0.3729803715202049,0.2001146159561443,2-0,0.3183527697703152,0.5538031832789289,0.0,0.0
2026-08-16T17:19:09.379004+00:00,2026-08-22,2026-08-22T11:30:00+00:00,1,2026/27,Hull City,Man United,V1.2,1.5136740958622847,1.6379171006655189,3.151591196527804,-0.0849999999999999,0.3463651689454624,0.2538525186242671,0.3997823124302708,0.6373156050463672,0.3626843949536328,0.9481996863497336,0.8313942468801592,0.609901014638888,0.5877261368458263,0.4122738631541737,1.7014727392706075,2.4255721484484223,0.3866874732767572,0.2108180153010854,1-1,0.0,0.0,0.1755460413254899,0.1002332733362435
2026-08-16T17:19:09.379004+00:00,2026-08-22,2026-08-22T14:00:00+00:00,1,2026/27,Everton,Crystal Palace,V1.2,1.458115287983904,1.432434307513263,2.890549595497167,-0.0849999999999999,0.3717818097821612,0.2679200964583273,0.360298093759511,0.5940054161269916,0.4059945838730083,0.9345929366956862,0.7937579672391613,0.5518466881191377,0.5462311146331965,0.4537688853668035,1.8307269088314693,2.203765027193637,0.3282627392253469,0.1666926159666958,1-1,-0.0883525549557702,0.0904178188322672,0.1319137960276581,0.0492758867434802
2026-08-16T17:19:09.379004+00:00,2026-08-22,2026-08-22T14:00:00+00:00,1,2026/27,Ipswich Town,Sunderland,V1.2,1.581949792336805,1.1272547148411616,2.709204507177967,-0.0849999999999999,0.4686246804476616,0.2702091276788553,0.2611661918734833,0.5471879408555024,0.4528120591444976,0.9233166852409548,0.7630982305834393,0.5086271174982568,0.5156133628497376,0.4843866371502624,1.93943771059988,2.0644665300496063,0.2879374684479663,0.1384641204743233,1-1,0.0,0.0,-0.1980941118153214,0.0561150128379114
2026-08-16T17:19:09.379004+00:00,2026-08-22,2026-08-22T14:00:00+00:00,1,2026/27,Nott'm Forest,Leeds,V1.2,1.393321952946296,1.4918444902079249,2.8851664431542208,-0.0849999999999999,0.3440191876200827,0.2678848716598836,0.3880959407200338,0.5925056900823401,0.4074943099176599,0.9342875231179504,0.7928977287651404,0.5505964837924454,0.5453436841922303,0.4546563158077696,1.833706026102076,2.199463562324742,0.327059263759329,0.1658237422504462,1-1,-0.0765335445023149,0.0312346993189824,0.11336863385482,0.1065488102553076
2026-08-16T17:19:09.379004+00:00,2026-08-22,2026-08-22T16:30:00+00:00,1,2026/27,Brentford,Spurs,V1.2,2.007670238769056,1.3237705741236636,3.331440812892719,-0.0849999999999999,0.5249992356813158,0.232083872138372,0.2429168921803121,0.6433837765391297,0.3566162234608703,0.9561838788340248,0.8532603795714369,0.64684552819018,0.6146033877926663,0.3853966122073337,1.6270655513167225,2.5947296066578427,0.4265921886509454,0.2431519475217146,1-1,0.1822018197717722,0.0373951726145931,0.0,0.0
2026-08-16T17:19:09.379004+00:00,2026-08-23,2026-08-23T13:00:00+00:00,1,2026/27,Brighton,Aston Villa,V1.2,1.6799212924986735,1.361269875969851,3.0411911684685244,-0.0849999999999999,0.4411565411781172,0.2564385826259357,0.3024048761959471,0.6143410760706732,0.3856589239293267,0.9429348629170528,0.8162069433738995,0.585974062071829,0.5705414623209627,0.4294585376790373,1.752720995827367,2.3285134937691376,0.3619946141395774,0.1917035343970723,1-1,0.0950319451911219,0.1121605378939401,0.102699201585468,0.0910581474275352
2026-08-16T17:19:09.379004+00:00,2026-08-23,2026-08-23T13:00:00+00:00,1,2026/27,Man City,Bournemouth,V1.2,2.185229599097613,1.29394837995565,3.479177979053263,-0.0849999999999999,0.5694132885249108,0.2176709770148522,0.2129157344602366,0.6516038285392758,0.3483961714607242,0.9617560772617572,0.8693026528359907,0.6752783029976662,0.6356720601924187,0.3643279398075812,1.573138199116851,2.7447798830036123,0.4588574851880301,0.2706158493050339,2-1,0.3519224309944804,0.2695521316709335,0.2093711023809789,0.084974673139797
2026-08-16T17:19:09.379004+00:00,2026-08-23,2026-08-23T15:30:00+00:00,1,2026/27,Newcastle,Liverpool,V1.2,1.6751618260047985,1.8059864994256207,3.48114832543042,-0.0849999999999999,0.3536988305874822,0.2388390968255952,0.4074620725869226,0.687094361145392,0.312905638854608,0.9613146590035552,0.870018335400609,0.6756503655680597,0.6359504379805789,0.364049562019421,1.5724495814098938,2.7468787339089085,0.4592913910718347,0.2709969706319907,1-1,0.2034859307457143,0.0712623625180281,0.3444900093534425,0.202349302446126
2026-08-16T17:19:09.379004+00:00,2026-08-24,2026-08-24T19:00:00+00:00,1,2026/27,Fulham,Chelsea,V1.2,1.4896589938643463,1.6806896663205462,3.1703486601848923,-0.0849999999999999,0.3329446747040425,0.2522629278024316,0.4147923974935258,0.6392293333991691,0.3607706666008309,0.9490752387995436,0.8338267541367973,0.6138727662170542,0.5905935406634302,0.4094064593365698,1.6932118811808747,2.442560387592488,0.3908722669562445,0.2141249334432269,1-1,-0.0479298064154808,0.0736441124525308,0.2749690045658441,0.0682961078495448
2026-08-16T17:30:14.732912+00:00,2026-08-21,2026-08-21T19:00:00+00:00,1,2026/27,Arsenal,Coventry City,V1.2,2.300520709834532,0.7898702495613139,3.090390959395845,-0.0849999999999999,0.7066899706886675,0.1882434886923146,0.1050665406190179,0.49839766030186,0.5016023396981399,0.9474890411894002,0.820971917383902,0.5967414073505708,0.5782566748731481,0.4217433251268518,1.729335852836233,2.371110437134293,0.3729918856337947,0.200123510863128,2-0,0.3183429563658556,0.5537665548291025,0.0,0.0
2026-08-16T17:30:14.732912+00:00,2026-08-22,2026-08-22T11:30:00+00:00,1,2026/27,Hull City,Man United,V1.2,1.513683893377037,1.6379507610332196,3.1516346544102563,-0.0849999999999999,0.3463613671035044,0.2538502065016711,0.3997884263948247,0.6373222969353397,0.3626777030646603,0.9482016937779404,0.8313999583367437,0.6099102482534149,0.5877324272196005,0.4122675727803995,1.701454528773788,2.425609157799721,0.3866971734777552,0.2108256580326461,1-1,0.0,0.0,0.1755659578024097,0.1002461923609129
2026-08-16T17:30:14.732912+00:00,2026-08-22,2026-08-22T14:00:00+00:00,1,2026/27,Everton,Crystal Palace,V1.2,1.4581559379757625,1.4324504357033472,2.890606373679109,-0.0849999999999999,0.3717888356404011,0.2679169090690285,0.3602942552905703,0.594015396674154,0.4059846033258459,0.9345962643426152,0.7937669092490234,0.5518598633093029,0.5462399879695974,0.4537600120304026,1.8306971697862184,2.203808122107063,0.3282754338271286,0.1667017895979832,1-1,-0.0883272103708902,0.0904283519450653,0.1319349543378221,0.0492927449434677
2026-08-16T17:30:14.732912+00:00,2026-08-22,2026-08-22T14:00:00+00:00,1,2026/27,Ipswich Town,Sunderland,V1.2,1.5819131541729192,1.1273239772374954,2.709237131410415,-0.0849999999999999,0.4685994135101773,0.2702110846981377,0.2611895017916849,0.5472007283628513,0.4527992716371487,0.923318800563198,0.7631041732535311,0.508635090186494,0.5156184490405864,0.4843815509594136,1.939418579495564,2.064488207734795,0.2879446684214488,0.138468997123327,1-1,0.0,0.0,-0.1980333042997622,0.0561575649117087
2026-08-16T17:30:14.732912+00:00,2026-08-22,2026-08-22T14:00:00+00:00,1,2026/27,Nott'm Forest,Leeds,V1.2,1.3933426874649346,1.4918920878731858,2.8852347753381204,-0.0849999999999999,0.3440154025086313,0.2678808974791472,0.3881037000122215,0.5925175160115254,0.4074824839884746,0.9342915516147614,0.7929085258175054,0.5506123662797102,0.5453544750054488,0.4546455249945512,1.833669742950232,2.199515765632983,0.3270745384317624,0.1658347598041511,1-1,-0.0765101783200788,0.031246510592989,0.1134117158387142,0.1065766868681888
2026-08-16T17:30:14.732912+00:00,2026-08-22,2026-08-22T16:30:00+00:00,1,2026/27,Brentford,Spurs,V1.2,2.0077481255293,1.3237522967695696,3.331500422298869,-0.0849999999999999,0.5250203542789612,0.2320777211449524,0.2429019245760861,0.6433869620020602,0.3566130379979397,0.956186288736614,0.85326719723912,0.646857349940184,0.6146117720932135,0.3853882279067865,1.6270433555059496,2.594786056209971,0.426605316036634,0.243162880046168,1-1,0.1822212219425491,0.0374096137775571,0.0,0.0
2026-08-16T17:30:14.732912+00:00,2026-08-23,2026-08-23T13:00:00+00:00,1,2026/27,Brighton,Aston Villa,V1.2,1.6799617387000498,1.3612796941102414,3.041241432810291,-0.0849999999999999,0.4411642318142327,0.2564354104903988,0.3024003576953685,0.6143485536131386,0.3856514463868614,0.9429374405956666,0.8162140704657337,0.585985167510026,0.5705489907112727,0.4294510092887272,1.752697868684955,2.328554313229435,0.3620058720683022,0.191712093721045,1-1,0.095051581198208,0.1121731506554348,0.1027183927802748,0.0910730991515563
2026-08-16T17:30:14.732912+00:00,2026-08-23,2026-08-23T13:00:00+00:00,1,2026/27,Man City,Bournemouth,V1.2,2.185212771366879,1.29397300043879,3.4791857718056693,-0.0849999999999999,0.5694044390122719,0.2176726690405689,0.2129228919471594,0.651608472690708,0.348391527309292,0.9617562913984276,0.8693035151516972,0.6752797576425078,0.6356729067947483,0.3643270932052517,1.5731361039788485,2.744786261165123,0.4588591723883842,0.2706173171528843,2-1,0.3519079880977398,0.2695512306983252,0.2093885946078537,0.0849873226170581
2026-08-16T17:30:14.732912+00:00,2026-08-23,2026-08-23T15:30:00+00:00,1,2026/27,Newcastle,Liverpool,V1.2,1.675218414830531,1.805942518141254,3.481160932971785,-0.0849999999999999,0.3537194101919307,0.2388393064290855,0.4074412833789838,0.687097318740627,0.312902681259373,0.9613150721382148,0.8700196608101112,0.6756527163722901,0.6359519562244202,0.3640480437755797,1.5724458274126472,2.7468901896268885,0.4592941189467712,0.2709993447291997,1-1,0.2035037607245838,0.0712752796067303,0.3444779390658983,0.2023527435606102
2026-08-16T17:30:14.732912+00:00,2026-08-24,2026-08-24T19:00:00+00:00,1,2026/27,Fulham,Chelsea,V1.2,1.489702235708043,1.6806864777714314,3.1703887134794746,-0.0849999999999999,0.3329555035585402,0.2522615742904655,0.4147829221509944,0.6392366909300962,0.3607633090699038,0.949077036033962,0.8338319704614084,0.6138812180871412,0.5905992847236421,0.4094007152763579,1.6931954133129845,2.4425946577180984,0.3908811987811803,0.2141320127028494,1-1,-0.0479086622385251,0.073654940141424,0.2749773010588313,0.0683076161076916
2026-08-16T17:40:36.515488+00:00,2026-08-21,2026-08-21T19:00:00+00:00,1,2026/27,Arsenal,Coventry City,V1.2,2.3004986749304583,0.7898408175877842,3.0903394925182424,-0.0849999999999999,0.7066929666993168,0.18824388736455,0.1050631459361331,0.4983844663693608,0.5016155336306392,0.9474866677638378,0.820964715614155,0.5967302294016074,0.5782490466099817,0.4217509533900183,1.7293586662400182,2.3710675505580663,0.3729803715202049,0.2001146159561443,2-0,0.3183527697703152,0.5538031832789289,0.0,0.0
2026-08-16T17:40:36.515488+00:00,2026-08-22,2026-08-22T11:30:00+00:00,1,2026/27,Hull City,Man United,V1.2,1.5136740958622847,1.6379171006655189,3.151591196527804,-0.0849999999999999,0.3463651689454624,0.2538525186242671,0.3997823124302708,0.6373156050463672,0.3626843949536328,0.9481996863497336,0.8313942468801592,0.609901014638888,0.5877261368458263,0.4122738631541737,1.7014727392706075,2.4255721484484223,0.3866874732767572,0.2108180153010854,1-1,0.0,0.0,0.1755460413254899,0.1002332733362435
2026-08-16T17:40:36.515488+00:00,2026-08-22,2026-08-22T14:00:00+00:00,1,2026/27,Everton,Crystal Palace,V1.2,1.458115287983904,1.432434307513263,2.890549595497167,-0.0849999999999999,0.3717818097821612,0.2679200964583273,0.360298093759511,0.5940054161269916,0.4059945838730083,0.9345929366956862,0.7937579672391613,0.5518466881191377,0.5462311146331965,0.4537688853668035,1.8307269088314693,2.203765027193637,0.3282627392253469,0.1666926159666958,1-1,-0.0883525549557702,0.0904178188322672,0.1319137960276581,0.0492758867434802
2026-08-16T17:40:36.515488+00:00,2026-08-22,2026-08-22T14:00:00+00:00,1,2026/27,Ipswich Town,Sunderland,V1.2,1.581949792336805,1.1272547148411616,2.709204507177967,-0.0849999999999999,0.4686246804476616,0.2702091276788553,0.2611661918734833,0.5471879408555024,0.4528120591444976,0.9233166852409548,0.7630982305834393,0.5086271174982568,0.5156133628497376,0.4843866371502624,1.93943771059988,2.0644665300496063,0.2879374684479663,0.1384641204743233,1-1,0.0,0.0,-0.1980941118153214,0.0561150128379114
2026-08-16T17:40:36.515488+00:00,2026-08-22,2026-08-22T14:00:00+00:00,1,2026/27,Nott'm Forest,Leeds,V1.2,1.393321952946296,1.4918444902079249,2.8851664431542208,-0.0849999999999999,0.3440191876200827,0.2678848716598836,0.3880959407200338,0.5925056900823401,0.4074943099176599,0.9342875231179504,0.7928977287651404,0.5505964837924454,0.5453436841922303,0.4546563158077696,1.833706026102076,2.199463562324742,0.327059263759329,0.1658237422504462,1-1,-0.0765335445023149,0.0312346993189824,0.11336863385482,0.1065488102553076
2026-08-16T17:40:36.515488+00:00,2026-08-22,2026-08-22T16:30:00+00:00,1,2026/27,Brentford,Spurs,V1.2,2.007670238769056,1.3237705741236636,3.331440812892719,-0.0849999999999999,0.5249992356813158,0.232083872138372,0.2429168921803121,0.6433837765391297,0.3566162234608703,0.9561838788340248,0.8532603795714369,0.64684552819018,0.6146033877926663,0.3853966122073337,1.6270655513167225,2.5947296066578427,0.4265921886509454,0.2431519475217146,1-1,0.1822018197717722,0.0373951726145931,0.0,0.0
2026-08-16T17:40:36.515488+00:00,2026-08-23,2026-08-23T13:00:00+00:00,1,2026/27,Brighton,Aston Villa,V1.2,1.6799212924986735,1.361269875969851,3.0411911684685244,-0.0849999999999999,0.4411565411781172,0.2564385826259357,0.3024048761959471,0.6143410760706732,0.3856589239293267,0.9429348629170528,0.8162069433738995,0.585974062071829,0.5705414623209627,0.4294585376790373,1.752720995827367,2.3285134937691376,0.3619946141395774,0.1917035343970723,1-1,0.0950319451911219,0.1121605378939401,0.102699201585468,0.0910581474275352
2026-08-16T17:40:36.515488+00:00,2026-08-23,2026-08-23T13:00:00+00:00,1,2026/27,Man City,Bournemouth,V1.2,2.185229599097613,1.29394837995565,3.479177979053263,-0.0849999999999999,0.5694132885249108,0.2176709770148522,0.2129157344602366,0.6516038285392758,0.3483961714607242,0.9617560772617572,0.8693026528359907,0.6752783029976662,0.6356720601924187,0.3643279398075812,1.573138199116851,2.7447798830036123,0.4588574851880301,0.2706158493050339,2-1,0.3519224309944804,0.2695521316709335,0.2093711023809789,0.084974673139797
2026-08-16T17:40:36.515488+00:00,2026-08-23,2026-08-23T15:30:00+00:00,1,2026/27,Newcastle,Liverpool,V1.2,1.6751618260047985,1.8059864994256207,3.48114832543042,-0.0849999999999999,0.3536988305874822,0.2388390968255952,0.4074620725869226,0.687094361145392,0.312905638854608,0.9613146590035552,0.870018335400609,0.6756503655680597,0.6359504379805789,0.364049562019421,1.5724495814098938,2.7468787339089085,0.4592913910718347,0.2709969706319907,1-1,0.2034859307457143,0.0712623625180281,0.3444900093534425,0.202349302446126
2026-08-16T17:40:36.515488+00:00,2026-08-24,2026-08-24T19:00:00+00:00,1,2026/27,Fulham,Chelsea,V1.2,1.4896589938643463,1.6806896663205462,3.1703486601848923,-0.0849999999999999,0.3329446747040425,0.2522629278024316,0.4147923974935258,0.6392293333991691,0.3607706666008309,0.9490752387995436,0.8338267541367973,0.6138727662170542,0.5905935406634302,0.4094064593365698,1.6932118811808747,2.442560387592488,0.3908722669562445,0.2141249334432269,1-1,-0.0479298064154808,0.0736441124525308,0.2749690045658441,0.0682961078495448
2026-08-16T17:46:38.401287+00:00,2026-08-21,2026-08-21T19:00:00+00:00,1,2026/27,Arsenal,Coventry City,V1.2,2.3004986749304583,0.7898408175877842,3.0903394925182424,-0.0849999999999999,0.7066929666993168,0.18824388736455,0.1050631459361331,0.4983844663693608,0.5016155336306392,0.9474866677638378,0.820964715614155,0.5967302294016074,0.5782490466099817,0.4217509533900183,1.7293586662400182,2.3710675505580663,0.3729803715202049,0.2001146159561443,2-0,0.3183527697703152,0.5538031832789289,0.0,0.0
2026-08-16T17:46:38.401287+00:00,2026-08-22,2026-08-22T11:30:00+00:00,1,2026/27,Hull City,Man United,V1.2,1.5136740958622847,1.6379171006655189,3.151591196527804,-0.0849999999999999,0.3463651689454624,0.2538525186242671,0.3997823124302708,0.6373156050463672,0.3626843949536328,0.9481996863497336,0.8313942468801592,0.609901014638888,0.5877261368458263,0.4122738631541737,1.7014727392706075,2.4255721484484223,0.3866874732767572,0.2108180153010854,1-1,0.0,0.0,0.1755460413254899,0.1002332733362435
2026-08-16T17:46:38.401287+00:00,2026-08-22,2026-08-22T14:00:00+00:00,1,2026/27,Everton,Crystal Palace,V1.2,1.458115287983904,1.432434307513263,2.890549595497167,-0.0849999999999999,0.3717818097821612,0.2679200964583273,0.360298093759511,0.5940054161269916,0.4059945838730083,0.9345929366956862,0.7937579672391613,0.5518466881191377,0.5462311146331965,0.4537688853668035,1.8307269088314693,2.203765027193637,0.3282627392253469,0.1666926159666958,1-1,-0.0883525549557702,0.0904178188322672,0.1319137960276581,0.0492758867434802
2026-08-16T17:46:38.401287+00:00,2026-08-22,2026-08-22T14:00:00+00:00,1,2026/27,Ipswich Town,Sunderland,V1.2,1.581949792336805,1.1272547148411616,2.709204507177967,-0.0849999999999999,0.4686246804476616,0.2702091276788553,0.2611661918734833,0.5471879408555024,0.4528120591444976,0.9233166852409548,0.7630982305834393,0.5086271174982568,0.5156133628497376,0.4843866371502624,1.93943771059988,2.0644665300496063,0.2879374684479663,0.1384641204743233,1-1,0.0,0.0,-0.1980941118153214,0.0561150128379114
2026-08-16T17:46:38.401287+00:00,2026-08-22,2026-08-22T14:00:00+00:00,1,2026/27,Nott'm Forest,Leeds,V1.2,1.393321952946296,1.4918444902079249,2.8851664431542208,-0.0849999999999999,0.3440191876200827,0.2678848716598836,0.3880959407200338,0.5925056900823401,0.4074943099176599,0.9342875231179504,0.7928977287651404,0.5505964837924454,0.5453436841922303,0.4546563158077696,1.833706026102076,2.199463562324742,0.327059263759329,0.1658237422504462,1-1,-0.0765335445023149,0.0312346993189824,0.11336863385482,0.1065488102553076
2026-08-16T17:46:38.401287+00:00,2026-08-22,2026-08-22T16:30:00+00:00,1,2026/27,Brentford,Spurs,V1.2,2.007670238769056,1.3237705741236636,3.331440812892719,-0.0849999999999999,0.5249992356813158,0.232083872138372,0.2429168921803121,0.6433837765391297,0.3566162234608703,0.9561838788340248,0.8532603795714369,0.64684552819018,0.6146033877926663,0.3853966122073337,1.6270655513167225,2.5947296066578427,0.4265921886509454,0.2431519475217146,1-1,0.1822018197717722,0.0373951726145931,0.0,0.0
2026-08-16T17:46:38.401287+00:00,2026-08-23,2026-08-23T13:00:00+00:00,1,2026/27,Brighton,Aston Villa,V1.2,1.6799212924986735,1.361269875969851,3.0411911684685244,-0.0849999999999999,0.4411565411781172,0.2564385826259357,0.3024048761959471,0.6143410760706732,0.3856589239293267,0.9429348629170528,0.8162069433738995,0.585974062071829,0.5705414623209627,0.4294585376790373,1.752720995827367,2.3285134937691376,0.3619946141395774,0.1917035343970723,1-1,0.0950319451911219,0.1121605378939401,0.102699201585468,0.0910581474275352
2026-08-16T17:46:38.401287+00:00,2026-08-23,2026-08-23T13:00:00+00:00,1,2026/27,Man City,Bournemouth,V1.2,2.185229599097613,1.29394837995565,3.479177979053263,-0.0849999999999999,0.5694132885249108,0.2176709770148522,0.2129157344602366,0.6516038285392758,0.3483961714607242,0.9617560772617572,0.8693026528359907,0.6752783029976662,0.6356720601924187,0.3643279398075812,1.573138199116851,2.7447798830036123,0.4588574851880301,0.2706158493050339,2-1,0.3519224309944804,0.2695521316709335,0.2093711023809789,0.084974673139797
2026-08-16T17:46:38.401287+00:00,2026-08-23,2026-08-23T15:30:00+00:00,1,2026/27,Newcastle,Liverpool,V1.2,1.6751618260047985,1.8059864994256207,3.48114832543042,-0.0849999999999999,0.3536988305874822,0.2388390968255952,0.4074620725869226,0.687094361145392,0.312905638854608,0.9613146590035552,0.870018335400609,0.6756503655680597,0.6359504379805789,0.364049562019421,1.5724495814098938,2.7468787339089085,0.4592913910718347,0.2709969706319907,1-1,0.2034859307457143,0.0712623625180281,0.3444900093534425,0.202349302446126
2026-08-16T17:46:38.401287+00:00,2026-08-24,2026-08-24T19:00:00+00:00,1,2026/27,Fulham,Chelsea,V1.2,1.4896589938643463,1.6806896663205462,3.1703486601848923,-0.0849999999999999,0.3329446747040425,0.2522629278024316,0.4147923974935258,0.6392293333991691,0.3607706666008309,0.9490752387995436,0.8338267541367973,0.6138727662170542,0.5905935406634302,0.4094064593365698,1.6932118811808747,2.442560387592488,0.3908722669562445,0.2141249334432269,1-1,-0.0479298064154808,0.0736441124525308,0.2749690045658441,0.0682961078495448
2026-08-16T17:50:44.829605+00:00,2026-08-21,2026-08-21T19:00:00+00:00,1,2026/27,Arsenal,Coventry City,V1.2,2.3004986749304583,0.7898408175877842,3.0903394925182424,-0.0849999999999999,0.7066929666993168,0.18824388736455,0.1050631459361331,0.4983844663693608,0.5016155336306392,0.9474866677638378,0.820964715614155,0.5967302294016074,0.5782490466099817,0.4217509533900183,1.7293586662400182,2.3710675505580663,0.3729803715202049,0.2001146159561443,2-0,0.3183527697703152,0.5538031832789289,0.0,0.0
2026-08-16T17:50:44.829605+00:00,2026-08-22,2026-08-22T11:30:00+00:00,1,2026/27,Hull City,Man United,V1.2,1.5136740958622847,1.6379171006655189,3.151591196527804,-0.0849999999999999,0.3463651689454624,0.2538525186242671,0.3997823124302708,0.6373156050463672,0.3626843949536328,0.9481996863497336,0.8313942468801592,0.609901014638888,0.5877261368458263,0.4122738631541737,1.7014727392706075,2.4255721484484223,0.3866874732767572,0.2108180153010854,1-1,0.0,0.0,0.1755460413254899,0.1002332733362435
2026-08-16T17:50:44.829605+00:00,2026-08-22,2026-08-22T14:00:00+00:00,1,2026/27,Everton,Crystal Palace,V1.2,1.458115287983904,1.432434307513263,2.890549595497167,-0.0849999999999999,0.3717818097821612,0.2679200964583273,0.360298093759511,0.5940054161269916,0.4059945838730083,0.9345929366956862,0.7937579672391613,0.5518466881191377,0.5462311146331965,0.4537688853668035,1.8307269088314693,2.203765027193637,0.3282627392253469,0.1666926159666958,1-1,-0.0883525549557702,0.0904178188322672,0.1319137960276581,0.0492758867434802
2026-08-16T17:50:44.829605+00:00,2026-08-22,2026-08-22T14:00:00+00:00,1,2026/27,Ipswich Town,Sunderland,V1.2,1.581949792336805,1.1272547148411616,2.709204507177967,-0.0849999999999999,0.4686246804476616,0.2702091276788553,0.2611661918734833,0.5471879408555024,0.4528120591444976,0.9233166852409548,0.7630982305834393,0.5086271174982568,0.5156133628497376,0.4843866371502624,1.93943771059988,2.0644665300496063,0.2879374684479663,0.1384641204743233,1-1,0.0,0.0,-0.1980941118153214,0.0561150128379114
2026-08-16T17:50:44.829605+00:00,2026-08-22,2026-08-22T14:00:00+00:00,1,2026/27,Nott'm Forest,Leeds,V1.2,1.393321952946296,1.4918444902079249,2.8851664431542208,-0.0849999999999999,0.3440191876200827,0.2678848716598836,0.3880959407200338,0.5925056900823401,0.4074943099176599,0.9342875231179504,0.7928977287651404,0.5505964837924454,0.5453436841922303,0.4546563158077696,1.833706026102076,2.199463562324742,0.327059263759329,0.1658237422504462,1-1,-0.0765335445023149,0.0312346993189824,0.11336863385482,0.1065488102553076
2026-08-16T17:50:44.829605+00:00,2026-08-22,2026-08-22T16:30:00+00:00,1,2026/27,Brentford,Spurs,V1.2,2.007670238769056,1.3237705741236636,3.331440812892719,-0.0849999999999999,0.5249992356813158,0.232083872138372,0.2429168921803121,0.6433837765391297,0.3566162234608703,0.9561838788340248,0.8532603795714369,0.64684552819018,0.6146033877926663,0.3853966122073337,1.6270655513167225,2.5947296066578427,0.4265921886509454,0.2431519475217146,1-1,0.1822018197717722,0.0373951726145931,0.0,0.0
2026-08-16T17:50:44.829605+00:00,2026-08-23,2026-08-23T13:00:00+00:00,1,2026/27,Brighton,Aston Villa,V1.2,1.6799212924986735,1.361269875969851,3.0411911684685244,-0.0849999999999999,0.4411565411781172,0.2564385826259357,0.3024048761959471,0.6143410760706732,0.3856589239293267,0.9429348629170528,0.8162069433738995,0.585974062071829,0.5705414623209627,0.4294585376790373,1.752720995827367,2.3285134937691376,0.3619946141395774,0.1917035343970723,1-1,0.0950319451911219,0.1121605378939401,0.102699201585468,0.0910581474275352
2026-08-16T17:50:44.829605+00:00,2026-08-23,2026-08-23T13:00:00+00:00,1,2026/27,Man City,Bournemouth,V1.2,2.185229599097613,1.29394837995565,3.479177979053263,-0.0849999999999999,0.5694132885249108,0.2176709770148522,0.2129157344602366,0.6516038285392758,0.3483961714607242,0.9617560772617572,0.8693026528359907,0.6752783029976662,0.6356720601924187,0.3643279398075812,1.573138199116851,2.7447798830036123,0.4588574851880301,0.2706158493050339,2-1,0.3519224309944804,0.2695521316709335,0.2093711023809789,0.084974673139797
2026-08-16T17:50:44.829605+00:00,2026-08-23,2026-08-23T15:30:00+00:00,1,2026/27,Newcastle,Liverpool,V1.2,1.6751618260047985,1.8059864994256207,3.48114832543042,-0.0849999999999999,0.3536988305874822,0.2388390968255952,0.4074620725869226,0.687094361145392,0.312905638854608,0.9613146590035552,0.870018335400609,0.6756503655680597,0.6359504379805789,0.364049562019421,1.5724495814098938,2.7468787339089085,0.4592913910718347,0.2709969706319907,1-1,0.2034859307457143,0.0712623625180281,0.3444900093534425,0.202349302446126
2026-08-16T17:50:44.829605+00:00,2026-08-24,2026-08-24T19:00:00+00:00,1,2026/27,Fulham,Chelsea,V1.2,1.4896589938643463,1.6806896663205462,3.1703486601848923,-0.0849999999999999,0.3329446747040425,0.2522629278024316,0.4147923974935258,0.6392293333991691,0.3607706666008309,0.9490752387995436,0.8338267541367973,0.6138727662170542,0.5905935406634302,0.4094064593365698,1.6932118811808747,2.442560387592488,0.3908722669562445,0.2141249334432269,1-1,-0.0479298064154808,0.0736441124525308,0.2749690045658441,0.0682961078495448
2026-08-16T17:58:19.435858+00:00,2026-08-21,2026-08-21T19:00:00+00:00,1,2026/27,Arsenal,Coventry City,V1.2,2.3004986749304583,0.7898408175877842,3.0903394925182424,-0.0849999999999999,0.7066929666993168,0.18824388736455,0.1050631459361331,0.4983844663693608,0.5016155336306392,0.9474866677638378,0.820964715614155,0.5967302294016074,0.5782490466099817,0.4217509533900183,1.7293586662400182,2.3710675505580663,0.3729803715202049,0.2001146159561443,2-0,0.3183527697703152,0.5538031832789289,0.0,0.0
2026-08-16T17:58:19.435858+00:00,2026-08-22,2026-08-22T11:30:00+00:00,1,2026/27,Hull City,Man United,V1.2,1.5136740958622847,1.6379171006655189,3.151591196527804,-0.0849999999999999,0.3463651689454624,0.2538525186242671,0.3997823124302708,0.6373156050463672,0.3626843949536328,0.9481996863497336,0.8313942468801592,0.609901014638888,0.5877261368458263,0.4122738631541737,1.7014727392706075,2.4255721484484223,0.3866874732767572,0.2108180153010854,1-1,0.0,0.0,0.1755460413254899,0.1002332733362435
2026-08-16T17:58:19.435858+00:00,2026-08-22,2026-08-22T14:00:00+00:00,1,2026/27,Everton,Crystal Palace,V1.2,1.458115287983904,1.432434307513263,2.890549595497167,-0.0849999999999999,0.3717818097821612,0.2679200964583273,0.360298093759511,0.5940054161269916,0.4059945838730083,0.9345929366956862,0.7937579672391613,0.5518466881191377,0.5462311146331965,0.4537688853668035,1.8307269088314693,2.203765027193637,0.3282627392253469,0.1666926159666958,1-1,-0.0883525549557702,0.0904178188322672,0.1319137960276581,0.0492758867434802
2026-08-16T17:58:19.435858+00:00,2026-08-22,2026-08-22T14:00:00+00:00,1,2026/27,Ipswich Town,Sunderland,V1.2,1.581949792336805,1.1272547148411616,2.709204507177967,-0.0849999999999999,0.4686246804476616,0.2702091276788553,0.2611661918734833,0.5471879408555024,0.4528120591444976,0.9233166852409548,0.7630982305834393,0.5086271174982568,0.5156133628497376,0.4843866371502624,1.93943771059988,2.0644665300496063,0.2879374684479663,0.1384641204743233,1-1,0.0,0.0,-0.1980941118153214,0.0561150128379114
2026-08-16T17:58:19.435858+00:00,2026-08-22,2026-08-22T14:00:00+00:00,1,2026/27,Nott'm Forest,Leeds,V1.2,1.393321952946296,1.4918444902079249,2.8851664431542208,-0.0849999999999999,0.3440191876200827,0.2678848716598836,0.3880959407200338,0.5925056900823401,0.4074943099176599,0.9342875231179504,0.7928977287651404,0.5505964837924454,0.5453436841922303,0.4546563158077696,1.833706026102076,2.199463562324742,0.327059263759329,0.1658237422504462,1-1,-0.0765335445023149,0.0312346993189824,0.11336863385482,0.1065488102553076
2026-08-16T17:58:19.435858+00:00,2026-08-22,2026-08-22T16:30:00+00:00,1,2026/27,Brentford,Spurs,V1.2,2.007670238769056,1.3237705741236636,3.331440812892719,-0.0849999999999999,0.5249992356813158,0.232083872138372,0.2429168921803121,0.6433837765391297,0.3566162234608703,0.9561838788340248,0.8532603795714369,0.64684552819018,0.6146033877926663,0.3853966122073337,1.6270655513167225,2.5947296066578427,0.4265921886509454,0.2431519475217146,1-1,0.1822018197717722,0.0373951726145931,0.0,0.0
2026-08-16T17:58:19.435858+00:00,2026-08-23,2026-08-23T13:00:00+00:00,1,2026/27,Brighton,Aston Villa,V1.2,1.6799212924986735,1.361269875969851,3.0411911684685244,-0.0849999999999999,0.4411565411781172,0.2564385826259357,0.3024048761959471,0.6143410760706732,0.3856589239293267,0.9429348629170528,0.8162069433738995,0.585974062071829,0.5705414623209627,0.4294585376790373,1.752720995827367,2.3285134937691376,0.3619946141395774,0.1917035343970723,1-1,0.0950319451911219,0.1121605378939401,0.102699201585468,0.0910581474275352
2026-08-16T17:58:19.435858+00:00,2026-08-23,2026-08-23T13:00:00+00:00,1,2026/27,Man City,Bournemouth,V1.2,2.185229599097613,1.29394837995565,3.479177979053263,-0.0849999999999999,0.5694132885249108,0.2176709770148522,0.2129157344602366,0.6516038285392758,0.3483961714607242,0.9617560772617572,0.8693026528359907,0.6752783029976662,0.6356720601924187,0.3643279398075812,1.573138199116851,2.7447798830036123,0.4588574851880301,0.2706158493050339,2-1,0.3519224309944804,0.2695521316709335,0.2093711023809789,0.084974673139797
2026-08-16T17:58:19.435858+00:00,2026-08-23,2026-08-23T15:30:00+00:00,1,2026/27,Newcastle,Liverpool,V1.2,1.6751618260047985,1.8059864994256207,3.48114832543042,-0.0849999999999999,0.3536988305874822,0.2388390968255952,0.4074620725869226,0.687094361145392,0.312905638854608,0.9613146590035552,0.870018335400609,0.6756503655680597,0.6359504379805789,0.364049562019421,1.5724495814098938,2.7468787339089085,0.4592913910718347,0.2709969706319907,1-1,0.2034859307457143,0.0712623625180281,0.3444900093534425,0.202349302446126
2026-08-16T17:58:19.435858+00:00,2026-08-24,2026-08-24T19:00:00+00:00,1,2026/27,Fulham,Chelsea,V1.2,1.4896589938643463,1.6806896663205462,3.1703486601848923,-0.0849999999999999,0.3329446747040425,0.2522629278024316,0.4147923974935258,0.6392293333991691,0.3607706666008309,0.9490752387995436,0.8338267541367973,0.6138727662170542,0.5905935406634302,0.4094064593365698,1.6932118811808747,2.442560387592488,0.3908722669562445,0.2141249334432269,1-1,-0.0479298064154808,0.0736441124525308,0.2749690045658441,0.0682961078495448
2026-08-16T18:08:29.838040+00:00,2026-08-21,2026-08-21T19:00:00+00:00,1,2026/27,Arsenal,Coventry City,V1.2,2.3004986749304583,0.7898408175877842,3.0903394925182424,-0.0849999999999999,0.7066929666993168,0.18824388736455,0.1050631459361331,0.4983844663693608,0.5016155336306392,0.9474866677638378,0.820964715614155,0.5967302294016074,0.5782490466099817,0.4217509533900183,1.7293586662400182,2.3710675505580663,0.3729803715202049,0.2001146159561443,2-0,0.3183527697703152,0.5538031832789289,0.0,0.0
2026-08-16T18:08:29.838040+00:00,2026-08-22,2026-08-22T11:30:00+00:00,1,2026/27,Hull City,Man United,V1.2,1.5136740958622847,1.6379171006655189,3.151591196527804,-0.0849999999999999,0.3463651689454624,0.2538525186242671,0.3997823124302708,0.6373156050463672,0.3626843949536328,0.9481996863497336,0.8313942468801592,0.609901014638888,0.5877261368458263,0.4122738631541737,1.7014727392706075,2.4255721484484223,0.3866874732767572,0.2108180153010854,1-1,0.0,0.0,0.1755460413254899,0.1002332733362435
2026-08-16T18:08:29.838040+00:00,2026-08-22,2026-08-22T14:00:00+00:00,1,2026/27,Everton,Crystal Palace,V1.2,1.458115287983904,1.432434307513263,2.890549595497167,-0.0849999999999999,0.3717818097821612,0.2679200964583273,0.360298093759511,0.5940054161269916,0.4059945838730083,0.9345929366956862,0.7937579672391613,0.5518466881191377,0.5462311146331965,0.4537688853668035,1.8307269088314693,2.203765027193637,0.3282627392253469,0.1666926159666958,1-1,-0.0883525549557702,0.0904178188322672,0.1319137960276581,0.0492758867434802
2026-08-16T18:08:29.838040+00:00,2026-08-22,2026-08-22T14:00:00+00:00,1,2026/27,Ipswich Town,Sunderland,V1.2,1.581949792336805,1.1272547148411616,2.709204507177967,-0.0849999999999999,0.4686246804476616,0.2702091276788553,0.2611661918734833,0.5471879408555024,0.4528120591444976,0.9233166852409548,0.7630982305834393,0.5086271174982568,0.5156133628497376,0.4843866371502624,1.93943771059988,2.0644665300496063,0.2879374684479663,0.1384641204743233,1-1,0.0,0.0,-0.1980941118153214,0.0561150128379114
2026-08-16T18:08:29.838040+00:00,2026-08-22,2026-08-22T14:00:00+00:00,1,2026/27,Nott'm Forest,Leeds,V1.2,1.393321952946296,1.4918444902079249,2.8851664431542208,-0.0849999999999999,0.3440191876200827,0.2678848716598836,0.3880959407200338,0.5925056900823401,0.4074943099176599,0.9342875231179504,0.7928977287651404,0.5505964837924454,0.5453436841922303,0.4546563158077696,1.833706026102076,2.199463562324742,0.327059263759329,0.1658237422504462,1-1,-0.0765335445023149,0.0312346993189824,0.11336863385482,0.1065488102553076
2026-08-16T18:08:29.838040+00:00,2026-08-22,2026-08-22T16:30:00+00:00,1,2026/27,Brentford,Spurs,V1.2,2.007670238769056,1.3237705741236636,3.331440812892719,-0.0849999999999999,0.5249992356813158,0.232083872138372,0.2429168921803121,0.6433837765391297,0.3566162234608703,0.9561838788340248,0.8532603795714369,0.64684552819018,0.6146033877926663,0.3853966122073337,1.6270655513167225,2.5947296066578427,0.4265921886509454,0.2431519475217146,1-1,0.1822018197717722,0.0373951726145931,0.0,0.0
2026-08-16T18:08:29.838040+00:00,2026-08-23,2026-08-23T13:00:00+00:00,1,2026/27,Brighton,Aston Villa,V1.2,1.6799212924986735,1.361269875969851,3.0411911684685244,-0.0849999999999999,0.4411565411781172,0.2564385826259357,0.3024048761959471,0.6143410760706732,0.3856589239293267,0.9429348629170528,0.8162069433738995,0.585974062071829,0.5705414623209627,0.4294585376790373,1.752720995827367,2.3285134937691376,0.3619946141395774,0.1917035343970723,1-1,0.0950319451911219,0.1121605378939401,0.102699201585468,0.0910581474275352
2026-08-16T18:08:29.838040+00:00,2026-08-23,2026-08-23T13:00:00+00:00,1,2026/27,Man City,Bournemouth,V1.2,2.185229599097613,1.29394837995565,3.479177979053263,-0.0849999999999999,0.5694132885249108,0.2176709770148522,0.2129157344602366,0.6516038285392758,0.3483961714607242,0.9617560772617572,0.8693026528359907,0.6752783029976662,0.6356720601924187,0.3643279398075812,1.573138199116851,2.7447798830036123,0.4588574851880301,0.2706158493050339,2-1,0.3519224309944804,0.2695521316709335,0.2093711023809789,0.084974673139797
2026-08-16T18:08:29.838040+00:00,2026-08-23,2026-08-23T15:30:00+00:00,1,2026/27,Newcastle,Liverpool,V1.2,1.6751618260047985,1.8059864994256207,3.48114832543042,-0.0849999999999999,0.3536988305874822,0.2388390968255952,0.4074620725869226,0.687094361145392,0.312905638854608,0.9613146590035552,0.870018335400609,0.6756503655680597,0.6359504379805789,0.364049562019421,1.5724495814098938,2.7468787339089085,0.4592913910718347,0.2709969706319907,1-1,0.2034859307457143,0.0712623625180281,0.3444900093534425,0.202349302446126
2026-08-16T18:08:29.838040+00:00,2026-08-24,2026-08-24T19:00:00+00:00,1,2026/27,Fulham,Chelsea,V1.2,1.4896589938643463,1.6806896663205462,3.1703486601848923,-0.0849999999999999,0.3329446747040425,0.2522629278024316,0.4147923974935258,0.6392293333991691,0.3607706666008309,0.9490752387995436,0.8338267541367973,0.6138727662170542,0.5905935406634302,0.4094064593365698,1.6932118811808747,2.442560387592488,0.3908722669562445,0.2141249334432269,1-1,-0.0479298064154808,0.0736441124525308,0.2749690045658441,0.0682961078495448
2026-08-16T19:30:56.289439+00:00,2026-08-21,2026-08-21T19:00:00+00:00,1,2026/27,Arsenal,Coventry City,V1.2,2.3004986749304583,0.7898408175877842,3.0903394925182424,-0.0849999999999999,0.7066929666993168,0.18824388736455,0.1050631459361331,0.4983844663693608,0.5016155336306392,0.9474866677638378,0.820964715614155,0.5967302294016074,0.5782490466099817,0.4217509533900183,1.7293586662400182,2.3710675505580663,0.3729803715202049,0.2001146159561443,2-0,0.3183527697703152,0.5538031832789289,0.0,0.0
2026-08-16T19:30:56.289439+00:00,2026-08-22,2026-08-22T11:30:00+00:00,1,2026/27,Hull City,Man United,V1.2,1.5136740958622847,1.6379171006655189,3.151591196527804,-0.0849999999999999,0.3463651689454624,0.2538525186242671,0.3997823124302708,0.6373156050463672,0.3626843949536328,0.9481996863497336,0.8313942468801592,0.609901014638888,0.5877261368458263,0.4122738631541737,1.7014727392706075,2.4255721484484223,0.3866874732767572,0.2108180153010854,1-1,0.0,0.0,0.1755460413254899,0.1002332733362435
2026-08-16T19:30:56.289439+00:00,2026-08-22,2026-08-22T14:00:00+00:00,1,2026/27,Everton,Crystal Palace,V1.2,1.458115287983904,1.432434307513263,2.890549595497167,-0.0849999999999999,0.3717818097821612,0.2679200964583273,0.360298093759511,0.5940054161269916,0.4059945838730083,0.9345929366956862,0.7937579672391613,0.5518466881191377,0.5462311146331965,0.4537688853668035,1.8307269088314693,2.203765027193637,0.3282627392253469,0.1666926159666958,1-1,-0.0883525549557702,0.0904178188322672,0.1319137960276581,0.0492758867434802
2026-08-16T19:30:56.289439+00:00,2026-08-22,2026-08-22T14:00:00+00:00,1,2026/27,Ipswich Town,Sunderland,V1.2,1.581949792336805,1.1272547148411616,2.709204507177967,-0.0849999999999999,0.4686246804476616,0.2702091276788553,0.2611661918734833,0.5471879408555024,0.4528120591444976,0.9233166852409548,0.7630982305834393,0.5086271174982568,0.5156133628497376,0.4843866371502624,1.93943771059988,2.0644665300496063,0.2879374684479663,0.1384641204743233,1-1,0.0,0.0,-0.1980941118153214,0.0561150128379114
2026-08-16T19:30:56.289439+00:00,2026-08-22,2026-08-22T14:00:00+00:00,1,2026/27,Nott'm Forest,Leeds,V1.2,1.393321952946296,1.4918444902079249,2.8851664431542208,-0.0849999999999999,0.3440191876200827,0.2678848716598836,0.3880959407200338,0.5925056900823401,0.4074943099176599,0.9342875231179504,0.7928977287651404,0.5505964837924454,0.5453436841922303,0.4546563158077696,1.833706026102076,2.199463562324742,0.327059263759329,0.1658237422504462,1-1,-0.0765335445023149,0.0312346993189824,0.11336863385482,0.1065488102553076
2026-08-16T19:30:56.289439+00:00,2026-08-22,2026-08-22T16:30:00+00:00,1,2026/27,Brentford,Spurs,V1.2,2.007670238769056,1.3237705741236636,3.331440812892719,-0.0849999999999999,0.5249992356813158,0.232083872138372,0.2429168921803121,0.6433837765391297,0.3566162234608703,0.9561838788340248,0.8532603795714369,0.64684552819018,0.6146033877926663,0.3853966122073337,1.6270655513167225,2.5947296066578427,0.4265921886509454,0.2431519475217146,1-1,0.1822018197717722,0.0373951726145931,0.0,0.0
2026-08-16T19:30:56.289439+00:00,2026-08-23,2026-08-23T13:00:00+00:00,1,2026/27,Brighton,Aston Villa,V1.2,1.6799212924986735,1.361269875969851,3.0411911684685244,-0.0849999999999999,0.4411565411781172,0.2564385826259357,0.3024048761959471,0.6143410760706732,0.3856589239293267,0.9429348629170528,0.8162069433738995,0.585974062071829,0.5705414623209627,0.4294585376790373,1.752720995827367,2.3285134937691376,0.3619946141395774,0.1917035343970723,1-1,0.0950319451911219,0.1121605378939401,0.102699201585468,0.0910581474275352
2026-08-16T19:30:56.289439+00:00,2026-08-23,2026-08-23T13:00:00+00:00,1,2026/27,Man City,Bournemouth,V1.2,2.185229599097613,1.29394837995565,3.479177979053263,-0.0849999999999999,0.5694132885249108,0.2176709770148522,0.2129157344602366,0.6516038285392758,0.3483961714607242,0.9617560772617572,0.8693026528359907,0.6752783029976662,0.6356720601924187,0.3643279398075812,1.573138199116851,2.7447798830036123,0.4588574851880301,0.2706158493050339,2-1,0.3519224309944804,0.2695521316709335,0.2093711023809789,0.084974673139797
2026-08-16T19:30:56.289439+00:00,2026-08-23,2026-08-23T15:30:00+00:00,1,2026/27,Newcastle,Liverpool,V1.2,1.6751618260047985,1.8059864994256207,3.48114832543042,-0.0849999999999999,0.3536988305874822,0.2388390968255952,0.4074620725869226,0.687094361145392,0.312905638854608,0.9613146590035552,0.870018335400609,0.6756503655680597,0.6359504379805789,0.364049562019421,1.5724495814098938,2.7468787339089085,0.4592913910718347,0.2709969706319907,1-1,0.2034859307457143,0.0712623625180281,0.3444900093534425,0.202349302446126
2026-08-16T19:30:56.289439+00:00,2026-08-24,2026-08-24T19:00:00+00:00,1,2026/27,Fulham,Chelsea,V1.2,1.4896589938643463,1.6806896663205462,3.1703486601848923,-0.0849999999999999,0.3329446747040425,0.2522629278024316,0.4147923974935258,0.6392293333991691,0.3607706666008309,0.9490752387995436,0.8338267541367973,0.6138727662170542,0.5905935406634302,0.4094064593365698,1.6932118811808747,2.442560387592488,0.3908722669562445,0.2141249334432269,1-1,-0.0479298064154808,0.0736441124525308,0.2749690045658441,0.0682961078495448
2026-08-17T11:04:34.080488+00:00,2026-08-21,2026-08-21T19:00:00+00:00,1,2026/27,Arsenal,Coventry City,V1.2,2.3004986749304583,0.7898408175877842,3.0903394925182424,-0.0849999999999999,0.7066929666993168,0.18824388736455,0.1050631459361331,0.4983844663693608,0.5016155336306392,0.9474866677638378,0.820964715614155,0.5967302294016074,0.5782490466099817,0.4217509533900183,1.7293586662400182,2.3710675505580663,0.3729803715202049,0.2001146159561443,2-0,0.3183527697703152,0.5538031832789289,0.0,0.0
2026-08-17T11:04:34.080488+00:00,2026-08-22,2026-08-22T11:30:00+00:00,1,2026/27,Hull City,Man United,V1.2,1.5136740958622847,1.6379171006655189,3.151591196527804,-0.0849999999999999,0.3463651689454624,0.2538525186242671,0.3997823124302708,0.6373156050463672,0.3626843949536328,0.9481996863497336,0.8313942468801592,0.609901014638888,0.5877261368458263,0.4122738631541737,1.7014727392706075,2.4255721484484223,0.3866874732767572,0.2108180153010854,1-1,0.0,0.0,0.1755460413254899,0.1002332733362435
2026-08-17T11:04:34.080488+00:00,2026-08-22,2026-08-22T14:00:00+00:00,1,2026/27,Everton,Crystal Palace,V1.2,1.458115287983904,1.432434307513263,2.890549595497167,-0.0849999999999999,0.3717818097821612,0.2679200964583273,0.360298093759511,0.5940054161269916,0.4059945838730083,0.9345929366956862,0.7937579672391613,0.5518466881191377,0.5462311146331965,0.4537688853668035,1.8307269088314693,2.203765027193637,0.3282627392253469,0.1666926159666958,1-1,-0.0883525549557702,0.0904178188322672,0.1319137960276581,0.0492758867434802
2026-08-17T11:04:34.080488+00:00,2026-08-22,2026-08-22T14:00:00+00:00,1,2026/27,Ipswich Town,Sunderland,V1.2,1.581949792336805,1.1272547148411616,2.709204507177967,-0.0849999999999999,0.4686246804476616,0.2702091276788553,0.2611661918734833,0.5471879408555024,0.4528120591444976,0.9233166852409548,0.7630982305834393,0.5086271174982568,0.5156133628497376,0.4843866371502624,1.93943771059988,2.0644665300496063,0.2879374684479663,0.1384641204743233,1-1,0.0,0.0,-0.1980941118153214,0.0561150128379114
2026-08-17T11:04:34.080488+00:00,2026-08-22,2026-08-22T14:00:00+00:00,1,2026/27,Nott'm Forest,Leeds,V1.2,1.393321952946296,1.4918444902079249,2.8851664431542208,-0.0849999999999999,0.3440191876200827,0.2678848716598836,0.3880959407200338,0.5925056900823401,0.4074943099176599,0.9342875231179504,0.7928977287651404,0.5505964837924454,0.5453436841922303,0.4546563158077696,1.833706026102076,2.199463562324742,0.327059263759329,0.1658237422504462,1-1,-0.0765335445023149,0.0312346993189824,0.11336863385482,0.1065488102553076
2026-08-17T11:04:34.080488+00:00,2026-08-22,2026-08-22T16:30:00+00:00,1,2026/27,Brentford,Spurs,V1.2,2.007670238769056,1.3237705741236636,3.331440812892719,-0.0849999999999999,0.5249992356813158,0.232083872138372,0.2429168921803121,0.6433837765391297,0.3566162234608703,0.9561838788340248,0.8532603795714369,0.64684552819018,0.6146033877926663,0.3853966122073337,1.6270655513167225,2.5947296066578427,0.4265921886509454,0.2431519475217146,1-1,0.1822018197717722,0.0373951726145931,0.0,0.0
2026-08-17T11:04:34.080488+00:00,2026-08-23,2026-08-23T13:00:00+00:00,1,2026/27,Brighton,Aston Villa,V1.2,1.6799212924986735,1.361269875969851,3.0411911684685244,-0.0849999999999999,0.4411565411781172,0.2564385826259357,0.3024048761959471,0.6143410760706732,0.3856589239293267,0.9429348629170528,0.8162069433738995,0.585974062071829,0.5705414623209627,0.4294585376790373,1.752720995827367,2.3285134937691376,0.3619946141395774,0.1917035343970723,1-1,0.0950319451911219,0.1121605378939401,0.102699201585468,0.0910581474275352
2026-08-17T11:04:34.080488+00:00,2026-08-23,2026-08-23T13:00:00+00:00,1,2026/27,Man City,Bournemouth,V1.2,2.185229599097613,1.29394837995565,3.479177979053263,-0.0849999999999999,0.5694132885249108,0.2176709770148522,0.2129157344602366,0.6516038285392758,0.3483961714607242,0.9617560772617572,0.8693026528359907,0.6752783029976662,0.6356720601924187,0.3643279398075812,1.573138199116851,2.7447798830036123,0.4588574851880301,0.2706158493050339,2-1,0.3519224309944804,0.2695521316709335,0.2093711023809789,0.084974673139797
2026-08-17T11:04:34.080488+00:00,2026-08-23,2026-08-23T15:30:00+00:00,1,2026/27,Newcastle,Liverpool,V1.2,1.6751618260047985,1.8059864994256207,3.48114832543042,-0.0849999999999999,0.3536988305874822,0.2388390968255952,0.4074620725869226,0.687094361145392,0.312905638854608,0.9613146590035552,0.870018335400609,0.6756503655680597,0.6359504379805789,0.364049562019421,1.5724495814098938,2.7468787339089085,0.4592913910718347,0.2709969706319907,1-1,0.2034859307457143,0.0712623625180281,0.3444900093534425,0.202349302446126
2026-08-17T11:04:34.080488+00:00,2026-08-24,2026-08-24T19:00:00+00:00,1,2026/27,Fulham,Chelsea,V1.2,1.4896589938643463,1.6806896663205462,3.1703486601848923,-0.0849999999999999,0.3329446747040425,0.2522629278024316,0.4147923974935258,0.6392293333991691,0.3607706666008309,0.9490752387995436,0.8338267541367973,0.6138727662170542,0.5905935406634302,0.4094064593365698,1.6932118811808747,2.442560387592488,0.3908722669562445,0.2141249334432269,1-1,-0.0479298064154808,0.0736441124525308,0.2749690045658441,0.0682961078495448
2026-08-17T14:08:39.973036+00:00,2026-08-21,2026-08-21T19:00:00+00:00,1,2026/27,Arsenal,Coventry City,V1.2,2.3004986749304583,0.7898408175877842,3.0903394925182424,-0.0849999999999999,0.7066929666993168,0.18824388736455,0.1050631459361331,0.4983844663693608,0.5016155336306392,0.9474866677638378,0.820964715614155,0.5967302294016074,0.5782490466099817,0.4217509533900183,1.7293586662400182,2.3710675505580663,0.3729803715202049,0.2001146159561443,2-0,0.3183527697703152,0.5538031832789289,0.0,0.0
2026-08-17T14:08:39.973036+00:00,2026-08-22,2026-08-22T11:30:00+00:00,1,2026/27,Hull City,Man United,V1.2,1.5136740958622847,1.6379171006655189,3.151591196527804,-0.0849999999999999,0.3463651689454624,0.2538525186242671,0.3997823124302708,0.6373156050463672,0.3626843949536328,0.9481996863497336,0.8313942468801592,0.609901014638888,0.5877261368458263,0.4122738631541737,1.7014727392706075,2.4255721484484223,0.3866874732767572,0.2108180153010854,1-1,0.0,0.0,0.1755460413254899,0.1002332733362435
2026-08-17T14:08:39.973036+00:00,2026-08-22,2026-08-22T14:00:00+00:00,1,2026/27,Everton,Crystal Palace,V1.2,1.458115287983904,1.432434307513263,2.890549595497167,-0.0849999999999999,0.3717818097821612,0.2679200964583273,0.360298093759511,0.5940054161269916,0.4059945838730083,0.9345929366956862,0.7937579672391613,0.5518466881191377,0.5462311146331965,0.4537688853668035,1.8307269088314693,2.203765027193637,0.3282627392253469,0.1666926159666958,1-1,-0.0883525549557702,0.0904178188322672,0.1319137960276581,0.0492758867434802
2026-08-17T14:08:39.973036+00:00,2026-08-22,2026-08-22T14:00:00+00:00,1,2026/27,Ipswich Town,Sunderland,V1.2,1.581949792336805,1.1272547148411616,2.709204507177967,-0.0849999999999999,0.4686246804476616,0.2702091276788553,0.2611661918734833,0.5471879408555024,0.4528120591444976,0.9233166852409548,0.7630982305834393,0.5086271174982568,0.5156133628497376,0.4843866371502624,1.93943771059988,2.0644665300496063,0.2879374684479663,0.1384641204743233,1-1,0.0,0.0,-0.1980941118153214,0.0561150128379114
2026-08-17T14:08:39.973036+00:00,2026-08-22,2026-08-22T14:00:00+00:00,1,2026/27,Nott'm Forest,Leeds,V1.2,1.393321952946296,1.4918444902079249,2.8851664431542208,-0.0849999999999999,0.3440191876200827,0.2678848716598836,0.3880959407200338,0.5925056900823401,0.4074943099176599,0.9342875231179504,0.7928977287651404,0.5505964837924454,0.5453436841922303,0.4546563158077696,1.833706026102076,2.199463562324742,0.327059263759329,0.1658237422504462,1-1,-0.0765335445023149,0.0312346993189824,0.11336863385482,0.1065488102553076
2026-08-17T14:08:39.973036+00:00,2026-08-22,2026-08-22T16:30:00+00:00,1,2026/27,Brentford,Spurs,V1.2,2.007670238769056,1.3237705741236636,3.331440812892719,-0.0849999999999999,0.5249992356813158,0.232083872138372,0.2429168921803121,0.6433837765391297,0.3566162234608703,0.9561838788340248,0.8532603795714369,0.64684552819018,0.6146033877926663,0.3853966122073337,1.6270655513167225,2.5947296066578427,0.4265921886509454,0.2431519475217146,1-1,0.1822018197717722,0.0373951726145931,0.0,0.0
2026-08-17T14:08:39.973036+00:00,2026-08-23,2026-08-23T13:00:00+00:00,1,2026/27,Brighton,Aston Villa,V1.2,1.6799212924986735,1.361269875969851,3.0411911684685244,-0.0849999999999999,0.4411565411781172,0.2564385826259357,0.3024048761959471,0.6143410760706732,0.3856589239293267,0.9429348629170528,0.8162069433738995,0.585974062071829,0.5705414623209627,0.4294585376790373,1.752720995827367,2.3285134937691376,0.3619946141395774,0.1917035343970723,1-1,0.0950319451911219,0.1121605378939401,0.102699201585468,0.0910581474275352
2026-08-17T14:08:39.973036+00:00,2026-08-23,2026-08-23T13:00:00+00:00,1,2026/27,Man City,Bournemouth,V1.2,2.185229599097613,1.29394837995565,3.479177979053263,-0.0849999999999999,0.5694132885249108,0.2176709770148522,0.2129157344602366,0.6516038285392758,0.3483961714607242,0.9617560772617572,0.8693026528359907,0.6752783029976662,0.6356720601924187,0.3643279398075812,1.573138199116851,2.7447798830036123,0.4588574851880301,0.2706158493050339,2-1,0.3519224309944804,0.2695521316709335,0.2093711023809789,0.084974673139797
2026-08-17T14:08:39.973036+00:00,2026-08-23,2026-08-23T15:30:00+00:00,1,2026/27,Newcastle,Liverpool,V1.2,1.6751618260047985,1.8059864994256207,3.48114832543042,-0.0849999999999999,0.3536988305874822,0.2388390968255952,0.4074620725869226,0.687094361145392,0.312905638854608,0.9613146590035552,0.870018335400609,0.6756503655680597,0.6359504379805789,0.364049562019421,1.5724495814098938,2.7468787339089085,0.4592913910718347,0.2709969706319907,1-1,0.2034859307457143,0.0712623625180281,0.3444900093534425,0.202349302446126
2026-08-17T14:08:39.973036+00:00,2026-08-24,2026-08-24T19:00:00+00:00,1,2026/27,Fulham,Chelsea,V1.2,1.4896589938643463,1.6806896663205462,3.1703486601848923,-0.0849999999999999,0.3329446747040425,0.2522629278024316,0.4147923974935258,0.6392293333991691,0.3607706666008309,0.9490752387995436,0.8338267541367973,0.6138727662170542,0.5905935406634302,0.4094064593365698,1.6932118811808747,2.442560387592488,0.3908722669562445,0.2141249334432269,1-1,-0.0479298064154808,0.0736441124525308,0.2749690045658441,0.0682961078495448
2026-08-17T18:03:48.439126+00:00,2026-08-21,2026-08-21T19:00:00+00:00,1,2026/27,Arsenal,Coventry City,V1.2,2.3004986749304583,0.7898408175877842,3.0903394925182424,-0.0849999999999999,0.7066929666993168,0.18824388736455,0.1050631459361331,0.4983844663693608,0.5016155336306392,0.9474866677638378,0.820964715614155,0.5967302294016074,0.5782490466099817,0.4217509533900183,1.7293586662400182,2.3710675505580663,0.3729803715202049,0.2001146159561443,2-0,0.3183527697703152,0.5538031832789289,0.0,0.0
2026-08-17T18:03:48.439126+00:00,2026-08-22,2026-08-22T11:30:00+00:00,1,2026/27,Hull City,Man United,V1.2,1.5136740958622847,1.6379171006655189,3.151591196527804,-0.0849999999999999,0.3463651689454624,0.2538525186242671,0.3997823124302708,0.6373156050463672,0.3626843949536328,0.9481996863497336,0.8313942468801592,0.609901014638888,0.5877261368458263,0.4122738631541737,1.7014727392706075,2.4255721484484223,0.3866874732767572,0.2108180153010854,1-1,0.0,0.0,0.1755460413254899,0.1002332733362435
2026-08-17T18:03:48.439126+00:00,2026-08-22,2026-08-22T14:00:00+00:00,1,2026/27,Everton,Crystal Palace,V1.2,1.458115287983904,1.432434307513263,2.890549595497167,-0.0849999999999999,0.3717818097821612,0.2679200964583273,0.360298093759511,0.5940054161269916,0.4059945838730083,0.9345929366956862,0.7937579672391613,0.5518466881191377,0.5462311146331965,0.4537688853668035,1.8307269088314693,2.203765027193637,0.3282627392253469,0.1666926159666958,1-1,-0.0883525549557702,0.0904178188322672,0.1319137960276581,0.0492758867434802
2026-08-17T18:03:48.439126+00:00,2026-08-22,2026-08-22T14:00:00+00:00,1,2026/27,Ipswich Town,Sunderland,V1.2,1.581949792336805,1.1272547148411616,2.709204507177967,-0.0849999999999999,0.4686246804476616,0.2702091276788553,0.2611661918734833,0.5471879408555024,0.4528120591444976,0.9233166852409548,0.7630982305834393,0.5086271174982568,0.5156133628497376,0.4843866371502624,1.93943771059988,2.0644665300496063,0.2879374684479663,0.1384641204743233,1-1,0.0,0.0,-0.1980941118153214,0.0561150128379114
2026-08-17T18:03:48.439126+00:00,2026-08-22,2026-08-22T14:00:00+00:00,1,2026/27,Nott'm Forest,Leeds,V1.2,1.393321952946296,1.4918444902079249,2.8851664431542208,-0.0849999999999999,0.3440191876200827,0.2678848716598836,0.3880959407200338,0.5925056900823401,0.4074943099176599,0.9342875231179504,0.7928977287651404,0.5505964837924454,0.5453436841922303,0.4546563158077696,1.833706026102076,2.199463562324742,0.327059263759329,0.1658237422504462,1-1,-0.0765335445023149,0.0312346993189824,0.11336863385482,0.1065488102553076
2026-08-17T18:03:48.439126+00:00,2026-08-22,2026-08-22T16:30:00+00:00,1,2026/27,Brentford,Spurs,V1.2,2.007670238769056,1.3237705741236636,3.331440812892719,-0.0849999999999999,0.5249992356813158,0.232083872138372,0.2429168921803121,0.6433837765391297,0.3566162234608703,0.9561838788340248,0.8532603795714369,0.64684552819018,0.6146033877926663,0.3853966122073337,1.6270655513167225,2.5947296066578427,0.4265921886509454,0.2431519475217146,1-1,0.1822018197717722,0.0373951726145931,0.0,0.0
2026-08-17T18:03:48.439126+00:00,2026-08-23,2026-08-23T13:00:00+00:00,1,2026/27,Brighton,Aston Villa,V1.2,1.6799212924986735,1.361269875969851,3.0411911684685244,-0.0849999999999999,0.4411565411781172,0.2564385826259357,0.3024048761959471,0.6143410760706732,0.3856589239293267,0.9429348629170528,0.8162069433738995,0.585974062071829,0.5705414623209627,0.4294585376790373,1.752720995827367,2.3285134937691376,0.3619946141395774,0.1917035343970723,1-1,0.0950319451911219,0.1121605378939401,0.102699201585468,0.0910581474275352
2026-08-17T18:03:48.439126+00:00,2026-08-23,2026-08-23T13:00:00+00:00,1,2026/27,Man City,Bournemouth,V1.2,2.185229599097613,1.29394837995565,3.479177979053263,-0.0849999999999999,0.5694132885249108,0.2176709770148522,0.2129157344602366,0.6516038285392758,0.3483961714607242,0.9617560772617572,0.8693026528359907,0.6752783029976662,0.6356720601924187,0.3643279398075812,1.573138199116851,2.7447798830036123,0.4588574851880301,0.2706158493050339,2-1,0.3519224309944804,0.2695521316709335,0.2093711023809789,0.084974673139797
2026-08-17T18:03:48.439126+00:00,2026-08-23,2026-08-23T15:30:00+00:00,1,2026/27,Newcastle,Liverpool,V1.2,1.6751618260047985,1.8059864994256207,3.48114832543042,-0.0849999999999999,0.3536988305874822,0.2388390968255952,0.4074620725869226,0.687094361145392,0.312905638854608,0.9613146590035552,0.870018335400609,0.6756503655680597,0.6359504379805789,0.364049562019421,1.5724495814098938,2.7468787339089085,0.4592913910718347,0.2709969706319907,1-1,0.2034859307457143,0.0712623625180281,0.3444900093534425,0.202349302446126
2026-08-17T18:03:48.439126+00:00,2026-08-24,2026-08-24T19:00:00+00:00,1,2026/27,Fulham,Chelsea,V1.2,1.4896589938643463,1.6806896663205462,3.1703486601848923,-0.0849999999999999,0.3329446747040425,0.2522629278024316,0.4147923974935258,0.6392293333991691,0.3607706666008309,0.9490752387995436,0.8338267541367973,0.6138727662170542,0.5905935406634302,0.4094064593365698,1.6932118811808747,2.442560387592488,0.3908722669562445,0.2141249334432269,1-1,-0.0479298064154808,0.0736441124525308,0.2749690045658441,0.0682961078495448
2026-08-18T03:02:33.071355+00:00,2026-08-21,2026-08-21T19:00:00+00:00,1,2026/27,Arsenal,Coventry City,V1.2,2.300520709834532,0.7898702495613139,3.090390959395845,-0.0849999999999999,0.7066899706886675,0.1882434886923146,0.1050665406190179,0.49839766030186,0.5016023396981399,0.9474890411894002,0.820971917383902,0.5967414073505708,0.5782566748731481,0.4217433251268518,1.729335852836233,2.371110437134293,0.3729918856337947,0.200123510863128,2-0,0.3183429563658556,0.5537665548291025,0.0,0.0
2026-08-18T03:02:33.071355+00:00,2026-08-22,2026-08-22T11:30:00+00:00,1,2026/27,Hull City,Man United,V1.2,1.513683893377037,1.6379507610332196,3.1516346544102563,-0.0849999999999999,0.3463613671035044,0.2538502065016711,0.3997884263948247,0.6373222969353397,0.3626777030646603,0.9482016937779404,0.8313999583367437,0.6099102482534149,0.5877324272196005,0.4122675727803995,1.701454528773788,2.425609157799721,0.3866971734777552,0.2108256580326461,1-1,0.0,0.0,0.1755659578024097,0.1002461923609129
2026-08-18T03:02:33.071355+00:00,2026-08-22,2026-08-22T14:00:00+00:00,1,2026/27,Everton,Crystal Palace,V1.2,1.4581559379757625,1.4324504357033472,2.890606373679109,-0.0849999999999999,0.3717888356404011,0.2679169090690285,0.3602942552905703,0.594015396674154,0.4059846033258459,0.9345962643426152,0.7937669092490234,0.5518598633093029,0.5462399879695974,0.4537600120304026,1.8306971697862184,2.203808122107063,0.3282754338271286,0.1667017895979832,1-1,-0.0883272103708902,0.0904283519450653,0.1319349543378221,0.0492927449434677
2026-08-18T03:02:33.071355+00:00,2026-08-22,2026-08-22T14:00:00+00:00,1,2026/27,Ipswich Town,Sunderland,V1.2,1.5819131541729192,1.1273239772374954,2.709237131410415,-0.0849999999999999,0.4685994135101773,0.2702110846981377,0.2611895017916849,0.5472007283628513,0.4527992716371487,0.923318800563198,0.7631041732535311,0.508635090186494,0.5156184490405864,0.4843815509594136,1.939418579495564,2.064488207734795,0.2879446684214488,0.138468997123327,1-1,0.0,0.0,-0.1980333042997622,0.0561575649117087
2026-08-18T03:02:33.071355+00:00,2026-08-22,2026-08-22T14:00:00+00:00,1,2026/27,Nott'm Forest,Leeds,V1.2,1.3933426874649346,1.4918920878731858,2.8852347753381204,-0.0849999999999999,0.3440154025086313,0.2678808974791472,0.3881037000122215,0.5925175160115254,0.4074824839884746,0.9342915516147614,0.7929085258175054,0.5506123662797102,0.5453544750054488,0.4546455249945512,1.833669742950232,2.199515765632983,0.3270745384317624,0.1658347598041511,1-1,-0.0765101783200788,0.031246510592989,0.1134117158387142,0.1065766868681888
2026-08-18T03:02:33.071355+00:00,2026-08-22,2026-08-22T16:30:00+00:00,1,2026/27,Brentford,Spurs,V1.2,2.0077481255293,1.3237522967695696,3.331500422298869,-0.0849999999999999,0.5250203542789612,0.2320777211449524,0.2429019245760861,0.6433869620020602,0.3566130379979397,0.956186288736614,0.85326719723912,0.646857349940184,0.6146117720932135,0.3853882279067865,1.6270433555059496,2.594786056209971,0.426605316036634,0.243162880046168,1-1,0.1822212219425491,0.0374096137775571,0.0,0.0
2026-08-18T03:02:33.071355+00:00,2026-08-23,2026-08-23T13:00:00+00:00,1,2026/27,Brighton,Aston Villa,V1.2,1.6799617387000498,1.3612796941102414,3.041241432810291,-0.0849999999999999,0.4411642318142327,0.2564354104903988,0.3024003576953685,0.6143485536131386,0.3856514463868614,0.9429374405956666,0.8162140704657337,0.585985167510026,0.5705489907112727,0.4294510092887272,1.752697868684955,2.328554313229435,0.3620058720683022,0.191712093721045,1-1,0.095051581198208,0.1121731506554348,0.1027183927802748,0.0910730991515563
2026-08-18T03:02:33.071355+00:00,2026-08-23,2026-08-23T13:00:00+00:00,1,2026/27,Man City,Bournemouth,V1.2,2.185212771366879,1.29397300043879,3.4791857718056693,-0.0849999999999999,0.5694044390122719,0.2176726690405689,0.2129228919471594,0.651608472690708,0.348391527309292,0.9617562913984276,0.8693035151516972,0.6752797576425078,0.6356729067947483,0.3643270932052517,1.5731361039788485,2.744786261165123,0.4588591723883842,0.2706173171528843,2-1,0.3519079880977398,0.2695512306983252,0.2093885946078537,0.0849873226170581
2026-08-18T03:02:33.071355+00:00,2026-08-23,2026-08-23T15:30:00+00:00,1,2026/27,Newcastle,Liverpool,V1.2,1.675218414830531,1.805942518141254,3.481160932971785,-0.0849999999999999,0.3537194101919307,0.2388393064290855,0.4074412833789838,0.687097318740627,0.312902681259373,0.9613150721382148,0.8700196608101112,0.6756527163722901,0.6359519562244202,0.3640480437755797,1.5724458274126472,2.7468901896268885,0.4592941189467712,0.2709993447291997,1-1,0.2035037607245838,0.0712752796067303,0.3444779390658983,0.2023527435606102
2026-08-18T03:02:33.071355+00:00,2026-08-24,2026-08-24T19:00:00+00:00,1,2026/27,Fulham,Chelsea,V1.2,1.489702235708043,1.6806864777714314,3.1703887134794746,-0.0849999999999999,0.3329555035585402,0.2522615742904655,0.4147829221509944,0.6392366909300962,0.3607633090699038,0.949077036033962,0.8338319704614084,0.6138812180871412,0.5905992847236421,0.4094007152763579,1.6931954133129845,2.4425946577180984,0.3908811987811803,0.2141320127028494,1-1,-0.0479086622385251,0.073654940141424,0.2749773010588313,0.0683076161076916
2026-08-18T03:36:45.409038+00:00,2026-08-21,2026-08-21T19:00:00+00:00,1,2026/27,Arsenal,Coventry City,V1.2,2.3004986749304583,0.7898408175877842,3.0903394925182424,-0.0849999999999999,0.7066929666993168,0.18824388736455,0.1050631459361331,0.4983844663693608,0.5016155336306392,0.9474866677638378,0.820964715614155,0.5967302294016074,0.5782490466099817,0.4217509533900183,1.7293586662400182,2.3710675505580663,0.3729803715202049,0.2001146159561443,2-0,0.3183527697703152,0.5538031832789289,0.0,0.0
2026-08-18T03:36:45.409038+00:00,2026-08-22,2026-08-22T11:30:00+00:00,1,2026/27,Hull City,Man United,V1.2,1.5136740958622847,1.6379171006655189,3.151591196527804,-0.0849999999999999,0.3463651689454624,0.2538525186242671,0.3997823124302708,0.6373156050463672,0.3626843949536328,0.9481996863497336,0.8313942468801592,0.609901014638888,0.5877261368458263,0.4122738631541737,1.7014727392706075,2.4255721484484223,0.3866874732767572,0.2108180153010854,1-1,0.0,0.0,0.1755460413254899,0.1002332733362435
2026-08-18T03:36:45.409038+00:00,2026-08-22,2026-08-22T14:00:00+00:00,1,2026/27,Everton,Crystal Palace,V1.2,1.458115287983904,1.432434307513263,2.890549595497167,-0.0849999999999999,0.3717818097821612,0.2679200964583273,0.360298093759511,0.5940054161269916,0.4059945838730083,0.9345929366956862,0.7937579672391613,0.5518466881191377,0.5462311146331965,0.4537688853668035,1.8307269088314693,2.203765027193637,0.3282627392253469,0.1666926159666958,1-1,-0.0883525549557702,0.0904178188322672,0.1319137960276581,0.0492758867434802
2026-08-18T03:36:45.409038+00:00,2026-08-22,2026-08-22T14:00:00+00:00,1,2026/27,Ipswich Town,Sunderland,V1.2,1.581949792336805,1.1272547148411616,2.709204507177967,-0.0849999999999999,0.4686246804476616,0.2702091276788553,0.2611661918734833,0.5471879408555024,0.4528120591444976,0.9233166852409548,0.7630982305834393,0.5086271174982568,0.5156133628497376,0.4843866371502624,1.93943771059988,2.0644665300496063,0.2879374684479663,0.1384641204743233,1-1,0.0,0.0,-0.1980941118153214,0.0561150128379114
2026-08-18T03:36:45.409038+00:00,2026-08-22,2026-08-22T14:00:00+00:00,1,2026/27,Nott'm Forest,Leeds,V1.2,1.393321952946296,1.4918444902079249,2.8851664431542208,-0.0849999999999999,0.3440191876200827,0.2678848716598836,0.3880959407200338,0.5925056900823401,0.4074943099176599,0.9342875231179504,0.7928977287651404,0.5505964837924454,0.5453436841922303,0.4546563158077696,1.833706026102076,2.199463562324742,0.327059263759329,0.1658237422504462,1-1,-0.0765335445023149,0.0312346993189824,0.11336863385482,0.1065488102553076
2026-08-18T03:36:45.409038+00:00,2026-08-22,2026-08-22T16:30:00+00:00,1,2026/27,Brentford,Spurs,V1.2,2.007670238769056,1.3237705741236636,3.331440812892719,-0.0849999999999999,0.5249992356813158,0.232083872138372,0.2429168921803121,0.6433837765391297,0.3566162234608703,0.9561838788340248,0.8532603795714369,0.64684552819018,0.6146033877926663,0.3853966122073337,1.6270655513167225,2.5947296066578427,0.4265921886509454,0.2431519475217146,1-1,0.1822018197717722,0.0373951726145931,0.0,0.0
2026-08-18T03:36:45.409038+00:00,2026-08-23,2026-08-23T13:00:00+00:00,1,2026/27,Brighton,Aston Villa,V1.2,1.6799212924986735,1.361269875969851,3.0411911684685244,-0.0849999999999999,0.4411565411781172,0.2564385826259357,0.3024048761959471,0.6143410760706732,0.3856589239293267,0.9429348629170528,0.8162069433738995,0.585974062071829,0.5705414623209627,0.4294585376790373,1.752720995827367,2.3285134937691376,0.3619946141395774,0.1917035343970723,1-1,0.0950319451911219,0.1121605378939401,0.102699201585468,0.0910581474275352
2026-08-18T03:36:45.409038+00:00,2026-08-23,2026-08-23T13:00:00+00:00,1,2026/27,Man City,Bournemouth,V1.2,2.185229599097613,1.29394837995565,3.479177979053263,-0.0849999999999999,0.5694132885249108,0.2176709770148522,0.2129157344602366,0.6516038285392758,0.3483961714607242,0.9617560772617572,0.8693026528359907,0.6752783029976662,0.6356720601924187,0.3643279398075812,1.573138199116851,2.7447798830036123,0.4588574851880301,0.2706158493050339,2-1,0.3519224309944804,0.2695521316709335,0.2093711023809789,0.084974673139797
2026-08-18T03:36:45.409038+00:00,2026-08-23,2026-08-23T15:30:00+00:00,1,2026/27,Newcastle,Liverpool,V1.2,1.6751618260047985,1.8059864994256207,3.48114832543042,-0.0849999999999999,0.3536988305874822,0.2388390968255952,0.4074620725869226,0.687094361145392,0.312905638854608,0.9613146590035552,0.870018335400609,0.6756503655680597,0.6359504379805789,0.364049562019421,1.5724495814098938,2.7468787339089085,0.4592913910718347,0.2709969706319907,1-1,0.2034859307457143,0.0712623625180281,0.3444900093534425,0.202349302446126
2026-08-18T03:36:45.409038+00:00,2026-08-24,2026-08-24T19:00:00+00:00,1,2026/27,Fulham,Chelsea,V1.2,1.4896589938643463,1.6806896663205462,3.1703486601848923,-0.0849999999999999,0.3329446747040425,0.2522629278024316,0.4147923974935258,0.6392293333991691,0.3607706666008309,0.9490752387995436,0.8338267541367973,0.6138727662170542,0.5905935406634302,0.4094064593365698,1.6932118811808747,2.442560387592488,0.3908722669562445,0.2141249334432269,1-1,-0.0479298064154808,0.0736441124525308,0.2749690045658441,0.0682961078495448
2026-08-18T03:47:47.814262+00:00,2026-08-21,2026-08-21T19:00:00+00:00,1,2026/27,Arsenal,Coventry City,V1.2,2.3004986749304583,0.7898408175877842,3.0903394925182424,-0.0849999999999999,0.7066929666993168,0.18824388736455,0.1050631459361331,0.4983844663693608,0.5016155336306392,0.9474866677638378,0.820964715614155,0.5967302294016074,0.5782490466099817,0.4217509533900183,1.7293586662400182,2.3710675505580663,0.3729803715202049,0.2001146159561443,2-0,0.3183527697703152,0.5538031832789289,0.0,0.0
2026-08-18T03:47:47.814262+00:00,2026-08-22,2026-08-22T11:30:00+00:00,1,2026/27,Hull City,Man United,V1.2,1.5136740958622847,1.6379171006655189,3.151591196527804,-0.0849999999999999,0.3463651689454624,0.2538525186242671,0.3997823124302708,0.6373156050463672,0.3626843949536328,0.9481996863497336,0.8313942468801592,0.609901014638888,0.5877261368458263,0.4122738631541737,1.7014727392706075,2.4255721484484223,0.3866874732767572,0.2108180153010854,1-1,0.0,0.0,0.1755460413254899,0.1002332733362435
2026-08-18T03:47:47.814262+00:00,2026-08-22,2026-08-22T14:00:00+00:00,1,2026/27,Everton,Crystal Palace,V1.2,1.458115287983904,1.432434307513263,2.890549595497167,-0.0849999999999999,0.3717818097821612,0.2679200964583273,0.360298093759511,0.5940054161269916,0.4059945838730083,0.9345929366956862,0.7937579672391613,0.5518466881191377,0.5462311146331965,0.4537688853668035,1.8307269088314693,2.203765027193637,0.3282627392253469,0.1666926159666958,1-1,-0.0883525549557702,0.0904178188322672,0.1319137960276581,0.0492758867434802
2026-08-18T03:47:47.814262+00:00,2026-08-22,2026-08-22T14:00:00+00:00,1,2026/27,Ipswich Town,Sunderland,V1.2,1.581949792336805,1.1272547148411616,2.709204507177967,-0.0849999999999999,0.4686246804476616,0.2702091276788553,0.2611661918734833,0.5471879408555024,0.4528120591444976,0.9233166852409548,0.7630982305834393,0.5086271174982568,0.5156133628497376,0.4843866371502624,1.93943771059988,2.0644665300496063,0.2879374684479663,0.1384641204743233,1-1,0.0,0.0,-0.1980941118153214,0.0561150128379114
2026-08-18T03:47:47.814262+00:00,2026-08-22,2026-08-22T14:00:00+00:00,1,2026/27,Nott'm Forest,Leeds,V1.2,1.393321952946296,1.4918444902079249,2.8851664431542208,-0.0849999999999999,0.3440191876200827,0.2678848716598836,0.3880959407200338,0.5925056900823401,0.4074943099176599,0.9342875231179504,0.7928977287651404,0.5505964837924454,0.5453436841922303,0.4546563158077696,1.833706026102076,2.199463562324742,0.327059263759329,0.1658237422504462,1-1,-0.0765335445023149,0.0312346993189824,0.11336863385482,0.1065488102553076
2026-08-18T03:47:47.814262+00:00,2026-08-22,2026-08-22T16:30:00+00:00,1,2026/27,Brentford,Spurs,V1.2,2.007670238769056,1.3237705741236636,3.331440812892719,-0.0849999999999999,0.5249992356813158,0.232083872138372,0.2429168921803121,0.6433837765391297,0.3566162234608703,0.9561838788340248,0.8532603795714369,0.64684552819018,0.6146033877926663,0.3853966122073337,1.6270655513167225,2.5947296066578427,0.4265921886509454,0.2431519475217146,1-1,0.1822018197717722,0.0373951726145931,0.0,0.0
2026-08-18T03:47:47.814262+00:00,2026-08-23,2026-08-23T13:00:00+00:00,1,2026/27,Brighton,Aston Villa,V1.2,1.6799212924986735,1.361269875969851,3.0411911684685244,-0.0849999999999999,0.4411565411781172,0.2564385826259357,0.3024048761959471,0.6143410760706732,0.3856589239293267,0.9429348629170528,0.8162069433738995,0.585974062071829,0.5705414623209627,0.4294585376790373,1.752720995827367,2.3285134937691376,0.3619946141395774,0.1917035343970723,1-1,0.0950319451911219,0.1121605378939401,0.102699201585468,0.0910581474275352
2026-08-18T03:47:47.814262+00:00,2026-08-23,2026-08-23T13:00:00+00:00,1,2026/27,Man City,Bournemouth,V1.2,2.185229599097613,1.29394837995565,3.479177979053263,-0.0849999999999999,0.5694132885249108,0.2176709770148522,0.2129157344602366,0.6516038285392758,0.3483961714607242,0.9617560772617572,0.8693026528359907,0.6752783029976662,0.6356720601924187,0.3643279398075812,1.573138199116851,2.7447798830036123,0.4588574851880301,0.2706158493050339,2-1,0.3519224309944804,0.2695521316709335,0.2093711023809789,0.084974673139797
2026-08-18T03:47:47.814262+00:00,2026-08-23,2026-08-23T15:30:00+00:00,1,2026/27,Newcastle,Liverpool,V1.2,1.6751618260047985,1.8059864994256207,3.48114832543042,-0.0849999999999999,0.3536988305874822,0.2388390968255952,0.4074620725869226,0.687094361145392,0.312905638854608,0.9613146590035552,0.870018335400609,0.6756503655680597,0.6359504379805789,0.364049562019421,1.5724495814098938,2.7468787339089085,0.4592913910718347,0.2709969706319907,1-1,0.2034859307457143,0.0712623625180281,0.3444900093534425,0.202349302446126
2026-08-18T03:47:47.814262+00:00,2026-08-24,2026-08-24T19:00:00+00:00,1,2026/27,Fulham,Chelsea,V1.2,1.4896589938643463,1.6806896663205462,3.1703486601848923,-0.0849999999999999,0.3329446747040425,0.2522629278024316,0.4147923974935258,0.6392293333991691,0.3607706666008309,0.9490752387995436,0.8338267541367973,0.6138727662170542,0.5905935406634302,0.4094064593365698,1.6932118811808747,2.442560387592488,0.3908722669562445,0.2141249334432269,1-1,-0.0479298064154808,0.0736441124525308,0.2749690045658441,0.0682961078495448
2026-08-18T04:01:03.101669+00:00,2026-08-21,2026-08-21T19:00:00+00:00,1,2026/27,Arsenal,Coventry City,V1.2,2.3004986749304583,0.7898408175877842,3.0903394925182424,-0.0849999999999999,0.7066929666993168,0.18824388736455,0.1050631459361331,0.4983844663693608,0.5016155336306392,0.9474866677638378,0.820964715614155,0.5967302294016074,0.5782490466099817,0.4217509533900183,1.7293586662400182,2.3710675505580663,0.3729803715202049,0.2001146159561443,2-0,0.3183527697703152,0.5538031832789289,0.0,0.0
2026-08-18T04:01:03.101669+00:00,2026-08-22,2026-08-22T11:30:00+00:00,1,2026/27,Hull City,Man United,V1.2,1.5136740958622847,1.6379171006655189,3.151591196527804,-0.0849999999999999,0.3463651689454624,0.2538525186242671,0.3997823124302708,0.6373156050463672,0.3626843949536328,0.9481996863497336,0.8313942468801592,0.609901014638888,0.5877261368458263,0.4122738631541737,1.7014727392706075,2.4255721484484223,0.3866874732767572,0.2108180153010854,1-1,0.0,0.0,0.1755460413254899,0.1002332733362435
2026-08-18T04:01:03.101669+00:00,2026-08-22,2026-08-22T14:00:00+00:00,1,2026/27,Everton,Crystal Palace,V1.2,1.458115287983904,1.432434307513263,2.890549595497167,-0.0849999999999999,0.3717818097821612,0.2679200964583273,0.360298093759511,0.5940054161269916,0.4059945838730083,0.9345929366956862,0.7937579672391613,0.5518466881191377,0.5462311146331965,0.4537688853668035,1.8307269088314693,2.203765027193637,0.3282627392253469,0.1666926159666958,1-1,-0.0883525549557702,0.0904178188322672,0.1319137960276581,0.0492758867434802
2026-08-18T04:01:03.101669+00:00,2026-08-22,2026-08-22T14:00:00+00:00,1,2026/27,Ipswich Town,Sunderland,V1.2,1.581949792336805,1.1272547148411616,2.709204507177967,-0.0849999999999999,0.4686246804476616,0.2702091276788553,0.2611661918734833,0.5471879408555024,0.4528120591444976,0.9233166852409548,0.7630982305834393,0.5086271174982568,0.5156133628497376,0.4843866371502624,1.93943771059988,2.0644665300496063,0.2879374684479663,0.1384641204743233,1-1,0.0,0.0,-0.1980941118153214,0.0561150128379114
2026-08-18T04:01:03.101669+00:00,2026-08-22,2026-08-22T14:00:00+00:00,1,2026/27,Nott'm Forest,Leeds,V1.2,1.393321952946296,1.4918444902079249,2.8851664431542208,-0.0849999999999999,0.3440191876200827,0.2678848716598836,0.3880959407200338,0.5925056900823401,0.4074943099176599,0.9342875231179504,0.7928977287651404,0.5505964837924454,0.5453436841922303,0.4546563158077696,1.833706026102076,2.199463562324742,0.327059263759329,0.1658237422504462,1-1,-0.0765335445023149,0.0312346993189824,0.11336863385482,0.1065488102553076
2026-08-18T04:01:03.101669+00:00,2026-08-22,2026-08-22T16:30:00+00:00,1,2026/27,Brentford,Spurs,V1.2,2.007670238769056,1.3237705741236636,3.331440812892719,-0.0849999999999999,0.5249992356813158,0.232083872138372,0.2429168921803121,0.6433837765391297,0.3566162234608703,0.9561838788340248,0.8532603795714369,0.64684552819018,0.6146033877926663,0.3853966122073337,1.6270655513167225,2.5947296066578427,0.4265921886509454,0.2431519475217146,1-1,0.1822018197717722,0.0373951726145931,0.0,0.0
2026-08-18T04:01:03.101669+00:00,2026-08-23,2026-08-23T13:00:00+00:00,1,2026/27,Brighton,Aston Villa,V1.2,1.6799212924986735,1.361269875969851,3.0411911684685244,-0.0849999999999999,0.4411565411781172,0.2564385826259357,0.3024048761959471,0.6143410760706732,0.3856589239293267,0.9429348629170528,0.8162069433738995,0.585974062071829,0.5705414623209627,0.4294585376790373,1.752720995827367,2.3285134937691376,0.3619946141395774,0.1917035343970723,1-1,0.0950319451911219,0.1121605378939401,0.102699201585468,0.0910581474275352
2026-08-18T04:01:03.101669+00:00,2026-08-23,2026-08-23T13:00:00+00:00,1,2026/27,Man City,Bournemouth,V1.2,2.185229599097613,1.29394837995565,3.479177979053263,-0.0849999999999999,0.5694132885249108,0.2176709770148522,0.2129157344602366,0.6516038285392758,0.3483961714607242,0.9617560772617572,0.8693026528359907,0.6752783029976662,0.6356720601924187,0.3643279398075812,1.573138199116851,2.7447798830036123,0.4588574851880301,0.2706158493050339,2-1,0.3519224309944804,0.2695521316709335,0.2093711023809789,0.084974673139797
2026-08-18T04:01:03.101669+00:00,2026-08-23,2026-08-23T15:30:00+00:00,1,2026/27,Newcastle,Liverpool,V1.2,1.6751618260047985,1.8059864994256207,3.48114832543042,-0.0849999999999999,0.3536988305874822,0.2388390968255952,0.4074620725869226,0.687094361145392,0.312905638854608,0.9613146590035552,0.870018335400609,0.6756503655680597,0.6359504379805789,0.364049562019421,1.5724495814098938,2.7468787339089085,0.4592913910718347,0.2709969706319907,1-1,0.2034859307457143,0.0712623625180281,0.3444900093534425,0.202349302446126
2026-08-18T04:01:03.101669+00:00,2026-08-24,2026-08-24T19:00:00+00:00,1,2026/27,Fulham,Chelsea,V1.2,1.4896589938643463,1.6806896663205462,3.1703486601848923,-0.0849999999999999,0.3329446747040425,0.2522629278024316,0.4147923974935258,0.6392293333991691,0.3607706666008309,0.9490752387995436,0.8338267541367973,0.6138727662170542,0.5905935406634302,0.4094064593365698,1.6932118811808747,2.442560387592488,0.3908722669562445,0.2141249334432269,1-1,-0.0479298064154808,0.0736441124525308,0.2749690045658441,0.0682961078495448
2026-08-18T04:26:48.602288+00:00,2026-08-21,2026-08-21T19:00:00+00:00,1,2026/27,Arsenal,Coventry City,V1.2,2.3004986749304583,0.7898408175877842,3.0903394925182424,-0.0849999999999999,0.7066929666993168,0.18824388736455,0.1050631459361331,0.4983844663693608,0.5016155336306392,0.9474866677638378,0.820964715614155,0.5967302294016074,0.5782490466099817,0.4217509533900183,1.7293586662400182,2.3710675505580663,0.3729803715202049,0.2001146159561443,2-0,0.3183527697703152,0.5538031832789289,0.0,0.0
2026-08-18T04:26:48.602288+00:00,2026-08-22,2026-08-22T11:30:00+00:00,1,2026/27,Hull City,Man United,V1.2,1.5136740958622847,1.6379171006655189,3.151591196527804,-0.0849999999999999,0.3463651689454624,0.2538525186242671,0.3997823124302708,0.6373156050463672,0.3626843949536328,0.9481996863497336,0.8313942468801592,0.609901014638888,0.5877261368458263,0.4122738631541737,1.7014727392706075,2.4255721484484223,0.3866874732767572,0.2108180153010854,1-1,0.0,0.0,0.1755460413254899,0.1002332733362435
2026-08-18T04:26:48.602288+00:00,2026-08-22,2026-08-22T14:00:00+00:00,1,2026/27,Everton,Crystal Palace,V1.2,1.458115287983904,1.432434307513263,2.890549595497167,-0.0849999999999999,0.3717818097821612,0.2679200964583273,0.360298093759511,0.5940054161269916,0.4059945838730083,0.9345929366956862,0.7937579672391613,0.5518466881191377,0.5462311146331965,0.4537688853668035,1.8307269088314693,2.203765027193637,0.3282627392253469,0.1666926159666958,1-1,-0.0883525549557702,0.0904178188322672,0.1319137960276581,0.0492758867434802
2026-08-18T04:26:48.602288+00:00,2026-08-22,2026-08-22T14:00:00+00:00,1,2026/27,Ipswich Town,Sunderland,V1.2,1.581949792336805,1.1272547148411616,2.709204507177967,-0.0849999999999999,0.4686246804476616,0.2702091276788553,0.2611661918734833,0.5471879408555024,0.4528120591444976,0.9233166852409548,0.7630982305834393,0.5086271174982568,0.5156133628497376,0.4843866371502624,1.93943771059988,2.0644665300496063,0.2879374684479663,0.1384641204743233,1-1,0.0,0.0,-0.1980941118153214,0.0561150128379114
2026-08-18T04:26:48.602288+00:00,2026-08-22,2026-08-22T14:00:00+00:00,1,2026/27,Nott'm Forest,Leeds,V1.2,1.393321952946296,1.4918444902079249,2.8851664431542208,-0.0849999999999999,0.3440191876200827,0.2678848716598836,0.3880959407200338,0.5925056900823401,0.4074943099176599,0.9342875231179504,0.7928977287651404,0.5505964837924454,0.5453436841922303,0.4546563158077696,1.833706026102076,2.199463562324742,0.327059263759329,0.1658237422504462,1-1,-0.0765335445023149,0.0312346993189824,0.11336863385482,0.1065488102553076
2026-08-18T04:26:48.602288+00:00,2026-08-22,2026-08-22T16:30:00+00:00,1,2026/27,Brentford,Spurs,V1.2,2.007670238769056,1.3237705741236636,3.331440812892719,-0.0849999999999999,0.5249992356813158,0.232083872138372,0.2429168921803121,0.6433837765391297,0.3566162234608703,0.9561838788340248,0.8532603795714369,0.64684552819018,0.6146033877926663,0.3853966122073337,1.6270655513167225,2.5947296066578427,0.4265921886509454,0.2431519475217146,1-1,0.1822018197717722,0.0373951726145931,0.0,0.0
2026-08-18T04:26:48.602288+00:00,2026-08-23,2026-08-23T13:00:00+00:00,1,2026/27,Brighton,Aston Villa,V1.2,1.6799212924986735,1.361269875969851,3.0411911684685244,-0.0849999999999999,0.4411565411781172,0.2564385826259357,0.3024048761959471,0.6143410760706732,0.3856589239293267,0.9429348629170528,0.8162069433738995,0.585974062071829,0.5705414623209627,0.4294585376790373,1.752720995827367,2.3285134937691376,0.3619946141395774,0.1917035343970723,1-1,0.0950319451911219,0.1121605378939401,0.102699201585468,0.0910581474275352
2026-08-18T04:26:48.602288+00:00,2026-08-23,2026-08-23T13:00:00+00:00,1,2026/27,Man City,Bournemouth,V1.2,2.185229599097613,1.29394837995565,3.479177979053263,-0.0849999999999999,0.5694132885249108,0.2176709770148522,0.2129157344602366,0.6516038285392758,0.3483961714607242,0.9617560772617572,0.8693026528359907,0.6752783029976662,0.6356720601924187,0.3643279398075812,1.573138199116851,2.7447798830036123,0.4588574851880301,0.2706158493050339,2-1,0.3519224309944804,0.2695521316709335,0.2093711023809789,0.084974673139797
2026-08-18T04:26:48.602288+00:00,2026-08-23,2026-08-23T15:30:00+00:00,1,2026/27,Newcastle,Liverpool,V1.2,1.6751618260047985,1.8059864994256207,3.48114832543042,-0.0849999999999999,0.3536988305874822,0.2388390968255952,0.4074620725869226,0.687094361145392,0.312905638854608,0.9613146590035552,0.870018335400609,0.6756503655680597,0.6359504379805789,0.364049562019421,1.5724495814098938,2.7468787339089085,0.4592913910718347,0.2709969706319907,1-1,0.2034859307457143,0.0712623625180281,0.3444900093534425,0.202349302446126
2026-08-18T04:26:48.602288+00:00,2026-08-24,2026-08-24T19:00:00+00:00,1,2026/27,Fulham,Chelsea,V1.2,1.4896589938643463,1.6806896663205462,3.1703486601848923,-0.0849999999999999,0.3329446747040425,0.2522629278024316,0.4147923974935258,0.6392293333991691,0.3607706666008309,0.9490752387995436,0.8338267541367973,0.6138727662170542,0.5905935406634302,0.4094064593365698,1.6932118811808747,2.442560387592488,0.3908722669562445,0.2141249334432269,1-1,-0.0479298064154808,0.0736441124525308,0.2749690045658441,0.0682961078495448
2026-08-18T05:20:30.010978+00:00,2026-08-21,2026-08-21T19:00:00+00:00,1,2026/27,Arsenal,Coventry City,V1.2,2.3004986749304583,0.7898408175877842,3.0903394925182424,-0.0849999999999999,0.7066929666993168,0.18824388736455,0.1050631459361331,0.4983844663693608,0.5016155336306392,0.9474866677638378,0.820964715614155,0.5967302294016074,0.5782490466099817,0.4217509533900183,1.7293586662400182,2.3710675505580663,0.3729803715202049,0.2001146159561443,2-0,0.3183527697703152,0.5538031832789289,0.0,0.0
2026-08-18T05:20:30.010978+00:00,2026-08-22,2026-08-22T11:30:00+00:00,1,2026/27,Hull City,Man United,V1.2,1.5136740958622847,1.6379171006655189,3.151591196527804,-0.0849999999999999,0.3463651689454624,0.2538525186242671,0.3997823124302708,0.6373156050463672,0.3626843949536328,0.9481996863497336,0.8313942468801592,0.609901014638888,0.5877261368458263,0.4122738631541737,1.7014727392706075,2.4255721484484223,0.3866874732767572,0.2108180153010854,1-1,0.0,0.0,0.1755460413254899,0.1002332733362435
2026-08-18T05:20:30.010978+00:00,2026-08-22,2026-08-22T14:00:00+00:00,1,2026/27,Everton,Crystal Palace,V1.2,1.458115287983904,1.432434307513263,2.890549595497167,-0.0849999999999999,0.3717818097821612,0.2679200964583273,0.360298093759511,0.5940054161269916,0.4059945838730083,0.9345929366956862,0.7937579672391613,0.5518466881191377,0.5462311146331965,0.4537688853668035,1.8307269088314693,2.203765027193637,0.3282627392253469,0.1666926159666958,1-1,-0.0883525549557702,0.0904178188322672,0.1319137960276581,0.0492758867434802
2026-08-18T05:20:30.010978+00:00,2026-08-22,2026-08-22T14:00:00+00:00,1,2026/27,Ipswich Town,Sunderland,V1.2,1.581949792336805,1.1272547148411616,2.709204507177967,-0.0849999999999999,0.4686246804476616,0.2702091276788553,0.2611661918734833,0.5471879408555024,0.4528120591444976,0.9233166852409548,0.7630982305834393,0.5086271174982568,0.5156133628497376,0.4843866371502624,1.93943771059988,2.0644665300496063,0.2879374684479663,0.1384641204743233,1-1,0.0,0.0,-0.1980941118153214,0.0561150128379114
2026-08-18T05:20:30.010978+00:00,2026-08-22,2026-08-22T14:00:00+00:00,1,2026/27,Nott'm Forest,Leeds,V1.2,1.393321952946296,1.4918444902079249,2.8851664431542208,-0.0849999999999999,0.3440191876200827,0.2678848716598836,0.3880959407200338,0.5925056900823401,0.4074943099176599,0.9342875231179504,0.7928977287651404,0.5505964837924454,0.5453436841922303,0.4546563158077696,1.833706026102076,2.199463562324742,0.327059263759329,0.1658237422504462,1-1,-0.0765335445023149,0.0312346993189824,0.11336863385482,0.1065488102553076
2026-08-18T05:20:30.010978+00:00,2026-08-22,2026-08-22T16:30:00+00:00,1,2026/27,Brentford,Spurs,V1.2,2.007670238769056,1.3237705741236636,3.331440812892719,-0.0849999999999999,0.5249992356813158,0.232083872138372,0.2429168921803121,0.6433837765391297,0.3566162234608703,0.9561838788340248,0.8532603795714369,0.64684552819018,0.6146033877926663,0.3853966122073337,1.6270655513167225,2.5947296066578427,0.4265921886509454,0.2431519475217146,1-1,0.1822018197717722,0.0373951726145931,0.0,0.0
2026-08-18T05:20:30.010978+00:00,2026-08-23,2026-08-23T13:00:00+00:00,1,2026/27,Brighton,Aston Villa,V1.2,1.6799212924986735,1.361269875969851,3.0411911684685244,-0.0849999999999999,0.4411565411781172,0.2564385826259357,0.3024048761959471,0.6143410760706732,0.3856589239293267,0.9429348629170528,0.8162069433738995,0.585974062071829,0.5705414623209627,0.4294585376790373,1.752720995827367,2.3285134937691376,0.3619946141395774,0.1917035343970723,1-1,0.0950319451911219,0.1121605378939401,0.102699201585468,0.0910581474275352
2026-08-18T05:20:30.010978+00:00,2026-08-23,2026-08-23T13:00:00+00:00,1,2026/27,Man City,Bournemouth,V1.2,2.185229599097613,1.29394837995565,3.479177979053263,-0.0849999999999999,0.5694132885249108,0.2176709770148522,0.2129157344602366,0.6516038285392758,0.3483961714607242,0.9617560772617572,0.8693026528359907,0.6752783029976662,0.6356720601924187,0.3643279398075812,1.573138199116851,2.7447798830036123,0.4588574851880301,0.2706158493050339,2-1,0.3519224309944804,0.2695521316709335,0.2093711023809789,0.084974673139797
2026-08-18T05:20:30.010978+00:00,2026-08-23,2026-08-23T15:30:00+00:00,1,2026/27,Newcastle,Liverpool,V1.2,1.6751618260047985,1.8059864994256207,3.48114832543042,-0.0849999999999999,0.3536988305874822,0.2388390968255952,0.4074620725869226,0.687094361145392,0.312905638854608,0.9613146590035552,0.870018335400609,0.6756503655680597,0.6359504379805789,0.364049562019421,1.5724495814098938,2.7468787339089085,0.4592913910718347,0.2709969706319907,1-1,0.2034859307457143,0.0712623625180281,0.3444900093534425,0.202349302446126
2026-08-18T05:20:30.010978+00:00,2026-08-24,2026-08-24T19:00:00+00:00,1,2026/27,Fulham,Chelsea,V1.2,1.4896589938643463,1.6806896663205462,3.1703486601848923,-0.0849999999999999,0.3329446747040425,0.2522629278024316,0.4147923974935258,0.6392293333991691,0.3607706666008309,0.9490752387995436,0.8338267541367973,0.6138727662170542,0.5905935406634302,0.4094064593365698,1.6932118811808747,2.442560387592488,0.3908722669562445,0.2141249334432269,1-1,-0.0479298064154808,0.0736441124525308,0.2749690045658441,0.0682961078495448
2026-08-18T05:34:40.027780+00:00,2026-08-21,2026-08-21T19:00:00+00:00,1,2026/27,Arsenal,Coventry City,V1.2,2.3004986749304583,0.7898408175877842,3.0903394925182424,-0.0849999999999999,0.7066929666993168,0.18824388736455,0.1050631459361331,0.4983844663693608,0.5016155336306392,0.9474866677638378,0.820964715614155,0.5967302294016074,0.5782490466099817,0.4217509533900183,1.7293586662400182,2.3710675505580663,0.3729803715202049,0.2001146159561443,2-0,0.3183527697703152,0.5538031832789289,0.0,0.0
2026-08-18T05:34:40.027780+00:00,2026-08-22,2026-08-22T11:30:00+00:00,1,2026/27,Hull City,Man United,V1.2,1.5136740958622847,1.6379171006655189,3.151591196527804,-0.0849999999999999,0.3463651689454624,0.2538525186242671,0.3997823124302708,0.6373156050463672,0.3626843949536328,0.9481996863497336,0.8313942468801592,0.609901014638888,0.5877261368458263,0.4122738631541737,1.7014727392706075,2.4255721484484223,0.3866874732767572,0.2108180153010854,1-1,0.0,0.0,0.1755460413254899,0.1002332733362435
2026-08-18T05:34:40.027780+00:00,2026-08-22,2026-08-22T14:00:00+00:00,1,2026/27,Everton,Crystal Palace,V1.2,1.458115287983904,1.432434307513263,2.890549595497167,-0.0849999999999999,0.3717818097821612,0.2679200964583273,0.360298093759511,0.5940054161269916,0.4059945838730083,0.9345929366956862,0.7937579672391613,0.5518466881191377,0.5462311146331965,0.4537688853668035,1.8307269088314693,2.203765027193637,0.3282627392253469,0.1666926159666958,1-1,-0.0883525549557702,0.0904178188322672,0.1319137960276581,0.0492758867434802
2026-08-18T05:34:40.027780+00:00,2026-08-22,2026-08-22T14:00:00+00:00,1,2026/27,Ipswich Town,Sunderland,V1.2,1.581949792336805,1.1272547148411616,2.709204507177967,-0.0849999999999999,0.4686246804476616,0.2702091276788553,0.2611661918734833,0.5471879408555024,0.4528120591444976,0.9233166852409548,0.7630982305834393,0.5086271174982568,0.5156133628497376,0.4843866371502624,1.93943771059988,2.0644665300496063,0.2879374684479663,0.1384641204743233,1-1,0.0,0.0,-0.1980941118153214,0.0561150128379114
2026-08-18T05:34:40.027780+00:00,2026-08-22,2026-08-22T14:00:00+00:00,1,2026/27,Nott'm Forest,Leeds,V1.2,1.393321952946296,1.4918444902079249,2.8851664431542208,-0.0849999999999999,0.3440191876200827,0.2678848716598836,0.3880959407200338,0.5925056900823401,0.4074943099176599,0.9342875231179504,0.7928977287651404,0.5505964837924454,0.5453436841922303,0.4546563158077696,1.833706026102076,2.199463562324742,0.327059263759329,0.1658237422504462,1-1,-0.0765335445023149,0.0312346993189824,0.11336863385482,0.1065488102553076
2026-08-18T05:34:40.027780+00:00,2026-08-22,2026-08-22T16:30:00+00:00,1,2026/27,Brentford,Spurs,V1.2,2.007670238769056,1.3237705741236636,3.331440812892719,-0.0849999999999999,0.5249992356813158,0.232083872138372,0.2429168921803121,0.6433837765391297,0.3566162234608703,0.9561838788340248,0.8532603795714369,0.64684552819018,0.6146033877926663,0.3853966122073337,1.6270655513167225,2.5947296066578427,0.4265921886509454,0.2431519475217146,1-1,0.1822018197717722,0.0373951726145931,0.0,0.0
2026-08-18T05:34:40.027780+00:00,2026-08-23,2026-08-23T13:00:00+00:00,1,2026/27,Brighton,Aston Villa,V1.2,1.6799212924986735,1.361269875969851,3.0411911684685244,-0.0849999999999999,0.4411565411781172,0.2564385826259357,0.3024048761959471,0.6143410760706732,0.3856589239293267,0.9429348629170528,0.8162069433738995,0.585974062071829,0.5705414623209627,0.4294585376790373,1.752720995827367,2.3285134937691376,0.3619946141395774,0.1917035343970723,1-1,0.0950319451911219,0.1121605378939401,0.102699201585468,0.0910581474275352
2026-08-18T05:34:40.027780+00:00,2026-08-23,2026-08-23T13:00:00+00:00,1,2026/27,Man City,Bournemouth,V1.2,2.185229599097613,1.29394837995565,3.479177979053263,-0.0849999999999999,0.5694132885249108,0.2176709770148522,0.2129157344602366,0.6516038285392758,0.3483961714607242,0.9617560772617572,0.8693026528359907,0.6752783029976662,0.6356720601924187,0.3643279398075812,1.573138199116851,2.7447798830036123,0.4588574851880301,0.2706158493050339,2-1,0.3519224309944804,0.2695521316709335,0.2093711023809789,0.084974673139797
2026-08-18T05:34:40.027780+00:00,2026-08-23,2026-08-23T15:30:00+00:00,1,2026/27,Newcastle,Liverpool,V1.2,1.6751618260047985,1.8059864994256207,3.48114832543042,-0.0849999999999999,0.3536988305874822,0.2388390968255952,0.4074620725869226,0.687094361145392,0.312905638854608,0.9613146590035552,0.870018335400609,0.6756503655680597,0.6359504379805789,0.364049562019421,1.5724495814098938,2.7468787339089085,0.4592913910718347,0.2709969706319907,1-1,0.2034859307457143,0.0712623625180281,0.3444900093534425,0.202349302446126
2026-08-18T05:34:40.027780+00:00,2026-08-24,2026-08-24T19:00:00+00:00,1,2026/27,Fulham,Chelsea,V1.2,1.4896589938643463,1.6806896663205462,3.1703486601848923,-0.0849999999999999,0.3329446747040425,0.2522629278024316,0.4147923974935258,0.6392293333991691,0.3607706666008309,0.9490752387995436,0.8338267541367973,0.6138727662170542,0.5905935406634302,0.4094064593365698,1.6932118811808747,2.442560387592488,0.3908722669562445,0.2141249334432269,1-1,-0.0479298064154808,0.0736441124525308,0.2749690045658441,0.0682961078495448
2026-08-18T11:07:30.120718+00:00,2026-08-21,2026-08-21T19:00:00+00:00,1,2026/27,Arsenal,Coventry City,V1.2,2.3004986749304583,0.7898408175877842,3.0903394925182424,-0.0849999999999999,0.7066929666993168,0.18824388736455,0.1050631459361331,0.4983844663693608,0.5016155336306392,0.9474866677638378,0.820964715614155,0.5967302294016074,0.5782490466099817,0.4217509533900183,1.7293586662400182,2.3710675505580663,0.3729803715202049,0.2001146159561443,2-0,0.3183527697703152,0.5538031832789289,0.0,0.0
2026-08-18T11:07:30.120718+00:00,2026-08-22,2026-08-22T11:30:00+00:00,1,2026/27,Hull City,Man United,V1.2,1.5136740958622847,1.6379171006655189,3.151591196527804,-0.0849999999999999,0.3463651689454624,0.2538525186242671,0.3997823124302708,0.6373156050463672,0.3626843949536328,0.9481996863497336,0.8313942468801592,0.609901014638888,0.5877261368458263,0.4122738631541737,1.7014727392706075,2.4255721484484223,0.3866874732767572,0.2108180153010854,1-1,0.0,0.0,0.1755460413254899,0.1002332733362435
2026-08-18T11:07:30.120718+00:00,2026-08-22,2026-08-22T14:00:00+00:00,1,2026/27,Everton,Crystal Palace,V1.2,1.458115287983904,1.432434307513263,2.890549595497167,-0.0849999999999999,0.3717818097821612,0.2679200964583273,0.360298093759511,0.5940054161269916,0.4059945838730083,0.9345929366956862,0.7937579672391613,0.5518466881191377,0.5462311146331965,0.4537688853668035,1.8307269088314693,2.203765027193637,0.3282627392253469,0.1666926159666958,1-1,-0.0883525549557702,0.0904178188322672,0.1319137960276581,0.0492758867434802
2026-08-18T11:07:30.120718+00:00,2026-08-22,2026-08-22T14:00:00+00:00,1,2026/27,Ipswich Town,Sunderland,V1.2,1.581949792336805,1.1272547148411616,2.709204507177967,-0.0849999999999999,0.4686246804476616,0.2702091276788553,0.2611661918734833,0.5471879408555024,0.4528120591444976,0.9233166852409548,0.7630982305834393,0.5086271174982568,0.5156133628497376,0.4843866371502624,1.93943771059988,2.0644665300496063,0.2879374684479663,0.1384641204743233,1-1,0.0,0.0,-0.1980941118153214,0.0561150128379114
2026-08-18T11:07:30.120718+00:00,2026-08-22,2026-08-22T14:00:00+00:00,1,2026/27,Nott'm Forest,Leeds,V1.2,1.393321952946296,1.4918444902079249,2.8851664431542208,-0.0849999999999999,0.3440191876200827,0.2678848716598836,0.3880959407200338,0.5925056900823401,0.4074943099176599,0.9342875231179504,0.7928977287651404,0.5505964837924454,0.5453436841922303,0.4546563158077696,1.833706026102076,2.199463562324742,0.327059263759329,0.1658237422504462,1-1,-0.0765335445023149,0.0312346993189824,0.11336863385482,0.1065488102553076
2026-08-18T11:07:30.120718+00:00,2026-08-22,2026-08-22T16:30:00+00:00,1,2026/27,Brentford,Spurs,V1.2,2.007670238769056,1.3237705741236636,3.331440812892719,-0.0849999999999999,0.5249992356813158,0.232083872138372,0.2429168921803121,0.6433837765391297,0.3566162234608703,0.9561838788340248,0.8532603795714369,0.64684552819018,0.6146033877926663,0.3853966122073337,1.6270655513167225,2.5947296066578427,0.4265921886509454,0.2431519475217146,1-1,0.1822018197717722,0.0373951726145931,0.0,0.0
2026-08-18T11:07:30.120718+00:00,2026-08-23,2026-08-23T13:00:00+00:00,1,2026/27,Brighton,Aston Villa,V1.2,1.6799212924986735,1.361269875969851,3.0411911684685244,-0.0849999999999999,0.4411565411781172,0.2564385826259357,0.3024048761959471,0.6143410760706732,0.3856589239293267,0.9429348629170528,0.8162069433738995,0.585974062071829,0.5705414623209627,0.4294585376790373,1.752720995827367,2.3285134937691376,0.3619946141395774,0.1917035343970723,1-1,0.0950319451911219,0.1121605378939401,0.102699201585468,0.0910581474275352
2026-08-18T11:07:30.120718+00:00,2026-08-23,2026-08-23T13:00:00+00:00,1,2026/27,Man City,Bournemouth,V1.2,2.185229599097613,1.29394837995565,3.479177979053263,-0.0849999999999999,0.5694132885249108,0.2176709770148522,0.2129157344602366,0.6516038285392758,0.3483961714607242,0.9617560772617572,0.8693026528359907,0.6752783029976662,0.6356720601924187,0.3643279398075812,1.573138199116851,2.7447798830036123,0.4588574851880301,0.2706158493050339,2-1,0.3519224309944804,0.2695521316709335,0.2093711023809789,0.084974673139797
2026-08-18T11:07:30.120718+00:00,2026-08-23,2026-08-23T15:30:00+00:00,1,2026/27,Newcastle,Liverpool,V1.2,1.6751618260047985,1.8059864994256207,3.48114832543042,-0.0849999999999999,0.3536988305874822,0.2388390968255952,0.4074620725869226,0.687094361145392,0.312905638854608,0.9613146590035552,0.870018335400609,0.6756503655680597,0.6359504379805789,0.364049562019421,1.5724495814098938,2.7468787339089085,0.4592913910718347,0.2709969706319907,1-1,0.2034859307457143,0.0712623625180281,0.3444900093534425,0.202349302446126
2026-08-18T11:07:30.120718+00:00,2026-08-24,2026-08-24T19:00:00+00:00,1,2026/27,Fulham,Chelsea,V1.2,1.4896589938643463,1.6806896663205462,3.1703486601848923,-0.0849999999999999,0.3329446747040425,0.2522629278024316,0.4147923974935258,0.6392293333991691,0.3607706666008309,0.9490752387995436,0.8338267541367973,0.6138727662170542,0.5905935406634302,0.4094064593365698,1.6932118811808747,2.442560387592488,0.3908722669562445,0.2141249334432269,1-1,-0.0479298064154808,0.0736441124525308,0.2749690045658441,0.0682961078495448
2026-08-18T14:26:36.687522+00:00,2026-08-21,2026-08-21T19:00:00+00:00,1,2026/27,Arsenal,Coventry City,V1.2,2.3004986749304583,0.7898408175877842,3.0903394925182424,-0.0849999999999999,0.7066929666993168,0.18824388736455,0.1050631459361331,0.4983844663693608,0.5016155336306392,0.9474866677638378,0.820964715614155,0.5967302294016074,0.5782490466099817,0.4217509533900183,1.7293586662400182,2.3710675505580663,0.3729803715202049,0.2001146159561443,2-0,0.3183527697703152,0.5538031832789289,0.0,0.0
2026-08-18T14:26:36.687522+00:00,2026-08-22,2026-08-22T11:30:00+00:00,1,2026/27,Hull City,Man United,V1.2,1.5136740958622847,1.6379171006655189,3.151591196527804,-0.0849999999999999,0.3463651689454624,0.2538525186242671,0.3997823124302708,0.6373156050463672,0.3626843949536328,0.9481996863497336,0.8313942468801592,0.609901014638888,0.5877261368458263,0.4122738631541737,1.7014727392706075,2.4255721484484223,0.3866874732767572,0.2108180153010854,1-1,0.0,0.0,0.1755460413254899,0.1002332733362435
2026-08-18T14:26:36.687522+00:00,2026-08-22,2026-08-22T14:00:00+00:00,1,2026/27,Everton,Crystal Palace,V1.2,1.458115287983904,1.432434307513263,2.890549595497167,-0.0849999999999999,0.3717818097821612,0.2679200964583273,0.360298093759511,0.5940054161269916,0.4059945838730083,0.9345929366956862,0.7937579672391613,0.5518466881191377,0.5462311146331965,0.4537688853668035,1.8307269088314693,2.203765027193637,0.3282627392253469,0.1666926159666958,1-1,-0.0883525549557702,0.0904178188322672,0.1319137960276581,0.0492758867434802
2026-08-18T14:26:36.687522+00:00,2026-08-22,2026-08-22T14:00:00+00:00,1,2026/27,Ipswich Town,Sunderland,V1.2,1.581949792336805,1.1272547148411616,2.709204507177967,-0.0849999999999999,0.4686246804476616,0.2702091276788553,0.2611661918734833,0.5471879408555024,0.4528120591444976,0.9233166852409548,0.7630982305834393,0.5086271174982568,0.5156133628497376,0.4843866371502624,1.93943771059988,2.0644665300496063,0.2879374684479663,0.1384641204743233,1-1,0.0,0.0,-0.1980941118153214,0.0561150128379114
2026-08-18T14:26:36.687522+00:00,2026-08-22,2026-08-22T14:00:00+00:00,1,2026/27,Nott'm Forest,Leeds,V1.2,1.393321952946296,1.4918444902079249,2.8851664431542208,-0.0849999999999999,0.3440191876200827,0.2678848716598836,0.3880959407200338,0.5925056900823401,0.4074943099176599,0.9342875231179504,0.7928977287651404,0.5505964837924454,0.5453436841922303,0.4546563158077696,1.833706026102076,2.199463562324742,0.327059263759329,0.1658237422504462,1-1,-0.0765335445023149,0.0312346993189824,0.11336863385482,0.1065488102553076
2026-08-18T14:26:36.687522+00:00,2026-08-22,2026-08-22T16:30:00+00:00,1,2026/27,Brentford,Spurs,V1.2,2.007670238769056,1.3237705741236636,3.331440812892719,-0.0849999999999999,0.5249992356813158,0.232083872138372,0.2429168921803121,0.6433837765391297,0.3566162234608703,0.9561838788340248,0.8532603795714369,0.64684552819018,0.6146033877926663,0.3853966122073337,1.6270655513167225,2.5947296066578427,0.4265921886509454,0.2431519475217146,1-1,0.1822018197717722,0.0373951726145931,0.0,0.0
2026-08-18T14:26:36.687522+00:00,2026-08-23,2026-08-23T13:00:00+00:00,1,2026/27,Brighton,Aston Villa,V1.2,1.6799212924986735,1.361269875969851,3.0411911684685244,-0.0849999999999999,0.4411565411781172,0.2564385826259357,0.3024048761959471,0.6143410760706732,0.3856589239293267,0.9429348629170528,0.8162069433738995,0.585974062071829,0.5705414623209627,0.4294585376790373,1.752720995827367,2.3285134937691376,0.3619946141395774,0.1917035343970723,1-1,0.0950319451911219,0.1121605378939401,0.102699201585468,0.0910581474275352
2026-08-18T14:26:36.687522+00:00,2026-08-23,2026-08-23T13:00:00+00:00,1,2026/27,Man City,Bournemouth,V1.2,2.185229599097613,1.29394837995565,3.479177979053263,-0.0849999999999999,0.5694132885249108,0.2176709770148522,0.2129157344602366,0.6516038285392758,0.3483961714607242,0.9617560772617572,0.8693026528359907,0.6752783029976662,0.6356720601924187,0.3643279398075812,1.573138199116851,2.7447798830036123,0.4588574851880301,0.2706158493050339,2-1,0.3519224309944804,0.2695521316709335,0.2093711023809789,0.084974673139797
2026-08-18T14:26:36.687522+00:00,2026-08-23,2026-08-23T15:30:00+00:00,1,2026/27,Newcastle,Liverpool,V1.2,1.6751618260047985,1.8059864994256207,3.48114832543042,-0.0849999999999999,0.3536988305874822,0.2388390968255952,0.4074620725869226,0.687094361145392,0.312905638854608,0.9613146590035552,0.870018335400609,0.6756503655680597,0.6359504379805789,0.364049562019421,1.5724495814098938,2.7468787339089085,0.4592913910718347,0.2709969706319907,1-1,0.2034859307457143,0.0712623625180281,0.3444900093534425,0.202349302446126
2026-08-18T14:26:36.687522+00:00,2026-08-24,2026-08-24T19:00:00+00:00,1,2026/27,Fulham,Chelsea,V1.2,1.4896589938643463,1.6806896663205462,3.1703486601848923,-0.0849999999999999,0.3329446747040425,0.2522629278024316,0.4147923974935258,0.6392293333991691,0.3607706666008309,0.9490752387995436,0.8338267541367973,0.6138727662170542,0.5905935406634302,0.4094064593365698,1.6932118811808747,2.442560387592488,0.3908722669562445,0.2141249334432269,1-1,-0.0479298064154808,0.0736441124525308,0.2749690045658441,0.0682961078495448
2026-08-18T18:05:32.730525+00:00,2026-08-21,2026-08-21T19:00:00+00:00,1,2026/27,Arsenal,Coventry City,V1.2,2.3004986749304583,0.7898408175877842,3.0903394925182424,-0.0849999999999999,0.7066929666993168,0.18824388736455,0.1050631459361331,0.4983844663693608,0.5016155336306392,0.9474866677638378,0.820964715614155,0.5967302294016074,0.5782490466099817,0.4217509533900183,1.7293586662400182,2.3710675505580663,0.3729803715202049,0.2001146159561443,2-0,0.3183527697703152,0.5538031832789289,0.0,0.0
2026-08-18T18:05:32.730525+00:00,2026-08-22,2026-08-22T11:30:00+00:00,1,2026/27,Hull City,Man United,V1.2,1.5136740958622847,1.6379171006655189,3.151591196527804,-0.0849999999999999,0.3463651689454624,0.2538525186242671,0.3997823124302708,0.6373156050463672,0.3626843949536328,0.9481996863497336,0.8313942468801592,0.609901014638888,0.5877261368458263,0.4122738631541737,1.7014727392706075,2.4255721484484223,0.3866874732767572,0.2108180153010854,1-1,0.0,0.0,0.1755460413254899,0.1002332733362435
2026-08-18T18:05:32.730525+00:00,2026-08-22,2026-08-22T14:00:00+00:00,1,2026/27,Everton,Crystal Palace,V1.2,1.458115287983904,1.432434307513263,2.890549595497167,-0.0849999999999999,0.3717818097821612,0.2679200964583273,0.360298093759511,0.5940054161269916,0.4059945838730083,0.9345929366956862,0.7937579672391613,0.5518466881191377,0.5462311146331965,0.4537688853668035,1.8307269088314693,2.203765027193637,0.3282627392253469,0.1666926159666958,1-1,-0.0883525549557702,0.0904178188322672,0.1319137960276581,0.0492758867434802
2026-08-18T18:05:32.730525+00:00,2026-08-22,2026-08-22T14:00:00+00:00,1,2026/27,Ipswich Town,Sunderland,V1.2,1.581949792336805,1.1272547148411616,2.709204507177967,-0.0849999999999999,0.4686246804476616,0.2702091276788553,0.2611661918734833,0.5471879408555024,0.4528120591444976,0.9233166852409548,0.7630982305834393,0.5086271174982568,0.5156133628497376,0.4843866371502624,1.93943771059988,2.0644665300496063,0.2879374684479663,0.1384641204743233,1-1,0.0,0.0,-0.1980941118153214,0.0561150128379114
2026-08-18T18:05:32.730525+00:00,2026-08-22,2026-08-22T14:00:00+00:00,1,2026/27,Nott'm Forest,Leeds,V1.2,1.393321952946296,1.4918444902079249,2.8851664431542208,-0.0849999999999999,0.3440191876200827,0.2678848716598836,0.3880959407200338,0.5925056900823401,0.4074943099176599,0.9342875231179504,0.7928977287651404,0.5505964837924454,0.5453436841922303,0.4546563158077696,1.833706026102076,2.199463562324742,0.327059263759329,0.1658237422504462,1-1,-0.0765335445023149,0.0312346993189824,0.11336863385482,0.1065488102553076
2026-08-18T18:05:32.730525+00:00,2026-08-22,2026-08-22T16:30:00+00:00,1,2026/27,Brentford,Spurs,V1.2,2.007670238769056,1.3237705741236636,3.331440812892719,-0.0849999999999999,0.5249992356813158,0.232083872138372,0.2429168921803121,0.6433837765391297,0.3566162234608703,0.9561838788340248,0.8532603795714369,0.64684552819018,0.6146033877926663,0.3853966122073337,1.6270655513167225,2.5947296066578427,0.4265921886509454,0.2431519475217146,1-1,0.1822018197717722,0.0373951726145931,0.0,0.0
2026-08-18T18:05:32.730525+00:00,2026-08-23,2026-08-23T13:00:00+00:00,1,2026/27,Brighton,Aston Villa,V1.2,1.6799212924986735,1.361269875969851,3.0411911684685244,-0.0849999999999999,0.4411565411781172,0.2564385826259357,0.3024048761959471,0.6143410760706732,0.3856589239293267,0.9429348629170528,0.8162069433738995,0.585974062071829,0.5705414623209627,0.4294585376790373,1.752720995827367,2.3285134937691376,0.3619946141395774,0.1917035343970723,1-1,0.0950319451911219,0.1121605378939401,0.102699201585468,0.0910581474275352
2026-08-18T18:05:32.730525+00:00,2026-08-23,2026-08-23T13:00:00+00:00,1,2026/27,Man City,Bournemouth,V1.2,2.185229599097613,1.29394837995565,3.479177979053263,-0.0849999999999999,0.5694132885249108,0.2176709770148522,0.2129157344602366,0.6516038285392758,0.3483961714607242,0.9617560772617572,0.8693026528359907,0.6752783029976662,0.6356720601924187,0.3643279398075812,1.573138199116851,2.7447798830036123,0.4588574851880301,0.2706158493050339,2-1,0.3519224309944804,0.2695521316709335,0.2093711023809789,0.084974673139797
2026-08-18T18:05:32.730525+00:00,2026-08-23,2026-08-23T15:30:00+00:00,1,2026/27,Newcastle,Liverpool,V1.2,1.6751618260047985,1.8059864994256207,3.48114832543042,-0.0849999999999999,0.3536988305874822,0.2388390968255952,0.4074620725869226,0.687094361145392,0.312905638854608,0.9613146590035552,0.870018335400609,0.6756503655680597,0.6359504379805789,0.364049562019421,1.5724495814098938,2.7468787339089085,0.4592913910718347,0.2709969706319907,1-1,0.2034859307457143,0.0712623625180281,0.3444900093534425,0.202349302446126
2026-08-18T18:05:32.730525+00:00,2026-08-24,2026-08-24T19:00:00+00:00,1,2026/27,Fulham,Chelsea,V1.2,1.4896589938643463,1.6806896663205462,3.1703486601848923,-0.0849999999999999,0.3329446747040425,0.2522629278024316,0.4147923974935258,0.6392293333991691,0.3607706666008309,0.9490752387995436,0.8338267541367973,0.6138727662170542,0.5905935406634302,0.4094064593365698,1.6932118811808747,2.442560387592488,0.3908722669562445,0.2141249334432269,1-1,-0.0479298064154808,0.0736441124525308,0.2749690045658441,0.0682961078495448
2026-08-19T11:07:12.423562+00:00,2026-08-21,2026-08-21T19:00:00+00:00,1,2026/27,Arsenal,Coventry City,V1.2,2.3004986749304583,0.7898408175877842,3.0903394925182424,-0.0849999999999999,0.7066929666993168,0.18824388736455,0.1050631459361331,0.4983844663693608,0.5016155336306392,0.9474866677638378,0.820964715614155,0.5967302294016074,0.5782490466099817,0.4217509533900183,1.7293586662400182,2.3710675505580663,0.3729803715202049,0.2001146159561443,2-0,0.3183527697703152,0.5538031832789289,0.0,0.0
2026-08-19T11:07:12.423562+00:00,2026-08-22,2026-08-22T11:30:00+00:00,1,2026/27,Hull City,Man United,V1.2,1.5136740958622847,1.6379171006655189,3.151591196527804,-0.0849999999999999,0.3463651689454624,0.2538525186242671,0.3997823124302708,0.6373156050463672,0.3626843949536328,0.9481996863497336,0.8313942468801592,0.609901014638888,0.5877261368458263,0.4122738631541737,1.7014727392706075,2.4255721484484223,0.3866874732767572,0.2108180153010854,1-1,0.0,0.0,0.1755460413254899,0.1002332733362435
2026-08-19T11:07:12.423562+00:00,2026-08-22,2026-08-22T14:00:00+00:00,1,2026/27,Everton,Crystal Palace,V1.2,1.458115287983904,1.432434307513263,2.890549595497167,-0.0849999999999999,0.3717818097821612,0.2679200964583273,0.360298093759511,0.5940054161269916,0.4059945838730083,0.9345929366956862,0.7937579672391613,0.5518466881191377,0.5462311146331965,0.4537688853668035,1.8307269088314693,2.203765027193637,0.3282627392253469,0.1666926159666958,1-1,-0.0883525549557702,0.0904178188322672,0.1319137960276581,0.0492758867434802
2026-08-19T11:07:12.423562+00:00,2026-08-22,2026-08-22T14:00:00+00:00,1,2026/27,Ipswich Town,Sunderland,V1.2,1.581949792336805,1.1272547148411616,2.709204507177967,-0.0849999999999999,0.4686246804476616,0.2702091276788553,0.2611661918734833,0.5471879408555024,0.4528120591444976,0.9233166852409548,0.7630982305834393,0.5086271174982568,0.5156133628497376,0.4843866371502624,1.93943771059988,2.0644665300496063,0.2879374684479663,0.1384641204743233,1-1,0.0,0.0,-0.1980941118153214,0.0561150128379114
2026-08-19T11:07:12.423562+00:00,2026-08-22,2026-08-22T14:00:00+00:00,1,2026/27,Nott'm Forest,Leeds,V1.2,1.393321952946296,1.4918444902079249,2.8851664431542208,-0.0849999999999999,0.3440191876200827,0.2678848716598836,0.3880959407200338,0.5925056900823401,0.4074943099176599,0.9342875231179504,0.7928977287651404,0.5505964837924454,0.5453436841922303,0.4546563158077696,1.833706026102076,2.199463562324742,0.327059263759329,0.1658237422504462,1-1,-0.0765335445023149,0.0312346993189824,0.11336863385482,0.1065488102553076
2026-08-19T11:07:12.423562+00:00,2026-08-22,2026-08-22T16:30:00+00:00,1,2026/27,Brentford,Spurs,V1.2,2.007670238769056,1.3237705741236636,3.331440812892719,-0.0849999999999999,0.5249992356813158,0.232083872138372,0.2429168921803121,0.6433837765391297,0.3566162234608703,0.9561838788340248,0.8532603795714369,0.64684552819018,0.6146033877926663,0.3853966122073337,1.6270655513167225,2.5947296066578427,0.4265921886509454,0.2431519475217146,1-1,0.1822018197717722,0.0373951726145931,0.0,0.0
2026-08-19T11:07:12.423562+00:00,2026-08-23,2026-08-23T13:00:00+00:00,1,2026/27,Brighton,Aston Villa,V1.2,1.6799212924986735,1.361269875969851,3.0411911684685244,-0.0849999999999999,0.4411565411781172,0.2564385826259357,0.3024048761959471,0.6143410760706732,0.3856589239293267,0.9429348629170528,0.8162069433738995,0.585974062071829,0.5705414623209627,0.4294585376790373,1.752720995827367,2.3285134937691376,0.3619946141395774,0.1917035343970723,1-1,0.0950319451911219,0.1121605378939401,0.102699201585468,0.0910581474275352
2026-08-19T11:07:12.423562+00:00,2026-08-23,2026-08-23T13:00:00+00:00,1,2026/27,Man City,Bournemouth,V1.2,2.185229599097613,1.29394837995565,3.479177979053263,-0.0849999999999999,0.5694132885249108,0.2176709770148522,0.2129157344602366,0.6516038285392758,0.3483961714607242,0.9617560772617572,0.8693026528359907,0.6752783029976662,0.6356720601924187,0.3643279398075812,1.573138199116851,2.7447798830036123,0.4588574851880301,0.2706158493050339,2-1,0.3519224309944804,0.2695521316709335,0.2093711023809789,0.084974673139797
2026-08-19T11:07:12.423562+00:00,2026-08-23,2026-08-23T15:30:00+00:00,1,2026/27,Newcastle,Liverpool,V1.2,1.6751618260047985,1.8059864994256207,3.48114832543042,-0.0849999999999999,0.3536988305874822,0.2388390968255952,0.4074620725869226,0.687094361145392,0.312905638854608,0.9613146590035552,0.870018335400609,0.6756503655680597,0.6359504379805789,0.364049562019421,1.5724495814098938,2.7468787339089085,0.4592913910718347,0.2709969706319907,1-1,0.2034859307457143,0.0712623625180281,0.3444900093534425,0.202349302446126
2026-08-19T11:07:12.423562+00:00,2026-08-24,2026-08-24T19:00:00+00:00,1,2026/27,Fulham,Chelsea,V1.2,1.4896589938643463,1.6806896663205462,3.1703486601848923,-0.0849999999999999,0.3329446747040425,0.2522629278024316,0.4147923974935258,0.6392293333991691,0.3607706666008309,0.9490752387995436,0.8338267541367973,0.6138727662170542,0.5905935406634302,0.4094064593365698,1.6932118811808747,2.442560387592488,0.3908722669562445,0.2141249334432269,1-1,-0.0479298064154808,0.0736441124525308,0.2749690045658441,0.0682961078495448
2026-08-19T14:25:08.709067+00:00,2026-08-21,2026-08-21T19:00:00+00:00,1,2026/27,Arsenal,Coventry City,V1.2,2.300520709834532,0.7898702495613139,3.090390959395845,-0.0849999999999999,0.7066899706886675,0.1882434886923146,0.1050665406190179,0.49839766030186,0.5016023396981399,0.9474890411894002,0.820971917383902,0.5967414073505708,0.5782566748731481,0.4217433251268518,1.729335852836233,2.371110437134293,0.3729918856337947,0.200123510863128,2-0,0.3183429563658556,0.5537665548291025,0.0,0.0
2026-08-19T14:25:08.709067+00:00,2026-08-22,2026-08-22T11:30:00+00:00,1,2026/27,Hull City,Man United,V1.2,1.513683893377037,1.6379507610332196,3.1516346544102563,-0.0849999999999999,0.3463613671035044,0.2538502065016711,0.3997884263948247,0.6373222969353397,0.3626777030646603,0.9482016937779404,0.8313999583367437,0.6099102482534149,0.5877324272196005,0.4122675727803995,1.701454528773788,2.425609157799721,0.3866971734777552,0.2108256580326461,1-1,0.0,0.0,0.1755659578024097,0.1002461923609129
2026-08-19T14:25:08.709067+00:00,2026-08-22,2026-08-22T14:00:00+00:00,1,2026/27,Everton,Crystal Palace,V1.2,1.4581559379757625,1.4324504357033472,2.890606373679109,-0.0849999999999999,0.3717888356404011,0.2679169090690285,0.3602942552905703,0.594015396674154,0.4059846033258459,0.9345962643426152,0.7937669092490234,0.5518598633093029,0.5462399879695974,0.4537600120304026,1.8306971697862184,2.203808122107063,0.3282754338271286,0.1667017895979832,1-1,-0.0883272103708902,0.0904283519450653,0.1319349543378221,0.0492927449434677
2026-08-19T14:25:08.709067+00:00,2026-08-22,2026-08-22T14:00:00+00:00,1,2026/27,Ipswich Town,Sunderland,V1.2,1.5819131541729192,1.1273239772374954,2.709237131410415,-0.0849999999999999,0.4685994135101773,0.2702110846981377,0.2611895017916849,0.5472007283628513,0.4527992716371487,0.923318800563198,0.7631041732535311,0.508635090186494,0.5156184490405864,0.4843815509594136,1.939418579495564,2.064488207734795,0.2879446684214488,0.138468997123327,1-1,0.0,0.0,-0.1980333042997622,0.0561575649117087
2026-08-19T14:25:08.709067+00:00,2026-08-22,2026-08-22T14:00:00+00:00,1,2026/27,Nott'm Forest,Leeds,V1.2,1.3933426874649346,1.4918920878731858,2.8852347753381204,-0.0849999999999999,0.3440154025086313,0.2678808974791472,0.3881037000122215,0.5925175160115254,0.4074824839884746,0.9342915516147614,0.7929085258175054,0.5506123662797102,0.5453544750054488,0.4546455249945512,1.833669742950232,2.199515765632983,0.3270745384317624,0.1658347598041511,1-1,-0.0765101783200788,0.031246510592989,0.1134117158387142,0.1065766868681888
2026-08-19T14:25:08.709067+00:00,2026-08-22,2026-08-22T16:30:00+00:00,1,2026/27,Brentford,Spurs,V1.2,2.0077481255293,1.3237522967695696,3.331500422298869,-0.0849999999999999,0.5250203542789612,0.2320777211449524,0.2429019245760861,0.6433869620020602,0.3566130379979397,0.956186288736614,0.85326719723912,0.646857349940184,0.6146117720932135,0.3853882279067865,1.6270433555059496,2.594786056209971,0.426605316036634,0.243162880046168,1-1,0.1822212219425491,0.0374096137775571,0.0,0.0
2026-08-19T14:25:08.709067+00:00,2026-08-23,2026-08-23T13:00:00+00:00,1,2026/27,Brighton,Aston Villa,V1.2,1.6799617387000498,1.3612796941102414,3.041241432810291,-0.0849999999999999,0.4411642318142327,0.2564354104903988,0.3024003576953685,0.6143485536131386,0.3856514463868614,0.9429374405956666,0.8162140704657337,0.585985167510026,0.5705489907112727,0.4294510092887272,1.752697868684955,2.328554313229435,0.3620058720683022,0.191712093721045,1-1,0.095051581198208,0.1121731506554348,0.1027183927802748,0.0910730991515563
2026-08-19T14:25:08.709067+00:00,2026-08-23,2026-08-23T13:00:00+00:00,1,2026/27,Man City,Bournemouth,V1.2,2.185212771366879,1.29397300043879,3.4791857718056693,-0.0849999999999999,0.5694044390122719,0.2176726690405689,0.2129228919471594,0.651608472690708,0.348391527309292,0.9617562913984276,0.8693035151516972,0.6752797576425078,0.6356729067947483,0.3643270932052517,1.5731361039788485,2.744786261165123,0.4588591723883842,0.2706173171528843,2-1,0.3519079880977398,0.2695512306983252,0.2093885946078537,0.0849873226170581
2026-08-19T14:25:08.709067+00:00,2026-08-23,2026-08-23T15:30:00+00:00,1,2026/27,Newcastle,Liverpool,V1.2,1.675218414830531,1.805942518141254,3.481160932971785,-0.0849999999999999,0.3537194101919307,0.2388393064290855,0.4074412833789838,0.687097318740627,0.312902681259373,0.9613150721382148,0.8700196608101112,0.6756527163722901,0.6359519562244202,0.3640480437755797,1.5724458274126472,2.7468901896268885,0.4592941189467712,0.2709993447291997,1-1,0.2035037607245838,0.0712752796067303,0.3444779390658983,0.2023527435606102
2026-08-19T14:25:08.709067+00:00,2026-08-24,2026-08-24T19:00:00+00:00,1,2026/27,Fulham,Chelsea,V1.2,1.489702235708043,1.6806864777714314,3.1703887134794746,-0.0849999999999999,0.3329555035585402,0.2522615742904655,0.4147829221509944,0.6392366909300962,0.3607633090699038,0.949077036033962,0.8338319704614084,0.6138812180871412,0.5905992847236421,0.4094007152763579,1.6931954133129845,2.4425946577180984,0.3908811987811803,0.2141320127028494,1-1,-0.0479086622385251,0.073654940141424,0.2749773010588313,0.0683076161076916
2026-08-19T17:58:46.763454+00:00,2026-08-21,2026-08-21T19:00:00+00:00,1,2026/27,Arsenal,Coventry City,V1.2,2.300520709834532,0.7898702495613139,3.090390959395845,-0.0849999999999999,0.7066899706886675,0.1882434886923146,0.1050665406190179,0.49839766030186,0.5016023396981399,0.9474890411894002,0.820971917383902,0.5967414073505708,0.5782566748731481,0.4217433251268518,1.729335852836233,2.371110437134293,0.3729918856337947,0.200123510863128,2-0,0.3183429563658556,0.5537665548291025,0.0,0.0
2026-08-19T17:58:46.763454+00:00,2026-08-22,2026-08-22T11:30:00+00:00,1,2026/27,Hull City,Man United,V1.2,1.513683893377037,1.6379507610332196,3.1516346544102563,-0.0849999999999999,0.3463613671035044,0.2538502065016711,0.3997884263948247,0.6373222969353397,0.3626777030646603,0.9482016937779404,0.8313999583367437,0.6099102482534149,0.5877324272196005,0.4122675727803995,1.701454528773788,2.425609157799721,0.3866971734777552,0.2108256580326461,1-1,0.0,0.0,0.1755659578024097,0.1002461923609129
2026-08-19T17:58:46.763454+00:00,2026-08-22,2026-08-22T14:00:00+00:00,1,2026/27,Everton,Crystal Palace,V1.2,1.4581559379757625,1.4324504357033472,2.890606373679109,-0.0849999999999999,0.3717888356404011,0.2679169090690285,0.3602942552905703,0.594015396674154,0.4059846033258459,0.9345962643426152,0.7937669092490234,0.5518598633093029,0.5462399879695974,0.4537600120304026,1.8306971697862184,2.203808122107063,0.3282754338271286,0.1667017895979832,1-1,-0.0883272103708902,0.0904283519450653,0.1319349543378221,0.0492927449434677
2026-08-19T17:58:46.763454+00:00,2026-08-22,2026-08-22T14:00:00+00:00,1,2026/27,Ipswich Town,Sunderland,V1.2,1.5819131541729192,1.1273239772374954,2.709237131410415,-0.0849999999999999,0.4685994135101773,0.2702110846981377,0.2611895017916849,0.5472007283628513,0.4527992716371487,0.923318800563198,0.7631041732535311,0.508635090186494,0.5156184490405864,0.4843815509594136,1.939418579495564,2.064488207734795,0.2879446684214488,0.138468997123327,1-1,0.0,0.0,-0.1980333042997622,0.0561575649117087
2026-08-19T17:58:46.763454+00:00,2026-08-22,2026-08-22T14:00:00+00:00,1,2026/27,Nott'm Forest,Leeds,V1.2,1.3933426874649346,1.4918920878731858,2.8852347753381204,-0.0849999999999999,0.3440154025086313,0.2678808974791472,0.3881037000122215,0.5925175160115254,0.4074824839884746,0.9342915516147614,0.7929085258175054,0.5506123662797102,0.5453544750054488,0.4546455249945512,1.833669742950232,2.199515765632983,0.3270745384317624,0.1658347598041511,1-1,-0.0765101783200788,0.031246510592989,0.1134117158387142,0.1065766868681888
2026-08-19T17:58:46.763454+00:00,2026-08-22,2026-08-22T16:30:00+00:00,1,2026/27,Brentford,Spurs,V1.2,2.0077481255293,1.3237522967695696,3.331500422298869,-0.0849999999999999,0.5250203542789612,0.2320777211449524,0.2429019245760861,0.6433869620020602,0.3566130379979397,0.956186288736614,0.85326719723912,0.646857349940184,0.6146117720932135,0.3853882279067865,1.6270433555059496,2.594786056209971,0.426605316036634,0.243162880046168,1-1,0.1822212219425491,0.0374096137775571,0.0,0.0
2026-08-19T17:58:46.763454+00:00,2026-08-23,2026-08-23T13:00:00+00:00,1,2026/27,Brighton,Aston Villa,V1.2,1.6799617387000498,1.3612796941102414,3.041241432810291,-0.0849999999999999,0.4411642318142327,0.2564354104903988,0.3024003576953685,0.6143485536131386,0.3856514463868614,0.9429374405956666,0.8162140704657337,0.585985167510026,0.5705489907112727,0.4294510092887272,1.752697868684955,2.328554313229435,0.3620058720683022,0.191712093721045,1-1,0.095051581198208,0.1121731506554348,0.1027183927802748,0.0910730991515563
2026-08-19T17:58:46.763454+00:00,2026-08-23,2026-08-23T13:00:00+00:00,1,2026/27,Man City,Bournemouth,V1.2,2.185212771366879,1.29397300043879,3.4791857718056693,-0.0849999999999999,0.5694044390122719,0.2176726690405689,0.2129228919471594,0.651608472690708,0.348391527309292,0.9617562913984276,0.8693035151516972,0.6752797576425078,0.6356729067947483,0.3643270932052517,1.5731361039788485,2.744786261165123,0.4588591723883842,0.2706173171528843,2-1,0.3519079880977398,0.2695512306983252,0.2093885946078537,0.0849873226170581
2026-08-19T17:58:46.763454+00:00,2026-08-23,2026-08-23T15:30:00+00:00,1,2026/27,Newcastle,Liverpool,V1.2,1.675218414830531,1.805942518141254,3.481160932971785,-0.0849999999999999,0.3537194101919307,0.2388393064290855,0.4074412833789838,0.687097318740627,0.312902681259373,0.9613150721382148,0.8700196608101112,0.6756527163722901,0.6359519562244202,0.3640480437755797,1.5724458274126472,2.7468901896268885,0.4592941189467712,0.2709993447291997,1-1,0.2035037607245838,0.0712752796067303,0.3444779390658983,0.2023527435606102
2026-08-19T17:58:46.763454+00:00,2026-08-24,2026-08-24T19:00:00+00:00,1,2026/27,Fulham,Chelsea,V1.2,1.489702235708043,1.6806864777714314,3.1703887134794746,-0.0849999999999999,0.3329555035585402,0.2522615742904655,0.4147829221509944,0.6392366909300962,0.3607633090699038,0.949077036033962,0.8338319704614084,0.6138812180871412,0.5905992847236421,0.4094007152763579,1.6931954133129845,2.4425946577180984,0.3908811987811803,0.2141320127028494,1-1,-0.0479086622385251,0.073654940141424,0.2749773010588313,0.0683076161076916
2026-08-20T10:42:21.027967+00:00,2026-08-21,2026-08-21T19:00:00+00:00,1,2026/27,Arsenal,Coventry City,V1.2,2.300520709834532,0.7898702495613139,3.090390959395845,-0.0849999999999999,0.7066899706886675,0.1882434886923146,0.1050665406190179,0.49839766030186,0.5016023396981399,0.9474890411894002,0.820971917383902,0.5967414073505708,0.5782566748731481,0.4217433251268518,1.729335852836233,2.371110437134293,0.3729918856337947,0.200123510863128,2-0,0.3183429563658556,0.5537665548291025,0.0,0.0
2026-08-20T10:42:21.027967+00:00,2026-08-22,2026-08-22T11:30:00+00:00,1,2026/27,Hull City,Man United,V1.2,1.513683893377037,1.6379507610332196,3.1516346544102563,-0.0849999999999999,0.3463613671035044,0.2538502065016711,0.3997884263948247,0.6373222969353397,0.3626777030646603,0.9482016937779404,0.8313999583367437,0.6099102482534149,0.5877324272196005,0.4122675727803995,1.701454528773788,2.425609157799721,0.3866971734777552,0.2108256580326461,1-1,0.0,0.0,0.1755659578024097,0.1002461923609129
2026-08-20T10:42:21.027967+00:00,2026-08-22,2026-08-22T14:00:00+00:00,1,2026/27,Everton,Crystal Palace,V1.2,1.4581559379757625,1.4324504357033472,2.890606373679109,-0.0849999999999999,0.3717888356404011,0.2679169090690285,0.3602942552905703,0.594015396674154,0.4059846033258459,0.9345962643426152,0.7937669092490234,0.5518598633093029,0.5462399879695974,0.4537600120304026,1.8306971697862184,2.203808122107063,0.3282754338271286,0.1667017895979832,1-1,-0.0883272103708902,0.0904283519450653,0.1319349543378221,0.0492927449434677
2026-08-20T10:42:21.027967+00:00,2026-08-22,2026-08-22T14:00:00+00:00,1,2026/27,Ipswich Town,Sunderland,V1.2,1.5819131541729192,1.1273239772374954,2.709237131410415,-0.0849999999999999,0.4685994135101773,0.2702110846981377,0.2611895017916849,0.5472007283628513,0.4527992716371487,0.923318800563198,0.7631041732535311,0.508635090186494,0.5156184490405864,0.4843815509594136,1.939418579495564,2.064488207734795,0.2879446684214488,0.138468997123327,1-1,0.0,0.0,-0.1980333042997622,0.0561575649117087
2026-08-20T10:42:21.027967+00:00,2026-08-22,2026-08-22T14:00:00+00:00,1,2026/27,Nott'm Forest,Leeds,V1.2,1.3933426874649346,1.4918920878731858,2.8852347753381204,-0.0849999999999999,0.3440154025086313,0.2678808974791472,0.3881037000122215,0.5925175160115254,0.4074824839884746,0.9342915516147614,0.7929085258175054,0.5506123662797102,0.5453544750054488,0.4546455249945512,1.833669742950232,2.199515765632983,0.3270745384317624,0.1658347598041511,1-1,-0.0765101783200788,0.031246510592989,0.1134117158387142,0.1065766868681888
2026-08-20T10:42:21.027967+00:00,2026-08-22,2026-08-22T16:30:00+00:00,1,2026/27,Brentford,Spurs,V1.2,2.0077481255293,1.3237522967695696,3.331500422298869,-0.0849999999999999,0.5250203542789612,0.2320777211449524,0.2429019245760861,0.6433869620020602,0.3566130379979397,0.956186288736614,0.85326719723912,0.646857349940184,0.6146117720932135,0.3853882279067865,1.6270433555059496,2.594786056209971,0.426605316036634,0.243162880046168,1-1,0.1822212219425491,0.0374096137775571,0.0,0.0
2026-08-20T10:42:21.027967+00:00,2026-08-23,2026-08-23T13:00:00+00:00,1,2026/27,Brighton,Aston Villa,V1.2,1.6799617387000498,1.3612796941102414,3.041241432810291,-0.0849999999999999,0.4411642318142327,0.2564354104903988,0.3024003576953685,0.6143485536131386,0.3856514463868614,0.9429374405956666,0.8162140704657337,0.585985167510026,0.5705489907112727,0.4294510092887272,1.752697868684955,2.328554313229435,0.3620058720683022,0.191712093721045,1-1,0.095051581198208,0.1121731506554348,0.1027183927802748,0.0910730991515563
2026-08-20T10:42:21.027967+00:00,2026-08-23,2026-08-23T13:00:00+00:00,1,2026/27,Man City,Bournemouth,V1.2,2.185212771366879,1.29397300043879,3.4791857718056693,-0.0849999999999999,0.5694044390122719,0.2176726690405689,0.2129228919471594,0.651608472690708,0.348391527309292,0.9617562913984276,0.8693035151516972,0.6752797576425078,0.6356729067947483,0.3643270932052517,1.5731361039788485,2.744786261165123,0.4588591723883842,0.2706173171528843,2-1,0.3519079880977398,0.2695512306983252,0.2093885946078537,0.0849873226170581
2026-08-20T10:42:21.027967+00:00,2026-08-23,2026-08-23T15:30:00+00:00,1,2026/27,Newcastle,Liverpool,V1.2,1.675218414830531,1.805942518141254,3.481160932971785,-0.0849999999999999,0.3537194101919307,0.2388393064290855,0.4074412833789838,0.687097318740627,0.312902681259373,0.9613150721382148,0.8700196608101112,0.6756527163722901,0.6359519562244202,0.3640480437755797,1.5724458274126472,2.7468901896268885,0.4592941189467712,0.2709993447291997,1-1,0.2035037607245838,0.0712752796067303,0.3444779390658983,0.2023527435606102
2026-08-20T10:42:21.027967+00:00,2026-08-24,2026-08-24T19:00:00+00:00,1,2026/27,Fulham,Chelsea,V1.2,1.489702235708043,1.6806864777714314,3.1703887134794746,-0.0849999999999999,0.3329555035585402,0.2522615742904655,0.4147829221509944,0.6392366909300962,0.3607633090699038,0.949077036033962,0.8338319704614084,0.6138812180871412,0.5905992847236421,0.4094007152763579,1.6931954133129845,2.4425946577180984,0.3908811987811803,0.2141320127028494,1-1,-0.0479086622385251,0.073654940141424,0.2749773010588313,0.0683076161076916
2026-08-20T13:47:47.259212+00:00,2026-08-21,2026-08-21T19:00:00+00:00,1,2026/27,Arsenal,Coventry City,V1.2,2.3004986749304583,0.7898408175877842,3.0903394925182424,-0.0849999999999999,0.7066929666993168,0.18824388736455,0.1050631459361331,0.4983844663693608,0.5016155336306392,0.9474866677638378,0.820964715614155,0.5967302294016074,0.5782490466099817,0.4217509533900183,1.7293586662400182,2.3710675505580663,0.3729803715202049,0.2001146159561443,2-0,0.3183527697703152,0.5538031832789289,0.0,0.0
2026-08-20T13:47:47.259212+00:00,2026-08-22,2026-08-22T11:30:00+00:00,1,2026/27,Hull City,Man United,V1.2,1.5136740958622847,1.6379171006655189,3.151591196527804,-0.0849999999999999,0.3463651689454624,0.2538525186242671,0.3997823124302708,0.6373156050463672,0.3626843949536328,0.9481996863497336,0.8313942468801592,0.609901014638888,0.5877261368458263,0.4122738631541737,1.7014727392706075,2.4255721484484223,0.3866874732767572,0.2108180153010854,1-1,0.0,0.0,0.1755460413254899,0.1002332733362435
2026-08-20T13:47:47.259212+00:00,2026-08-22,2026-08-22T14:00:00+00:00,1,2026/27,Everton,Crystal Palace,V1.2,1.458115287983904,1.432434307513263,2.890549595497167,-0.0849999999999999,0.3717818097821612,0.2679200964583273,0.360298093759511,0.5940054161269916,0.4059945838730083,0.9345929366956862,0.7937579672391613,0.5518466881191377,0.5462311146331965,0.4537688853668035,1.8307269088314693,2.203765027193637,0.3282627392253469,0.1666926159666958,1-1,-0.0883525549557702,0.0904178188322672,0.1319137960276581,0.0492758867434802
2026-08-20T13:47:47.259212+00:00,2026-08-22,2026-08-22T14:00:00+00:00,1,2026/27,Ipswich Town,Sunderland,V1.2,1.581949792336805,1.1272547148411616,2.709204507177967,-0.0849999999999999,0.4686246804476616,0.2702091276788553,0.2611661918734833,0.5471879408555024,0.4528120591444976,0.9233166852409548,0.7630982305834393,0.5086271174982568,0.5156133628497376,0.4843866371502624,1.93943771059988,2.0644665300496063,0.2879374684479663,0.1384641204743233,1-1,0.0,0.0,-0.1980941118153214,0.0561150128379114
2026-08-20T13:47:47.259212+00:00,2026-08-22,2026-08-22T14:00:00+00:00,1,2026/27,Nott'm Forest,Leeds,V1.2,1.393321952946296,1.4918444902079249,2.8851664431542208,-0.0849999999999999,0.3440191876200827,0.2678848716598836,0.3880959407200338,0.5925056900823401,0.4074943099176599,0.9342875231179504,0.7928977287651404,0.5505964837924454,0.5453436841922303,0.4546563158077696,1.833706026102076,2.199463562324742,0.327059263759329,0.1658237422504462,1-1,-0.0765335445023149,0.0312346993189824,0.11336863385482,0.1065488102553076
2026-08-20T13:47:47.259212+00:00,2026-08-22,2026-08-22T16:30:00+00:00,1,2026/27,Brentford,Spurs,V1.2,2.007670238769056,1.3237705741236636,3.331440812892719,-0.0849999999999999,0.5249992356813158,0.232083872138372,0.2429168921803121,0.6433837765391297,0.3566162234608703,0.9561838788340248,0.8532603795714369,0.64684552819018,0.6146033877926663,0.3853966122073337,1.6270655513167225,2.5947296066578427,0.4265921886509454,0.2431519475217146,1-1,0.1822018197717722,0.0373951726145931,0.0,0.0
2026-08-20T13:47:47.259212+00:00,2026-08-23,2026-08-23T13:00:00+00:00,1,2026/27,Brighton,Aston Villa,V1.2,1.6799212924986735,1.361269875969851,3.0411911684685244,-0.0849999999999999,0.4411565411781172,0.2564385826259357,0.3024048761959471,0.6143410760706732,0.3856589239293267,0.9429348629170528,0.8162069433738995,0.585974062071829,0.5705414623209627,0.4294585376790373,1.752720995827367,2.3285134937691376,0.3619946141395774,0.1917035343970723,1-1,0.0950319451911219,0.1121605378939401,0.102699201585468,0.0910581474275352
2026-08-20T13:47:47.259212+00:00,2026-08-23,2026-08-23T13:00:00+00:00,1,2026/27,Man City,Bournemouth,V1.2,2.185229599097613,1.29394837995565,3.479177979053263,-0.0849999999999999,0.5694132885249108,0.2176709770148522,0.2129157344602366,0.6516038285392758,0.3483961714607242,0.9617560772617572,0.8693026528359907,0.6752783029976662,0.6356720601924187,0.3643279398075812,1.573138199116851,2.7447798830036123,0.4588574851880301,0.2706158493050339,2-1,0.3519224309944804,0.2695521316709335,0.2093711023809789,0.084974673139797
2026-08-20T13:47:47.259212+00:00,2026-08-23,2026-08-23T15:30:00+00:00,1,2026/27,Newcastle,Liverpool,V1.2,1.6751618260047985,1.8059864994256207,3.48114832543042,-0.0849999999999999,0.3536988305874822,0.2388390968255952,0.4074620725869226,0.687094361145392,0.312905638854608,0.9613146590035552,0.870018335400609,0.6756503655680597,0.6359504379805789,0.364049562019421,1.5724495814098938,2.7468787339089085,0.4592913910718347,0.2709969706319907,1-1,0.2034859307457143,0.0712623625180281,0.3444900093534425,0.202349302446126
2026-08-20T13:47:47.259212+00:00,2026-08-24,2026-08-24T19:00:00+00:00,1,2026/27,Fulham,Chelsea,V1.2,1.4896589938643463,1.6806896663205462,3.1703486601848923,-0.0849999999999999,0.3329446747040425,0.2522629278024316,0.4147923974935258,0.6392293333991691,0.3607706666008309,0.9490752387995436,0.8338267541367973,0.6138727662170542,0.5905935406634302,0.4094064593365698,1.6932118811808747,2.442560387592488,0.3908722669562445,0.2141249334432269,1-1,-0.0479298064154808,0.0736441124525308,0.2749690045658441,0.0682961078495448
2026-08-20T17:35:50.281200+00:00,2026-08-21,2026-08-21T19:00:00+00:00,1,2026/27,Arsenal,Coventry City,V1.2,2.3004986749304583,0.7898408175877842,3.0903394925182424,-0.0849999999999999,0.7066929666993168,0.18824388736455,0.1050631459361331,0.4983844663693608,0.5016155336306392,0.9474866677638378,0.820964715614155,0.5967302294016074,0.5782490466099817,0.4217509533900183,1.7293586662400182,2.3710675505580663,0.3729803715202049,0.2001146159561443,2-0,0.3183527697703152,0.5538031832789289,0.0,0.0
2026-08-20T17:35:50.281200+00:00,2026-08-22,2026-08-22T11:30:00+00:00,1,2026/27,Hull City,Man United,V1.2,1.5136740958622847,1.6379171006655189,3.151591196527804,-0.0849999999999999,0.3463651689454624,0.2538525186242671,0.3997823124302708,0.6373156050463672,0.3626843949536328,0.9481996863497336,0.8313942468801592,0.609901014638888,0.5877261368458263,0.4122738631541737,1.7014727392706075,2.4255721484484223,0.3866874732767572,0.2108180153010854,1-1,0.0,0.0,0.1755460413254899,0.1002332733362435
2026-08-20T17:35:50.281200+00:00,2026-08-22,2026-08-22T14:00:00+00:00,1,2026/27,Everton,Crystal Palace,V1.2,1.458115287983904,1.432434307513263,2.890549595497167,-0.0849999999999999,0.3717818097821612,0.2679200964583273,0.360298093759511,0.5940054161269916,0.4059945838730083,0.9345929366956862,0.7937579672391613,0.5518466881191377,0.5462311146331965,0.4537688853668035,1.8307269088314693,2.203765027193637,0.3282627392253469,0.1666926159666958,1-1,-0.0883525549557702,0.0904178188322672,0.1319137960276581,0.0492758867434802
2026-08-20T17:35:50.281200+00:00,2026-08-22,2026-08-22T14:00:00+00:00,1,2026/27,Ipswich Town,Sunderland,V1.2,1.581949792336805,1.1272547148411616,2.709204507177967,-0.0849999999999999,0.4686246804476616,0.2702091276788553,0.2611661918734833,0.5471879408555024,0.4528120591444976,0.9233166852409548,0.7630982305834393,0.5086271174982568,0.5156133628497376,0.4843866371502624,1.93943771059988,2.0644665300496063,0.2879374684479663,0.1384641204743233,1-1,0.0,0.0,-0.1980941118153214,0.0561150128379114
2026-08-20T17:35:50.281200+00:00,2026-08-22,2026-08-22T14:00:00+00:00,1,2026/27,Nott'm Forest,Leeds,V1.2,1.393321952946296,1.4918444902079249,2.8851664431542208,-0.0849999999999999,0.3440191876200827,0.2678848716598836,0.3880959407200338,0.5925056900823401,0.4074943099176599,0.9342875231179504,0.7928977287651404,0.5505964837924454,0.5453436841922303,0.4546563158077696,1.833706026102076,2.199463562324742,0.327059263759329,0.1658237422504462,1-1,-0.0765335445023149,0.0312346993189824,0.11336863385482,0.1065488102553076
2026-08-20T17:35:50.281200+00:00,2026-08-22,2026-08-22T16:30:00+00:00,1,2026/27,Brentford,Spurs,V1.2,2.007670238769056,1.3237705741236636,3.331440812892719,-0.0849999999999999,0.5249992356813158,0.232083872138372,0.2429168921803121,0.6433837765391297,0.3566162234608703,0.9561838788340248,0.8532603795714369,0.64684552819018,0.6146033877926663,0.3853966122073337,1.6270655513167225,2.5947296066578427,0.4265921886509454,0.2431519475217146,1-1,0.1822018197717722,0.0373951726145931,0.0,0.0
2026-08-20T17:35:50.281200+00:00,2026-08-23,2026-08-23T13:00:00+00:00,1,2026/27,Brighton,Aston Villa,V1.2,1.6799212924986735,1.361269875969851,3.0411911684685244,-0.0849999999999999,0.4411565411781172,0.2564385826259357,0.3024048761959471,0.6143410760706732,0.3856589239293267,0.9429348629170528,0.8162069433738995,0.585974062071829,0.5705414623209627,0.4294585376790373,1.752720995827367,2.3285134937691376,0.3619946141395774,0.1917035343970723,1-1,0.0950319451911219,0.1121605378939401,0.102699201585468,0.0910581474275352
2026-08-20T17:35:50.281200+00:00,2026-08-23,2026-08-23T13:00:00+00:00,1,2026/27,Man City,Bournemouth,V1.2,2.185229599097613,1.29394837995565,3.479177979053263,-0.0849999999999999,0.5694132885249108,0.2176709770148522,0.2129157344602366,0.6516038285392758,0.3483961714607242,0.9617560772617572,0.8693026528359907,0.6752783029976662,0.6356720601924187,0.3643279398075812,1.573138199116851,2.7447798830036123,0.4588574851880301,0.2706158493050339,2-1,0.3519224309944804,0.2695521316709335,0.2093711023809789,0.084974673139797
2026-08-20T17:35:50.281200+00:00,2026-08-23,2026-08-23T15:30:00+00:00,1,2026/27,Newcastle,Liverpool,V1.2,1.6751618260047985,1.8059864994256207,3.48114832543042,-0.0849999999999999,0.3536988305874822,0.2388390968255952,0.4074620725869226,0.687094361145392,0.312905638854608,0.9613146590035552,0.870018335400609,0.6756503655680597,0.6359504379805789,0.364049562019421,1.5724495814098938,2.7468787339089085,0.4592913910718347,0.2709969706319907,1-1,0.2034859307457143,0.0712623625180281,0.3444900093534425,0.202349302446126
2026-08-20T17:35:50.281200+00:00,2026-08-24,2026-08-24T19:00:00+00:00,1,2026/27,Fulham,Chelsea,V1.2,1.4896589938643463,1.6806896663205462,3.1703486601848923,-0.0849999999999999,0.3329446747040425,0.2522629278024316,0.4147923974935258,0.6392293333991691,0.3607706666008309,0.9490752387995436,0.8338267541367973,0.6138727662170542,0.5905935406634302,0.4094064593365698,1.6932118811808747,2.442560387592488,0.3908722669562445,0.2141249334432269,1-1,-0.0479298064154808,0.0736441124525308,0.2749690045658441,0.0682961078495448
2026-08-21T10:43:37.089511+00:00,2026-08-21,2026-08-21T19:00:00+00:00,1,2026/27,Arsenal,Coventry City,V1.2,2.3004986749304583,0.7898408175877842,3.0903394925182424,-0.0849999999999999,0.7066929666993168,0.18824388736455,0.1050631459361331,0.4983844663693608,0.5016155336306392,0.9474866677638378,0.820964715614155,0.5967302294016074,0.5782490466099817,0.4217509533900183,1.7293586662400182,2.3710675505580663,0.3729803715202049,0.2001146159561443,2-0,0.3183527697703152,0.5538031832789289,0.0,0.0
2026-08-21T10:43:37.089511+00:00,2026-08-22,2026-08-22T11:30:00+00:00,1,2026/27,Hull City,Man United,V1.2,1.5136740958622847,1.6379171006655189,3.151591196527804,-0.0849999999999999,0.3463651689454624,0.2538525186242671,0.3997823124302708,0.6373156050463672,0.3626843949536328,0.9481996863497336,0.8313942468801592,0.609901014638888,0.5877261368458263,0.4122738631541737,1.7014727392706075,2.4255721484484223,0.3866874732767572,0.2108180153010854,1-1,0.0,0.0,0.1755460413254899,0.1002332733362435
2026-08-21T10:43:37.089511+00:00,2026-08-22,2026-08-22T14:00:00+00:00,1,2026/27,Everton,Crystal Palace,V1.2,1.458115287983904,1.432434307513263,2.890549595497167,-0.0849999999999999,0.3717818097821612,0.2679200964583273,0.360298093759511,0.5940054161269916,0.4059945838730083,0.9345929366956862,0.7937579672391613,0.5518466881191377,0.5462311146331965,0.4537688853668035,1.8307269088314693,2.203765027193637,0.3282627392253469,0.1666926159666958,1-1,-0.0883525549557702,0.0904178188322672,0.1319137960276581,0.0492758867434802
2026-08-21T10:43:37.089511+00:00,2026-08-22,2026-08-22T14:00:00+00:00,1,2026/27,Ipswich Town,Sunderland,V1.2,1.581949792336805,1.1272547148411616,2.709204507177967,-0.0849999999999999,0.4686246804476616,0.2702091276788553,0.2611661918734833,0.5471879408555024,0.4528120591444976,0.9233166852409548,0.7630982305834393,0.5086271174982568,0.5156133628497376,0.4843866371502624,1.93943771059988,2.0644665300496063,0.2879374684479663,0.1384641204743233,1-1,0.0,0.0,-0.1980941118153214,0.0561150128379114
2026-08-21T10:43:37.089511+00:00,2026-08-22,2026-08-22T14:00:00+00:00,1,2026/27,Nott'm Forest,Leeds,V1.2,1.393321952946296,1.4918444902079249,2.8851664431542208,-0.0849999999999999,0.3440191876200827,0.2678848716598836,0.3880959407200338,0.5925056900823401,0.4074943099176599,0.9342875231179504,0.7928977287651404,0.5505964837924454,0.5453436841922303,0.4546563158077696,1.833706026102076,2.199463562324742,0.327059263759329,0.1658237422504462,1-1,-0.0765335445023149,0.0312346993189824,0.11336863385482,0.1065488102553076
2026-08-21T10:43:37.089511+00:00,2026-08-22,2026-08-22T16:30:00+00:00,1,2026/27,Brentford,Spurs,V1.2,2.007670238769056,1.3237705741236636,3.331440812892719,-0.0849999999999999,0.5249992356813158,0.232083872138372,0.2429168921803121,0.6433837765391297,0.3566162234608703,0.9561838788340248,0.8532603795714369,0.64684552819018,0.6146033877926663,0.3853966122073337,1.6270655513167225,2.5947296066578427,0.4265921886509454,0.2431519475217146,1-1,0.1822018197717722,0.0373951726145931,0.0,0.0
2026-08-21T10:43:37.089511+00:00,2026-08-23,2026-08-23T13:00:00+00:00,1,2026/27,Brighton,Aston Villa,V1.2,1.6799212924986735,1.361269875969851,3.0411911684685244,-0.0849999999999999,0.4411565411781172,0.2564385826259357,0.3024048761959471,0.6143410760706732,0.3856589239293267,0.9429348629170528,0.8162069433738995,0.585974062071829,0.5705414623209627,0.4294585376790373,1.752720995827367,2.3285134937691376,0.3619946141395774,0.1917035343970723,1-1,0.0950319451911219,0.1121605378939401,0.102699201585468,0.0910581474275352
2026-08-21T10:43:37.089511+00:00,2026-08-23,2026-08-23T13:00:00+00:00,1,2026/27,Man City,Bournemouth,V1.2,2.185229599097613,1.29394837995565,3.479177979053263,-0.0849999999999999,0.5694132885249108,0.2176709770148522,0.2129157344602366,0.6516038285392758,0.3483961714607242,0.9617560772617572,0.8693026528359907,0.6752783029976662,0.6356720601924187,0.3643279398075812,1.573138199116851,2.7447798830036123,0.4588574851880301,0.2706158493050339,2-1,0.3519224309944804,0.2695521316709335,0.2093711023809789,0.084974673139797
2026-08-21T10:43:37.089511+00:00,2026-08-23,2026-08-23T15:30:00+00:00,1,2026/27,Newcastle,Liverpool,V1.2,1.6751618260047985,1.8059864994256207,3.48114832543042,-0.0849999999999999,0.3536988305874822,0.2388390968255952,0.4074620725869226,0.687094361145392,0.312905638854608,0.9613146590035552,0.870018335400609,0.6756503655680597,0.6359504379805789,0.364049562019421,1.5724495814098938,2.7468787339089085,0.4592913910718347,0.2709969706319907,1-1,0.2034859307457143,0.0712623625180281,0.3444900093534425,0.202349302446126
2026-08-21T10:43:37.089511+00:00,2026-08-24,2026-08-24T19:00:00+00:00,1,2026/27,Fulham,Chelsea,V1.2,1.4896589938643463,1.6806896663205462,3.1703486601848923,-0.0849999999999999,0.3329446747040425,0.2522629278024316,0.4147923974935258,0.6392293333991691,0.3607706666008309,0.9490752387995436,0.8338267541367973,0.6138727662170542,0.5905935406634302,0.4094064593365698,1.6932118811808747,2.442560387592488,0.3908722669562445,0.2141249334432269,1-1,-0.0479298064154808,0.0736441124525308,0.2749690045658441,0.0682961078495448
2026-08-21T13:47:13.874638+00:00,2026-08-21,2026-08-21T19:00:00+00:00,1,2026/27,Arsenal,Coventry City,V1.2,2.3004986749304583,0.7898408175877842,3.0903394925182424,-0.0849999999999999,0.7066929666993168,0.18824388736455,0.1050631459361331,0.4983844663693608,0.5016155336306392,0.9474866677638378,0.820964715614155,0.5967302294016074,0.5782490466099817,0.4217509533900183,1.7293586662400182,2.3710675505580663,0.3729803715202049,0.2001146159561443,2-0,0.3183527697703152,0.5538031832789289,0.0,0.0
2026-08-21T13:47:13.874638+00:00,2026-08-22,2026-08-22T11:30:00+00:00,1,2026/27,Hull City,Man United,V1.2,1.5136740958622847,1.6379171006655189,3.151591196527804,-0.0849999999999999,0.3463651689454624,0.2538525186242671,0.3997823124302708,0.6373156050463672,0.3626843949536328,0.9481996863497336,0.8313942468801592,0.609901014638888,0.5877261368458263,0.4122738631541737,1.7014727392706075,2.4255721484484223,0.3866874732767572,0.2108180153010854,1-1,0.0,0.0,0.1755460413254899,0.1002332733362435
2026-08-21T13:47:13.874638+00:00,2026-08-22,2026-08-22T14:00:00+00:00,1,2026/27,Everton,Crystal Palace,V1.2,1.458115287983904,1.432434307513263,2.890549595497167,-0.0849999999999999,0.3717818097821612,0.2679200964583273,0.360298093759511,0.5940054161269916,0.4059945838730083,0.9345929366956862,0.7937579672391613,0.5518466881191377,0.5462311146331965,0.4537688853668035,1.8307269088314693,2.203765027193637,0.3282627392253469,0.1666926159666958,1-1,-0.0883525549557702,0.0904178188322672,0.1319137960276581,0.0492758867434802
2026-08-21T13:47:13.874638+00:00,2026-08-22,2026-08-22T14:00:00+00:00,1,2026/27,Ipswich Town,Sunderland,V1.2,1.581949792336805,1.1272547148411616,2.709204507177967,-0.0849999999999999,0.4686246804476616,0.2702091276788553,0.2611661918734833,0.5471879408555024,0.4528120591444976,0.9233166852409548,0.7630982305834393,0.5086271174982568,0.5156133628497376,0.4843866371502624,1.93943771059988,2.0644665300496063,0.2879374684479663,0.1384641204743233,1-1,0.0,0.0,-0.1980941118153214,0.0561150128379114
2026-08-21T13:47:13.874638+00:00,2026-08-22,2026-08-22T14:00:00+00:00,1,2026/27,Nott'm Forest,Leeds,V1.2,1.393321952946296,1.4918444902079249,2.8851664431542208,-0.0849999999999999,0.3440191876200827,0.2678848716598836,0.3880959407200338,0.5925056900823401,0.4074943099176599,0.9342875231179504,0.7928977287651404,0.5505964837924454,0.5453436841922303,0.4546563158077696,1.833706026102076,2.199463562324742,0.327059263759329,0.1658237422504462,1-1,-0.0765335445023149,0.0312346993189824,0.11336863385482,0.1065488102553076
2026-08-21T13:47:13.874638+00:00,2026-08-22,2026-08-22T16:30:00+00:00,1,2026/27,Brentford,Spurs,V1.2,2.007670238769056,1.3237705741236636,3.331440812892719,-0.0849999999999999,0.5249992356813158,0.232083872138372,0.2429168921803121,0.6433837765391297,0.3566162234608703,0.9561838788340248,0.8532603795714369,0.64684552819018,0.6146033877926663,0.3853966122073337,1.6270655513167225,2.5947296066578427,0.4265921886509454,0.2431519475217146,1-1,0.1822018197717722,0.0373951726145931,0.0,0.0
2026-08-21T13:47:13.874638+00:00,2026-08-23,2026-08-23T13:00:00+00:00,1,2026/27,Brighton,Aston Villa,V1.2,1.6799212924986735,1.361269875969851,3.0411911684685244,-0.0849999999999999,0.4411565411781172,0.2564385826259357,0.3024048761959471,0.6143410760706732,0.3856589239293267,0.9429348629170528,0.8162069433738995,0.585974062071829,0.5705414623209627,0.4294585376790373,1.752720995827367,2.3285134937691376,0.3619946141395774,0.1917035343970723,1-1,0.0950319451911219,0.1121605378939401,0.102699201585468,0.0910581474275352
2026-08-21T13:47:13.874638+00:00,2026-08-23,2026-08-23T13:00:00+00:00,1,2026/27,Man City,Bournemouth,V1.2,2.185229599097613,1.29394837995565,3.479177979053263,-0.0849999999999999,0.5694132885249108,0.2176709770148522,0.2129157344602366,0.6516038285392758,0.3483961714607242,0.9617560772617572,0.8693026528359907,0.6752783029976662,0.6356720601924187,0.3643279398075812,1.573138199116851,2.7447798830036123,0.4588574851880301,0.2706158493050339,2-1,0.3519224309944804,0.2695521316709335,0.2093711023809789,0.084974673139797
2026-08-21T13:47:13.874638+00:00,2026-08-23,2026-08-23T15:30:00+00:00,1,2026/27,Newcastle,Liverpool,V1.2,1.6751618260047985,1.8059864994256207,3.48114832543042,-0.0849999999999999,0.3536988305874822,0.2388390968255952,0.4074620725869226,0.687094361145392,0.312905638854608,0.9613146590035552,0.870018335400609,0.6756503655680597,0.6359504379805789,0.364049562019421,1.5724495814098938,2.7468787339089085,0.4592913910718347,0.2709969706319907,1-1,0.2034859307457143,0.0712623625180281,0.3444900093534425,0.202349302446126
2026-08-21T13:47:13.874638+00:00,2026-08-24,2026-08-24T19:00:00+00:00,1,2026/27,Fulham,Chelsea,V1.2,1.4896589938643463,1.6806896663205462,3.1703486601848923,-0.0849999999999999,0.3329446747040425,0.2522629278024316,0.4147923974935258,0.6392293333991691,0.3607706666008309,0.9490752387995436,0.8338267541367973,0.6138727662170542,0.5905935406634302,0.4094064593365698,1.6932118811808747,2.442560387592488,0.3908722669562445,0.2141249334432269,1-1,-0.0479298064154808,0.0736441124525308,0.2749690045658441,0.0682961078495448
2026-08-21T15:40:41.874388+00:00,2026-08-21,2026-08-21T19:00:00+00:00,1,2026/27,Arsenal,Coventry City,V1.2,2.300520709834532,0.7898702495613139,3.090390959395845,-0.0849999999999999,0.7066899706886675,0.1882434886923146,0.1050665406190179,0.49839766030186,0.5016023396981399,0.9474890411894002,0.820971917383902,0.5967414073505708,0.5782566748731481,0.4217433251268518,1.729335852836233,2.371110437134293,0.3729918856337947,0.200123510863128,2-0,0.3183429563658556,0.5537665548291025,0.0,0.0
2026-08-21T15:40:41.874388+00:00,2026-08-22,2026-08-22T11:30:00+00:00,1,2026/27,Hull City,Man United,V1.2,1.513683893377037,1.6379507610332196,3.1516346544102563,-0.0849999999999999,0.3463613671035044,0.2538502065016711,0.3997884263948247,0.6373222969353397,0.3626777030646603,0.9482016937779404,0.8313999583367437,0.6099102482534149,0.5877324272196005,0.4122675727803995,1.701454528773788,2.425609157799721,0.3866971734777552,0.2108256580326461,1-1,0.0,0.0,0.1755659578024097,0.1002461923609129
2026-08-21T15:40:41.874388+00:00,2026-08-22,2026-08-22T14:00:00+00:00,1,2026/27,Everton,Crystal Palace,V1.2,1.4581559379757625,1.4324504357033472,2.890606373679109,-0.0849999999999999,0.3717888356404011,0.2679169090690285,0.3602942552905703,0.594015396674154,0.4059846033258459,0.9345962643426152,0.7937669092490234,0.5518598633093029,0.5462399879695974,0.4537600120304026,1.8306971697862184,2.203808122107063,0.3282754338271286,0.1667017895979832,1-1,-0.0883272103708902,0.0904283519450653,0.1319349543378221,0.0492927449434677
2026-08-21T15:40:41.874388+00:00,2026-08-22,2026-08-22T14:00:00+00:00,1,2026/27,Ipswich Town,Sunderland,V1.2,1.5819131541729192,1.1273239772374954,2.709237131410415,-0.0849999999999999,0.4685994135101773,0.2702110846981377,0.2611895017916849,0.5472007283628513,0.4527992716371487,0.923318800563198,0.7631041732535311,0.508635090186494,0.5156184490405864,0.4843815509594136,1.939418579495564,2.064488207734795,0.2879446684214488,0.138468997123327,1-1,0.0,0.0,-0.1980333042997622,0.0561575649117087
2026-08-21T15:40:41.874388+00:00,2026-08-22,2026-08-22T14:00:00+00:00,1,2026/27,Nott'm Forest,Leeds,V1.2,1.3933426874649346,1.4918920878731858,2.8852347753381204,-0.0849999999999999,0.3440154025086313,0.2678808974791472,0.3881037000122215,0.5925175160115254,0.4074824839884746,0.9342915516147614,0.7929085258175054,0.5506123662797102,0.5453544750054488,0.4546455249945512,1.833669742950232,2.199515765632983,0.3270745384317624,0.1658347598041511,1-1,-0.0765101783200788,0.031246510592989,0.1134117158387142,0.1065766868681888
2026-08-21T15:40:41.874388+00:00,2026-08-22,2026-08-22T16:30:00+00:00,1,2026/27,Brentford,Spurs,V1.2,2.0077481255293,1.3237522967695696,3.331500422298869,-0.0849999999999999,0.5250203542789612,0.2320777211449524,0.2429019245760861,0.6433869620020602,0.3566130379979397,0.956186288736614,0.85326719723912,0.646857349940184,0.6146117720932135,0.3853882279067865,1.6270433555059496,2.594786056209971,0.426605316036634,0.243162880046168,1-1,0.1822212219425491,0.0374096137775571,0.0,0.0
2026-08-21T15:40:41.874388+00:00,2026-08-23,2026-08-23T13:00:00+00:00,1,2026/27,Brighton,Aston Villa,V1.2,1.6799617387000498,1.3612796941102414,3.041241432810291,-0.0849999999999999,0.4411642318142327,0.2564354104903988,0.3024003576953685,0.6143485536131386,0.3856514463868614,0.9429374405956666,0.8162140704657337,0.585985167510026,0.5705489907112727,0.4294510092887272,1.752697868684955,2.328554313229435,0.3620058720683022,0.191712093721045,1-1,0.095051581198208,0.1121731506554348,0.1027183927802748,0.0910730991515563
2026-08-21T15:40:41.874388+00:00,2026-08-23,2026-08-23T13:00:00+00:00,1,2026/27,Man City,Bournemouth,V1.2,2.185212771366879,1.29397300043879,3.4791857718056693,-0.0849999999999999,0.5694044390122719,0.2176726690405689,0.2129228919471594,0.651608472690708,0.348391527309292,0.9617562913984276,0.8693035151516972,0.6752797576425078,0.6356729067947483,0.3643270932052517,1.5731361039788485,2.744786261165123,0.4588591723883842,0.2706173171528843,2-1,0.3519079880977398,0.2695512306983252,0.2093885946078537,0.0849873226170581
2026-08-21T15:40:41.874388+00:00,2026-08-23,2026-08-23T15:30:00+00:00,1,2026/27,Newcastle,Liverpool,V1.2,1.675218414830531,1.805942518141254,3.481160932971785,-0.0849999999999999,0.3537194101919307,0.2388393064290855,0.4074412833789838,0.687097318740627,0.312902681259373,0.9613150721382148,0.8700196608101112,0.6756527163722901,0.6359519562244202,0.3640480437755797,1.5724458274126472,2.7468901896268885,0.4592941189467712,0.2709993447291997,1-1,0.2035037607245838,0.0712752796067303,0.3444779390658983,0.2023527435606102
2026-08-21T15:40:41.874388+00:00,2026-08-24,2026-08-24T19:00:00+00:00,1,2026/27,Fulham,Chelsea,V1.2,1.489702235708043,1.6806864777714314,3.1703887134794746,-0.0849999999999999,0.3329555035585402,0.2522615742904655,0.4147829221509944,0.6392366909300962,0.3607633090699038,0.949077036033962,0.8338319704614084,0.6138812180871412,0.5905992847236421,0.4094007152763579,1.6931954133129845,2.4425946577180984,0.3908811987811803,0.2141320127028494,1-1,-0.0479086622385251,0.073654940141424,0.2749773010588313,0.0683076161076916
2026-08-21T15:58:42.064119+00:00,2026-08-21,2026-08-21T19:00:00+00:00,1,2026/27,Arsenal,Coventry City,V1.2,2.3004986749304583,0.7898408175877842,3.0903394925182424,-0.0849999999999999,0.7066929666993168,0.18824388736455,0.1050631459361331,0.4983844663693608,0.5016155336306392,0.9474866677638378,0.820964715614155,0.5967302294016074,0.5782490466099817,0.4217509533900183,1.7293586662400182,2.3710675505580663,0.3729803715202049,0.2001146159561443,2-0,0.3183527697703152,0.5538031832789289,0.0,0.0
2026-08-21T15:58:42.064119+00:00,2026-08-22,2026-08-22T11:30:00+00:00,1,2026/27,Hull City,Man United,V1.2,1.5136740958622847,1.6379171006655189,3.151591196527804,-0.0849999999999999,0.3463651689454624,0.2538525186242671,0.3997823124302708,0.6373156050463672,0.3626843949536328,0.9481996863497336,0.8313942468801592,0.609901014638888,0.5877261368458263,0.4122738631541737,1.7014727392706075,2.4255721484484223,0.3866874732767572,0.2108180153010854,1-1,0.0,0.0,0.1755460413254899,0.1002332733362435
2026-08-21T15:58:42.064119+00:00,2026-08-22,2026-08-22T14:00:00+00:00,1,2026/27,Everton,Crystal Palace,V1.2,1.458115287983904,1.432434307513263,2.890549595497167,-0.0849999999999999,0.3717818097821612,0.2679200964583273,0.360298093759511,0.5940054161269916,0.4059945838730083,0.9345929366956862,0.7937579672391613,0.5518466881191377,0.5462311146331965,0.4537688853668035,1.8307269088314693,2.203765027193637,0.3282627392253469,0.1666926159666958,1-1,-0.0883525549557702,0.0904178188322672,0.1319137960276581,0.0492758867434802
2026-08-21T15:58:42.064119+00:00,2026-08-22,2026-08-22T14:00:00+00:00,1,2026/27,Ipswich Town,Sunderland,V1.2,1.581949792336805,1.1272547148411616,2.709204507177967,-0.0849999999999999,0.4686246804476616,0.2702091276788553,0.2611661918734833,0.5471879408555024,0.4528120591444976,0.9233166852409548,0.7630982305834393,0.5086271174982568,0.5156133628497376,0.4843866371502624,1.93943771059988,2.0644665300496063,0.2879374684479663,0.1384641204743233,1-1,0.0,0.0,-0.1980941118153214,0.0561150128379114
2026-08-21T15:58:42.064119+00:00,2026-08-22,2026-08-22T14:00:00+00:00,1,2026/27,Nott'm Forest,Leeds,V1.2,1.393321952946296,1.4918444902079249,2.8851664431542208,-0.0849999999999999,0.3440191876200827,0.2678848716598836,0.3880959407200338,0.5925056900823401,0.4074943099176599,0.9342875231179504,0.7928977287651404,0.5505964837924454,0.5453436841922303,0.4546563158077696,1.833706026102076,2.199463562324742,0.327059263759329,0.1658237422504462,1-1,-0.0765335445023149,0.0312346993189824,0.11336863385482,0.1065488102553076
2026-08-21T15:58:42.064119+00:00,2026-08-22,2026-08-22T16:30:00+00:00,1,2026/27,Brentford,Spurs,V1.2,2.007670238769056,1.3237705741236636,3.331440812892719,-0.0849999999999999,0.5249992356813158,0.232083872138372,0.2429168921803121,0.6433837765391297,0.3566162234608703,0.9561838788340248,0.8532603795714369,0.64684552819018,0.6146033877926663,0.3853966122073337,1.6270655513167225,2.5947296066578427,0.4265921886509454,0.2431519475217146,1-1,0.1822018197717722,0.0373951726145931,0.0,0.0
2026-08-21T15:58:42.064119+00:00,2026-08-23,2026-08-23T13:00:00+00:00,1,2026/27,Brighton,Aston Villa,V1.2,1.6799212924986735,1.361269875969851,3.0411911684685244,-0.0849999999999999,0.4411565411781172,0.2564385826259357,0.3024048761959471,0.6143410760706732,0.3856589239293267,0.9429348629170528,0.8162069433738995,0.585974062071829,0.5705414623209627,0.4294585376790373,1.752720995827367,2.3285134937691376,0.3619946141395774,0.1917035343970723,1-1,0.0950319451911219,0.1121605378939401,0.102699201585468,0.0910581474275352
2026-08-21T15:58:42.064119+00:00,2026-08-23,2026-08-23T13:00:00+00:00,1,2026/27,Man City,Bournemouth,V1.2,2.185229599097613,1.29394837995565,3.479177979053263,-0.0849999999999999,0.5694132885249108,0.2176709770148522,0.2129157344602366,0.6516038285392758,0.3483961714607242,0.9617560772617572,0.8693026528359907,0.6752783029976662,0.6356720601924187,0.3643279398075812,1.573138199116851,2.7447798830036123,0.4588574851880301,0.2706158493050339,2-1,0.3519224309944804,0.2695521316709335,0.2093711023809789,0.084974673139797
2026-08-21T15:58:42.064119+00:00,2026-08-23,2026-08-23T15:30:00+00:00,1,2026/27,Newcastle,Liverpool,V1.2,1.6751618260047985,1.8059864994256207,3.48114832543042,-0.0849999999999999,0.3536988305874822,0.2388390968255952,0.4074620725869226,0.687094361145392,0.312905638854608,0.9613146590035552,0.870018335400609,0.6756503655680597,0.6359504379805789,0.364049562019421,1.5724495814098938,2.7468787339089085,0.4592913910718347,0.2709969706319907,1-1,0.2034859307457143,0.0712623625180281,0.3444900093534425,0.202349302446126
2026-08-21T15:58:42.064119+00:00,2026-08-24,2026-08-24T19:00:00+00:00,1,2026/27,Fulham,Chelsea,V1.2,1.4896589938643463,1.6806896663205462,3.1703486601848923,-0.0849999999999999,0.3329446747040425,0.2522629278024316,0.4147923974935258,0.6392293333991691,0.3607706666008309,0.9490752387995436,0.8338267541367973,0.6138727662170542,0.5905935406634302,0.4094064593365698,1.6932118811808747,2.442560387592488,0.3908722669562445,0.2141249334432269,1-1,-0.0479298064154808,0.0736441124525308,0.2749690045658441,0.0682961078495448
2026-08-21T23:11:07.761665+00:00,2026-08-21,2026-08-21T19:00:00+00:00,1,2026/27,Arsenal,Coventry City,V1.2,2.282896143780417,0.7818087540099634,3.064704897790381,-0.0849999999999999,0.7054409823405595,0.189542740820608,0.1050162768388324,0.4941800611317766,0.5058199388682234,0.9462511025911212,0.8173846963807112,0.5911378387848599,0.5744946723995545,0.4255053276004454,1.7406601802296808,2.350146837500968,0.3672439232531642,0.1957017283743009,2-0,0.3255810772453454,0.5489747619481287,0.0,0.0
2026-08-21T23:11:07.761665+00:00,2026-08-22,2026-08-22T11:30:00+00:00,1,2026/27,Hull City,Man United,V1.2,1.5016049694838292,1.6264755774024398,3.128080546886269,-0.0849999999999999,0.3455660546801335,0.2549999467523174,0.3994339985675488,0.6335010073788918,0.3664989926211082,0.9471049714327822,0.8282755161305573,0.6048841673283026,0.5843717991224594,0.4156282008775406,1.71123931973049,2.4059965081499293,0.3814368349815106,0.2066965215896035,1-1,0.0,0.0,0.1835858178760809,0.0933292824069766
2026-08-21T23:11:07.761665+00:00,2026-08-22,2026-08-22T14:00:00+00:00,1,2026/27,Everton,Crystal Palace,V1.2,1.4581607608741232,1.4322559610950163,2.89041672196914,-0.0849999999999999,0.3718285047692535,0.2679270229459187,0.3602444722848277,0.5939811874149178,0.4060188125850822,0.9345851656893778,0.7937370224914676,0.5518158543288278,0.5464506675614124,0.4535493324385876,1.829991359444384,2.2048318197787315,0.328233031113421,0.1666711483717009,1-1,-0.0803132092549799,0.0835386451675782,0.1399598080026552,0.0423747001571313
2026-08-21T23:11:07.761665+00:00,2026-08-22,2026-08-22T14:00:00+00:00,1,2026/27,Ipswich Town,Sunderland,V1.2,1.569170282897477,1.1192683621871466,2.688438645084624,-0.0849999999999999,0.4672179877720046,0.2715603688925238,0.2612216433354717,0.5434000221826423,0.4565999778173577,0.9218633172393385,0.7593834840945143,0.5035387228705586,0.5122323710486731,0.4877676289513268,1.9522389769173305,2.0501565512864066,0.283359946993851,0.1353756645202595,1-1,0.0,0.0,-0.1901544097117057,0.0493168007174361
2026-08-21T23:11:07.761665+00:00,2026-08-22,2026-08-22T14:00:00+00:00,1,2026/27,Nott'm Forest,Leeds,V1.2,1.393247965807621,1.491617306402354,2.884865272209975,-0.0849999999999999,0.3440435235386043,0.2679026409786925,0.388053835482703,0.5924539764124144,0.4075460235875856,0.9342697565611776,0.7928501434400648,0.5505264785072487,0.5455349238329175,0.4544650761670825,1.8330632124778008,2.200389100156848,0.3269919418587104,0.1657751863794814,1-1,-0.0684939989078469,0.024363076038842,0.1213944143580098,0.0997321118105085
2026-08-21T23:11:07.761665+00:00,2026-08-22,2026-08-22T16:30:00+00:00,1,2026/27,Brentford,Spurs,V1.2,1.993935316083832,1.3130223232958926,3.306957639379725,-0.0849999999999999,0.524319460887252,0.2331716893820835,0.2425088497306647,0.6396132770622825,0.3603867229377174,0.9552212353228856,0.850396901358598,0.6419659663136261,0.611297280737724,0.3887027192622759,1.6358652843886086,2.572660160180801,0.4211935733793392,0.2386723355347939,1-1,0.190246433586778,0.03049803658733,0.0,0.0
2026-08-21T23:11:07.761665+00:00,2026-08-23,2026-08-23T13:00:00+00:00,1,2026/27,Brighton,Aston Villa,V1.2,1.679985562340375,1.3611194130092528,3.0411049753496275,-0.0849999999999999,0.4412039751539089,0.2564382379942937,0.3023577868517976,0.6143187305261096,0.3856812694738903,0.9429306153727556,0.8161945481106638,0.5859550176366586,0.5707822720079181,0.4292177279920819,1.7519815331372584,2.329819890427377,0.3619753084121244,0.1916888563871003,1-1,0.103086146028944,0.1052705088329192,0.1107483343105251,0.0841647446465108
2026-08-21T23:11:07.761665+00:00,2026-08-23,2026-08-23T13:00:00+00:00,1,2026/27,Man City,Bournemouth,V1.2,2.185579229460659,1.2956180428080566,3.481197272268716,-0.0849999999999999,0.5691215812567866,0.2176652773300669,0.2132131414131471,0.6520341330694005,0.3479658669305995,0.9618224960653998,0.8695148910450028,0.6756549598562044,0.6362356059743289,0.363764394025671,1.571744791724763,2.749032110958692,0.4592944259813779,0.2709960008934662,2-1,0.3600909087669213,0.2612677294091652,0.2174259303331991,0.0780738199265806
2026-08-21T23:11:07.761665+00:00,2026-08-23,2026-08-23T15:30:00+00:00,1,2026/27,Newcastle,Liverpool,V1.2,1.6752243594543312,1.805755637356672,3.480979996811003,-0.0849999999999999,0.3537538121938863,0.2388483773244612,0.4073978104816524,0.687073930442222,0.312926069557778,0.9613088630442096,0.8700009187561962,0.6756189798285545,0.636208673660458,0.363791326339542,1.571811327636341,2.748828593748981,0.4592549730223372,0.2709652780917567,1-1,0.211534440043261,0.0643566807644756,0.352506187088482,0.1954511359440959
2026-08-21T23:11:07.761665+00:00,2026-08-24,2026-08-24T19:00:00+00:00,1,2026/27,Fulham,Chelsea,V1.2,1.489708051356608,1.6804805248537638,3.170188576210372,-0.0849999999999999,0.3329934730886951,0.2522737956938442,0.4147327312174605,0.6392087726161613,0.3607912273838387,0.9490679038365384,0.8338060556388346,0.613838985256848,0.5908331883008167,0.4091668116991833,1.6925250981176438,2.443990987067625,0.3908365690718913,0.2140966410076765,1-1,-0.0398845313083099,0.0667604328400533,0.2830105785440054,0.0613991047704468
2026-08-22T10:37:20.805683+00:00,2026-08-22,2026-08-22T11:30:00+00:00,1,2026/27,Hull City,Man United,V1.2,1.501636786595822,1.626498408508268,3.1281351951040897,-0.0849999999999999,0.3455695119803466,0.2549973274525685,0.3994331605670851,0.6335100139963218,0.3664899860036782,0.9471075416584008,0.828282827000735,0.6048958781187133,0.584380234347264,0.4156197656527359,1.7112146188807555,2.406045339132242,0.3814490457967661,0.206706070691565,1-1,0.0,0.0,0.1835738432116931,0.0933479601068059
2026-08-22T10:37:20.805683+00:00,2026-08-22,2026-08-22T14:00:00+00:00,1,2026/27,Everton,Crystal Palace,V1.2,1.4581596407613375,1.4322576646803389,2.890417305441676,-0.0849999999999999,0.3718278863869411,0.2679269960447671,0.3602451175682916,0.593981299555788,0.4060187004442119,0.9345851997025856,0.7937371145808069,0.5518159897286966,0.546450763734811,0.4535492362651889,1.8299910373723869,2.204832287304973,0.3282331615672207,0.1666712426378406,1-1,-0.0803328621851635,0.0835363738494562,0.1399327143950428,0.0423956816073125
2026-08-22T10:37:20.805683+00:00,2026-08-22,2026-08-22T14:00:00+00:00,1,2026/27,Ipswich Town,Sunderland,V1.2,1.5692061155209498,1.1192266234736814,2.6884327389946314,-0.0849999999999999,0.4672367687288269,0.271557922506167,0.2612053087650058,0.5433941690300813,0.4566058309699187,0.9218630024710804,0.7593823177566191,0.503537271685167,0.5122313430405686,0.4877686569594314,1.9522428949077413,2.050152230431592,0.2833586464735586,0.1353747903621289,1-1,0.0,0.0,-0.190217713206536,0.0493338317948358
2026-08-22T10:37:20.805683+00:00,2026-08-22,2026-08-22T14:00:00+00:00,1,2026/27,Nott'm Forest,Leeds,V1.2,1.3932686510011538,1.4916436139746485,2.884912264975802,-0.0849999999999999,0.3440437462306608,0.2679000008343107,0.3880562529350286,0.592462262914155,0.4075377370858449,0.9342725247933537,0.7928575732588943,0.5505374021110936,0.5455426812818813,0.4544573187181187,1.8330371468832904,2.200426660133202,0.3270024462885841,0.1657827623627878,1-1,-0.0685115279444093,0.0243524845201968,0.1213754478980365,0.0997396023536697
2026-08-22T10:37:20.805683+00:00,2026-08-22,2026-08-22T16:30:00+00:00,1,2026/27,Brentford,Spurs,V1.2,1.9939861528378344,1.3130268861949936,3.307013039032828,-0.0849999999999999,0.5243296929768211,0.2331676419276111,0.2425026650955678,0.6396191815400639,0.3603808184599361,0.9552234797677616,0.8504033958822231,0.6419770609493926,0.6113054101656442,0.3886945898343558,1.6358435298798222,2.572713966577603,0.421205802962055,0.2386824457601028,1-1,0.1902320627385868,0.0305205732125048,0.0,0.0
2026-08-22T10:37:20.805683+00:00,2026-08-23,2026-08-23T13:00:00+00:00,1,2026/27,Brighton,Aston Villa,V1.2,1.679977861163401,1.3610946636992354,3.0410725248626367,-0.0849999999999999,0.4412073626250996,0.2564394889455118,0.3023531484293883,0.6143125905746498,0.3856874094253502,0.9429289748693492,0.8161899226121193,0.5859478476323429,0.5707771402381019,0.4292228597618981,1.751997284934793,2.329792035202244,0.3619680402294303,0.191683330625175,1-1,0.1030533153167279,0.1052777130818501,0.1107113436077715,0.0841763642299389
2026-08-22T10:37:20.805683+00:00,2026-08-23,2026-08-23T13:00:00+00:00,1,2026/27,Man City,Bournemouth,V1.2,2.1855809061871403,1.2955784036054312,3.4811593097925715,-0.0849999999999999,0.5691305685316865,0.2176646094791393,0.2132048219891738,0.6520246993731121,0.3479753006268878,0.9618212676452572,0.8695108846706132,0.675647881531489,0.6362303075445135,0.3637696924554865,1.5717578809777708,2.7489920703670694,0.4592862123299196,0.2709888525740938,2-1,0.3600739372747762,0.2613074065622524,0.2174090004661208,0.0780959474693925
2026-08-22T10:37:20.805683+00:00,2026-08-23,2026-08-23T15:30:00+00:00,1,2026/27,Newcastle,Liverpool,V1.2,1.6752598555824287,1.805757447873297,3.481017303455726,-0.0849999999999999,0.3537615212945411,0.2388470484276274,0.4073914302778313,0.6870796072689662,0.3129203927310338,0.9613101308284488,0.8700047959036727,0.6756259361624144,0.6362138806660368,0.3637861193339632,1.5717984633612905,2.748867938751613,0.4592630446278823,0.2709723023135275,1-1,0.2115232574446015,0.064384737289072,0.3525092345184061,0.1954586309016444
2026-08-22T10:37:20.805683+00:00,2026-08-24,2026-08-24T19:00:00+00:00,1,2026/27,Fulham,Chelsea,V1.2,1.489719992687922,1.6805310975659455,3.170251090253868,-0.0849999999999999,0.3329873221590168,0.2522703166357743,0.4147423612052089,0.6392180419266478,0.3607819580733522,0.949070747137429,0.8338141600693458,0.6138521772941389,0.5908427243249291,0.4091572756750709,1.692497781270906,2.4440479479439645,0.3908505095228333,0.2141076894277302,1-1,-0.0398951965428957,0.066755574952847,0.2830098026703719,0.0614202898928772
2026-08-22T13:30:59.986629+00:00,2026-08-22,2026-08-22T11:30:00+00:00,1,2026/27,Hull City,Man United,V1.2,1.501636786595822,1.626498408508268,3.1281351951040897,-0.0849999999999999,0.3455695119803466,0.2549973274525685,0.3994331605670851,0.6335100139963218,0.3664899860036782,0.9471075416584008,0.828282827000735,0.6048958781187133,0.584380234347264,0.4156197656527359,1.7112146188807555,2.406045339132242,0.3814490457967661,0.206706070691565,1-1,0.0,0.0,0.1835738432116931,0.0933479601068059
2026-08-22T13:30:59.986629+00:00,2026-08-22,2026-08-22T14:00:00+00:00,1,2026/27,Everton,Crystal Palace,V1.2,1.4581596407613375,1.4322576646803389,2.890417305441676,-0.0849999999999999,0.3718278863869411,0.2679269960447671,0.3602451175682916,0.593981299555788,0.4060187004442119,0.9345851997025856,0.7937371145808069,0.5518159897286966,0.546450763734811,0.4535492362651889,1.8299910373723869,2.204832287304973,0.3282331615672207,0.1666712426378406,1-1,-0.0803328621851635,0.0835363738494562,0.1399327143950428,0.0423956816073125
2026-08-22T13:30:59.986629+00:00,2026-08-22,2026-08-22T14:00:00+00:00,1,2026/27,Ipswich Town,Sunderland,V1.2,1.5692061155209498,1.1192266234736814,2.6884327389946314,-0.0849999999999999,0.4672367687288269,0.271557922506167,0.2612053087650058,0.5433941690300813,0.4566058309699187,0.9218630024710804,0.7593823177566191,0.503537271685167,0.5122313430405686,0.4877686569594314,1.9522428949077413,2.050152230431592,0.2833586464735586,0.1353747903621289,1-1,0.0,0.0,-0.190217713206536,0.0493338317948358
2026-08-22T13:30:59.986629+00:00,2026-08-22,2026-08-22T14:00:00+00:00,1,2026/27,Nott'm Forest,Leeds,V1.2,1.3932686510011538,1.4916436139746485,2.884912264975802,-0.0849999999999999,0.3440437462306608,0.2679000008343107,0.3880562529350286,0.592462262914155,0.4075377370858449,0.9342725247933537,0.7928575732588943,0.5505374021110936,0.5455426812818813,0.4544573187181187,1.8330371468832904,2.200426660133202,0.3270024462885841,0.1657827623627878,1-1,-0.0685115279444093,0.0243524845201968,0.1213754478980365,0.0997396023536697
2026-08-22T13:30:59.986629+00:00,2026-08-22,2026-08-22T16:30:00+00:00,1,2026/27,Brentford,Spurs,V1.2,1.9939861528378344,1.3130268861949936,3.307013039032828,-0.0849999999999999,0.5243296929768211,0.2331676419276111,0.2425026650955678,0.6396191815400639,0.3603808184599361,0.9552234797677616,0.8504033958822231,0.6419770609493926,0.6113054101656442,0.3886945898343558,1.6358435298798222,2.572713966577603,0.421205802962055,0.2386824457601028,1-1,0.1902320627385868,0.0305205732125048,0.0,0.0
2026-08-22T13:30:59.986629+00:00,2026-08-23,2026-08-23T13:00:00+00:00,1,2026/27,Brighton,Aston Villa,V1.2,1.679977861163401,1.3610946636992354,3.0410725248626367,-0.0849999999999999,0.4412073626250996,0.2564394889455118,0.3023531484293883,0.6143125905746498,0.3856874094253502,0.9429289748693492,0.8161899226121193,0.5859478476323429,0.5707771402381019,0.4292228597618981,1.751997284934793,2.329792035202244,0.3619680402294303,0.191683330625175,1-1,0.1030533153167279,0.1052777130818501,0.1107113436077715,0.0841763642299389
2026-08-22T13:30:59.986629+00:00,2026-08-23,2026-08-23T13:00:00+00:00,1,2026/27,Man City,Bournemouth,V1.2,2.1855809061871403,1.2955784036054312,3.4811593097925715,-0.0849999999999999,0.5691305685316865,0.2176646094791393,0.2132048219891738,0.6520246993731121,0.3479753006268878,0.9618212676452572,0.8695108846706132,0.675647881531489,0.6362303075445135,0.3637696924554865,1.5717578809777708,2.7489920703670694,0.4592862123299196,0.2709888525740938,2-1,0.3600739372747762,0.2613074065622524,0.2174090004661208,0.0780959474693925
2026-08-22T13:30:59.986629+00:00,2026-08-23,2026-08-23T15:30:00+00:00,1,2026/27,Newcastle,Liverpool,V1.2,1.6752598555824287,1.805757447873297,3.481017303455726,-0.0849999999999999,0.3537615212945411,0.2388470484276274,0.4073914302778313,0.6870796072689662,0.3129203927310338,0.9613101308284488,0.8700047959036727,0.6756259361624144,0.6362138806660368,0.3637861193339632,1.5717984633612905,2.748867938751613,0.4592630446278823,0.2709723023135275,1-1,0.2115232574446015,0.064384737289072,0.3525092345184061,0.1954586309016444
2026-08-22T13:30:59.986629+00:00,2026-08-24,2026-08-24T19:00:00+00:00,1,2026/27,Fulham,Chelsea,V1.2,1.489719992687922,1.6805310975659455,3.170251090253868,-0.0849999999999999,0.3329873221590168,0.2522703166357743,0.4147423612052089,0.6392180419266478,0.3607819580733522,0.949070747137429,0.8338141600693458,0.6138521772941389,0.5908427243249291,0.4091572756750709,1.692497781270906,2.4440479479439645,0.3908505095228333,0.2141076894277302,1-1,-0.0398951965428957,0.066755574952847,0.2830098026703719,0.0614202898928772
2026-08-22T13:44:38.338908+00:00,2026-08-22,2026-08-22T11:30:00+00:00,1,2026/27,Hull City,Man United,V1.2,1.501547345344905,1.631228331262104,3.132775676607009,-0.0849999999999999,0.3446843051049791,0.2547286363099298,0.4005870585850911,0.6341987734333976,0.3658012265666024,0.947326638088222,0.828901295657217,0.6058894598059169,0.5847252604699572,0.4152747395300428,1.7102048904066105,2.4080443735433508,0.382485826445629,0.2075174592814435,1-1,0.0,0.0,0.1839563310117662,0.0961489456193362
2026-08-22T13:44:38.338908+00:00,2026-08-22,2026-08-22T14:00:00+00:00,1,2026/27,Everton,Crystal Palace,V1.2,1.4581328435408416,1.431943744847683,2.8900765883885247,-0.0849999999999999,0.3718832364572266,0.2679452978440315,0.3601714656987421,0.5939200469311391,0.4060799530688609,0.9345652514909296,0.7936834163527231,0.5517369193565341,0.5460691555745325,0.4539308444254675,1.8312698854925729,2.20297874066188,0.3281569841311975,0.1666162000241544,1-1,-0.0802682475418004,0.0863463179130794,0.140002123884251,0.0452200950773467
2026-08-22T13:44:38.338908+00:00,2026-08-22,2026-08-22T14:00:00+00:00,1,2026/27,Ipswich Town,Sunderland,V1.2,1.5691504914324148,1.1221936233954022,2.691344114827817,-0.0849999999999999,0.4665373290060921,0.2714996980713583,0.2619629729225496,0.5441492848470072,0.4558507151529928,0.9220636899000544,0.7599109335905336,0.504252316556478,0.5124557052412847,0.4875442947587153,1.951388168327953,2.051095686587612,0.2839997765906068,0.1358059322873498,1-1,0.0,0.0,-0.1900916153882273,0.0521107009351705
2026-08-22T13:44:38.338908+00:00,2026-08-22,2026-08-22T14:00:00+00:00,1,2026/27,Nott'm Forest,Leeds,V1.2,1.3927420692359078,1.4948809768769322,2.8876230461128403,-0.0849999999999999,0.34330079542488,0.267722385788589,0.3889768187865306,0.592898433135561,0.407101566864439,0.9344328248137648,0.7932849458246902,0.5511672631728786,0.5456650568518369,0.4543349431481631,1.832626054102504,2.20101934724816,0.3276084263664804,0.1662200140353969,1-1,-0.0688209494156627,0.0247514229744601,0.121421035047205,0.1025496205963979
2026-08-22T13:44:38.338908+00:00,2026-08-22,2026-08-22T16:30:00+00:00,1,2026/27,Brentford,Spurs,V1.2,1.9995878864029537,1.3126414370973387,3.3122293235002926,-0.0849999999999999,0.5256503964438366,0.2327214312840494,0.241628172272114,0.6400634470709975,0.3599365529290025,0.9554360372424976,0.8510120071562395,0.6430206028252752,0.6116713557796443,0.3883286442203557,1.6348648511182724,2.575138390853685,0.4223570066721437,0.2396348982202867,1-1,0.1902960169341043,0.0333355061956392,0.0,0.0
2026-08-22T13:44:38.338908+00:00,2026-08-23,2026-08-23T13:00:00+00:00,1,2026/27,Brighton,Aston Villa,V1.2,1.6799523128258855,1.3607571620937584,3.040709474919644,-0.0849999999999999,0.4412727633907963,0.2564508565354839,0.3022763800737201,0.6142395641028017,0.3857604358971983,0.942910696524378,0.8161380875610201,0.5858676253504164,0.5703651537315724,0.4296348462684276,1.75326278868471,2.327557945277137,0.361886724655951,0.1916215129202766,1-1,0.1031189998481115,0.1080978339220508,0.1107621381118141,0.0869986776531982
2026-08-22T13:44:38.338908+00:00,2026-08-23,2026-08-23T13:00:00+00:00,1,2026/27,Man City,Bournemouth,V1.2,2.1855094564209843,1.2952910600339942,3.4808005164549787,-0.0849999999999999,0.5691784271888548,0.2176665090446569,0.2131550637664889,0.6519498143029198,0.3480501856970802,0.9618094525417428,0.8694732178498814,0.6755809789309382,0.635759007660981,0.3642409923390189,1.572923054097333,2.74543508565133,0.4592085844125167,0.2709212987659365,2-1,0.3601256656329265,0.2640959244516119,0.2174543736607089,0.0809217890244322
2026-08-22T13:44:38.338908+00:00,2026-08-23,2026-08-23T15:30:00+00:00,1,2026/27,Newcastle,Liverpool,V1.2,1.675234172323876,1.8053258723643235,3.4805600446881995,-0.0849999999999999,0.353832063088649,0.2388693672701149,0.4072985696412362,0.6870195355225103,0.3129804644774897,0.961294449359908,0.869957407399009,0.6755406674201991,0.6357288608261323,0.3642711391738676,1.572997643524467,2.745207875287361,0.4591641116918881,0.2708862130730853,1-1,0.2115715667777249,0.0672044985445763,0.3525686352688764,0.1982636924946514
2026-08-22T13:44:38.338908+00:00,2026-08-24,2026-08-24T19:00:00+00:00,1,2026/27,Fulham,Chelsea,V1.2,1.4896799332233306,1.6801061817583356,3.169786114981666,-0.0849999999999999,0.3330533133813198,0.2522973906731789,0.4146492959455011,0.6391510287992223,0.3608489712007777,0.9490495618542608,0.8337539044626687,0.6137540486247596,0.5903948331432893,0.4096051668567106,1.6937817607175758,2.4413754535225944,0.3907468204348556,0.2140255165706295,1-1,-0.0398487845311029,0.0695667440849721,0.2830467614590784,0.0642350140984109
2026-08-22T13:59:57.326813+00:00,2026-08-22,2026-08-22T11:30:00+00:00,1,2026/27,Hull City,Man United,V1.2,1.501547345344905,1.631228331262104,3.132775676607009,-0.0849999999999999,0.3446843051049791,0.2547286363099298,0.4005870585850911,0.6341987734333976,0.3658012265666024,0.947326638088222,0.828901295657217,0.6058894598059169,0.5847252604699572,0.4152747395300428,1.7102048904066105,2.4080443735433508,0.382485826445629,0.2075174592814435,1-1,0.0,0.0,0.1839563310117662,0.0961489456193362
2026-08-22T13:59:57.326813+00:00,2026-08-22,2026-08-22T14:00:00+00:00,1,2026/27,Everton,Crystal Palace,V1.2,1.4581328435408416,1.431943744847683,2.8900765883885247,-0.0849999999999999,0.3718832364572266,0.2679452978440315,0.3601714656987421,0.5939200469311391,0.4060799530688609,0.9345652514909296,0.7936834163527231,0.5517369193565341,0.5460691555745325,0.4539308444254675,1.8312698854925729,2.20297874066188,0.3281569841311975,0.1666162000241544,1-1,-0.0802682475418004,0.0863463179130794,0.140002123884251,0.0452200950773467
2026-08-22T13:59:57.326813+00:00,2026-08-22,2026-08-22T14:00:00+00:00,1,2026/27,Ipswich Town,Sunderland,V1.2,1.5691504914324148,1.1221936233954022,2.691344114827817,-0.0849999999999999,0.4665373290060921,0.2714996980713583,0.2619629729225496,0.5441492848470072,0.4558507151529928,0.9220636899000544,0.7599109335905336,0.504252316556478,0.5124557052412847,0.4875442947587153,1.951388168327953,2.051095686587612,0.2839997765906068,0.1358059322873498,1-1,0.0,0.0,-0.1900916153882273,0.0521107009351705
2026-08-22T13:59:57.326813+00:00,2026-08-22,2026-08-22T14:00:00+00:00,1,2026/27,Nott'm Forest,Leeds,V1.2,1.3927420692359078,1.4948809768769322,2.8876230461128403,-0.0849999999999999,0.34330079542488,0.267722385788589,0.3889768187865306,0.592898433135561,0.407101566864439,0.9344328248137648,0.7932849458246902,0.5511672631728786,0.5456650568518369,0.4543349431481631,1.832626054102504,2.20101934724816,0.3276084263664804,0.1662200140353969,1-1,-0.0688209494156627,0.0247514229744601,0.121421035047205,0.1025496205963979
2026-08-22T13:59:57.326813+00:00,2026-08-22,2026-08-22T16:30:00+00:00,1,2026/27,Brentford,Spurs,V1.2,1.9995878864029537,1.3126414370973387,3.3122293235002926,-0.0849999999999999,0.5256503964438366,0.2327214312840494,0.241628172272114,0.6400634470709975,0.3599365529290025,0.9554360372424976,0.8510120071562395,0.6430206028252752,0.6116713557796443,0.3883286442203557,1.6348648511182724,2.575138390853685,0.4223570066721437,0.2396348982202867,1-1,0.1902960169341043,0.0333355061956392,0.0,0.0
2026-08-22T13:59:57.326813+00:00,2026-08-23,2026-08-23T13:00:00+00:00,1,2026/27,Brighton,Aston Villa,V1.2,1.6799523128258855,1.3607571620937584,3.040709474919644,-0.0849999999999999,0.4412727633907963,0.2564508565354839,0.3022763800737201,0.6142395641028017,0.3857604358971983,0.942910696524378,0.8161380875610201,0.5858676253504164,0.5703651537315724,0.4296348462684276,1.75326278868471,2.327557945277137,0.361886724655951,0.1916215129202766,1-1,0.1031189998481115,0.1080978339220508,0.1107621381118141,0.0869986776531982
2026-08-22T13:59:57.326813+00:00,2026-08-23,2026-08-23T13:00:00+00:00,1,2026/27,Man City,Bournemouth,V1.2,2.1855094564209843,1.2952910600339942,3.4808005164549787,-0.0849999999999999,0.5691784271888548,0.2176665090446569,0.2131550637664889,0.6519498143029198,0.3480501856970802,0.9618094525417428,0.8694732178498814,0.6755809789309382,0.635759007660981,0.3642409923390189,1.572923054097333,2.74543508565133,0.4592085844125167,0.2709212987659365,2-1,0.3601256656329265,0.2640959244516119,0.2174543736607089,0.0809217890244322
2026-08-22T13:59:57.326813+00:00,2026-08-23,2026-08-23T15:30:00+00:00,1,2026/27,Newcastle,Liverpool,V1.2,1.675234172323876,1.8053258723643235,3.4805600446881995,-0.0849999999999999,0.353832063088649,0.2388693672701149,0.4072985696412362,0.6870195355225103,0.3129804644774897,0.961294449359908,0.869957407399009,0.6755406674201991,0.6357288608261323,0.3642711391738676,1.572997643524467,2.745207875287361,0.4591641116918881,0.2708862130730853,1-1,0.2115715667777249,0.0672044985445763,0.3525686352688764,0.1982636924946514
2026-08-22T13:59:57.326813+00:00,2026-08-24,2026-08-24T19:00:00+00:00,1,2026/27,Fulham,Chelsea,V1.2,1.4896799332233306,1.6801061817583356,3.169786114981666,-0.0849999999999999,0.3330533133813198,0.2522973906731789,0.4146492959455011,0.6391510287992223,0.3608489712007777,0.9490495618542608,0.8337539044626687,0.6137540486247596,0.5903948331432893,0.4096051668567106,1.6937817607175758,2.4413754535225944,0.3907468204348556,0.2140255165706295,1-1,-0.0398487845311029,0.0695667440849721,0.2830467614590784,0.0642350140984109
2026-08-22T14:24:25.273833+00:00,2026-08-22,2026-08-22T11:30:00+00:00,1,2026/27,Hull City,Man United,V1.2,1.5015460604700015,1.6312297684368644,3.132775828906866,-0.0849999999999999,0.344683735079784,0.2547286056608193,0.4005876592593965,0.6341987606286342,0.3658012393713657,0.9473266458800886,0.8289013153047474,0.605889492385949,0.5847256763103101,0.4152743236896898,1.7102036741572924,2.4080467848699487,0.3824858604664239,0.2075174859245503,1-1,0.0,0.0,0.1839632940716678,0.0961541948133248
2026-08-22T14:24:25.273833+00:00,2026-08-22,2026-08-22T14:00:00+00:00,1,2026/27,Everton,Crystal Palace,V1.2,1.4581353958258771,1.431915507683368,2.890050903509245,-0.0849999999999999,0.3718894628299671,0.2679466597584518,0.3601638774115809,0.5939153998767293,0.4060846001232707,0.9345637480191544,0.7936793672478243,0.5517309583169241,0.5460654105500056,0.4539345894499944,1.8312824447034368,2.2029605657758764,0.3281512415508349,0.1666120509392908,1-1,-0.0802663808996667,0.0863677188400337,0.1400098871738575,0.0452246048351252
2026-08-22T14:24:25.273833+00:00,2026-08-22,2026-08-22T14:00:00+00:00,1,2026/27,Ipswich Town,Sunderland,V1.2,1.56918500275167,1.122172227710693,2.691357230462363,-0.0849999999999999,0.4665510639104933,0.2714969585039889,0.2619519775855176,0.5441485124891007,0.4558514875108993,0.922064682362936,0.7599132230549921,0.5042555365125573,0.5124585426161631,0.4875414573838369,1.951377363903192,2.051107623474796,0.2840026652206253,0.1358078758002154,1-1,0.0,0.0,-0.1901045994955718,0.0520931010375836
2026-08-22T14:24:25.273833+00:00,2026-08-22,2026-08-22T14:00:00+00:00,1,2026/27,Nott'm Forest,Leeds,V1.2,1.3927655480479433,1.4948248748433204,2.887590422891264,-0.0849999999999999,0.3433172602492257,0.2677247854223747,0.3889579543283996,0.5928936176516221,0.4071063823483779,0.934430889581878,0.7932798156793418,0.5511596861641876,0.5456601668600677,0.4543398331399323,1.8326424773763008,2.2009956580056445,0.327601133261869,0.1662147491828275,1-1,-0.0688103238308966,0.02477121962779,0.1214093835864413,0.1025477818405667
2026-08-22T14:24:25.273833+00:00,2026-08-22,2026-08-22T16:30:00+00:00,1,2026/27,Brentford,Spurs,V1.2,1.999615420219504,1.3126177934659289,3.312233213685433,-0.0849999999999999,0.5256616415887845,0.2327192277842205,0.2416191306269951,0.6400606041706919,0.3599393958293081,0.9554362450470018,0.8510124103661779,0.6430213799619532,0.6116722520265996,0.3883277479734004,1.6348624556480835,2.575144334183654,0.4223578645031737,0.2396356082653842,1-1,0.190305393091864,0.0333474365902789,0.0,0.0
2026-08-22T14:24:25.273833+00:00,2026-08-23,2026-08-23T13:00:00+00:00,1,2026/27,Brighton,Aston Villa,V1.2,1.679975301659963,1.3607617664613545,3.040737068121317,-0.0849999999999999,0.4412773416225283,0.2564490802543476,0.3022735781231241,0.6142436128922348,0.3857563871077651,0.9429121132398428,0.8161420003689982,0.5858737228378417,0.5703699394602749,0.4296300605397251,1.7532480778111692,2.327583872375561,0.3618929048655416,0.191626210926415,1-1,0.1031272540461557,0.108100756982026,0.1107745268685676,0.0869976412196957
2026-08-22T14:24:25.273833+00:00,2026-08-23,2026-08-23T13:00:00+00:00,1,2026/27,Man City,Bournemouth,V1.2,2.185526356136699,1.2952711552949927,3.480797511431692,-0.0849999999999999,0.5691862617934422,0.2176648778874155,0.2131488603191421,0.6519463219832083,0.3480536780167916,0.9618093942796464,0.8694728614003828,0.6755804181229077,0.635758856406737,0.364241143593263,1.572923428313571,2.745433945585976,0.459207933515148,0.2709207320239026,2-1,0.360135974156065,0.2641238774312852,0.2174730415432323,0.0809287584498064
2026-08-22T14:24:25.273833+00:00,2026-08-23,2026-08-23T15:30:00+00:00,1,2026/27,Newcastle,Liverpool,V1.2,1.6752429441855767,1.805308646299764,3.48055159048534,-0.0849999999999999,0.3538370953027087,0.2388699157269062,0.4072929889703853,0.6870186389864464,0.3129813610135535,0.9612941562225752,0.869956534244142,0.6755390907634145,0.6357279499722046,0.3642720500277954,1.5729998972732318,2.745201010957871,0.4591622825121384,0.2708846214863581,1-1,0.2115867552246055,0.0672131911165503,0.3525738680138336,0.1982780382479888
2026-08-22T14:24:25.273833+00:00,2026-08-24,2026-08-24T19:00:00+00:00,1,2026/27,Fulham,Chelsea,V1.2,1.4896988667906177,1.6800956519640209,3.169794518754639,-0.0849999999999999,0.3330596785293383,0.2522973481444773,0.4146429733261842,0.639152964358706,0.3608470356412939,0.9490499324498776,0.8337550060750394,0.6137558223528794,0.5903964925943398,0.4096035074056602,1.6937769999373928,2.4413853444121685,0.3907486945570201,0.214027001724388,1-1,-0.0398298780276123,0.0695831256034783,0.2830629576412645,0.0642456043533986
2026-08-22T14:34:35.676195+00:00,2026-08-22,2026-08-22T11:30:00+00:00,1,2026/27,Hull City,Man United,V1.2,1.501547345344905,1.631228331262104,3.132775676607009,-0.0849999999999999,0.3446843051049791,0.2547286363099298,0.4005870585850911,0.6341987734333976,0.3658012265666024,0.947326638088222,0.828901295657217,0.6058894598059169,0.5847252604699572,0.4152747395300428,1.7102048904066105,2.4080443735433508,0.382485826445629,0.2075174592814435,1-1,0.0,0.0,0.1839563310117662,0.0961489456193362
2026-08-22T14:34:35.676195+00:00,2026-08-22,2026-08-22T14:00:00+00:00,1,2026/27,Everton,Crystal Palace,V1.2,1.4581328435408416,1.431943744847683,2.8900765883885247,-0.0849999999999999,0.3718832364572266,0.2679452978440315,0.3601714656987421,0.5939200469311391,0.4060799530688609,0.9345652514909296,0.7936834163527231,0.5517369193565341,0.5460691555745325,0.4539308444254675,1.8312698854925729,2.20297874066188,0.3281569841311975,0.1666162000241544,1-1,-0.0802682475418004,0.0863463179130794,0.140002123884251,0.0452200950773467
2026-08-22T14:34:35.676195+00:00,2026-08-22,2026-08-22T14:00:00+00:00,1,2026/27,Ipswich Town,Sunderland,V1.2,1.5691504914324148,1.1221936233954022,2.691344114827817,-0.0849999999999999,0.4665373290060921,0.2714996980713583,0.2619629729225496,0.5441492848470072,0.4558507151529928,0.9220636899000544,0.7599109335905336,0.504252316556478,0.5124557052412847,0.4875442947587153,1.951388168327953,2.051095686587612,0.2839997765906068,0.1358059322873498,1-1,0.0,0.0,-0.1900916153882273,0.0521107009351705
2026-08-22T14:34:35.676195+00:00,2026-08-22,2026-08-22T14:00:00+00:00,1,2026/27,Nott'm Forest,Leeds,V1.2,1.3927420692359078,1.4948809768769322,2.8876230461128403,-0.0849999999999999,0.34330079542488,0.267722385788589,0.3889768187865306,0.592898433135561,0.407101566864439,0.9344328248137648,0.7932849458246902,0.5511672631728786,0.5456650568518369,0.4543349431481631,1.832626054102504,2.20101934724816,0.3276084263664804,0.1662200140353969,1-1,-0.0688209494156627,0.0247514229744601,0.121421035047205,0.1025496205963979
2026-08-22T14:34:35.676195+00:00,2026-08-22,2026-08-22T16:30:00+00:00,1,2026/27,Brentford,Spurs,V1.2,1.9995878864029537,1.3126414370973387,3.3122293235002926,-0.0849999999999999,0.5256503964438366,0.2327214312840494,0.241628172272114,0.6400634470709975,0.3599365529290025,0.9554360372424976,0.8510120071562395,0.6430206028252752,0.6116713557796443,0.3883286442203557,1.6348648511182724,2.575138390853685,0.4223570066721437,0.2396348982202867,1-1,0.1902960169341043,0.0333355061956392,0.0,0.0
2026-08-22T14:34:35.676195+00:00,2026-08-23,2026-08-23T13:00:00+00:00,1,2026/27,Brighton,Aston Villa,V1.2,1.6799523128258855,1.3607571620937584,3.040709474919644,-0.0849999999999999,0.4412727633907963,0.2564508565354839,0.3022763800737201,0.6142395641028017,0.3857604358971983,0.942910696524378,0.8161380875610201,0.5858676253504164,0.5703651537315724,0.4296348462684276,1.75326278868471,2.327557945277137,0.361886724655951,0.1916215129202766,1-1,0.1031189998481115,0.1080978339220508,0.1107621381118141,0.0869986776531982
2026-08-22T14:34:35.676195+00:00,2026-08-23,2026-08-23T13:00:00+00:00,1,2026/27,Man City,Bournemouth,V1.2,2.1855094564209843,1.2952910600339942,3.4808005164549787,-0.0849999999999999,0.5691784271888548,0.2176665090446569,0.2131550637664889,0.6519498143029198,0.3480501856970802,0.9618094525417428,0.8694732178498814,0.6755809789309382,0.635759007660981,0.3642409923390189,1.572923054097333,2.74543508565133,0.4592085844125167,0.2709212987659365,2-1,0.3601256656329265,0.2640959244516119,0.2174543736607089,0.0809217890244322
2026-08-22T14:34:35.676195+00:00,2026-08-23,2026-08-23T15:30:00+00:00,1,2026/27,Newcastle,Liverpool,V1.2,1.675234172323876,1.8053258723643235,3.4805600446881995,-0.0849999999999999,0.353832063088649,0.2388693672701149,0.4072985696412362,0.6870195355225103,0.3129804644774897,0.961294449359908,0.869957407399009,0.6755406674201991,0.6357288608261323,0.3642711391738676,1.572997643524467,2.745207875287361,0.4591641116918881,0.2708862130730853,1-1,0.2115715667777249,0.0672044985445763,0.3525686352688764,0.1982636924946514
2026-08-22T14:34:35.676195+00:00,2026-08-24,2026-08-24T19:00:00+00:00,1,2026/27,Fulham,Chelsea,V1.2,1.4896799332233306,1.6801061817583356,3.169786114981666,-0.0849999999999999,0.3330533133813198,0.2522973906731789,0.4146492959455011,0.6391510287992223,0.3608489712007777,0.9490495618542608,0.8337539044626687,0.6137540486247596,0.5903948331432893,0.4096051668567106,1.6937817607175758,2.4413754535225944,0.3907468204348556,0.2140255165706295,1-1,-0.0398487845311029,0.0695667440849721,0.2830467614590784,0.0642350140984109
2026-08-22T14:50:37.482560+00:00,2026-08-22,2026-08-22T11:30:00+00:00,1,2026/27,Hull City,Man United,V1.2,1.5015460604700015,1.6312297684368644,3.132775828906866,-0.0849999999999999,0.344683735079784,0.2547286056608193,0.4005876592593965,0.6341987606286342,0.3658012393713657,0.9473266458800886,0.8289013153047474,0.605889492385949,0.5847256763103101,0.4152743236896898,1.7102036741572924,2.4080467848699487,0.3824858604664239,0.2075174859245503,1-1,0.0,0.0,0.1839632940716678,0.0961541948133248
2026-08-22T14:50:37.482560+00:00,2026-08-22,2026-08-22T14:00:00+00:00,1,2026/27,Everton,Crystal Palace,V1.2,1.4581353958258771,1.431915507683368,2.890050903509245,-0.0849999999999999,0.3718894628299671,0.2679466597584518,0.3601638774115809,0.5939153998767293,0.4060846001232707,0.9345637480191544,0.7936793672478243,0.5517309583169241,0.5460654105500056,0.4539345894499944,1.8312824447034368,2.2029605657758764,0.3281512415508349,0.1666120509392908,1-1,-0.0802663808996667,0.0863677188400337,0.1400098871738575,0.0452246048351252
2026-08-22T14:50:37.482560+00:00,2026-08-22,2026-08-22T14:00:00+00:00,1,2026/27,Ipswich Town,Sunderland,V1.2,1.56918500275167,1.122172227710693,2.691357230462363,-0.0849999999999999,0.4665510639104933,0.2714969585039889,0.2619519775855176,0.5441485124891007,0.4558514875108993,0.922064682362936,0.7599132230549921,0.5042555365125573,0.5124585426161631,0.4875414573838369,1.951377363903192,2.051107623474796,0.2840026652206253,0.1358078758002154,1-1,0.0,0.0,-0.1901045994955718,0.0520931010375836
2026-08-22T14:50:37.482560+00:00,2026-08-22,2026-08-22T14:00:00+00:00,1,2026/27,Nott'm Forest,Leeds,V1.2,1.3927655480479433,1.4948248748433204,2.887590422891264,-0.0849999999999999,0.3433172602492257,0.2677247854223747,0.3889579543283996,0.5928936176516221,0.4071063823483779,0.934430889581878,0.7932798156793418,0.5511596861641876,0.5456601668600677,0.4543398331399323,1.8326424773763008,2.2009956580056445,0.327601133261869,0.1662147491828275,1-1,-0.0688103238308966,0.02477121962779,0.1214093835864413,0.1025477818405667
2026-08-22T14:50:37.482560+00:00,2026-08-22,2026-08-22T16:30:00+00:00,1,2026/27,Brentford,Spurs,V1.2,1.999615420219504,1.3126177934659289,3.312233213685433,-0.0849999999999999,0.5256616415887845,0.2327192277842205,0.2416191306269951,0.6400606041706919,0.3599393958293081,0.9554362450470018,0.8510124103661779,0.6430213799619532,0.6116722520265996,0.3883277479734004,1.6348624556480835,2.575144334183654,0.4223578645031737,0.2396356082653842,1-1,0.190305393091864,0.0333474365902789,0.0,0.0
2026-08-22T14:50:37.482560+00:00,2026-08-23,2026-08-23T13:00:00+00:00,1,2026/27,Brighton,Aston Villa,V1.2,1.679975301659963,1.3607617664613545,3.040737068121317,-0.0849999999999999,0.4412773416225283,0.2564490802543476,0.3022735781231241,0.6142436128922348,0.3857563871077651,0.9429121132398428,0.8161420003689982,0.5858737228378417,0.5703699394602749,0.4296300605397251,1.7532480778111692,2.327583872375561,0.3618929048655416,0.191626210926415,1-1,0.1031272540461557,0.108100756982026,0.1107745268685676,0.0869976412196957
2026-08-22T14:50:37.482560+00:00,2026-08-23,2026-08-23T13:00:00+00:00,1,2026/27,Man City,Bournemouth,V1.2,2.185526356136699,1.2952711552949927,3.480797511431692,-0.0849999999999999,0.5691862617934422,0.2176648778874155,0.2131488603191421,0.6519463219832083,0.3480536780167916,0.9618093942796464,0.8694728614003828,0.6755804181229077,0.635758856406737,0.364241143593263,1.572923428313571,2.745433945585976,0.459207933515148,0.2709207320239026,2-1,0.360135974156065,0.2641238774312852,0.2174730415432323,0.0809287584498064
2026-08-22T14:50:37.482560+00:00,2026-08-23,2026-08-23T15:30:00+00:00,1,2026/27,Newcastle,Liverpool,V1.2,1.6752429441855767,1.805308646299764,3.48055159048534,-0.0849999999999999,0.3538370953027087,0.2388699157269062,0.4072929889703853,0.6870186389864464,0.3129813610135535,0.9612941562225752,0.869956534244142,0.6755390907634145,0.6357279499722046,0.3642720500277954,1.5729998972732318,2.745201010957871,0.4591622825121384,0.2708846214863581,1-1,0.2115867552246055,0.0672131911165503,0.3525738680138336,0.1982780382479888
2026-08-22T14:50:37.482560+00:00,2026-08-24,2026-08-24T19:00:00+00:00,1,2026/27,Fulham,Chelsea,V1.2,1.4896988667906177,1.6800956519640209,3.169794518754639,-0.0849999999999999,0.3330596785293383,0.2522973481444773,0.4146429733261842,0.639152964358706,0.3608470356412939,0.9490499324498776,0.8337550060750394,0.6137558223528794,0.5903964925943398,0.4096035074056602,1.6937769999373928,2.4413853444121685,0.3907486945570201,0.214027001724388,1-1,-0.0398298780276123,0.0695831256034783,0.2830629576412645,0.0642456043533986
2026-08-22T17:27:17.989962+00:00,2026-08-22,2026-08-22T11:30:00+00:00,1,2026/27,Hull City,Man United,V1.2,1.502030699524699,1.6300649696322802,3.1320956691569792,-0.0849999999999999,0.3450124168875868,0.2547759971934921,0.400211585918921,0.6341109170867695,0.3658890829132305,0.9472943639710848,0.828811019078968,0.6057439670184858,0.5842458876163384,0.4157541123836615,1.7116081108929917,2.405267849947786,0.3823339122093759,0.2073984959309417,1-1,0.0,0.0,0.1849683306752077,0.0943694592873323
2026-08-22T17:27:17.989962+00:00,2026-08-22,2026-08-22T14:00:00+00:00,1,2026/27,Everton,Crystal Palace,V1.2,1.4573785358613414,1.4636959672048244,2.9210745030661656,-0.0849999999999999,0.36546095958506,0.2662662423773794,0.3682727980375606,0.5994189033792885,0.4005810966207115,0.9363555048176624,0.7985176080679378,0.5588964925090337,0.5508183394243823,0.4491816605756177,1.815480583026743,2.2262707669732533,0.3350911321499052,0.1716530992012591,1-1,-0.0814729368886348,0.0741847369467288,0.1514979162253545,0.0430752161760746
2026-08-22T17:27:17.989962+00:00,2026-08-22,2026-08-22T14:00:00+00:00,1,2026/27,Ipswich Town,Sunderland,V1.2,1.586185906314655,1.11123774642355,2.6974236527382054,-0.0849999999999999,0.4734053753234008,0.2701296106456403,0.256465014030959,0.5436175032132333,0.4563824967867667,0.9225261028458296,0.7609664414444128,0.5057437051218775,0.5132292679445195,0.4867707320554805,1.948446946537158,2.054355231624779,0.2853392096977075,0.1367081349159611,1-1,0.0,0.0,-0.1981770610745067,0.039855118078548
2026-08-22T17:27:17.989962+00:00,2026-08-22,2026-08-22T14:00:00+00:00,1,2026/27,Nott'm Forest,Leeds,V1.2,1.3507291113693236,1.437208646640274,2.7879377580095976,-0.0849999999999999,0.3436181925682679,0.2734785773260189,0.3829032301057136,0.575062526901022,0.424937473098978,0.9282959885501364,0.777015804039101,0.5276657651053908,0.5287149261105858,0.4712850738894142,1.8913784170164327,2.1218579908487563,0.3053797032771257,0.1504497770645559,1-1,-0.0805599625704397,0.0375048130771017,0.0965560636066737,0.1199829597935559
2026-08-22T17:27:17.989962+00:00,2026-08-22,2026-08-22T16:30:00+00:00,1,2026/27,Brentford,Spurs,V1.2,1.9985609810547853,1.3125632202897073,3.3111242013444926,-0.0849999999999999,0.5254410323406682,0.232803210371731,0.241755757287601,0.6399479066055233,0.3600520933944767,0.955391427032645,0.8508829179940846,0.6427996958675961,0.611104589872407,0.388895410127593,1.6363810983792328,2.571385452124285,0.4221131563846373,0.2394330209363889,1-1,0.1912399605980995,0.0316696598558524,0.0,0.0
2026-08-22T17:27:17.989962+00:00,2026-08-23,2026-08-23T13:00:00+00:00,1,2026/27,Brighton,Aston Villa,V1.2,1.67661863062201,1.3599238370486613,3.036542467670671,-0.0849999999999999,0.4406435994369316,0.2567132132599103,0.3026431873031581,0.6136175589974726,0.3863824410025274,0.9426965194727784,0.8155461510452086,0.5849461476474406,0.5693499628853729,0.4306500371146271,1.756388978989588,2.322071087465918,0.3609533897088556,0.1909125092260581,1-1,0.1008512509818947,0.1080075300110825,0.1117846840015231,0.0852596571952603
2026-08-22T17:27:17.989962+00:00,2026-08-23,2026-08-23T13:00:00+00:00,1,2026/27,Man City,Bournemouth,V1.2,2.186845023854226,1.297941992581661,3.484787016435887,-0.0849999999999999,0.5688769528747709,0.2175943907657975,0.2135286563594317,0.6526924394127346,0.3473075605872654,0.9619417750705426,0.8698899007649679,0.6763237368829467,0.6358847279818295,0.3641152720181705,1.572612072590262,2.746383018919615,0.4600708578265544,0.2716720515259055,2-1,0.3610455760554129,0.2624375450778572,0.2195659304972596,0.079773150824908
2026-08-22T17:27:17.989962+00:00,2026-08-23,2026-08-23T15:30:00+00:00,1,2026/27,Newcastle,Liverpool,V1.2,1.677014435982112,1.8065272893169573,3.483541725299069,-0.0849999999999999,0.3540221513111286,0.2387476068043181,0.4072302418845531,0.6874484425857744,0.3125515574142256,0.9613960398536566,0.8702666809733307,0.6760963909768262,0.6357147879002744,0.3642852120997256,1.5730324652395402,2.7451018234751814,0.4598091249322097,0.2714476959528897,1-1,0.2124254616378539,0.0656552495214714,0.3534100851752372,0.1965978221335879
2026-08-22T17:27:17.989962+00:00,2026-08-24,2026-08-24T19:00:00+00:00,1,2026/27,Fulham,Chelsea,V1.2,1.4900917690187798,1.677907448696276,3.167999217715056,-0.0849999999999999,0.3335420214220077,0.2524151542264974,0.4140428243514947,0.6389155429316343,0.3610844570683656,0.9489676837700732,0.833522538368167,0.6133767852596066,0.5897413354664843,0.4102586645335156,1.6956586555171715,2.437486606497511,0.3903483218499342,0.2137098224474256,1-1,-0.0398585953865517,0.0700828592833668,0.2839787680646946,0.0624911481252423
2026-08-22T20:41:19.503998+00:00,2026-08-22,2026-08-22T11:30:00+00:00,1,2026/27,Hull City,Man United,V1.2,1.5035339209427296,1.6269333668831316,3.1304672878258613,-0.0849999999999999,0.3459449224055292,0.2548943858804726,0.3991606917139983,0.6339084130121206,0.3660915869878793,0.9472168573746904,0.828594802737399,0.6053954174248436,0.5842665623423834,0.4157334376576166,1.711547544310767,2.4053874656663163,0.3819701133864097,0.2071137119951932,1-1,0.0,0.0,0.1845334168071281,0.095012463592467
2026-08-22T20:41:19.503998+00:00,2026-08-22,2026-08-22T14:00:00+00:00,1,2026/27,Everton,Crystal Palace,V1.2,1.4581408457412843,1.459832800357384,2.9179736460986683,-0.0849999999999999,0.3664048912970809,0.266436784193048,0.3671583245098712,0.5988776591741696,0.4011223408258304,0.9361785973561696,0.7980387014005883,0.5581834086210073,0.550511368296976,0.449488631703024,1.8164929147485749,2.2247503706850087,0.3343971791082397,0.1711465990887286,1-1,-0.081994955714168,0.0748178796430174,0.1509763325003873,0.043673561450852
2026-08-22T20:41:19.503998+00:00,2026-08-22,2026-08-22T14:00:00+00:00,1,2026/27,Ipswich Town,Sunderland,V1.2,1.5881594530075795,1.1089293880975553,2.697088841105135,-0.0849999999999999,0.4744420988761992,0.2699866476072072,0.2555712535165938,0.5432779265068926,0.4567220734931074,0.9225085972982604,0.7609005222976647,0.5056616246525395,0.5132869568667415,0.4867130431332584,1.948227958302899,2.054598729391781,0.2852654094562627,0.1366583662993412,1-1,0.0,0.0,-0.1987684213490693,0.0402549791052372
2026-08-22T20:41:19.503998+00:00,2026-08-22,2026-08-22T14:00:00+00:00,1,2026/27,Nott'm Forest,Leeds,V1.2,1.3512509016659355,1.433748767758806,2.7849996694247414,-0.0849999999999999,0.3444149385510746,0.2736753339246295,0.3819097275242958,0.5745645935199823,0.4254354064800176,0.928105602233996,0.7765204650838441,0.5269627037606449,0.5283677880314828,0.4716322119685172,1.8926210542199349,2.120296227914884,0.3047266858087694,0.1499948766762082,1-1,-0.0811419822045269,0.0379645424060263,0.0960936164120198,0.12065800864473
2026-08-22T20:41:19.503998+00:00,2026-08-22,2026-08-22T16:30:00+00:00,1,2026/27,Brentford,Spurs,V1.2,2.0521006068189327,1.3010875967418625,3.353188203560795,-0.0849999999999999,0.5396601849473294,0.2284832406369447,0.2318565744157261,0.642208366946368,0.357791633053632,0.9570899287736012,0.8556927587668682,0.6511395093453961,0.6175587396879217,0.3824412603120782,1.6192791644489426,2.614780631106549,0.4313757716448054,0.2471484784377929,1-1,0.2160332066677009,0.0389629284214051,0.0,0.0
2026-08-22T20:41:19.503998+00:00,2026-08-23,2026-08-23T13:00:00+00:00,1,2026/27,Brighton,Aston Villa,V1.2,1.669946890106473,1.3557185878732558,3.0256654779797287,-0.0849999999999999,0.4399204606327686,0.257312186159369,0.3027673532078626,0.6118443688537658,0.3881556311462342,0.9421362209785884,0.8139903330835069,0.5825346641844351,0.5678657437098449,0.4321342562901551,1.760979617236706,2.314095643758808,0.3585169211387207,0.1890662332416327,1-1,0.1003475910865889,0.1086402219569387,0.1108084028689073,0.0903865155982372
2026-08-22T20:41:19.503998+00:00,2026-08-23,2026-08-23T13:00:00+00:00,1,2026/27,Man City,Bournemouth,V1.2,2.188094172991959,1.2947277388726026,3.4828219118645616,-0.0849999999999999,0.5698355826183961,0.2174503383293919,0.212714079052212,0.6520141174084289,0.3479858825915711,0.9618810413245638,0.8696801958072987,0.6759577122071367,0.6359843822722793,0.3640156177277207,1.5723656553123933,2.747134879108368,0.4596457896810981,0.2713018137882889,2-1,0.360637048181134,0.263035079794566,0.2191720565879074,0.0804368719780345
2026-08-22T20:41:19.503998+00:00,2026-08-23,2026-08-23T15:30:00+00:00,1,2026/27,Newcastle,Liverpool,V1.2,1.671414405705615,1.800939741798934,3.472354147504549,-0.0849999999999999,0.3537437577709711,0.2392211057697385,0.4070351364592901,0.6858614962916973,0.3141385037083026,0.9610130742891252,0.8691031175442985,0.6740076186514805,0.6345253096142889,0.3654746903857111,1.575981264810183,2.736167582342377,0.4573876043514953,0.2693422530797337,1-1,0.2080523424123702,0.0666457686196691,0.352790920061501,0.1972128730219045
2026-08-22T20:41:19.503998+00:00,2026-08-24,2026-08-24T19:00:00+00:00,1,2026/27,Fulham,Chelsea,V1.2,1.4909457692403445,1.6731483454497136,3.164094114690058,-0.0849999999999999,0.3345926231956386,0.2526703246908378,0.4127370521135236,0.6383963050214971,0.3616036949785028,0.9487883468633728,0.8330158255728505,0.6125514445061299,0.5894282350220313,0.4105717649779686,1.696559378365413,2.4356277886124493,0.3894773075863442,0.2130204166444798,1-1,-0.0403870950305293,0.0707471123132695,0.2832907447078149,0.0630329900237064
2026-08-22T22:19:36.934506+00:00,2026-08-22,2026-08-22T11:30:00+00:00,1,2026/27,Hull City,Man United,V1.2,1.5035339209427296,1.6269333668831316,3.1304672878258613,-0.0849999999999999,0.3459449224055292,0.2548943858804726,0.3991606917139983,0.6339084130121206,0.3660915869878793,0.9472168573746904,0.828594802737399,0.6053954174248436,0.5842665623423834,0.4157334376576166,1.711547544310767,2.4053874656663163,0.3819701133864097,0.2071137119951932,1-1,0.0,0.0,0.1845334168071281,0.095012463592467
2026-08-22T22:19:36.934506+00:00,2026-08-22,2026-08-22T14:00:00+00:00,1,2026/27,Everton,Crystal Palace,V1.2,1.4581408457412843,1.459832800357384,2.9179736460986683,-0.0849999999999999,0.3664048912970809,0.266436784193048,0.3671583245098712,0.5988776591741696,0.4011223408258304,0.9361785973561696,0.7980387014005883,0.5581834086210073,0.550511368296976,0.449488631703024,1.8164929147485749,2.2247503706850087,0.3343971791082397,0.1711465990887286,1-1,-0.081994955714168,0.0748178796430174,0.1509763325003873,0.043673561450852
2026-08-22T22:19:36.934506+00:00,2026-08-22,2026-08-22T14:00:00+00:00,1,2026/27,Ipswich Town,Sunderland,V1.2,1.5881594530075795,1.1089293880975553,2.697088841105135,-0.0849999999999999,0.4744420988761992,0.2699866476072072,0.2555712535165938,0.5432779265068926,0.4567220734931074,0.9225085972982604,0.7609005222976647,0.5056616246525395,0.5132869568667415,0.4867130431332584,1.948227958302899,2.054598729391781,0.2852654094562627,0.1366583662993412,1-1,0.0,0.0,-0.1987684213490693,0.0402549791052372
2026-08-22T22:19:36.934506+00:00,2026-08-22,2026-08-22T14:00:00+00:00,1,2026/27,Nott'm Forest,Leeds,V1.2,1.3512509016659355,1.433748767758806,2.7849996694247414,-0.0849999999999999,0.3444149385510746,0.2736753339246295,0.3819097275242958,0.5745645935199823,0.4254354064800176,0.928105602233996,0.7765204650838441,0.5269627037606449,0.5283677880314828,0.4716322119685172,1.8926210542199349,2.120296227914884,0.3047266858087694,0.1499948766762082,1-1,-0.0811419822045269,0.0379645424060263,0.0960936164120198,0.12065800864473
2026-08-22T22:19:36.934506+00:00,2026-08-22,2026-08-22T16:30:00+00:00,1,2026/27,Brentford,Spurs,V1.2,2.0521006068189327,1.3010875967418625,3.353188203560795,-0.0849999999999999,0.5396601849473294,0.2284832406369447,0.2318565744157261,0.642208366946368,0.357791633053632,0.9570899287736012,0.8556927587668682,0.6511395093453961,0.6175587396879217,0.3824412603120782,1.6192791644489426,2.614780631106549,0.4313757716448054,0.2471484784377929,1-1,0.2160332066677009,0.0389629284214051,0.0,0.0
2026-08-22T22:19:36.934506+00:00,2026-08-23,2026-08-23T13:00:00+00:00,1,2026/27,Brighton,Aston Villa,V1.2,1.669946890106473,1.3557185878732558,3.0256654779797287,-0.0849999999999999,0.4399204606327686,0.257312186159369,0.3027673532078626,0.6118443688537658,0.3881556311462342,0.9421362209785884,0.8139903330835069,0.5825346641844351,0.5678657437098449,0.4321342562901551,1.760979617236706,2.314095643758808,0.3585169211387207,0.1890662332416327,1-1,0.1003475910865889,0.1086402219569387,0.1108084028689073,0.0903865155982372
2026-08-22T22:19:36.934506+00:00,2026-08-23,2026-08-23T13:00:00+00:00,1,2026/27,Man City,Bournemouth,V1.2,2.188094172991959,1.2947277388726026,3.4828219118645616,-0.0849999999999999,0.5698355826183961,0.2174503383293919,0.212714079052212,0.6520141174084289,0.3479858825915711,0.9618810413245638,0.8696801958072987,0.6759577122071367,0.6359843822722793,0.3640156177277207,1.5723656553123933,2.747134879108368,0.4596457896810981,0.2713018137882889,2-1,0.360637048181134,0.263035079794566,0.2191720565879074,0.0804368719780345
2026-08-22T22:19:36.934506+00:00,2026-08-23,2026-08-23T15:30:00+00:00,1,2026/27,Newcastle,Liverpool,V1.2,1.671414405705615,1.800939741798934,3.472354147504549,-0.0849999999999999,0.3537437577709711,0.2392211057697385,0.4070351364592901,0.6858614962916973,0.3141385037083026,0.9610130742891252,0.8691031175442985,0.6740076186514805,0.6345253096142889,0.3654746903857111,1.575981264810183,2.736167582342377,0.4573876043514953,0.2693422530797337,1-1,0.2080523424123702,0.0666457686196691,0.352790920061501,0.1972128730219045
2026-08-22T22:19:36.934506+00:00,2026-08-24,2026-08-24T19:00:00+00:00,1,2026/27,Fulham,Chelsea,V1.2,1.4909457692403445,1.6731483454497136,3.164094114690058,-0.0849999999999999,0.3345926231956386,0.2526703246908378,0.4127370521135236,0.6383963050214971,0.3616036949785028,0.9487883468633728,0.8330158255728505,0.6125514445061299,0.5894282350220313,0.4105717649779686,1.696559378365413,2.4356277886124493,0.3894773075863442,0.2130204166444798,1-1,-0.0403870950305293,0.0707471123132695,0.2832907447078149,0.0630329900237064
2026-08-23T10:37:41.942822+00:00,2026-08-23,2026-08-23T13:00:00+00:00,1,2026/27,Brighton,Aston Villa,V1.2,1.6699704860992313,1.3556921002910407,3.025662586390272,-0.0849999999999999,0.4399318019506026,0.2573112550174039,0.3027569430319933,0.6118421001334308,0.3881578998665692,0.9421361041528832,0.8139898850021028,0.5825340218417956,0.5678652845420246,0.4321347154579754,1.7609810411398648,2.3140931848999964,0.3585162732642277,0.1890657431245953,1-1,0.1003077755987955,0.1086259001082485,0.110768271857006,0.0903767280181233
2026-08-23T10:37:41.942822+00:00,2026-08-23,2026-08-23T13:00:00+00:00,1,2026/27,Man City,Bournemouth,V1.2,2.188118227668345,1.2947740398680776,3.4828922675364224,-0.0849999999999999,0.5698304605013763,0.2174490290369781,0.2127205104616454,0.6520271635075398,0.3479728364924602,0.9618833771832548,0.8696875485740577,0.6759708203897165,0.6359941968667779,0.364005803133222,1.5723413907335864,2.747208949396917,0.459661007342068,0.2713150635280918,2-1,0.3606032729197556,0.2629870905856146,0.2191535566199679,0.0804362609338479
2026-08-23T10:37:41.942822+00:00,2026-08-23,2026-08-23T15:30:00+00:00,1,2026/27,Newcastle,Liverpool,V1.2,1.671464960354528,1.8008810033093166,3.4723459636638445,-0.0849999999999999,0.3537656115052303,0.2392222548547069,0.4070121336400625,0.6858615990724242,0.3141384009275758,0.961012774068537,0.8691022816057326,0.6740060871893513,0.6345241645692149,0.3654758354307851,1.5759841087831703,2.736159009859854,0.4573858318455261,0.269340714522786,1-1,0.2080291487289038,0.066646522499303,0.352752786640378,0.1972035907625632
2026-08-23T10:37:41.942822+00:00,2026-08-24,2026-08-24T19:00:00+00:00,1,2026/27,Fulham,Chelsea,V1.2,1.4909873035905756,1.673132251690537,3.164119555281113,-0.0849999999999999,0.3346053661566415,0.2526697758082802,0.4127248580350778,0.6384014971368778,0.3615985028631222,0.948789486303184,0.8330191621930048,0.6125568252999006,0.5894321218273764,0.4105678781726236,1.6965481909940163,2.435650846458936,0.3894829827224371,0.2130249058296736,1-1,-0.0404050662798383,0.0707348962582929,0.2832626384563679,0.0630313190363067
2026-08-23T13:33:21.455406+00:00,2026-08-23,2026-08-23T13:00:00+00:00,1,2026/27,Brighton,Aston Villa,V1.2,1.6699704860992313,1.3556921002910407,3.025662586390272,-0.0849999999999999,0.4399318019506026,0.2573112550174039,0.3027569430319933,0.6118421001334308,0.3881578998665692,0.9421361041528832,0.8139898850021028,0.5825340218417956,0.5678652845420246,0.4321347154579754,1.7609810411398648,2.3140931848999964,0.3585162732642277,0.1890657431245953,1-1,0.1003077755987955,0.1086259001082485,0.110768271857006,0.0903767280181233
2026-08-23T13:33:21.455406+00:00,2026-08-23,2026-08-23T13:00:00+00:00,1,2026/27,Man City,Bournemouth,V1.2,2.188118227668345,1.2947740398680776,3.4828922675364224,-0.0849999999999999,0.5698304605013763,0.2174490290369781,0.2127205104616454,0.6520271635075398,0.3479728364924602,0.9618833771832548,0.8696875485740577,0.6759708203897165,0.6359941968667779,0.364005803133222,1.5723413907335864,2.747208949396917,0.459661007342068,0.2713150635280918,2-1,0.3606032729197556,0.2629870905856146,0.2191535566199679,0.0804362609338479
2026-08-23T13:33:21.455406+00:00,2026-08-23,2026-08-23T15:30:00+00:00,1,2026/27,Newcastle,Liverpool,V1.2,1.671464960354528,1.8008810033093166,3.4723459636638445,-0.0849999999999999,0.3537656115052303,0.2392222548547069,0.4070121336400625,0.6858615990724242,0.3141384009275758,0.961012774068537,0.8691022816057326,0.6740060871893513,0.6345241645692149,0.3654758354307851,1.5759841087831703,2.736159009859854,0.4573858318455261,0.269340714522786,1-1,0.2080291487289038,0.066646522499303,0.352752786640378,0.1972035907625632
2026-08-23T13:33:21.455406+00:00,2026-08-24,2026-08-24T19:00:00+00:00,1,2026/27,Fulham,Chelsea,V1.2,1.4909873035905756,1.673132251690537,3.164119555281113,-0.0849999999999999,0.3346053661566415,0.2526697758082802,0.4127248580350778,0.6384014971368778,0.3615985028631222,0.948789486303184,0.8330191621930048,0.6125568252999006,0.5894321218273764,0.4105678781726236,1.6965481909940163,2.435650846458936,0.3894829827224371,0.2130249058296736,1-1,-0.0404050662798383,0.0707348962582929,0.2832626384563679,0.0630313190363067
2026-08-23T15:24:22.856475+00:00,2026-08-23,2026-08-23T13:00:00+00:00,1,2026/27,Brighton,Aston Villa,V1.2,1.7825043378124497,1.3131834325756335,3.095687770388083,-0.0849999999999999,0.4759940386719806,0.2498401294199294,0.2741658319080899,0.6170666227896483,0.3829333772103517,0.9457540400508916,0.8236965596937152,0.5979015004111182,0.5793916952210648,0.4206083047789352,1.7259481077278016,2.3775089284686937,0.3741935641623415,0.201061083566318,1-1,0.1299693391776217,0.1238027392399355,0.0965428696775244,0.058365961757261
2026-08-23T15:24:22.856475+00:00,2026-08-23,2026-08-23T13:00:00+00:00,1,2026/27,Man City,Bournemouth,V1.2,2.20575666962637,1.267705123215554,3.473461792841924,-0.0849999999999999,0.5793745226270395,0.2156035985904308,0.2050218787825295,0.6467344194839503,0.3532655805160497,0.9616193488221578,0.86864790149664,0.6742097616984178,0.6353580514219527,0.3646419485780473,1.5739156807125785,2.7424162357062487,0.4576190222652686,0.2695391077391623,2-1,0.3619336023538769,0.2735815584286606,0.2110756746728264,0.0772789209313558
2026-08-23T15:24:22.856475+00:00,2026-08-23,2026-08-23T15:30:00+00:00,1,2026/27,Newcastle,Liverpool,V1.2,1.6748509398093911,1.7933605664788943,3.4682115062882857,-0.0849999999999999,0.3558675050412621,0.2394745891363894,0.4046579058223484,0.6853945985375858,0.3146054014624142,0.960868470270045,0.8686716477432392,0.6732316614619351,0.6346248942515493,0.3653751057484506,1.5757339635712828,2.736913337189613,0.4564900226222655,0.268563561193385,1-1,0.2071781724312425,0.0673626277800694,0.3517397388820684,0.1978699317110969
2026-08-23T15:24:22.856475+00:00,2026-08-24,2026-08-24T19:00:00+00:00,1,2026/27,Fulham,Chelsea,V1.2,1.4936289388639938,1.6665840285012417,3.1602129673652355,-0.0849999999999999,0.336403763492278,0.2529639900053356,0.4106322465023864,0.6379437425618224,0.3620562574381776,0.9486083671437936,0.8325119460430654,0.6117299944216024,0.5893818372513195,0.4106181627486804,1.696692936218847,2.4353525750200475,0.3886114670468797,0.2123359511796208,1-1,-0.041539335772459,0.0711568021864014,0.2822186817666823,0.0636679053645241
2026-08-23T15:31:28.891774+00:00,2026-08-23,2026-08-23T13:00:00+00:00,1,2026/27,Brighton,Aston Villa,V1.2,1.7825043378124497,1.3131834325756335,3.095687770388083,-0.0849999999999999,0.4759940386719806,0.2498401294199294,0.2741658319080899,0.6170666227896483,0.3829333772103517,0.9457540400508916,0.8236965596937152,0.5979015004111182,0.5793916952210648,0.4206083047789352,1.7259481077278016,2.3775089284686937,0.3741935641623415,0.201061083566318,1-1,0.1299693391776217,0.1238027392399355,0.0965428696775244,0.058365961757261
2026-08-23T15:31:28.891774+00:00,2026-08-23,2026-08-23T13:00:00+00:00,1,2026/27,Man City,Bournemouth,V1.2,2.20575666962637,1.267705123215554,3.473461792841924,-0.0849999999999999,0.5793745226270395,0.2156035985904308,0.2050218787825295,0.6467344194839503,0.3532655805160497,0.9616193488221578,0.86864790149664,0.6742097616984178,0.6353580514219527,0.3646419485780473,1.5739156807125785,2.7424162357062487,0.4576190222652686,0.2695391077391623,2-1,0.3619336023538769,0.2735815584286606,0.2110756746728264,0.0772789209313558
2026-08-23T15:31:28.891774+00:00,2026-08-23,2026-08-23T15:30:00+00:00,1,2026/27,Newcastle,Liverpool,V1.2,1.6748509398093911,1.7933605664788943,3.4682115062882857,-0.0849999999999999,0.3558675050412621,0.2394745891363894,0.4046579058223484,0.6853945985375858,0.3146054014624142,0.960868470270045,0.8686716477432392,0.6732316614619351,0.6346248942515493,0.3653751057484506,1.5757339635712828,2.736913337189613,0.4564900226222655,0.268563561193385,1-1,0.2071781724312425,0.0673626277800694,0.3517397388820684,0.1978699317110969
2026-08-23T15:31:28.891774+00:00,2026-08-24,2026-08-24T19:00:00+00:00,1,2026/27,Fulham,Chelsea,V1.2,1.4936289388639938,1.6665840285012417,3.1602129673652355,-0.0849999999999999,0.336403763492278,0.2529639900053356,0.4106322465023864,0.6379437425618224,0.3620562574381776,0.9486083671437936,0.8325119460430654,0.6117299944216024,0.5893818372513195,0.4106181627486804,1.696692936218847,2.4353525750200475,0.3886114670468797,0.2123359511796208,1-1,-0.041539335772459,0.0711568021864014,0.2822186817666823,0.0636679053645241
2026-08-23T16:38:33.786677+00:00,2026-08-23,2026-08-23T13:00:00+00:00,1,2026/27,Brighton,Aston Villa,V1.2,1.7825043378124497,1.3131834325756335,3.095687770388083,-0.0849999999999999,0.4759940386719806,0.2498401294199294,0.2741658319080899,0.6170666227896483,0.3829333772103517,0.9457540400508916,0.8236965596937152,0.5979015004111182,0.5793916952210648,0.4206083047789352,1.7259481077278016,2.3775089284686937,0.3741935641623415,0.201061083566318,1-1,0.1299693391776217,0.1238027392399355,0.0965428696775244,0.058365961757261
2026-08-23T16:38:33.786677+00:00,2026-08-23,2026-08-23T13:00:00+00:00,1,2026/27,Man City,Bournemouth,V1.2,2.20575666962637,1.267705123215554,3.473461792841924,-0.0849999999999999,0.5793745226270395,0.2156035985904308,0.2050218787825295,0.6467344194839503,0.3532655805160497,0.9616193488221578,0.86864790149664,0.6742097616984178,0.6353580514219527,0.3646419485780473,1.5739156807125785,2.7424162357062487,0.4576190222652686,0.2695391077391623,2-1,0.3619336023538769,0.2735815584286606,0.2110756746728264,0.0772789209313558
2026-08-23T16:38:33.786677+00:00,2026-08-23,2026-08-23T15:30:00+00:00,1,2026/27,Newcastle,Liverpool,V1.2,1.6748509398093911,1.7933605664788943,3.4682115062882857,-0.0849999999999999,0.3558675050412621,0.2394745891363894,0.4046579058223484,0.6853945985375858,0.3146054014624142,0.960868470270045,0.8686716477432392,0.6732316614619351,0.6346248942515493,0.3653751057484506,1.5757339635712828,2.736913337189613,0.4564900226222655,0.268563561193385,1-1,0.2071781724312425,0.0673626277800694,0.3517397388820684,0.1978699317110969
2026-08-23T16:38:33.786677+00:00,2026-08-24,2026-08-24T19:00:00+00:00,1,2026/27,Fulham,Chelsea,V1.2,1.4936289388639938,1.6665840285012417,3.1602129673652355,-0.0849999999999999,0.336403763492278,0.2529639900053356,0.4106322465023864,0.6379437425618224,0.3620562574381776,0.9486083671437936,0.8325119460430654,0.6117299944216024,0.5893818372513195,0.4106181627486804,1.696692936218847,2.4353525750200475,0.3886114670468797,0.2123359511796208,1-1,-0.041539335772459,0.0711568021864014,0.2822186817666823,0.0636679053645241
2026-08-23T17:27:29.856383+00:00,2026-08-23,2026-08-23T13:00:00+00:00,1,2026/27,Brighton,Aston Villa,V1.2,1.7825043378124497,1.3131834325756335,3.095687770388083,-0.0849999999999999,0.4759940386719806,0.2498401294199294,0.2741658319080899,0.6170666227896483,0.3829333772103517,0.9457540400508916,0.8236965596937152,0.5979015004111182,0.5793916952210648,0.4206083047789352,1.7259481077278016,2.3775089284686937,0.3741935641623415,0.201061083566318,1-1,0.1299693391776217,0.1238027392399355,0.0965428696775244,0.058365961757261
2026-08-23T17:27:29.856383+00:00,2026-08-23,2026-08-23T13:00:00+00:00,1,2026/27,Man City,Bournemouth,V1.2,2.20575666962637,1.267705123215554,3.473461792841924,-0.0849999999999999,0.5793745226270395,0.2156035985904308,0.2050218787825295,0.6467344194839503,0.3532655805160497,0.9616193488221578,0.86864790149664,0.6742097616984178,0.6353580514219527,0.3646419485780473,1.5739156807125785,2.7424162357062487,0.4576190222652686,0.2695391077391623,2-1,0.3619336023538769,0.2735815584286606,0.2110756746728264,0.0772789209313558
2026-08-23T17:27:29.856383+00:00,2026-08-23,2026-08-23T15:30:00+00:00,1,2026/27,Newcastle,Liverpool,V1.2,1.6748509398093911,1.7933605664788943,3.4682115062882857,-0.0849999999999999,0.3558675050412621,0.2394745891363894,0.4046579058223484,0.6853945985375858,0.3146054014624142,0.960868470270045,0.8686716477432392,0.6732316614619351,0.6346248942515493,0.3653751057484506,1.5757339635712828,2.736913337189613,0.4564900226222655,0.268563561193385,1-1,0.2071781724312425,0.0673626277800694,0.3517397388820684,0.1978699317110969
2026-08-23T17:27:29.856383+00:00,2026-08-24,2026-08-24T19:00:00+00:00,1,2026/27,Fulham,Chelsea,V1.2,1.4936289388639938,1.6665840285012417,3.1602129673652355,-0.0849999999999999,0.336403763492278,0.2529639900053356,0.4106322465023864,0.6379437425618224,0.3620562574381776,0.9486083671437936,0.8325119460430654,0.6117299944216024,0.5893818372513195,0.4106181627486804,1.696692936218847,2.4353525750200475,0.3886114670468797,0.2123359511796208,1-1,-0.041539335772459,0.0711568021864014,0.2822186817666823,0.0636679053645241
2026-08-24T02:32:58.929838+00:00,2026-08-24,2026-08-24T19:00:00+00:00,1,2026/27,Fulham,Chelsea,V1.2,1.491876099207028,1.6664909299273245,3.1583670291343524,-0.0849999999999999,0.3360032422568477,0.2530346212120308,0.4109621365311213,0.6376161007093831,0.3623838992906169,0.948524467620152,0.8322698789719001,0.6113388817349737,0.5893871251813954,0.4106128748186046,1.6966777136372475,2.4353839378313875,0.3881995889640921,0.2120106426661152,1-1,-0.0422179290876387,0.072009590692764,0.2813978063048558,0.0635298309462548
2026-08-24T10:51:02.210371+00:00,2026-08-24,2026-08-24T19:00:00+00:00,1,2026/27,Fulham,Chelsea,V1.2,1.491876099207028,1.6664909299273245,3.1583670291343524,-0.0849999999999999,0.3360032422568477,0.2530346212120308,0.4109621365311213,0.6376161007093831,0.3623838992906169,0.948524467620152,0.8322698789719001,0.6113388817349737,0.5893871251813954,0.4106128748186046,1.6966777136372475,2.4353839378313875,0.3881995889640921,0.2120106426661152,1-1,-0.0422179290876387,0.072009590692764,0.2813978063048558,0.0635298309462548
2026-08-24T13:51:56.725957+00:00,2026-08-24,2026-08-24T19:00:00+00:00,1,2026/27,Fulham,Chelsea,V1.2,1.491876099207028,1.6664909299273245,3.1583670291343524,-0.0849999999999999,0.3360032422568477,0.2530346212120308,0.4109621365311213,0.6376161007093831,0.3623838992906169,0.948524467620152,0.8322698789719001,0.6113388817349737,0.5893871251813954,0.4106128748186046,1.6966777136372475,2.4353839378313875,0.3881995889640921,0.2120106426661152,1-1,-0.0422179290876387,0.072009590692764,0.2813978063048558,0.0635298309462548
2026-08-24T17:36:57.436663+00:00,2026-08-24,2026-08-24T19:00:00+00:00,1,2026/27,Fulham,Chelsea,V1.2,1.491879697955071,1.6664851916432726,3.158364889598344,-0.0849999999999999,0.3360051257396558,0.2530348303878768,0.4109600438724675,0.6376159271092169,0.3623840728907831,0.9485243667479762,0.8322696017734587,0.6113384282732373,0.5893863847051078,0.4106136152948921,1.696679845260317,2.4353795460041567,0.3881991115722533,0.2120102657329146,1-1,-0.0422210490537466,0.0720262761086041,0.28138261177487,0.0635457275551943
2026-08-25T10:46:46.924831+00:00,2026-08-28,2026-08-28T19:00:00+00:00,2,2026/27,Crystal Palace,Man City,V1.2,1.4613607211761004,1.857546478992253,3.3189072001683533,-0.0799999999999999,0.2968516871544393,0.2407533039679498,0.4623950088776109,0.6560759496447376,0.3439240503552624,0.9559477704984334,0.8515475295894576,0.6443548542952715,0.6138446575744397,0.3861553424255602,1.629076652636228,2.5896313999404823,0.4238323065329383,0.240858838640969,1-1,0.1487488465768418,0.0440212369796772,0.3609621915897412,0.2748152580978789
2026-08-25T10:46:46.924831+00:00,2026-08-29,2026-08-29T11:30:00+00:00,2,2026/27,Liverpool,Nott'm Forest,V1.2,2.29620153239841,1.0195729530389468,3.315774485437357,-0.0799999999999999,0.6531793451830828,0.1996802499284502,0.1471404048884669,0.5817146753843523,0.4182853246156477,0.956893034063636,0.8501072765409455,0.6437213024700653,0.6133767284478686,0.3866232715521314,1.6303194327741617,2.5864971758823945,0.4231272660333462,0.2402672466192179,2-1,0.3654100001397411,0.1995997833552341,-0.0833319155323776,0.0395881641033558
2026-08-25T10:46:46.924831+00:00,2026-08-29,2026-08-29T14:00:00+00:00,2,2026/27,Bournemouth,Everton,V1.2,1.8945292192451115,1.150440719595652,3.0449699388407634,-0.0799999999999999,0.5390239061405151,0.2401930530656583,0.2207830407938266,0.5890101937878531,0.4109898062121468,0.9441026651024024,0.8157669341293026,0.5868070896657714,0.5718932406061734,0.4281067593938266,1.748578106885926,2.3358659447842864,0.3628388993292069,0.1923447976213559,1-1,0.2100559840745006,0.0782802969639142,-0.0838901646698299,0.0765200235245101
2026-08-25T10:46:46.924831+00:00,2026-08-29,2026-08-29T14:00:00+00:00,2,2026/27,Coventry City,Hull City,V1.2,1.6577054945470306,1.3529881150778953,3.010693609624926,-0.0799999999999999,0.4380801629927426,0.2571662479032301,0.3047535891040273,0.6090529354346715,0.3909470645653284,0.9419042053984084,0.811281142419254,0.5792007697909015,0.5664139685437681,0.4335860314562318,1.7654931826115932,2.30634736234796,0.3551628547609818,0.1865354749874135,1-1,0.0,0.0,0.0,0.0
2026-08-25T10:46:46.924831+00:00,2026-08-29,2026-08-29T16:30:00+00:00,2,2026/27,Spurs,Newcastle,V1.2,1.5774436989899268,1.662729735773528,3.240173434763455,-0.0799999999999999,0.3574658119252921,0.248845330845726,0.3936888572289818,0.6512500818131763,0.3487499181868236,0.9526264883064828,0.8421830122492909,0.6284164010913093,0.6021198992151581,0.3978801007848419,1.660798789914541,2.5133199625400744,0.4064101985564475,0.2265755486049042,1-1,0.0,0.0,0.2061451059080368,0.0496287892296506
2026-08-25T10:46:46.924831+00:00,2026-08-30,2026-08-30T13:00:00+00:00,2,2026/27,Chelsea,Brighton,V1.2,1.9578983132062044,1.4433240409668224,3.4012223541730267,-0.0799999999999999,0.4888247357612911,0.234180378611191,0.2769948856275179,0.6635709570147102,0.3364290429852897,0.9591317080575908,0.8608307447869316,0.6604933937639856,0.6258219796092942,0.3741780203907058,1.5978984960296667,2.672524695480053,0.4419061293630527,0.2560401568585565,1-1,0.2915020390622597,0.0643815001454709,0.1290147503174663,0.1250648443174343
2026-08-25T10:46:46.924831+00:00,2026-08-30,2026-08-30T13:00:00+00:00,2,2026/27,Leeds,Brentford,V1.2,1.7487163950111768,1.4832733962049864,3.231989791216164,-0.0799999999999999,0.4326753287091019,0.2472539965179075,0.3200706747729905,0.6467796742593004,0.3532203257406996,0.9523288970177672,0.8411174856103141,0.6267314292225238,0.6008858120502754,0.3991141879497246,1.6642097049819031,2.50554861288461,0.4045925339053174,0.2251048734310062,1-1,0.0944096864060444,0.1223375065873233,0.2142733412038113,0.0409620701737581
2026-08-25T10:46:46.924831+00:00,2026-08-30,2026-08-30T13:00:00+00:00,2,2026/27,Sunderland,Fulham,V1.2,1.2779406346723272,1.2426224619992856,2.520563096671613,-0.0799999999999999,0.3638208247858335,0.289131447731901,0.3470477274822651,0.5233933096941183,0.4766066903058816,0.9093698488023344,0.7271121014926287,0.4614505801193186,0.4821888532907079,0.5178111467092921,2.073876227489456,1.93120601276167,0.2468282456430439,0.1115859616424412,1-1,-0.200730920018235,0.0419722762965471,-0.0431192536307453,0.0594535908521747
2026-08-25T10:46:46.924831+00:00,2026-08-30,2026-08-30T15:30:00+00:00,2,2026/27,Man United,Ipswich Town,V1.2,1.9896638711455443,1.226381036772203,3.216044907917748,-0.0799999999999999,0.5430642689882937,0.2322805019764224,0.2246552290352838,0.6178494153878463,0.3821505846121537,0.9520558081676276,0.8387092374760877,0.6234317772718004,0.5984719191947968,0.4015280808052032,1.6709221735005242,2.490485840976932,0.401045502575618,0.222244440993754,1-1,0.1825313014938414,0.0982479790829363,0.0,0.0
2026-08-25T10:46:46.924831+00:00,2026-08-31,2026-08-31T19:00:00+00:00,2,2026/27,Aston Villa,Arsenal,V1.2,1.0489787479339434,1.765514628384213,2.8144933763181563,-0.0799999999999999,0.2152229892095302,0.2519816672690583,0.5327953435214113,0.5474207066701983,0.4525792933298017,0.9311848240026922,0.780257395163629,0.5339927858810501,0.5340275591026387,0.4659724408973613,1.872562535312532,2.1460496635256328,0.3112869291977032,0.1545858895720684,1-1,0.0955907461554005,0.0595409551496686,0.3256676121664609,0.5532080903077456
2026-08-25T13:47:47.263145+00:00,2026-08-28,2026-08-28T19:00:00+00:00,2,2026/27,Crystal Palace,Man City,V1.2,1.4613851374712905,1.857507591869613,3.318892729340903,-0.0799999999999999,0.296863540484001,0.2407554209864251,0.4623810385295739,0.6560761478730048,0.3439238521269951,0.9559471662788216,0.8515458719741305,0.6443519700401221,0.6138421071465064,0.3861578928534935,1.6290834212214262,2.589614296397135,0.4238291158182725,0.2408561914356727,1-1,0.1487305223397053,0.0440049761745063,0.3609366942525543,0.2747931294524784
2026-08-25T13:47:47.263145+00:00,2026-08-29,2026-08-29T11:30:00+00:00,2,2026/27,Liverpool,Nott'm Forest,V1.2,2.296186140496521,1.0195042748684502,3.315690415364972,-0.0799999999999999,0.6531920314828804,0.1996788573709277,0.1471291111461917,0.5816914704444948,0.4183085295555052,0.9568899136475334,0.8500972237010663,0.6437045236048601,0.6133639184534675,0.3866360815465325,1.6303534817003822,2.5864114802737257,0.4231087216107335,0.2402518750253146,2-1,0.3653805119526898,0.199599313155237,-0.0833880493854175,0.0395782825106395
2026-08-25T13:47:47.263145+00:00,2026-08-29,2026-08-29T14:00:00+00:00,2,2026/27,Bournemouth,Everton,V1.2,1.8945341016187107,1.150375281958033,3.044909383576744,-0.0799999999999999,0.5390400875438924,0.2401922409520485,0.2207676715040587,0.5889931507981541,0.4110068492018459,0.9440997308280894,0.8157582092631959,0.5867937273322259,0.5718832011559953,0.4281167988440046,1.7486088032986742,2.335811168120912,0.3628253368082116,0.192334473325424,1-1,0.2100422236603888,0.0782730636609504,-0.0839425817284006,0.0765165893932594
2026-08-25T13:47:47.263145+00:00,2026-08-29,2026-08-29T14:00:00+00:00,2,2026/27,Coventry City,Hull City,V1.2,1.6577268846727502,1.3529722874322612,3.010699172105012,-0.0799999999999999,0.4380887211353296,0.2571651886818804,0.3047460901827898,0.6090526083581751,0.3909473916418249,0.9419045178952205,0.8112819287896847,0.5792020115054853,0.5664144612430311,0.4335855387569689,1.7654916468859905,2.306349983135657,0.3551641008688346,0.1865364128503592,1-1,0.0,0.0,0.0,0.0
2026-08-25T13:47:47.263145+00:00,2026-08-29,2026-08-29T16:30:00+00:00,2,2026/27,Spurs,Newcastle,V1.2,1.5774834407667513,1.662691341521042,3.2401747822877933,-0.0799999999999999,0.3574822230660532,0.2488456837619261,0.3936720931720208,0.6512509613784276,0.3487490386215723,0.95262653487698,0.8421831894348055,0.6284166781154852,0.6021196862372191,0.3978803137627809,1.6607993773617071,2.5133186172065987,0.4064104977794456,0.2265757910202279,1-1,0.0,0.0,0.2061337129022787,0.049616499132598
2026-08-25T13:47:47.263145+00:00,2026-08-30,2026-08-30T13:00:00+00:00,2,2026/27,Chelsea,Brighton,V1.2,1.9578985190461955,1.4432978174345612,3.4011963364807567,-0.0799999999999999,0.488830299221816,0.2341806531367156,0.2769890476414682,0.6635657207234881,0.3364342792765119,0.95913078087116,0.8608278550253545,0.6604883774996697,0.6258178154766705,0.3741821845233295,1.5979091282953073,2.672494953959124,0.4419004422518079,0.2560353211108278,1-1,0.2914837756086493,0.0643624477993844,0.1289892273174688,0.1250593791009161
2026-08-25T13:47:47.263145+00:00,2026-08-30,2026-08-30T13:00:00+00:00,2,2026/27,Leeds,Brentford,V1.2,1.7486061737972898,1.4832677605196856,3.231873934316975,-0.0799999999999999,0.4326506464103455,0.2472610448125638,0.3200883087770908,0.6467641922669696,0.3532358077330304,0.952323921275014,0.8411031040428422,0.6267075402395542,0.6008679070809327,0.3991320929190672,1.664259295954222,2.505436214578645,0.4045667983268519,0.2250840799424777,1-1,0.0943188395891082,0.1223142499780374,0.2142579834525429,0.0409471584959227
2026-08-25T13:47:47.263145+00:00,2026-08-30,2026-08-30T13:00:00+00:00,2,2026/27,Sunderland,Fulham,V1.2,1.2779525299863568,1.242626576844432,2.520579106830789,-0.0799999999999999,0.3638231954610955,0.2891303547748544,0.3470464497640498,0.5233964894079216,0.4766035105920784,0.9093711708747048,0.7271153119250059,0.4614546698316061,0.482191439966744,0.517808560033256,2.0738651023522285,1.9312156599647088,0.2468316817758582,0.1115881268911302,1-1,-0.2007375725101908,0.0419098640273941,-0.043166656127994,0.059450533583925
2026-08-25T13:47:47.263145+00:00,2026-08-30,2026-08-30T15:30:00+00:00,2,2026/27,Man United,Ipswich Town,V1.2,1.9896679575710128,1.2263787269726203,3.2160466845436337,-0.0799999999999999,0.5430656884980741,0.2322801392122118,0.2246541722897138,0.6178492127312776,0.3821507872687224,0.952055892005057,0.8387094540725948,0.6234321457715233,0.5984717739308724,0.4015282260691276,1.6709225790747266,2.4904849399749014,0.4010458975839908,0.2222447585410882,1-1,0.1825204519485539,0.0982381641548901,0.0,0.0
2026-08-25T13:47:47.263145+00:00,2026-08-31,2026-08-31T19:00:00+00:00,2,2026/27,Aston Villa,Arsenal,V1.2,1.0489098387797415,1.7654618898053542,2.814371728585096,-0.0799999999999999,0.2152141116486899,0.2519866472550386,0.5327992410962713,0.5473950666363913,0.4526049333636087,0.9311773010157164,0.7802371057019578,0.5339639084122348,0.5340065531014314,0.4659934468985686,1.8726361955525588,2.1459529241355773,0.3112598381550032,0.1545668283618075,1-1,0.0955666344915101,0.0595272880701647,0.3256357714930699,0.5532625758308648
2026-08-25T17:34:58.159719+00:00,2026-08-28,2026-08-28T19:00:00+00:00,2,2026/27,Crystal Palace,Man City,V1.2,1.4613851374712905,1.857507591869613,3.318892729340903,-0.0799999999999999,0.296863540484001,0.2407554209864251,0.4623810385295739,0.6560761478730048,0.3439238521269951,0.9559471662788216,0.8515458719741305,0.6443519700401221,0.6138421071465064,0.3861578928534935,1.6290834212214262,2.589614296397135,0.4238291158182725,0.2408561914356727,1-1,0.1487305223397053,0.0440049761745063,0.3609366942525543,0.2747931294524784
2026-08-25T17:34:58.159719+00:00,2026-08-29,2026-08-29T11:30:00+00:00,2,2026/27,Liverpool,Nott'm Forest,V1.2,2.296186140496521,1.0195042748684502,3.315690415364972,-0.0799999999999999,0.6531920314828804,0.1996788573709277,0.1471291111461917,0.5816914704444948,0.4183085295555052,0.9568899136475334,0.8500972237010663,0.6437045236048601,0.6133639184534675,0.3866360815465325,1.6303534817003822,2.5864114802737257,0.4231087216107335,0.2402518750253146,2-1,0.3653805119526898,0.199599313155237,-0.0833880493854175,0.0395782825106395
2026-08-25T17:34:58.159719+00:00,2026-08-29,2026-08-29T14:00:00+00:00,2,2026/27,Bournemouth,Everton,V1.2,1.8945341016187107,1.150375281958033,3.044909383576744,-0.0799999999999999,0.5390400875438924,0.2401922409520485,0.2207676715040587,0.5889931507981541,0.4110068492018459,0.9440997308280894,0.8157582092631959,0.5867937273322259,0.5718832011559953,0.4281167988440046,1.7486088032986742,2.335811168120912,0.3628253368082116,0.192334473325424,1-1,0.2100422236603888,0.0782730636609504,-0.0839425817284006,0.0765165893932594
2026-08-25T17:34:58.159719+00:00,2026-08-29,2026-08-29T14:00:00+00:00,2,2026/27,Coventry City,Hull City,V1.2,1.6577268846727502,1.3529722874322612,3.010699172105012,-0.0799999999999999,0.4380887211353296,0.2571651886818804,0.3047460901827898,0.6090526083581751,0.3909473916418249,0.9419045178952205,0.8112819287896847,0.5792020115054853,0.5664144612430311,0.4335855387569689,1.7654916468859905,2.306349983135657,0.3551641008688346,0.1865364128503592,1-1,0.0,0.0,0.0,0.0
2026-08-25T17:34:58.159719+00:00,2026-08-29,2026-08-29T16:30:00+00:00,2,2026/27,Spurs,Newcastle,V1.2,1.5774834407667513,1.662691341521042,3.2401747822877933,-0.0799999999999999,0.3574822230660532,0.2488456837619261,0.3936720931720208,0.6512509613784276,0.3487490386215723,0.95262653487698,0.8421831894348055,0.6284166781154852,0.6021196862372191,0.3978803137627809,1.6607993773617071,2.5133186172065987,0.4064104977794456,0.2265757910202279,1-1,0.0,0.0,0.2061337129022787,0.049616499132598
2026-08-25T17:34:58.159719+00:00,2026-08-30,2026-08-30T13:00:00+00:00,2,2026/27,Chelsea,Brighton,V1.2,1.9578985190461955,1.4432978174345612,3.4011963364807567,-0.0799999999999999,0.488830299221816,0.2341806531367156,0.2769890476414682,0.6635657207234881,0.3364342792765119,0.95913078087116,0.8608278550253545,0.6604883774996697,0.6258178154766705,0.3741821845233295,1.5979091282953073,2.672494953959124,0.4419004422518079,0.2560353211108278,1-1,0.2914837756086493,0.0643624477993844,0.1289892273174688,0.1250593791009161
2026-08-25T17:34:58.159719+00:00,2026-08-30,2026-08-30T13:00:00+00:00,2,2026/27,Leeds,Brentford,V1.2,1.7486061737972898,1.4832677605196856,3.231873934316975,-0.0799999999999999,0.4326506464103455,0.2472610448125638,0.3200883087770908,0.6467641922669696,0.3532358077330304,0.952323921275014,0.8411031040428422,0.6267075402395542,0.6008679070809327,0.3991320929190672,1.664259295954222,2.505436214578645,0.4045667983268519,0.2250840799424777,1-1,0.0943188395891082,0.1223142499780374,0.2142579834525429,0.0409471584959227
2026-08-25T17:34:58.159719+00:00,2026-08-30,2026-08-30T13:00:00+00:00,2,2026/27,Sunderland,Fulham,V1.2,1.2779525299863568,1.242626576844432,2.520579106830789,-0.0799999999999999,0.3638231954610955,0.2891303547748544,0.3470464497640498,0.5233964894079216,0.4766035105920784,0.9093711708747048,0.7271153119250059,0.4614546698316061,0.482191439966744,0.517808560033256,2.0738651023522285,1.9312156599647088,0.2468316817758582,0.1115881268911302,1-1,-0.2007375725101908,0.0419098640273941,-0.043166656127994,0.059450533583925
2026-08-25T17:34:58.159719+00:00,2026-08-30,2026-08-30T15:30:00+00:00,2,2026/27,Man United,Ipswich Town,V1.2,1.9896679575710128,1.2263787269726203,3.2160466845436337,-0.0799999999999999,0.5430656884980741,0.2322801392122118,0.2246541722897138,0.6178492127312776,0.3821507872687224,0.952055892005057,0.8387094540725948,0.6234321457715233,0.5984717739308724,0.4015282260691276,1.6709225790747266,2.4904849399749014,0.4010458975839908,0.2222447585410882,1-1,0.1825204519485539,0.0982381641548901,0.0,0.0
2026-08-25T17:34:58.159719+00:00,2026-08-31,2026-08-31T19:00:00+00:00,2,2026/27,Aston Villa,Arsenal,V1.2,1.0489098387797415,1.7654618898053542,2.814371728585096,-0.0799999999999999,0.2152141116486899,0.2519866472550386,0.5327992410962713,0.5473950666363913,0.4526049333636087,0.9311773010157164,0.7802371057019578,0.5339639084122348,0.5340065531014314,0.4659934468985686,1.8726361955525588,2.1459529241355773,0.3112598381550032,0.1545668283618075,1-1,0.0955666344915101,0.0595272880701647,0.3256357714930699,0.5532625758308648
2026-08-26T10:46:25.435992+00:00,2026-08-28,2026-08-28T19:00:00+00:00,2,2026/27,Crystal Palace,Man City,V1.2,1.4613851374712905,1.857507591869613,3.318892729340903,-0.0799999999999999,0.296863540484001,0.2407554209864251,0.4623810385295739,0.6560761478730048,0.3439238521269951,0.9559471662788216,0.8515458719741305,0.6443519700401221,0.6138421071465064,0.3861578928534935,1.6290834212214262,2.589614296397135,0.4238291158182725,0.2408561914356727,1-1,0.1487305223397053,0.0440049761745063,0.3609366942525543,0.2747931294524784
2026-08-26T10:46:25.435992+00:00,2026-08-29,2026-08-29T11:30:00+00:00,2,2026/27,Liverpool,Nott'm Forest,V1.2,2.296186140496521,1.0195042748684502,3.315690415364972,-0.0799999999999999,0.6531920314828804,0.1996788573709277,0.1471291111461917,0.5816914704444948,0.4183085295555052,0.9568899136475334,0.8500972237010663,0.6437045236048601,0.6133639184534675,0.3866360815465325,1.6303534817003822,2.5864114802737257,0.4231087216107335,0.2402518750253146,2-1,0.3653805119526898,0.199599313155237,-0.0833880493854175,0.0395782825106395
2026-08-26T10:46:25.435992+00:00,2026-08-29,2026-08-29T14:00:00+00:00,2,2026/27,Bournemouth,Everton,V1.2,1.8945341016187107,1.150375281958033,3.044909383576744,-0.0799999999999999,0.5390400875438924,0.2401922409520485,0.2207676715040587,0.5889931507981541,0.4110068492018459,0.9440997308280894,0.8157582092631959,0.5867937273322259,0.5718832011559953,0.4281167988440046,1.7486088032986742,2.335811168120912,0.3628253368082116,0.192334473325424,1-1,0.2100422236603888,0.0782730636609504,-0.0839425817284006,0.0765165893932594
2026-08-26T10:46:25.435992+00:00,2026-08-29,2026-08-29T14:00:00+00:00,2,2026/27,Coventry City,Hull City,V1.2,1.6577268846727502,1.3529722874322612,3.010699172105012,-0.0799999999999999,0.4380887211353296,0.2571651886818804,0.3047460901827898,0.6090526083581751,0.3909473916418249,0.9419045178952205,0.8112819287896847,0.5792020115054853,0.5664144612430311,0.4335855387569689,1.7654916468859905,2.306349983135657,0.3551641008688346,0.1865364128503592,1-1,0.0,0.0,0.0,0.0
2026-08-26T10:46:25.435992+00:00,2026-08-29,2026-08-29T16:30:00+00:00,2,2026/27,Spurs,Newcastle,V1.2,1.5774834407667513,1.662691341521042,3.2401747822877933,-0.0799999999999999,0.3574822230660532,0.2488456837619261,0.3936720931720208,0.6512509613784276,0.3487490386215723,0.95262653487698,0.8421831894348055,0.6284166781154852,0.6021196862372191,0.3978803137627809,1.6607993773617071,2.5133186172065987,0.4064104977794456,0.2265757910202279,1-1,0.0,0.0,0.2061337129022787,0.049616499132598
2026-08-26T10:46:25.435992+00:00,2026-08-30,2026-08-30T13:00:00+00:00,2,2026/27,Chelsea,Brighton,V1.2,1.9578985190461955,1.4432978174345612,3.4011963364807567,-0.0799999999999999,0.488830299221816,0.2341806531367156,0.2769890476414682,0.6635657207234881,0.3364342792765119,0.95913078087116,0.8608278550253545,0.6604883774996697,0.6258178154766705,0.3741821845233295,1.5979091282953073,2.672494953959124,0.4419004422518079,0.2560353211108278,1-1,0.2914837756086493,0.0643624477993844,0.1289892273174688,0.1250593791009161
2026-08-26T10:46:25.435992+00:00,2026-08-30,2026-08-30T13:00:00+00:00,2,2026/27,Leeds,Brentford,V1.2,1.7486061737972898,1.4832677605196856,3.231873934316975,-0.0799999999999999,0.4326506464103455,0.2472610448125638,0.3200883087770908,0.6467641922669696,0.3532358077330304,0.952323921275014,0.8411031040428422,0.6267075402395542,0.6008679070809327,0.3991320929190672,1.664259295954222,2.505436214578645,0.4045667983268519,0.2250840799424777,1-1,0.0943188395891082,0.1223142499780374,0.2142579834525429,0.0409471584959227
2026-08-26T10:46:25.435992+00:00,2026-08-30,2026-08-30T13:00:00+00:00,2,2026/27,Sunderland,Fulham,V1.2,1.2779525299863568,1.242626576844432,2.520579106830789,-0.0799999999999999,0.3638231954610955,0.2891303547748544,0.3470464497640498,0.5233964894079216,0.4766035105920784,0.9093711708747048,0.7271153119250059,0.4614546698316061,0.482191439966744,0.517808560033256,2.0738651023522285,1.9312156599647088,0.2468316817758582,0.1115881268911302,1-1,-0.2007375725101908,0.0419098640273941,-0.043166656127994,0.059450533583925
2026-08-26T10:46:25.435992+00:00,2026-08-30,2026-08-30T15:30:00+00:00,2,2026/27,Man United,Ipswich Town,V1.2,1.9896679575710128,1.2263787269726203,3.2160466845436337,-0.0799999999999999,0.5430656884980741,0.2322801392122118,0.2246541722897138,0.6178492127312776,0.3821507872687224,0.952055892005057,0.8387094540725948,0.6234321457715233,0.5984717739308724,0.4015282260691276,1.6709225790747266,2.4904849399749014,0.4010458975839908,0.2222447585410882,1-1,0.1825204519485539,0.0982381641548901,0.0,0.0
2026-08-26T10:46:25.435992+00:00,2026-08-31,2026-08-31T19:00:00+00:00,2,2026/27,Aston Villa,Arsenal,V1.2,1.0489098387797415,1.7654618898053542,2.814371728585096,-0.0799999999999999,0.2152141116486899,0.2519866472550386,0.5327992410962713,0.5473950666363913,0.4526049333636087,0.9311773010157164,0.7802371057019578,0.5339639084122348,0.5340065531014314,0.4659934468985686,1.8726361955525588,2.1459529241355773,0.3112598381550032,0.1545668283618075,1-1,0.0955666344915101,0.0595272880701647,0.3256357714930699,0.5532625758308648
2026-08-26T17:12:35.542343+00:00,2026-08-28,2026-08-28T19:00:00+00:00,2,2026/27,Crystal Palace,Man City,V1.2,1.4613851374712905,1.857507591869613,3.318892729340903,-0.0799999999999999,0.296863540484001,0.2407554209864251,0.4623810385295739,0.6560761478730048,0.3439238521269951,0.9559471662788216,0.8515458719741305,0.6443519700401221,0.6138421071465064,0.3861578928534935,1.6290834212214262,2.589614296397135,0.4238291158182725,0.2408561914356727,1-1,0.1487305223397053,0.0440049761745063,0.3609366942525543,0.2747931294524784
2026-08-26T17:12:35.542343+00:00,2026-08-29,2026-08-29T11:30:00+00:00,2,2026/27,Liverpool,Nott'm Forest,V1.2,2.296186140496521,1.0195042748684502,3.315690415364972,-0.0799999999999999,0.6531920314828804,0.1996788573709277,0.1471291111461917,0.5816914704444948,0.4183085295555052,0.9568899136475334,0.8500972237010663,0.6437045236048601,0.6133639184534675,0.3866360815465325,1.6303534817003822,2.5864114802737257,0.4231087216107335,0.2402518750253146,2-1,0.3653805119526898,0.199599313155237,-0.0833880493854175,0.0395782825106395
2026-08-26T17:12:35.542343+00:00,2026-08-29,2026-08-29T14:00:00+00:00,2,2026/27,Bournemouth,Everton,V1.2,1.8945341016187107,1.150375281958033,3.044909383576744,-0.0799999999999999,0.5390400875438924,0.2401922409520485,0.2207676715040587,0.5889931507981541,0.4110068492018459,0.9440997308280894,0.8157582092631959,0.5867937273322259,0.5718832011559953,0.4281167988440046,1.7486088032986742,2.335811168120912,0.3628253368082116,0.192334473325424,1-1,0.2100422236603888,0.0782730636609504,-0.0839425817284006,0.0765165893932594
2026-08-26T17:12:35.542343+00:00,2026-08-29,2026-08-29T14:00:00+00:00,2,2026/27,Coventry City,Hull City,V1.2,1.6577268846727502,1.3529722874322612,3.010699172105012,-0.0799999999999999,0.4380887211353296,0.2571651886818804,0.3047460901827898,0.6090526083581751,0.3909473916418249,0.9419045178952205,0.8112819287896847,0.5792020115054853,0.5664144612430311,0.4335855387569689,1.7654916468859905,2.306349983135657,0.3551641008688346,0.1865364128503592,1-1,0.0,0.0,0.0,0.0
2026-08-26T17:12:35.542343+00:00,2026-08-29,2026-08-29T16:30:00+00:00,2,2026/27,Spurs,Newcastle,V1.2,1.5774834407667513,1.662691341521042,3.2401747822877933,-0.0799999999999999,0.3574822230660532,0.2488456837619261,0.3936720931720208,0.6512509613784276,0.3487490386215723,0.95262653487698,0.8421831894348055,0.6284166781154852,0.6021196862372191,0.3978803137627809,1.6607993773617071,2.5133186172065987,0.4064104977794456,0.2265757910202279,1-1,0.0,0.0,0.2061337129022787,0.049616499132598
2026-08-26T17:12:35.542343+00:00,2026-08-30,2026-08-30T13:00:00+00:00,2,2026/27,Chelsea,Brighton,V1.2,1.9578985190461955,1.4432978174345612,3.4011963364807567,-0.0799999999999999,0.488830299221816,0.2341806531367156,0.2769890476414682,0.6635657207234881,0.3364342792765119,0.95913078087116,0.8608278550253545,0.6604883774996697,0.6258178154766705,0.3741821845233295,1.5979091282953073,2.672494953959124,0.4419004422518079,0.2560353211108278,1-1,0.2914837756086493,0.0643624477993844,0.1289892273174688,0.1250593791009161
2026-08-26T17:12:35.542343+00:00,2026-08-30,2026-08-30T13:00:00+00:00,2,2026/27,Leeds,Brentford,V1.2,1.7486061737972898,1.4832677605196856,3.231873934316975,-0.0799999999999999,0.4326506464103455,0.2472610448125638,0.3200883087770908,0.6467641922669696,0.3532358077330304,0.952323921275014,0.8411031040428422,0.6267075402395542,0.6008679070809327,0.3991320929190672,1.664259295954222,2.505436214578645,0.4045667983268519,0.2250840799424777,1-1,0.0943188395891082,0.1223142499780374,0.2142579834525429,0.0409471584959227
2026-08-26T17:12:35.542343+00:00,2026-08-30,2026-08-30T13:00:00+00:00,2,2026/27,Sunderland,Fulham,V1.2,1.2779525299863568,1.242626576844432,2.520579106830789,-0.0799999999999999,0.3638231954610955,0.2891303547748544,0.3470464497640498,0.5233964894079216,0.4766035105920784,0.9093711708747048,0.7271153119250059,0.4614546698316061,0.482191439966744,0.517808560033256,2.0738651023522285,1.9312156599647088,0.2468316817758582,0.1115881268911302,1-1,-0.2007375725101908,0.0419098640273941,-0.043166656127994,0.059450533583925
2026-08-26T17:12:35.542343+00:00,2026-08-30,2026-08-30T15:30:00+00:00,2,2026/27,Man United,Ipswich Town,V1.2,1.9896679575710128,1.2263787269726203,3.2160466845436337,-0.0799999999999999,0.5430656884980741,0.2322801392122118,0.2246541722897138,0.6178492127312776,0.3821507872687224,0.952055892005057,0.8387094540725948,0.6234321457715233,0.5984717739308724,0.4015282260691276,1.6709225790747266,2.4904849399749014,0.4010458975839908,0.2222447585410882,1-1,0.1825204519485539,0.0982381641548901,0.0,0.0
2026-08-26T17:12:35.542343+00:00,2026-08-31,2026-08-31T19:00:00+00:00,2,2026/27,Aston Villa,Arsenal,V1.2,1.0489098387797415,1.7654618898053542,2.814371728585096,-0.0799999999999999,0.2152141116486899,0.2519866472550386,0.5327992410962713,0.5473950666363913,0.4526049333636087,0.9311773010157164,0.7802371057019578,0.5339639084122348,0.5340065531014314,0.4659934468985686,1.8726361955525588,2.1459529241355773,0.3112598381550032,0.1545668283618075,1-1,0.0955666344915101,0.0595272880701647,0.3256357714930699,0.5532625758308648
2026-08-26T18:40:12.332105+00:00,2026-08-28,2026-08-28T19:00:00+00:00,2,2026/27,Crystal Palace,Man City,V1.2,1.4613607211761004,1.857546478992253,3.3189072001683533,-0.0799999999999999,0.2968516871544393,0.2407533039679498,0.4623950088776109,0.6560759496447376,0.3439240503552624,0.9559477704984334,0.8515475295894576,0.6443548542952715,0.6138446575744397,0.3861553424255602,1.629076652636228,2.5896313999404823,0.4238323065329383,0.240858838640969,1-1,0.1487488465768418,0.0440212369796772,0.3609621915897412,0.2748152580978789
2026-08-26T18:40:12.332105+00:00,2026-08-29,2026-08-29T11:30:00+00:00,2,2026/27,Liverpool,Nott'm Forest,V1.2,2.29620153239841,1.0195729530389468,3.315774485437357,-0.0799999999999999,0.6531793451830828,0.1996802499284502,0.1471404048884669,0.5817146753843523,0.4182853246156477,0.956893034063636,0.8501072765409455,0.6437213024700653,0.6133767284478686,0.3866232715521314,1.6303194327741617,2.5864971758823945,0.4231272660333462,0.2402672466192179,2-1,0.3654100001397411,0.1995997833552341,-0.0833319155323776,0.0395881641033558
2026-08-26T18:40:12.332105+00:00,2026-08-29,2026-08-29T14:00:00+00:00,2,2026/27,Bournemouth,Everton,V1.2,1.8945292192451115,1.150440719595652,3.0449699388407634,-0.0799999999999999,0.5390239061405151,0.2401930530656583,0.2207830407938266,0.5890101937878531,0.4109898062121468,0.9441026651024024,0.8157669341293026,0.5868070896657714,0.5718932406061734,0.4281067593938266,1.748578106885926,2.3358659447842864,0.3628388993292069,0.1923447976213559,1-1,0.2100559840745006,0.0782802969639142,-0.0838901646698299,0.0765200235245101
2026-08-26T18:40:12.332105+00:00,2026-08-29,2026-08-29T14:00:00+00:00,2,2026/27,Coventry City,Hull City,V1.2,1.6577054945470306,1.3529881150778953,3.010693609624926,-0.0799999999999999,0.4380801629927426,0.2571662479032301,0.3047535891040273,0.6090529354346715,0.3909470645653284,0.9419042053984084,0.811281142419254,0.5792007697909015,0.5664139685437681,0.4335860314562318,1.7654931826115932,2.30634736234796,0.3551628547609818,0.1865354749874135,1-1,0.0,0.0,0.0,0.0
2026-08-26T18:40:12.332105+00:00,2026-08-29,2026-08-29T16:30:00+00:00,2,2026/27,Spurs,Newcastle,V1.2,1.5774436989899268,1.662729735773528,3.240173434763455,-0.0799999999999999,0.3574658119252921,0.248845330845726,0.3936888572289818,0.6512500818131763,0.3487499181868236,0.9526264883064828,0.8421830122492909,0.6284164010913093,0.6021198992151581,0.3978801007848419,1.660798789914541,2.5133199625400744,0.4064101985564475,0.2265755486049042,1-1,0.0,0.0,0.2061451059080368,0.0496287892296506
2026-08-26T18:40:12.332105+00:00,2026-08-30,2026-08-30T13:00:00+00:00,2,2026/27,Chelsea,Brighton,V1.2,1.9578983132062044,1.4433240409668224,3.4012223541730267,-0.0799999999999999,0.4888247357612911,0.234180378611191,0.2769948856275179,0.6635709570147102,0.3364290429852897,0.9591317080575908,0.8608307447869316,0.6604933937639856,0.6258219796092942,0.3741780203907058,1.5978984960296667,2.672524695480053,0.4419061293630527,0.2560401568585565,1-1,0.2915020390622597,0.0643815001454709,0.1290147503174663,0.1250648443174343
2026-08-26T18:40:12.332105+00:00,2026-08-30,2026-08-30T13:00:00+00:00,2,2026/27,Leeds,Brentford,V1.2,1.7487163950111768,1.4832733962049864,3.231989791216164,-0.0799999999999999,0.4326753287091019,0.2472539965179075,0.3200706747729905,0.6467796742593004,0.3532203257406996,0.9523288970177672,0.8411174856103141,0.6267314292225238,0.6008858120502754,0.3991141879497246,1.6642097049819031,2.50554861288461,0.4045925339053174,0.2251048734310062,1-1,0.0944096864060444,0.1223375065873233,0.2142733412038113,0.0409620701737581
2026-08-26T18:40:12.332105+00:00,2026-08-30,2026-08-30T13:00:00+00:00,2,2026/27,Sunderland,Fulham,V1.2,1.2779406346723272,1.2426224619992856,2.520563096671613,-0.0799999999999999,0.3638208247858335,0.289131447731901,0.3470477274822651,0.5233933096941183,0.4766066903058816,0.9093698488023344,0.7271121014926287,0.4614505801193186,0.4821888532907079,0.5178111467092921,2.073876227489456,1.93120601276167,0.2468282456430439,0.1115859616424412,1-1,-0.200730920018235,0.0419722762965471,-0.0431192536307453,0.0594535908521747
2026-08-26T18:40:12.332105+00:00,2026-08-30,2026-08-30T15:30:00+00:00,2,2026/27,Man United,Ipswich Town,V1.2,1.9896638711455443,1.226381036772203,3.216044907917748,-0.0799999999999999,0.5430642689882937,0.2322805019764224,0.2246552290352838,0.6178494153878463,0.3821505846121537,0.9520558081676276,0.8387092374760877,0.6234317772718004,0.5984719191947968,0.4015280808052032,1.6709221735005242,2.490485840976932,0.401045502575618,0.222244440993754,1-1,0.1825313014938414,0.0982479790829363,0.0,0.0
2026-08-26T18:40:12.332105+00:00,2026-08-31,2026-08-31T19:00:00+00:00,2,2026/27,Aston Villa,Arsenal,V1.2,1.0489787479339434,1.765514628384213,2.8144933763181563,-0.0799999999999999,0.2152229892095302,0.2519816672690583,0.5327953435214113,0.5474207066701983,0.4525792933298017,0.9311848240026922,0.780257395163629,0.5339927858810501,0.5340275591026387,0.4659724408973613,1.872562535312532,2.1460496635256328,0.3112869291977032,0.1545858895720684,1-1,0.0955907461554005,0.0595409551496686,0.3256676121664609,0.5532080903077456
2026-08-27T16:09:13.225841+00:00,2026-08-28,2026-08-28T19:00:00+00:00,2,2026/27,Crystal Palace,Man City,V1.2,1.4613851374712905,1.857507591869613,3.318892729340903,-0.0799999999999999,0.296863540484001,0.2407554209864251,0.4623810385295739,0.6560761478730048,0.3439238521269951,0.9559471662788216,0.8515458719741305,0.6443519700401221,0.6138421071465064,0.3861578928534935,1.6290834212214262,2.589614296397135,0.4238291158182725,0.2408561914356727,1-1,0.1487305223397053,0.0440049761745063,0.3609366942525543,0.2747931294524784
2026-08-27T16:09:13.225841+00:00,2026-08-29,2026-08-29T11:30:00+00:00,2,2026/27,Liverpool,Nott'm Forest,V1.2,2.296186140496521,1.0195042748684502,3.315690415364972,-0.0799999999999999,0.6531920314828804,0.1996788573709277,0.1471291111461917,0.5816914704444948,0.4183085295555052,0.9568899136475334,0.8500972237010663,0.6437045236048601,0.6133639184534675,0.3866360815465325,1.6303534817003822,2.5864114802737257,0.4231087216107335,0.2402518750253146,2-1,0.3653805119526898,0.199599313155237,-0.0833880493854175,0.0395782825106395
2026-08-27T16:09:13.225841+00:00,2026-08-29,2026-08-29T14:00:00+00:00,2,2026/27,Bournemouth,Everton,V1.2,1.8945341016187107,1.150375281958033,3.044909383576744,-0.0799999999999999,0.5390400875438924,0.2401922409520485,0.2207676715040587,0.5889931507981541,0.4110068492018459,0.9440997308280894,0.8157582092631959,0.5867937273322259,0.5718832011559953,0.4281167988440046,1.7486088032986742,2.335811168120912,0.3628253368082116,0.192334473325424,1-1,0.2100422236603888,0.0782730636609504,-0.0839425817284006,0.0765165893932594
2026-08-27T16:09:13.225841+00:00,2026-08-29,2026-08-29T14:00:00+00:00,2,2026/27,Coventry City,Hull City,V1.2,1.6577268846727502,1.3529722874322612,3.010699172105012,-0.0799999999999999,0.4380887211353296,0.2571651886818804,0.3047460901827898,0.6090526083581751,0.3909473916418249,0.9419045178952205,0.8112819287896847,0.5792020115054853,0.5664144612430311,0.4335855387569689,1.7654916468859905,2.306349983135657,0.3551641008688346,0.1865364128503592,1-1,0.0,0.0,0.0,0.0
2026-08-27T16:09:13.225841+00:00,2026-08-29,2026-08-29T16:30:00+00:00,2,2026/27,Spurs,Newcastle,V1.2,1.5774834407667513,1.662691341521042,3.2401747822877933,-0.0799999999999999,0.3574822230660532,0.2488456837619261,0.3936720931720208,0.6512509613784276,0.3487490386215723,0.95262653487698,0.8421831894348055,0.6284166781154852,0.6021196862372191,0.3978803137627809,1.6607993773617071,2.5133186172065987,0.4064104977794456,0.2265757910202279,1-1,0.0,0.0,0.2061337129022787,0.049616499132598
2026-08-27T16:09:13.225841+00:00,2026-08-30,2026-08-30T13:00:00+00:00,2,2026/27,Chelsea,Brighton,V1.2,1.9578985190461955,1.4432978174345612,3.4011963364807567,-0.0799999999999999,0.488830299221816,0.2341806531367156,0.2769890476414682,0.6635657207234881,0.3364342792765119,0.95913078087116,0.8608278550253545,0.6604883774996697,0.6258178154766705,0.3741821845233295,1.5979091282953073,2.672494953959124,0.4419004422518079,0.2560353211108278,1-1,0.2914837756086493,0.0643624477993844,0.1289892273174688,0.1250593791009161
2026-08-27T16:09:13.225841+00:00,2026-08-30,2026-08-30T13:00:00+00:00,2,2026/27,Leeds,Brentford,V1.2,1.7486061737972898,1.4832677605196856,3.231873934316975,-0.0799999999999999,0.4326506464103455,0.2472610448125638,0.3200883087770908,0.6467641922669696,0.3532358077330304,0.952323921275014,0.8411031040428422,0.6267075402395542,0.6008679070809327,0.3991320929190672,1.664259295954222,2.505436214578645,0.4045667983268519,0.2250840799424777,1-1,0.0943188395891082,0.1223142499780374,0.2142579834525429,0.0409471584959227
2026-08-27T16:09:13.225841+00:00,2026-08-30,2026-08-30T13:00:00+00:00,2,2026/27,Sunderland,Fulham,V1.2,1.2779525299863568,1.242626576844432,2.520579106830789,-0.0799999999999999,0.3638231954610955,0.2891303547748544,0.3470464497640498,0.5233964894079216,0.4766035105920784,0.9093711708747048,0.7271153119250059,0.4614546698316061,0.482191439966744,0.517808560033256,2.0738651023522285,1.9312156599647088,0.2468316817758582,0.1115881268911302,1-1,-0.2007375725101908,0.0419098640273941,-0.043166656127994,0.059450533583925
2026-08-27T16:09:13.225841+00:00,2026-08-30,2026-08-30T15:30:00+00:00,2,2026/27,Man United,Ipswich Town,V1.2,1.9896679575710128,1.2263787269726203,3.2160466845436337,-0.0799999999999999,0.5430656884980741,0.2322801392122118,0.2246541722897138,0.6178492127312776,0.3821507872687224,0.952055892005057,0.8387094540725948,0.6234321457715233,0.5984717739308724,0.4015282260691276,1.6709225790747266,2.4904849399749014,0.4010458975839908,0.2222447585410882,1-1,0.1825204519485539,0.0982381641548901,0.0,0.0
2026-08-27T16:09:13.225841+00:00,2026-08-31,2026-08-31T19:00:00+00:00,2,2026/27,Aston Villa,Arsenal,V1.2,1.0489098387797415,1.7654618898053542,2.814371728585096,-0.0799999999999999,0.2152141116486899,0.2519866472550386,0.5327992410962713,0.5473950666363913,0.4526049333636087,0.9311773010157164,0.7802371057019578,0.5339639084122348,0.5340065531014314,0.4659934468985686,1.8726361955525588,2.1459529241355773,0.3112598381550032,0.1545668283618075,1-1,0.0955666344915101,0.0595272880701647,0.3256357714930699,0.5532625758308648
2026-08-27T20:10:23.569055+00:00,2026-08-28,2026-08-28T19:00:00+00:00,2,2026/27,Crystal Palace,Man City,V1.2,1.4613851374712905,1.857507591869613,3.318892729340903,-0.0799999999999999,0.296863540484001,0.2407554209864251,0.4623810385295739,0.6560761478730048,0.3439238521269951,0.9559471662788216,0.8515458719741305,0.6443519700401221,0.6138421071465064,0.3861578928534935,1.6290834212214262,2.589614296397135,0.4238291158182725,0.2408561914356727,1-1,0.1487305223397053,0.0440049761745063,0.3609366942525543,0.2747931294524784
2026-08-27T20:10:23.569055+00:00,2026-08-29,2026-08-29T11:30:00+00:00,2,2026/27,Liverpool,Nott'm Forest,V1.2,2.296186140496521,1.0195042748684502,3.315690415364972,-0.0799999999999999,0.6531920314828804,0.1996788573709277,0.1471291111461917,0.5816914704444948,0.4183085295555052,0.9568899136475334,0.8500972237010663,0.6437045236048601,0.6133639184534675,0.3866360815465325,1.6303534817003822,2.5864114802737257,0.4231087216107335,0.2402518750253146,2-1,0.3653805119526898,0.199599313155237,-0.0833880493854175,0.0395782825106395
2026-08-27T20:10:23.569055+00:00,2026-08-29,2026-08-29T14:00:00+00:00,2,2026/27,Bournemouth,Everton,V1.2,1.8945341016187107,1.150375281958033,3.044909383576744,-0.0799999999999999,0.5390400875438924,0.2401922409520485,0.2207676715040587,0.5889931507981541,0.4110068492018459,0.9440997308280894,0.8157582092631959,0.5867937273322259,0.5718832011559953,0.4281167988440046,1.7486088032986742,2.335811168120912,0.3628253368082116,0.192334473325424,1-1,0.2100422236603888,0.0782730636609504,-0.0839425817284006,0.0765165893932594
2026-08-27T20:10:23.569055+00:00,2026-08-29,2026-08-29T14:00:00+00:00,2,2026/27,Coventry City,Hull City,V1.2,1.6577268846727502,1.3529722874322612,3.010699172105012,-0.0799999999999999,0.4380887211353296,0.2571651886818804,0.3047460901827898,0.6090526083581751,0.3909473916418249,0.9419045178952205,0.8112819287896847,0.5792020115054853,0.5664144612430311,0.4335855387569689,1.7654916468859905,2.306349983135657,0.3551641008688346,0.1865364128503592,1-1,0.0,0.0,0.0,0.0
2026-08-27T20:10:23.569055+00:00,2026-08-29,2026-08-29T16:30:00+00:00,2,2026/27,Spurs,Newcastle,V1.2,1.5774834407667513,1.662691341521042,3.2401747822877933,-0.0799999999999999,0.3574822230660532,0.2488456837619261,0.3936720931720208,0.6512509613784276,0.3487490386215723,0.95262653487698,0.8421831894348055,0.6284166781154852,0.6021196862372191,0.3978803137627809,1.6607993773617071,2.5133186172065987,0.4064104977794456,0.2265757910202279,1-1,0.0,0.0,0.2061337129022787,0.049616499132598
2026-08-27T20:10:23.569055+00:00,2026-08-30,2026-08-30T13:00:00+00:00,2,2026/27,Chelsea,Brighton,V1.2,1.9578985190461955,1.4432978174345612,3.4011963364807567,-0.0799999999999999,0.488830299221816,0.2341806531367156,0.2769890476414682,0.6635657207234881,0.3364342792765119,0.95913078087116,0.8608278550253545,0.6604883774996697,0.6258178154766705,0.3741821845233295,1.5979091282953073,2.672494953959124,0.4419004422518079,0.2560353211108278,1-1,0.2914837756086493,0.0643624477993844,0.1289892273174688,0.1250593791009161
2026-08-27T20:10:23.569055+00:00,2026-08-30,2026-08-30T13:00:00+00:00,2,2026/27,Leeds,Brentford,V1.2,1.7486061737972898,1.4832677605196856,3.231873934316975,-0.0799999999999999,0.4326506464103455,0.2472610448125638,0.3200883087770908,0.6467641922669696,0.3532358077330304,0.952323921275014,0.8411031040428422,0.6267075402395542,0.6008679070809327,0.3991320929190672,1.664259295954222,2.505436214578645,0.4045667983268519,0.2250840799424777,1-1,0.0943188395891082,0.1223142499780374,0.2142579834525429,0.0409471584959227
2026-08-27T20:10:23.569055+00:00,2026-08-30,2026-08-30T13:00:00+00:00,2,2026/27,Sunderland,Fulham,V1.2,1.2779525299863568,1.242626576844432,2.520579106830789,-0.0799999999999999,0.3638231954610955,0.2891303547748544,0.3470464497640498,0.5233964894079216,0.4766035105920784,0.9093711708747048,0.7271153119250059,0.4614546698316061,0.482191439966744,0.517808560033256,2.0738651023522285,1.9312156599647088,0.2468316817758582,0.1115881268911302,1-1,-0.2007375725101908,0.0419098640273941,-0.043166656127994,0.059450533583925
2026-08-27T20:10:23.569055+00:00,2026-08-30,2026-08-30T15:30:00+00:00,2,2026/27,Man United,Ipswich Town,V1.2,1.9896679575710128,1.2263787269726203,3.2160466845436337,-0.0799999999999999,0.5430656884980741,0.2322801392122118,0.2246541722897138,0.6178492127312776,0.3821507872687224,0.952055892005057,0.8387094540725948,0.6234321457715233,0.5984717739308724,0.4015282260691276,1.6709225790747266,2.4904849399749014,0.4010458975839908,0.2222447585410882,1-1,0.1825204519485539,0.0982381641548901,0.0,0.0
2026-08-27T20:10:23.569055+00:00,2026-08-31,2026-08-31T19:00:00+00:00,2,2026/27,Aston Villa,Arsenal,V1.2,1.0489098387797415,1.7654618898053542,2.814371728585096,-0.0799999999999999,0.2152141116486899,0.2519866472550386,0.5327992410962713,0.5473950666363913,0.4526049333636087,0.9311773010157164,0.7802371057019578,0.5339639084122348,0.5340065531014314,0.4659934468985686,1.8726361955525588,2.1459529241355773,0.3112598381550032,0.1545668283618075,1-1,0.0955666344915101,0.0595272880701647,0.3256357714930699,0.5532625758308648
2026-08-27T22:49:37.132816+00:00,2026-08-28,2026-08-28T19:00:00+00:00,2,2026/27,Crystal Palace,Man City,V1.2,1.4613607211761004,1.857546478992253,3.3189072001683533,-0.0799999999999999,0.2968516871544393,0.2407533039679498,0.4623950088776109,0.6560759496447376,0.3439240503552624,0.9559477704984334,0.8515475295894576,0.6443548542952715,0.6138446575744397,0.3861553424255602,1.629076652636228,2.5896313999404823,0.4238323065329383,0.240858838640969,1-1,0.1487488465768418,0.0440212369796772,0.3609621915897412,0.2748152580978789
2026-08-27T22:49:37.132816+00:00,2026-08-29,2026-08-29T11:30:00+00:00,2,2026/27,Liverpool,Nott'm Forest,V1.2,2.29620153239841,1.0195729530389468,3.315774485437357,-0.0799999999999999,0.6531793451830828,0.1996802499284502,0.1471404048884669,0.5817146753843523,0.4182853246156477,0.956893034063636,0.8501072765409455,0.6437213024700653,0.6133767284478686,0.3866232715521314,1.6303194327741617,2.5864971758823945,0.4231272660333462,0.2402672466192179,2-1,0.3654100001397411,0.1995997833552341,-0.0833319155323776,0.0395881641033558
2026-08-27T22:49:37.132816+00:00,2026-08-29,2026-08-29T14:00:00+00:00,2,2026/27,Bournemouth,Everton,V1.2,1.8945292192451115,1.150440719595652,3.0449699388407634,-0.0799999999999999,0.5390239061405151,0.2401930530656583,0.2207830407938266,0.5890101937878531,0.4109898062121468,0.9441026651024024,0.8157669341293026,0.5868070896657714,0.5718932406061734,0.4281067593938266,1.748578106885926,2.3358659447842864,0.3628388993292069,0.1923447976213559,1-1,0.2100559840745006,0.0782802969639142,-0.0838901646698299,0.0765200235245101
2026-08-27T22:49:37.132816+00:00,2026-08-29,2026-08-29T14:00:00+00:00,2,2026/27,Coventry City,Hull City,V1.2,1.6577054945470306,1.3529881150778953,3.010693609624926,-0.0799999999999999,0.4380801629927426,0.2571662479032301,0.3047535891040273,0.6090529354346715,0.3909470645653284,0.9419042053984084,0.811281142419254,0.5792007697909015,0.5664139685437681,0.4335860314562318,1.7654931826115932,2.30634736234796,0.3551628547609818,0.1865354749874135,1-1,0.0,0.0,0.0,0.0
2026-08-27T22:49:37.132816+00:00,2026-08-29,2026-08-29T16:30:00+00:00,2,2026/27,Spurs,Newcastle,V1.2,1.5774436989899268,1.662729735773528,3.240173434763455,-0.0799999999999999,0.3574658119252921,0.248845330845726,0.3936888572289818,0.6512500818131763,0.3487499181868236,0.9526264883064828,0.8421830122492909,0.6284164010913093,0.6021198992151581,0.3978801007848419,1.660798789914541,2.5133199625400744,0.4064101985564475,0.2265755486049042,1-1,0.0,0.0,0.2061451059080368,0.0496287892296506
2026-08-27T22:49:37.132816+00:00,2026-08-30,2026-08-30T13:00:00+00:00,2,2026/27,Chelsea,Brighton,V1.2,1.9578983132062044,1.4433240409668224,3.4012223541730267,-0.0799999999999999,0.4888247357612911,0.234180378611191,0.2769948856275179,0.6635709570147102,0.3364290429852897,0.9591317080575908,0.8608307447869316,0.6604933937639856,0.6258219796092942,0.3741780203907058,1.5978984960296667,2.672524695480053,0.4419061293630527,0.2560401568585565,1-1,0.2915020390622597,0.0643815001454709,0.1290147503174663,0.1250648443174343
2026-08-27T22:49:37.132816+00:00,2026-08-30,2026-08-30T13:00:00+00:00,2,2026/27,Leeds,Brentford,V1.2,1.7487163950111768,1.4832733962049864,3.231989791216164,-0.0799999999999999,0.4326753287091019,0.2472539965179075,0.3200706747729905,0.6467796742593004,0.3532203257406996,0.9523288970177672,0.8411174856103141,0.6267314292225238,0.6008858120502754,0.3991141879497246,1.6642097049819031,2.50554861288461,0.4045925339053174,0.2251048734310062,1-1,0.0944096864060444,0.1223375065873233,0.2142733412038113,0.0409620701737581
2026-08-27T22:49:37.132816+00:00,2026-08-30,2026-08-30T13:00:00+00:00,2,2026/27,Sunderland,Fulham,V1.2,1.2779406346723272,1.2426224619992856,2.520563096671613,-0.0799999999999999,0.3638208247858335,0.289131447731901,0.3470477274822651,0.5233933096941183,0.4766066903058816,0.9093698488023344,0.7271121014926287,0.4614505801193186,0.4821888532907079,0.5178111467092921,2.073876227489456,1.93120601276167,0.2468282456430439,0.1115859616424412,1-1,-0.200730920018235,0.0419722762965471,-0.0431192536307453,0.0594535908521747
2026-08-27T22:49:37.132816+00:00,2026-08-30,2026-08-30T15:30:00+00:00,2,2026/27,Man United,Ipswich Town,V1.2,1.9896638711455443,1.226381036772203,3.216044907917748,-0.0799999999999999,0.5430642689882937,0.2322805019764224,0.2246552290352838,0.6178494153878463,0.3821505846121537,0.9520558081676276,0.8387092374760877,0.6234317772718004,0.5984719191947968,0.4015280808052032,1.6709221735005242,2.490485840976932,0.401045502575618,0.222244440993754,1-1,0.1825313014938414,0.0982479790829363,0.0,0.0
2026-08-27T22:49:37.132816+00:00,2026-08-31,2026-08-31T19:00:00+00:00,2,2026/27,Aston Villa,Arsenal,V1.2,1.0489787479339434,1.765514628384213,2.8144933763181563,-0.0799999999999999,0.2152229892095302,0.2519816672690583,0.5327953435214113,0.5474207066701983,0.4525792933298017,0.9311848240026922,0.780257395163629,0.5339927858810501,0.5340275591026387,0.4659724408973613,1.872562535312532,2.1460496635256328,0.3112869291977032,0.1545858895720684,1-1,0.0955907461554005,0.0595409551496686,0.3256676121664609,0.5532080903077456
2026-08-28T02:13:35.954877+00:00,2026-08-28,2026-08-28T19:00:00+00:00,2,2026/27,Crystal Palace,Man City,V1.2,1.4613607211761004,1.857546478992253,3.3189072001683533,-0.0799999999999999,0.2968516871544393,0.2407533039679498,0.4623950088776109,0.6560759496447376,0.3439240503552624,0.9559477704984334,0.8515475295894576,0.6443548542952715,0.6138446575744397,0.3861553424255602,1.629076652636228,2.5896313999404823,0.4238323065329383,0.240858838640969,1-1,0.1487488465768418,0.0440212369796772,0.3609621915897412,0.2748152580978789
2026-08-28T02:13:35.954877+00:00,2026-08-29,2026-08-29T11:30:00+00:00,2,2026/27,Liverpool,Nott'm Forest,V1.2,2.29620153239841,1.0195729530389468,3.315774485437357,-0.0799999999999999,0.6531793451830828,0.1996802499284502,0.1471404048884669,0.5817146753843523,0.4182853246156477,0.956893034063636,0.8501072765409455,0.6437213024700653,0.6133767284478686,0.3866232715521314,1.6303194327741617,2.5864971758823945,0.4231272660333462,0.2402672466192179,2-1,0.3654100001397411,0.1995997833552341,-0.0833319155323776,0.0395881641033558
2026-08-28T02:13:35.954877+00:00,2026-08-29,2026-08-29T14:00:00+00:00,2,2026/27,Bournemouth,Everton,V1.2,1.8945292192451115,1.150440719595652,3.0449699388407634,-0.0799999999999999,0.5390239061405151,0.2401930530656583,0.2207830407938266,0.5890101937878531,0.4109898062121468,0.9441026651024024,0.8157669341293026,0.5868070896657714,0.5718932406061734,0.4281067593938266,1.748578106885926,2.3358659447842864,0.3628388993292069,0.1923447976213559,1-1,0.2100559840745006,0.0782802969639142,-0.0838901646698299,0.0765200235245101
2026-08-28T02:13:35.954877+00:00,2026-08-29,2026-08-29T14:00:00+00:00,2,2026/27,Coventry City,Hull City,V1.2,1.6577054945470306,1.3529881150778953,3.010693609624926,-0.0799999999999999,0.4380801629927426,0.2571662479032301,0.3047535891040273,0.6090529354346715,0.3909470645653284,0.9419042053984084,0.811281142419254,0.5792007697909015,0.5664139685437681,0.4335860314562318,1.7654931826115932,2.30634736234796,0.3551628547609818,0.1865354749874135,1-1,0.0,0.0,0.0,0.0
2026-08-28T02:13:35.954877+00:00,2026-08-29,2026-08-29T16:30:00+00:00,2,2026/27,Spurs,Newcastle,V1.2,1.5774436989899268,1.662729735773528,3.240173434763455,-0.0799999999999999,0.3574658119252921,0.248845330845726,0.3936888572289818,0.6512500818131763,0.3487499181868236,0.9526264883064828,0.8421830122492909,0.6284164010913093,0.6021198992151581,0.3978801007848419,1.660798789914541,2.5133199625400744,0.4064101985564475,0.2265755486049042,1-1,0.0,0.0,0.2061451059080368,0.0496287892296506
2026-08-28T02:13:35.954877+00:00,2026-08-30,2026-08-30T13:00:00+00:00,2,2026/27,Chelsea,Brighton,V1.2,1.9578983132062044,1.4433240409668224,3.4012223541730267,-0.0799999999999999,0.4888247357612911,0.234180378611191,0.2769948856275179,0.6635709570147102,0.3364290429852897,0.9591317080575908,0.8608307447869316,0.6604933937639856,0.6258219796092942,0.3741780203907058,1.5978984960296667,2.672524695480053,0.4419061293630527,0.2560401568585565,1-1,0.2915020390622597,0.0643815001454709,0.1290147503174663,0.1250648443174343
2026-08-28T02:13:35.954877+00:00,2026-08-30,2026-08-30T13:00:00+00:00,2,2026/27,Leeds,Brentford,V1.2,1.7487163950111768,1.4832733962049864,3.231989791216164,-0.0799999999999999,0.4326753287091019,0.2472539965179075,0.3200706747729905,0.6467796742593004,0.3532203257406996,0.9523288970177672,0.8411174856103141,0.6267314292225238,0.6008858120502754,0.3991141879497246,1.6642097049819031,2.50554861288461,0.4045925339053174,0.2251048734310062,1-1,0.0944096864060444,0.1223375065873233,0.2142733412038113,0.0409620701737581
2026-08-28T02:13:35.954877+00:00,2026-08-30,2026-08-30T13:00:00+00:00,2,2026/27,Sunderland,Fulham,V1.2,1.2779406346723272,1.2426224619992856,2.520563096671613,-0.0799999999999999,0.3638208247858335,0.289131447731901,0.3470477274822651,0.5233933096941183,0.4766066903058816,0.9093698488023344,0.7271121014926287,0.4614505801193186,0.4821888532907079,0.5178111467092921,2.073876227489456,1.93120601276167,0.2468282456430439,0.1115859616424412,1-1,-0.200730920018235,0.0419722762965471,-0.0431192536307453,0.0594535908521747
2026-08-28T02:13:35.954877+00:00,2026-08-30,2026-08-30T15:30:00+00:00,2,2026/27,Man United,Ipswich Town,V1.2,1.9896638711455443,1.226381036772203,3.216044907917748,-0.0799999999999999,0.5430642689882937,0.2322805019764224,0.2246552290352838,0.6178494153878463,0.3821505846121537,0.9520558081676276,0.8387092374760877,0.6234317772718004,0.5984719191947968,0.4015280808052032,1.6709221735005242,2.490485840976932,0.401045502575618,0.222244440993754,1-1,0.1825313014938414,0.0982479790829363,0.0,0.0
2026-08-28T02:13:35.954877+00:00,2026-08-31,2026-08-31T19:00:00+00:00,2,2026/27,Aston Villa,Arsenal,V1.2,1.0489787479339434,1.765514628384213,2.8144933763181563,-0.0799999999999999,0.2152229892095302,0.2519816672690583,0.5327953435214113,0.5474207066701983,0.4525792933298017,0.9311848240026922,0.780257395163629,0.5339927858810501,0.5340275591026387,0.4659724408973613,1.872562535312532,2.1460496635256328,0.3112869291977032,0.1545858895720684,1-1,0.0955907461554005,0.0595409551496686,0.3256676121664609,0.5532080903077456
2026-08-28T22:58:00.429983+00:00,2026-08-28,2026-08-28T19:00:00+00:00,2,2026/27,Crystal Palace,Man City,V1.2,1.4376354331607193,1.8893629958244624,3.3269984289851813,-0.0799999999999999,0.2863837746210308,0.2390106599465832,0.474605565432386,0.6550445000638264,0.3449554999361736,0.956297944851528,0.8524580629424124,0.6459648777664345,0.6153676641721482,0.3846323358278518,1.625044763028451,2.5998854148538504,0.4256155300279071,0.2423400465894103,1-1,0.1418938875389281,0.0349537160567825,0.3674349099758933,0.2839436350728696
2026-08-28T22:58:00.429983+00:00,2026-08-29,2026-08-29T11:30:00+00:00,2,2026/27,Liverpool,Nott'm Forest,V1.2,2.2956487892022155,1.0219027647876886,3.317551553989904,-0.0799999999999999,0.6525449208887738,0.1998269080269856,0.1476281710842411,0.5824358697125634,0.4175641302874365,0.9569556994968638,0.8503228867674035,0.644075877494464,0.6139688526669289,0.3860311473330711,1.6287471191026175,2.59046454388094,0.4235192793459978,0.2405923081134555,2-1,0.364928855433388,0.1998117485194112,-0.0822804454074138,0.0389628062100477
2026-08-28T22:58:00.429983+00:00,2026-08-29,2026-08-29T14:00:00+00:00,2,2026/27,Bournemouth,Everton,V1.2,1.8929769125196712,1.150881860115747,3.043858772635418,-0.0799999999999999,0.5385690600170187,0.2403366075156189,0.2210943324673623,0.5889746751895567,0.4110253248104433,0.9440441458771116,0.8156114374856206,0.5865618681642585,0.5719561952505486,0.4280438047494513,1.7483856426486373,2.3362094928236004,0.3625900556655902,0.1921554140913087,1-1,0.2097545303206461,0.0787261355915179,-0.0845039201133441,0.076653305564872
2026-08-28T22:58:00.429983+00:00,2026-08-29,2026-08-29T14:00:00+00:00,2,2026/27,Coventry City,Hull City,V1.2,1.6570674623398178,1.354941851102922,3.01200931344274,-0.0799999999999999,0.4375104907589849,0.2571539304029278,0.305335578838087,0.6093687430718614,0.3906312569281386,0.9419712485573076,0.8114738981131447,0.5794944264724953,0.5668536314582683,0.4331463685417317,1.7641238310980458,2.3086884079547683,0.3554576231078409,0.1867573885357712,1-1,0.0,0.0,0.0,0.0
2026-08-28T22:58:00.429983+00:00,2026-08-29,2026-08-29T16:30:00+00:00,2,2026/27,Spurs,Newcastle,V1.2,1.576485066207552,1.6644009650238203,3.2408860312313728,-0.0799999999999999,0.3569332084238349,0.2487979166126855,0.3942688749634797,0.651338172699297,0.348661827300703,0.9526569762395194,0.8422708050133237,0.6285628521972537,0.602533597965319,0.397466402034681,1.6596584877206442,2.51593592535337,0.4065683898852512,0.2267037019058289,1-1,0.0,0.0,0.2057067388336731,0.049851723951292
2026-08-28T22:58:00.429983+00:00,2026-08-30,2026-08-30T13:00:00+00:00,2,2026/27,Chelsea,Brighton,V1.2,1.955924033041751,1.4444239233663685,3.40034795640812,-0.0799999999999999,0.4881534201141062,0.2343055745576543,0.2775410053282396,0.6635854789894386,0.3364145210105613,0.9590978233289046,0.8607363187108729,0.660324798484478,0.6260510168767552,0.3739489831232447,1.5973139137906085,2.6741615705114072,0.4417150210694773,0.2558776935984948,1-1,0.291117335563042,0.0646324988060596,0.1285845328346195,0.1253040537759317
2026-08-28T22:58:00.429983+00:00,2026-08-30,2026-08-30T13:00:00+00:00,2,2026/27,Leeds,Brentford,V1.2,1.746829460111817,1.4845649084498949,3.231394368561712,-0.0799999999999999,0.431969440977035,0.2473335946838687,0.320696964339096,0.6467705691911052,0.3532294308088948,0.9523022203812352,0.8410446637156154,0.6266086501855066,0.6010992784327834,0.3989007215672165,1.663618699738337,2.506889423692094,0.4044602764073821,0.224998025404439,1-1,0.0939724161113998,0.122507718313178,0.2138709175991452,0.0412194595936233
2026-08-28T22:58:00.429983+00:00,2026-08-30,2026-08-30T13:00:00+00:00,2,2026/27,Sunderland,Fulham,V1.2,1.276664811304153,1.2437125085885874,2.5203773198927406,-0.0799999999999999,0.3632495737501303,0.2891509751887672,0.3475994510611024,0.5233676617990213,0.4766323382009787,0.9093542569005736,0.7270750959334722,0.4614031235285415,0.4821850958830581,0.517814904116942,2.0738923880851865,1.9311919993986164,0.246788374779617,0.1115608384643,1-1,-0.2010595887020148,0.0421479836849142,-0.0435096902227591,0.0597388012192493
2026-08-28T22:58:00.429983+00:00,2026-08-30,2026-08-30T15:30:00+00:00,2,2026/27,Man United,Ipswich Town,V1.2,1.9880551148701675,1.2278727521727355,3.215927867042903,-0.0799999999999999,0.5423746584289615,0.2324267902210513,0.2251985513499871,0.6180753276726938,0.3819246723273062,0.9520470132525216,0.8386982495089689,0.6234075187319292,0.5987525485475063,0.4012474514524937,1.6701390289291735,2.4922276674407646,0.4010195088215328,0.2222235592297685,1-1,0.1821073804697468,0.0984753367489856,0.0,0.0
2026-08-28T22:58:00.429983+00:00,2026-08-31,2026-08-31T19:00:00+00:00,2,2026/27,Aston Villa,Arsenal,V1.2,1.0479685557560234,1.7667805063895632,2.8147490621455864,-0.0799999999999999,0.214811143824111,0.251850995209117,0.5333378609667718,0.5472633311144224,0.4527366688855776,0.9312046058520332,0.7802960583093871,0.5340534713956566,0.5342243002517474,0.4657756997482526,1.8718729184141585,2.1469561433550326,0.3113438603860025,0.1546259432059449,1-1,0.0952027540232011,0.0598159557729354,0.3252163840702564,0.553398623782166
2026-08-29T17:04:16.868172+00:00,2026-08-29,2026-08-29T11:30:00+00:00,2,2026/27,Liverpool,Nott'm Forest,V1.2,2.236205430454194,1.0843394113496805,3.3205448418038745,-0.0799999999999999,0.6268471443474515,0.2075888386842113,0.1655640169683373,0.5981526299491289,0.4018473700508711,0.956856603237024,0.8508909966103094,0.6446746735923602,0.614322193967462,0.385677806032538,1.627810308368845,2.5928378152919547,0.4241828645581747,0.2411446297710579,2-1,0.3636899822589567,0.1641260379062704,-0.0433255269042778,0.0452581801788594
2026-08-29T17:04:16.868172+00:00,2026-08-29,2026-08-29T14:00:00+00:00,2,2026/27,Bournemouth,Everton,V1.2,1.9067454464283191,1.1675960892534636,3.074341535681783,-0.0799999999999999,0.5378578610203636,0.2391826942560618,0.2229594447235742,0.5947745047168513,0.4052254952831486,0.9455476459367838,0.8199147564005722,0.5932553590252343,0.5764540936237651,0.4235459063762349,1.7347435139434904,2.3610191597784023,0.3694152723992985,0.1973750534831174,1-1,0.2239339909857653,0.0669110280990557,-0.0665644902181255,0.0648847801365753
2026-08-29T17:04:16.868172+00:00,2026-08-29,2026-08-29T14:00:00+00:00,2,2026/27,Coventry City,Hull City,V1.2,1.6263668864194272,1.334320974232308,2.960687860651736,-0.0799999999999999,0.4343970547969163,0.2599821994755805,0.3056207457275028,0.6007934298675287,0.3992065701324713,0.9392266574870564,0.803892274904439,0.5679443143236685,0.5580654680948917,0.4419345319051083,1.791904457757926,2.262778596841396,0.3439604076692292,0.1781737993159418,1-1,0.0,0.0,0.0,0.0
2026-08-29T17:04:16.868172+00:00,2026-08-29,2026-08-29T16:30:00+00:00,2,2026/27,Spurs,Newcastle,V1.2,1.5602139445534409,1.6563570724934042,3.216571017046845,-0.0799999999999999,0.3545722414445391,0.2498889997872143,0.3955387587682465,0.6474566914643143,0.3525433085356857,0.9516188429753324,0.8392363674077213,0.6235430776045839,0.5986573286302747,0.4013426713697253,1.670404674219884,2.4916363779289714,0.4011659540812962,0.2223430014864831,1-1,0.0,0.0,0.2161981272855742,0.041525667275062
2026-08-29T17:04:16.868172+00:00,2026-08-30,2026-08-30T13:00:00+00:00,2,2026/27,Chelsea,Brighton,V1.2,1.950129899351388,1.4445556273931075,3.394685526744495,-0.0799999999999999,0.4868332087580869,0.2347068318306318,0.2784599594112816,0.6630051800610791,0.3369948199389209,0.9588873425763818,0.8601137443253611,0.6592314674925059,0.6252164427267832,0.3747835572732167,1.5994460984401773,2.668206703825593,0.4404768497070332,0.2548260659808157,1-1,0.3005425186978616,0.0584977917867989,0.1378770128400285,0.1189951563665467
2026-08-29T17:04:16.868172+00:00,2026-08-30,2026-08-30T13:00:00+00:00,2,2026/27,Leeds,Brentford,V1.2,1.74507585578693,1.4793122966036665,3.2243881523905964,-0.0799999999999999,0.4326306773011648,0.2475982586983255,0.31977106400051,0.6455691277650734,0.3544308722349266,0.952004323502772,0.8401683373030094,0.6251617693045048,0.5998516399310669,0.400148360068933,1.667078879895897,2.499073093359001,0.4029034933308938,0.223741755375875,1-1,0.1035973846263412,0.1171585084351028,0.2203132948437155,0.0331479826294067
2026-08-29T17:04:16.868172+00:00,2026-08-30,2026-08-30T13:00:00+00:00,2,2026/27,Sunderland,Fulham,V1.2,1.2683518945967058,1.2465402730229058,2.514892167619612,-0.0799999999999999,0.3604121898258189,0.2895447451799661,0.3500430649942151,0.5223079872911195,0.4776920127088805,0.9088993709725918,0.725973857313078,0.4600011224644886,0.4801905941139134,0.5198094058860865,2.082506430275422,1.9237820414106643,0.2456118010375726,0.110820294718114,1-1,-0.1918738165141626,0.0359053747241778,-0.0321452218535158,0.0567564696518053
2026-08-29T17:04:16.868172+00:00,2026-08-30,2026-08-30T15:30:00+00:00,2,2026/27,Man United,Ipswich Town,V1.2,1.971763049761391,1.2216759602088014,3.1934390099701924,-0.0799999999999999,0.540162282395771,0.233780036016971,0.2260576815872579,0.6149897848928033,0.3850102151071967,0.9510621877504032,0.8358467210959368,0.6187224726486161,0.5951056246825281,0.4048943753174718,1.6803739681228378,2.4697799252358457,0.3960149506753564,0.2182142285545561,1-1,0.1925794685615144,0.088198875013827,0.0,0.0
2026-08-29T17:04:16.868172+00:00,2026-08-31,2026-08-31T19:00:00+00:00,2,2026/27,Aston Villa,Arsenal,V1.2,1.0462182805900608,1.772777065067605,2.8189953456576653,-0.0799999999999999,0.2135753673697869,0.2512434585296987,0.5351811741005146,0.5473943743735326,0.4526056256264674,0.9314809199455274,0.7809888137772258,0.5350607401417519,0.5343160683564515,0.4656839316435485,1.8715514266227955,2.147379224511093,0.31228962143686,0.1552919347428505,1-1,0.1044770710349305,0.0535698216031794,0.3376945730464577,0.545643668988305
2026-08-30T15:17:26.035213+00:00,2026-08-30,2026-08-30T13:00:00+00:00,2,2026/27,Chelsea,Brighton,V1.2,1.915091489914711,1.3871748926392606,3.302266382553971,-0.0799999999999999,0.4911316718068411,0.2378418783155934,0.2710264498775654,0.6475115917451754,0.3524884082548246,0.9553792066229032,0.8494979999783551,0.6410263943915876,0.6109580374261396,0.3890419625738603,1.63677362231427,2.5704168089840644,0.4201590436560004,0.2378183368215283,1-1,0.2950371065768629,0.0769940177715702,0.1183133190356929,0.1302948394211276
2026-08-30T15:17:26.035213+00:00,2026-08-30,2026-08-30T13:00:00+00:00,2,2026/27,Leeds,Brentford,V1.2,1.713656431202696,1.489114470161557,3.202770901364253,-0.0799999999999999,0.4232394533810584,0.2492369556462749,0.3275235909726666,0.6431695013308039,0.3568304986691961,0.9510520331798747,0.8374578627146586,0.6206733111849403,0.5958482227331621,0.4041517772668379,1.6782797394494011,2.4743179573840104,0.3980955753439166,0.2198792014331236,1-1,0.0920483351149252,0.1118813038153292,0.2241130054617927,0.0384421133197283
2026-08-30T15:17:26.035213+00:00,2026-08-30,2026-08-30T13:00:00+00:00,2,2026/27,Sunderland,Fulham,V1.2,1.289637974489197,1.2401188737936262,2.5297568482828234,-0.0799999999999999,0.3675062460560295,0.2884664473606957,0.3440273065832747,0.5251524753846087,0.4748475246153912,0.910127188831694,0.728948993111107,0.4637968409508803,0.4819341087454695,0.5180658912545304,2.0749724533984866,1.9302563957230128,0.2488031364060961,0.1128326873036305,1-1,-0.1804185335068936,0.0380638082997799,-0.0326788770232523,0.0502430571851821
2026-08-30T15:17:26.035213+00:00,2026-08-30,2026-08-30T15:30:00+00:00,2,2026/27,Man United,Ipswich Town,V1.2,1.9712834915152595,1.2195158485922275,3.1907993401074872,-0.0799999999999999,0.5405418743582173,0.2338090335924098,0.2256490920493729,0.6143990677680295,0.3856009322319704,0.9509487807809414,0.8355054927567591,0.6181699425090157,0.5939995863649861,0.4060004136350139,1.6835028558177223,2.4630516778216376,0.3954270401904263,0.2177450637574815,1-1,0.1936617193914534,0.0874959917427543,0.0,0.0
2026-08-30T15:17:26.035213+00:00,2026-08-31,2026-08-31T19:00:00+00:00,2,2026/27,Aston Villa,Arsenal,V1.2,1.0477784225180378,1.7795853212399535,2.827363743757992,-0.0799999999999999,0.2130059701795169,0.2505713857957743,0.5364226440247087,0.5485703441594818,0.4514296558405182,0.9320050570974164,0.7823656280646194,0.5370422165811664,0.5348745998344296,0.4651254001655703,1.869597098664901,2.149957838561452,0.3141542833380748,0.1566079679949084,1-1,0.1045305135232458,0.0497162821706666,0.3401467274306972,0.5428815086216843
2026-08-30T17:14:14.848714+00:00,2026-08-30,2026-08-30T13:00:00+00:00,2,2026/27,Chelsea,Brighton,V1.2,1.9151330312086667,1.3871941597490614,3.302327190957728,-0.0799999999999999,0.4911369364617408,0.2378386356398117,0.2710244278984471,0.6475200892577717,0.3524799107422283,0.9553816415469129,0.8495051919677952,0.6410385950795683,0.610967419902748,0.3890325800972519,1.6367484867837585,2.5704788009014976,0.4201724735403828,0.237829423860326,1-1,0.295043296705033,0.0769867577525334,0.1183208004315442,0.130282876244913
2026-08-30T17:14:14.848714+00:00,2026-08-30,2026-08-30T13:00:00+00:00,2,2026/27,Leeds,Brentford,V1.2,1.7136105052124555,1.4891250791222888,3.2027355843347443,-0.0799999999999999,0.4232264595189934,0.2492394103087208,0.3275341301722855,0.6431651835782884,0.3568348164217115,0.9510504677600856,0.837453394568916,0.6206659482019492,0.5958430972165415,0.4041569027834585,1.678294176220992,2.474286578091147,0.3980877148291508,0.2198729077487952,1-1,0.0920080805673241,0.1118730712362077,0.2241127492508949,0.0384321971357541
2026-08-30T17:14:14.848714+00:00,2026-08-30,2026-08-30T13:00:00+00:00,2,2026/27,Sunderland,Fulham,V1.2,1.2896301322759005,1.240213802831844,2.529843935107744,-0.0799999999999999,0.3674843792506247,0.2884611130359007,0.3440545077134739,0.5251706741578992,0.4748293258421008,0.9101342969178172,0.728966377009583,0.4638190441784668,0.4819507801757475,0.5180492198242524,2.074900676860283,1.9303185136332195,0.2488218596334966,0.1128445287869126,1-1,-0.180438472143757,0.0380108096412898,-0.0326544782221925,0.0502327375142116
2026-08-30T17:14:14.848714+00:00,2026-08-30,2026-08-30T15:30:00+00:00,2,2026/27,Man United,Ipswich Town,V1.2,1.9712786043782689,1.2195301985650628,3.1908088029433315,-0.0799999999999999,0.540537560551146,0.2338095332400877,0.2256529062087666,0.6144022349921578,0.3855977650078421,0.9509491714666752,0.8355067335527686,0.6181719243069517,0.5940013680949192,0.4059986319050808,1.6834978060862036,2.463062486953877,0.3954291480646995,0.2177467452582465,1-1,0.1936557022176688,0.0874833728178888,0.0,0.0
2026-08-30T17:14:14.848714+00:00,2026-08-31,2026-08-31T19:00:00+00:00,2,2026/27,Aston Villa,Arsenal,V1.2,1.047743694400118,1.779630830129994,2.827374524530112,-0.0799999999999999,0.2129916349158286,0.2505666532010924,0.5364417118830788,0.548565041868385,0.451434958131615,0.9320058569223174,0.7823672694582077,0.5370447658907064,0.5348768981906953,0.4651231018093047,1.869589065040304,2.149968462349112,0.3141566857842475,0.1566096659056404,1-1,0.1045463096583713,0.0497072204501951,0.3401640901845995,0.542933987836646
2026-08-30T20:32:32.709938+00:00,2026-08-30,2026-08-30T13:00:00+00:00,2,2026/27,Chelsea,Brighton,V1.2,1.9123814832835249,1.3833563695471156,3.2957378528306407,-0.0799999999999999,0.4913362286181011,0.2380806170095362,0.2705831543723626,0.6464156641659249,0.3535843358340751,0.955119727953728,0.8487212847272178,0.639714782959938,0.6103339529503089,0.3896660470496911,1.6384472716388698,2.566300060196104,0.4187167226755496,0.236628804505198,1-1,0.291830825880907,0.0797188170470653,0.11543462729602,0.1328554926189606
2026-08-30T20:32:32.709938+00:00,2026-08-30,2026-08-30T13:00:00+00:00,2,2026/27,Leeds,Brentford,V1.2,1.7134768199441102,1.4855062991698516,3.198983119113961,-0.0799999999999999,0.4239291680503105,0.2493652132927706,0.3267056186569189,0.6424864608623692,0.3575135391376308,0.9508873327213686,0.8369745243966763,0.6198830549498555,0.5955724138551365,0.4044275861448635,1.6790569488049427,2.472630538219037,0.3972524071877727,0.2192044861906955,1-1,0.0903720591396466,0.1140208691187358,0.2209796375961837,0.0412215068096423
2026-08-30T20:32:32.709938+00:00,2026-08-30,2026-08-30T13:00:00+00:00,2,2026/27,Sunderland,Fulham,V1.2,1.2856685954972775,1.2356567354871106,2.5213253309843884,-0.0799999999999999,0.3673608169854708,0.2890252943622074,0.3436138886523215,0.5234556976291754,0.4765443023708245,0.9094347425372892,0.7272629394078455,0.461645273010272,0.4802950474642984,0.5197049525357016,2.082053532051739,1.9241686944118628,0.246991848247007,0.1116890689374639,1-1,-0.1855001143319194,0.041750599230239,-0.0354436902755423,0.0525949768655361
2026-08-30T20:32:32.709938+00:00,2026-08-30,2026-08-30T15:30:00+00:00,2,2026/27,Man United,Ipswich Town,V1.2,2.028369378007053,1.237147429561241,3.265516807568294,-0.0799999999999999,0.5491317487630761,0.2290788814401436,0.2217893697967802,0.6240797536676557,0.3759202463323443,0.9541582383356992,0.8448171572534585,0.6335978238763726,0.6057658879239111,0.3942341120760889,1.6508027604974809,2.5365638572823337,0.4120269183347418,0.2311410393061612,1-1,0.2178582261889018,0.0759886184091547,0.0,0.0
2026-08-30T20:32:32.709938+00:00,2026-08-31,2026-08-31T19:00:00+00:00,2,2026/27,Aston Villa,Arsenal,V1.2,1.0461664383971243,1.7731489097854756,2.8193153481826,-0.0799999999999999,0.2135121621939249,0.2512060104290107,0.5352818273770643,0.547418808239245,0.4525811917607549,0.9315014246302856,0.7810412160827559,0.5351365987384176,0.5336007452712761,0.4663992547287239,1.8740603510431983,2.144085758845475,0.3123609058221046,0.1553421732618606,1-1,0.1015012778188333,0.0524552359808949,0.336415359145323,0.5457427879191333
2026-08-31T19:26:47.281517+00:00,2026-08-31,2026-08-31T19:00:00+00:00,2,2026/27,Aston Villa,Arsenal,V1.2,1.0420765241083094,1.765592269760478,2.807668793868787,-0.0799999999999999,0.2135931077927248,0.2519431643535329,0.5344637278537423,0.5454206126303268,0.4545793873696732,0.930772022049454,0.7791060096123404,0.5323711369830483,0.5315955926980077,0.4684044073019923,1.8811292150198216,2.1349073245488794,0.3097674009466005,0.1535180101795665,1-1,0.098401704777681,0.0558493451917333,0.3341431410660605,0.5484525161475798
2026-08-31T19:35:16.202919+00:00,2026-08-31,2026-08-31T19:00:00+00:00,2,2026/27,Aston Villa,Arsenal,V1.2,1.0420490718127302,1.7656387241561295,2.80768779596886,-0.0799999999999999,0.2135802770041853,0.2519383681252705,0.5344813548705438,0.5454175611616866,0.4545824388383134,0.9307733377679092,0.779109059909713,0.5323756563691847,0.531598374274705,0.468401625725295,1.881119372052945,2.1349200025758948,0.3097716304455398,0.1535209787157014,1-1,0.0983829523677234,0.0558383639831328,0.3341670423847228,0.5484580263614786
2026-09-01T17:13:39.060026+00:00,2026-09-04,2026-09-04T19:00:00+00:00,3,2026/27,Ipswich Town,Liverpool,V1.2,1.0979751684617551,2.685206818638519,3.7831819871002734,-0.0799999999999999,0.1259910612760116,0.1695764973944089,0.7044324413295795,0.6263586574105051,0.3736413425894949,0.9718806613584772,0.8965358038175247,0.7283449789778699,0.6785853122651537,0.3214146877348462,1.4736540592986709,3.1112454973587216,0.5230136873058673,0.3288122762954787,1-2,-0.2317689331936093,-0.3361696790509919,0.3610655414221196,0.1655753575441088
2026-09-01T17:13:39.060026+00:00,2026-09-05,2026-09-05T11:30:00+00:00,3,2026/27,Newcastle,Bournemouth,V1.2,1.871040440484874,1.585528145342351,3.456568585827225,-0.0799999999999999,0.440164042188694,0.2371162501512273,0.3227197076600785,0.6802189262532489,0.3197810737467511,0.9609772226294192,0.8669336981148893,0.6710431804755564,0.6338307145575609,0.3661692854424391,1.5777083328914407,2.730977282247223,0.4539640975860132,0.2663769129469679,1-1,0.2044854758030116,0.0506353164611148,0.2210303510665478,0.0688028327004177
2026-09-01T17:13:39.060026+00:00,2026-09-05,2026-09-05T14:00:00+00:00,3,2026/27,Brentford,Sunderland,V1.2,1.946640120673357,1.0616296096527016,3.0082697303260586,-0.0799999999999999,0.5714399534987935,0.2342760285021408,0.1942840179990655,0.5688953517691596,0.4311046482308404,0.9424591358875248,0.8102457210303865,0.5786573921804754,0.5649389412001197,0.4350610587998803,1.7701027970839909,2.298527941706639,0.3546166786327563,0.1861229544011923,1-1,0.2187479589946705,0.0429306303003917,-0.1877868064656624,0.0434551058810484
2026-09-01T17:13:39.060026+00:00,2026-09-05,2026-09-05T14:00:00+00:00,3,2026/27,Brighton,Leeds,V1.2,1.6713881146415863,1.3273571172514398,2.998745231893026,-0.0799999999999999,0.4468772524118937,0.2568905415945919,0.2962322059935144,0.605533655279126,0.394466344720874,0.9413029016440144,0.809511325159939,0.5765280107933245,0.5633797594499451,0.4366202405500549,1.775001645384542,2.2903198411970056,0.3524858763745015,0.184524555791606,1-1,0.1384918346258924,0.0953752599222106,0.0880425633605757,0.1156493654107547
2026-09-01T17:13:39.060026+00:00,2026-09-05,2026-09-05T14:00:00+00:00,3,2026/27,Fulham,Crystal Palace,V1.2,1.524268586958056,1.4679742717537572,2.9922428587118133,-0.0799999999999999,0.3817833143953216,0.2612185972417333,0.3569980883629454,0.6109842211639555,0.3890157788360445,0.9408435256007692,0.8086715362225154,0.5750692859780577,0.5623121278485356,0.4376878721514644,1.778371744934799,2.284733170888373,0.3510294844406247,0.1834341103862258,1-1,-0.0381566759599351,0.0548311304835385,0.1481920025218319,0.0311406624673018
2026-09-01T17:13:39.060026+00:00,2026-09-05,2026-09-05T14:00:00+00:00,3,2026/27,Man City,Coventry City,V1.2,1.7218438141164447,0.7744648748554123,2.496308688971857,-0.0799999999999999,0.5911153324554977,0.252364308307955,0.1565203592365471,0.4514909721573953,0.5485090278426047,0.90882199116491,0.7207328489873043,0.4552385349481602,0.4750924084002385,0.5249075915997615,2.104853671241062,1.9050972323572208,0.2416335321581428,0.1083275260399982,1-0,0.3756206391923195,0.2772704361929929,-0.2688350679343856,0.3230369559061352
2026-09-01T17:13:39.060026+00:00,2026-09-05,2026-09-05T14:00:00+00:00,3,2026/27,Nott'm Forest,Spurs,V1.2,1.5596767730361605,1.2758434302727042,2.8355202033088647,-0.0799999999999999,0.4303830823061864,0.2668312251758633,0.3027856925179504,0.5786311331387314,0.4213688668612686,0.931969275408503,0.7842435117484526,0.5389697702591323,0.5359893391421809,0.464010660857819,1.8657087501039489,2.155122897718114,0.3159740088832433,0.1578967622248492,1-1,-0.0463334153034884,0.046915058101284,0.0,0.0
2026-09-01T17:13:39.060026+00:00,2026-09-05,2026-09-05T16:30:00+00:00,3,2026/27,Hull City,Aston Villa,V1.2,1.263725632339058,1.4843835739400215,2.7481092062790795,-0.0799999999999999,0.3131507406973093,0.2729923479769132,0.4138569113257772,0.5644192453634733,0.4355807546365267,0.9263394045548388,0.76954947809891,0.5180858308007817,0.5208145825461323,0.4791854174538676,1.9200691253905564,2.086874857990169,0.296540649480608,0.1443330613824239,1-1,-0.1978450288939961,-0.0169897718957658,0.0874872805092873,0.0589027802908482
2026-09-01T17:13:39.060026+00:00,2026-09-06,2026-09-06T13:00:00+00:00,3,2026/27,Everton,Man United,V1.2,1.4111104795875722,1.547389796157098,2.95850027574467,-0.0799999999999999,0.3386396742753267,0.2624513140069269,0.3989090117177462,0.6042869665469417,0.3957130334530583,0.9390377751270902,0.8036322052617901,0.5674477889758915,0.5567399672235677,0.4432600327764323,1.796170670101064,2.2560121058881286,0.3434706445919939,0.1778115337369275,1-1,-0.0685290734486586,0.0695694814508551,0.2156164584295144,0.0779059762845069
2026-09-01T17:13:39.060026+00:00,2026-09-06,2026-09-06T15:30:00+00:00,3,2026/27,Arsenal,Chelsea,V1.2,2.1566573081967206,1.0443691279408551,3.201026436137576,-0.0799999999999999,0.6200839038786627,0.2136778404837043,0.1662382556376328,0.5804315509093918,0.4195684490906082,0.9519415062243238,0.836267186720124,0.620304154068503,0.5956428133442722,0.4043571866557278,1.6788584997533005,2.4730610287171824,0.3976988021648695,0.2195573980975599,1-1,0.3309086998399457,0.565992599582019,0.318883065428457,0.0531612376511452
2026-09-02T17:03:00.713470+00:00,2026-09-04,2026-09-04T19:00:00+00:00,3,2026/27,Ipswich Town,Liverpool,V1.2,1.0979751684617551,2.685206818638519,3.7831819871002734,-0.0799999999999999,0.1259910612760116,0.1695764973944089,0.7044324413295795,0.6263586574105051,0.3736413425894949,0.9718806613584772,0.8965358038175247,0.7283449789778699,0.6785853122651537,0.3214146877348462,1.4736540592986709,3.1112454973587216,0.5230136873058673,0.3288122762954787,1-2,-0.2317689331936093,-0.3361696790509919,0.3610655414221196,0.1655753575441088
2026-09-02T17:03:00.713470+00:00,2026-09-05,2026-09-05T11:30:00+00:00,3,2026/27,Newcastle,Bournemouth,V1.2,1.871040440484874,1.585528145342351,3.456568585827225,-0.0799999999999999,0.440164042188694,0.2371162501512273,0.3227197076600785,0.6802189262532489,0.3197810737467511,0.9609772226294192,0.8669336981148893,0.6710431804755564,0.6338307145575609,0.3661692854424391,1.5777083328914407,2.730977282247223,0.4539640975860132,0.2663769129469679,1-1,0.2044854758030116,0.0506353164611148,0.2210303510665478,0.0688028327004177
2026-09-02T17:03:00.713470+00:00,2026-09-05,2026-09-05T14:00:00+00:00,3,2026/27,Brentford,Sunderland,V1.2,1.946640120673357,1.0616296096527016,3.0082697303260586,-0.0799999999999999,0.5714399534987935,0.2342760285021408,0.1942840179990655,0.5688953517691596,0.4311046482308404,0.9424591358875248,0.8102457210303865,0.5786573921804754,0.5649389412001197,0.4350610587998803,1.7701027970839909,2.298527941706639,0.3546166786327563,0.1861229544011923,1-1,0.2187479589946705,0.0429306303003917,-0.1877868064656624,0.0434551058810484
2026-09-02T17:03:00.713470+00:00,2026-09-05,2026-09-05T14:00:00+00:00,3,2026/27,Brighton,Leeds,V1.2,1.6713881146415863,1.3273571172514398,2.998745231893026,-0.0799999999999999,0.4468772524118937,0.2568905415945919,0.2962322059935144,0.605533655279126,0.394466344720874,0.9413029016440144,0.809511325159939,0.5765280107933245,0.5633797594499451,0.4366202405500549,1.775001645384542,2.2903198411970056,0.3524858763745015,0.184524555791606,1-1,0.1384918346258924,0.0953752599222106,0.0880425633605757,0.1156493654107547
2026-09-02T17:03:00.713470+00:00,2026-09-05,2026-09-05T14:00:00+00:00,3,2026/27,Fulham,Crystal Palace,V1.2,1.524268586958056,1.4679742717537572,2.9922428587118133,-0.0799999999999999,0.3817833143953216,0.2612185972417333,0.3569980883629454,0.6109842211639555,0.3890157788360445,0.9408435256007692,0.8086715362225154,0.5750692859780577,0.5623121278485356,0.4376878721514644,1.778371744934799,2.284733170888373,0.3510294844406247,0.1834341103862258,1-1,-0.0381566759599351,0.0548311304835385,0.1481920025218319,0.0311406624673018
2026-09-02T17:03:00.713470+00:00,2026-09-05,2026-09-05T14:00:00+00:00,3,2026/27,Man City,Coventry City,V1.2,1.7218438141164447,0.7744648748554123,2.496308688971857,-0.0799999999999999,0.5911153324554977,0.252364308307955,0.1565203592365471,0.4514909721573953,0.5485090278426047,0.90882199116491,0.7207328489873043,0.4552385349481602,0.4750924084002385,0.5249075915997615,2.104853671241062,1.9050972323572208,0.2416335321581428,0.1083275260399982,1-0,0.3756206391923195,0.2772704361929929,-0.2688350679343856,0.3230369559061352
2026-09-02T17:03:00.713470+00:00,2026-09-05,2026-09-05T14:00:00+00:00,3,2026/27,Nott'm Forest,Spurs,V1.2,1.5596767730361605,1.2758434302727042,2.8355202033088647,-0.0799999999999999,0.4303830823061864,0.2668312251758633,0.3027856925179504,0.5786311331387314,0.4213688668612686,0.931969275408503,0.7842435117484526,0.5389697702591323,0.5359893391421809,0.464010660857819,1.8657087501039489,2.155122897718114,0.3159740088832433,0.1578967622248492,1-1,-0.0463334153034884,0.046915058101284,0.0,0.0
2026-09-02T17:03:00.713470+00:00,2026-09-05,2026-09-05T16:30:00+00:00,3,2026/27,Hull City,Aston Villa,V1.2,1.263725632339058,1.4843835739400215,2.7481092062790795,-0.0799999999999999,0.3131507406973093,0.2729923479769132,0.4138569113257772,0.5644192453634733,0.4355807546365267,0.9263394045548388,0.76954947809891,0.5180858308007817,0.5208145825461323,0.4791854174538676,1.9200691253905564,2.086874857990169,0.296540649480608,0.1443330613824239,1-1,-0.1978450288939961,-0.0169897718957658,0.0874872805092873,0.0589027802908482
2026-09-02T17:03:00.713470+00:00,2026-09-06,2026-09-06T13:00:00+00:00,3,2026/27,Everton,Man United,V1.2,1.4111104795875722,1.547389796157098,2.95850027574467,-0.0799999999999999,0.3386396742753267,0.2624513140069269,0.3989090117177462,0.6042869665469417,0.3957130334530583,0.9390377751270902,0.8036322052617901,0.5674477889758915,0.5567399672235677,0.4432600327764323,1.796170670101064,2.2560121058881286,0.3434706445919939,0.1778115337369275,1-1,-0.0685290734486586,0.0695694814508551,0.2156164584295144,0.0779059762845069
2026-09-02T17:03:00.713470+00:00,2026-09-06,2026-09-06T15:30:00+00:00,3,2026/27,Arsenal,Chelsea,V1.2,2.1566573081967206,1.0443691279408551,3.201026436137576,-0.0799999999999999,0.6200839038786627,0.2136778404837043,0.1662382556376328,0.5804315509093918,0.4195684490906082,0.9519415062243238,0.836267186720124,0.620304154068503,0.5956428133442722,0.4043571866557278,1.6788584997533005,2.4730610287171824,0.3976988021648695,0.2195573980975599,1-1,0.3309086998399457,0.565992599582019,0.318883065428457,0.0531612376511452
2026-09-02T22:50:19.849541+00:00,2026-09-04,2026-09-04T19:00:00+00:00,3,2026/27,Ipswich Town,Liverpool,V1.2,1.0979751684617551,2.685206818638519,3.7831819871002734,-0.0799999999999999,0.1259910612760116,0.1695764973944089,0.7044324413295795,0.6263586574105051,0.3736413425894949,0.9718806613584772,0.8965358038175247,0.7283449789778699,0.6785853122651537,0.3214146877348462,1.4736540592986709,3.1112454973587216,0.5230136873058673,0.3288122762954787,1-2,-0.2317689331936093,-0.3361696790509919,0.3610655414221196,0.1655753575441088
2026-09-02T22:50:19.849541+00:00,2026-09-05,2026-09-05T11:30:00+00:00,3,2026/27,Newcastle,Bournemouth,V1.2,1.871040440484874,1.585528145342351,3.456568585827225,-0.0799999999999999,0.440164042188694,0.2371162501512273,0.3227197076600785,0.6802189262532489,0.3197810737467511,0.9609772226294192,0.8669336981148893,0.6710431804755564,0.6338307145575609,0.3661692854424391,1.5777083328914407,2.730977282247223,0.4539640975860132,0.2663769129469679,1-1,0.2044854758030116,0.0506353164611148,0.2210303510665478,0.0688028327004177
2026-09-02T22:50:19.849541+00:00,2026-09-05,2026-09-05T14:00:00+00:00,3,2026/27,Brentford,Sunderland,V1.2,1.946640120673357,1.0616296096527016,3.0082697303260586,-0.0799999999999999,0.5714399534987935,0.2342760285021408,0.1942840179990655,0.5688953517691596,0.4311046482308404,0.9424591358875248,0.8102457210303865,0.5786573921804754,0.5649389412001197,0.4350610587998803,1.7701027970839909,2.298527941706639,0.3546166786327563,0.1861229544011923,1-1,0.2187479589946705,0.0429306303003917,-0.1877868064656624,0.0434551058810484
2026-09-02T22:50:19.849541+00:00,2026-09-05,2026-09-05T14:00:00+00:00,3,2026/27,Brighton,Leeds,V1.2,1.6713881146415863,1.3273571172514398,2.998745231893026,-0.0799999999999999,0.4468772524118937,0.2568905415945919,0.2962322059935144,0.605533655279126,0.394466344720874,0.9413029016440144,0.809511325159939,0.5765280107933245,0.5633797594499451,0.4366202405500549,1.775001645384542,2.2903198411970056,0.3524858763745015,0.184524555791606,1-1,0.1384918346258924,0.0953752599222106,0.0880425633605757,0.1156493654107547
2026-09-02T22:50:19.849541+00:00,2026-09-05,2026-09-05T14:00:00+00:00,3,2026/27,Fulham,Crystal Palace,V1.2,1.524268586958056,1.4679742717537572,2.9922428587118133,-0.0799999999999999,0.3817833143953216,0.2612185972417333,0.3569980883629454,0.6109842211639555,0.3890157788360445,0.9408435256007692,0.8086715362225154,0.5750692859780577,0.5623121278485356,0.4376878721514644,1.778371744934799,2.284733170888373,0.3510294844406247,0.1834341103862258,1-1,-0.0381566759599351,0.0548311304835385,0.1481920025218319,0.0311406624673018
2026-09-02T22:50:19.849541+00:00,2026-09-05,2026-09-05T14:00:00+00:00,3,2026/27,Man City,Coventry City,V1.2,1.7218438141164447,0.7744648748554123,2.496308688971857,-0.0799999999999999,0.5911153324554977,0.252364308307955,0.1565203592365471,0.4514909721573953,0.5485090278426047,0.90882199116491,0.7207328489873043,0.4552385349481602,0.4750924084002385,0.5249075915997615,2.104853671241062,1.9050972323572208,0.2416335321581428,0.1083275260399982,1-0,0.3756206391923195,0.2772704361929929,-0.2688350679343856,0.3230369559061352
2026-09-02T22:50:19.849541+00:00,2026-09-05,2026-09-05T14:00:00+00:00,3,2026/27,Nott'm Forest,Spurs,V1.2,1.5596767730361605,1.2758434302727042,2.8355202033088647,-0.0799999999999999,0.4303830823061864,0.2668312251758633,0.3027856925179504,0.5786311331387314,0.4213688668612686,0.931969275408503,0.7842435117484526,0.5389697702591323,0.5359893391421809,0.464010660857819,1.8657087501039489,2.155122897718114,0.3159740088832433,0.1578967622248492,1-1,-0.0463334153034884,0.046915058101284,0.0,0.0
2026-09-02T22:50:19.849541+00:00,2026-09-05,2026-09-05T16:30:00+00:00,3,2026/27,Hull City,Aston Villa,V1.2,1.263725632339058,1.4843835739400215,2.7481092062790795,-0.0799999999999999,0.3131507406973093,0.2729923479769132,0.4138569113257772,0.5644192453634733,0.4355807546365267,0.9263394045548388,0.76954947809891,0.5180858308007817,0.5208145825461323,0.4791854174538676,1.9200691253905564,2.086874857990169,0.296540649480608,0.1443330613824239,1-1,-0.1978450288939961,-0.0169897718957658,0.0874872805092873,0.0589027802908482
2026-09-02T22:50:19.849541+00:00,2026-09-06,2026-09-06T13:00:00+00:00,3,2026/27,Everton,Man United,V1.2,1.4111104795875722,1.547389796157098,2.95850027574467,-0.0799999999999999,0.3386396742753267,0.2624513140069269,0.3989090117177462,0.6042869665469417,0.3957130334530583,0.9390377751270902,0.8036322052617901,0.5674477889758915,0.5567399672235677,0.4432600327764323,1.796170670101064,2.2560121058881286,0.3434706445919939,0.1778115337369275,1-1,-0.0685290734486586,0.0695694814508551,0.2156164584295144,0.0779059762845069
2026-09-02T22:50:19.849541+00:00,2026-09-06,2026-09-06T15:30:00+00:00,3,2026/27,Arsenal,Chelsea,V1.2,2.1566573081967206,1.0443691279408551,3.201026436137576,-0.0799999999999999,0.6200839038786627,0.2136778404837043,0.1662382556376328,0.5804315509093918,0.4195684490906082,0.9519415062243238,0.836267186720124,0.620304154068503,0.5956428133442722,0.4043571866557278,1.6788584997533005,2.4730610287171824,0.3976988021648695,0.2195573980975599,1-1,0.3309086998399457,0.565992599582019,0.318883065428457,0.0531612376511452
2026-09-02T23:41:01.405969+00:00,2026-09-04,2026-09-04T19:00:00+00:00,3,2026/27,Ipswich Town,Liverpool,V1.2,1.0979751684617551,2.685206818638519,3.7831819871002734,-0.0799999999999999,0.1259910612760116,0.1695764973944089,0.7044324413295795,0.6263586574105051,0.3736413425894949,0.9718806613584772,0.8965358038175247,0.7283449789778699,0.6785853122651537,0.3214146877348462,1.4736540592986709,3.1112454973587216,0.5230136873058673,0.3288122762954787,1-2,-0.2317689331936093,-0.3361696790509919,0.3610655414221196,0.1655753575441088
2026-09-02T23:41:01.405969+00:00,2026-09-05,2026-09-05T11:30:00+00:00,3,2026/27,Newcastle,Bournemouth,V1.2,1.871040440484874,1.585528145342351,3.456568585827225,-0.0799999999999999,0.440164042188694,0.2371162501512273,0.3227197076600785,0.6802189262532489,0.3197810737467511,0.9609772226294192,0.8669336981148893,0.6710431804755564,0.6338307145575609,0.3661692854424391,1.5777083328914407,2.730977282247223,0.4539640975860132,0.2663769129469679,1-1,0.2044854758030116,0.0506353164611148,0.2210303510665478,0.0688028327004177
2026-09-02T23:41:01.405969+00:00,2026-09-05,2026-09-05T14:00:00+00:00,3,2026/27,Brentford,Sunderland,V1.2,1.946640120673357,1.0616296096527016,3.0082697303260586,-0.0799999999999999,0.5714399534987935,0.2342760285021408,0.1942840179990655,0.5688953517691596,0.4311046482308404,0.9424591358875248,0.8102457210303865,0.5786573921804754,0.5649389412001197,0.4350610587998803,1.7701027970839909,2.298527941706639,0.3546166786327563,0.1861229544011923,1-1,0.2187479589946705,0.0429306303003917,-0.1877868064656624,0.0434551058810484
2026-09-02T23:41:01.405969+00:00,2026-09-05,2026-09-05T14:00:00+00:00,3,2026/27,Brighton,Leeds,V1.2,1.6713881146415863,1.3273571172514398,2.998745231893026,-0.0799999999999999,0.4468772524118937,0.2568905415945919,0.2962322059935144,0.605533655279126,0.394466344720874,0.9413029016440144,0.809511325159939,0.5765280107933245,0.5633797594499451,0.4366202405500549,1.775001645384542,2.2903198411970056,0.3524858763745015,0.184524555791606,1-1,0.1384918346258924,0.0953752599222106,0.0880425633605757,0.1156493654107547
2026-09-02T23:41:01.405969+00:00,2026-09-05,2026-09-05T14:00:00+00:00,3,2026/27,Fulham,Crystal Palace,V1.2,1.524268586958056,1.4679742717537572,2.9922428587118133,-0.0799999999999999,0.3817833143953216,0.2612185972417333,0.3569980883629454,0.6109842211639555,0.3890157788360445,0.9408435256007692,0.8086715362225154,0.5750692859780577,0.5623121278485356,0.4376878721514644,1.778371744934799,2.284733170888373,0.3510294844406247,0.1834341103862258,1-1,-0.0381566759599351,0.0548311304835385,0.1481920025218319,0.0311406624673018
2026-09-02T23:41:01.405969+00:00,2026-09-05,2026-09-05T14:00:00+00:00,3,2026/27,Man City,Coventry City,V1.2,1.7218438141164447,0.7744648748554123,2.496308688971857,-0.0799999999999999,0.5911153324554977,0.252364308307955,0.1565203592365471,0.4514909721573953,0.5485090278426047,0.90882199116491,0.7207328489873043,0.4552385349481602,0.4750924084002385,0.5249075915997615,2.104853671241062,1.9050972323572208,0.2416335321581428,0.1083275260399982,1-0,0.3756206391923195,0.2772704361929929,-0.2688350679343856,0.3230369559061352
2026-09-02T23:41:01.405969+00:00,2026-09-05,2026-09-05T14:00:00+00:00,3,2026/27,Nott'm Forest,Spurs,V1.2,1.5596767730361605,1.2758434302727042,2.8355202033088647,-0.0799999999999999,0.4303830823061864,0.2668312251758633,0.3027856925179504,0.5786311331387314,0.4213688668612686,0.931969275408503,0.7842435117484526,0.5389697702591323,0.5359893391421809,0.464010660857819,1.8657087501039489,2.155122897718114,0.3159740088832433,0.1578967622248492,1-1,-0.0463334153034884,0.046915058101284,0.0,0.0
2026-09-02T23:41:01.405969+00:00,2026-09-05,2026-09-05T16:30:00+00:00,3,2026/27,Hull City,Aston Villa,V1.2,1.263725632339058,1.4843835739400215,2.7481092062790795,-0.0799999999999999,0.3131507406973093,0.2729923479769132,0.4138569113257772,0.5644192453634733,0.4355807546365267,0.9263394045548388,0.76954947809891,0.5180858308007817,0.5208145825461323,0.4791854174538676,1.9200691253905564,2.086874857990169,0.296540649480608,0.1443330613824239,1-1,-0.1978450288939961,-0.0169897718957658,0.0874872805092873,0.0589027802908482
2026-09-02T23:41:01.405969+00:00,2026-09-06,2026-09-06T13:00:00+00:00,3,2026/27,Everton,Man United,V1.2,1.4111104795875722,1.547389796157098,2.95850027574467,-0.0799999999999999,0.3386396742753267,0.2624513140069269,0.3989090117177462,0.6042869665469417,0.3957130334530583,0.9390377751270902,0.8036322052617901,0.5674477889758915,0.5567399672235677,0.4432600327764323,1.796170670101064,2.2560121058881286,0.3434706445919939,0.1778115337369275,1-1,-0.0685290734486586,0.0695694814508551,0.2156164584295144,0.0779059762845069
2026-09-02T23:41:01.405969+00:00,2026-09-06,2026-09-06T15:30:00+00:00,3,2026/27,Arsenal,Chelsea,V1.2,2.1566573081967206,1.0443691279408551,3.201026436137576,-0.0799999999999999,0.6200839038786627,0.2136778404837043,0.1662382556376328,0.5804315509093918,0.4195684490906082,0.9519415062243238,0.836267186720124,0.620304154068503,0.5956428133442722,0.4043571866557278,1.6788584997533005,2.4730610287171824,0.3976988021648695,0.2195573980975599,1-1,0.3309086998399457,0.565992599582019,0.318883065428457,0.0531612376511452
2026-09-03T00:57:36.452500+00:00,2026-09-04,2026-09-04T19:00:00+00:00,3,2026/27,Ipswich Town,Liverpool,V1.2,1.0979751684617551,2.685206818638519,3.7831819871002734,-0.0799999999999999,0.1259910612760116,0.1695764973944089,0.7044324413295795,0.6263586574105051,0.3736413425894949,0.9718806613584772,0.8965358038175247,0.7283449789778699,0.6785853122651537,0.3214146877348462,1.4736540592986709,3.1112454973587216,0.5230136873058673,0.3288122762954787,1-2,-0.2317689331936093,-0.3361696790509919,0.3610655414221196,0.1655753575441088
2026-09-03T00:57:36.452500+00:00,2026-09-05,2026-09-05T11:30:00+00:00,3,2026/27,Newcastle,Bournemouth,V1.2,1.871040440484874,1.585528145342351,3.456568585827225,-0.0799999999999999,0.440164042188694,0.2371162501512273,0.3227197076600785,0.6802189262532489,0.3197810737467511,0.9609772226294192,0.8669336981148893,0.6710431804755564,0.6338307145575609,0.3661692854424391,1.5777083328914407,2.730977282247223,0.4539640975860132,0.2663769129469679,1-1,0.2044854758030116,0.0506353164611148,0.2210303510665478,0.0688028327004177
2026-09-03T00:57:36.452500+00:00,2026-09-05,2026-09-05T14:00:00+00:00,3,2026/27,Brentford,Sunderland,V1.2,1.946640120673357,1.0616296096527016,3.0082697303260586,-0.0799999999999999,0.5714399534987935,0.2342760285021408,0.1942840179990655,0.5688953517691596,0.4311046482308404,0.9424591358875248,0.8102457210303865,0.5786573921804754,0.5649389412001197,0.4350610587998803,1.7701027970839909,2.298527941706639,0.3546166786327563,0.1861229544011923,1-1,0.2187479589946705,0.0429306303003917,-0.1877868064656624,0.0434551058810484
2026-09-03T00:57:36.452500+00:00,2026-09-05,2026-09-05T14:00:00+00:00,3,2026/27,Brighton,Leeds,V1.2,1.6713881146415863,1.3273571172514398,2.998745231893026,-0.0799999999999999,0.4468772524118937,0.2568905415945919,0.2962322059935144,0.605533655279126,0.394466344720874,0.9413029016440144,0.809511325159939,0.5765280107933245,0.5633797594499451,0.4366202405500549,1.775001645384542,2.2903198411970056,0.3524858763745015,0.184524555791606,1-1,0.1384918346258924,0.0953752599222106,0.0880425633605757,0.1156493654107547
2026-09-03T00:57:36.452500+00:00,2026-09-05,2026-09-05T14:00:00+00:00,3,2026/27,Fulham,Crystal Palace,V1.2,1.524268586958056,1.4679742717537572,2.9922428587118133,-0.0799999999999999,0.3817833143953216,0.2612185972417333,0.3569980883629454,0.6109842211639555,0.3890157788360445,0.9408435256007692,0.8086715362225154,0.5750692859780577,0.5623121278485356,0.4376878721514644,1.778371744934799,2.284733170888373,0.3510294844406247,0.1834341103862258,1-1,-0.0381566759599351,0.0548311304835385,0.1481920025218319,0.0311406624673018
2026-09-03T00:57:36.452500+00:00,2026-09-05,2026-09-05T14:00:00+00:00,3,2026/27,Man City,Coventry City,V1.2,1.7218438141164447,0.7744648748554123,2.496308688971857,-0.0799999999999999,0.5911153324554977,0.252364308307955,0.1565203592365471,0.4514909721573953,0.5485090278426047,0.90882199116491,0.7207328489873043,0.4552385349481602,0.4750924084002385,0.5249075915997615,2.104853671241062,1.9050972323572208,0.2416335321581428,0.1083275260399982,1-0,0.3756206391923195,0.2772704361929929,-0.2688350679343856,0.3230369559061352
2026-09-03T00:57:36.452500+00:00,2026-09-05,2026-09-05T14:00:00+00:00,3,2026/27,Nott'm Forest,Spurs,V1.2,1.5596767730361605,1.2758434302727042,2.8355202033088647,-0.0799999999999999,0.4303830823061864,0.2668312251758633,0.3027856925179504,0.5786311331387314,0.4213688668612686,0.931969275408503,0.7842435117484526,0.5389697702591323,0.5359893391421809,0.464010660857819,1.8657087501039489,2.155122897718114,0.3159740088832433,0.1578967622248492,1-1,-0.0463334153034884,0.046915058101284,0.0,0.0
2026-09-03T00:57:36.452500+00:00,2026-09-05,2026-09-05T16:30:00+00:00,3,2026/27,Hull City,Aston Villa,V1.2,1.263725632339058,1.4843835739400215,2.7481092062790795,-0.0799999999999999,0.3131507406973093,0.2729923479769132,0.4138569113257772,0.5644192453634733,0.4355807546365267,0.9263394045548388,0.76954947809891,0.5180858308007817,0.5208145825461323,0.4791854174538676,1.9200691253905564,2.086874857990169,0.296540649480608,0.1443330613824239,1-1,-0.1978450288939961,-0.0169897718957658,0.0874872805092873,0.0589027802908482
2026-09-03T00:57:36.452500+00:00,2026-09-06,2026-09-06T13:00:00+00:00,3,2026/27,Everton,Man United,V1.2,1.4111104795875722,1.547389796157098,2.95850027574467,-0.0799999999999999,0.3386396742753267,0.2624513140069269,0.3989090117177462,0.6042869665469417,0.3957130334530583,0.9390377751270902,0.8036322052617901,0.5674477889758915,0.5567399672235677,0.4432600327764323,1.796170670101064,2.2560121058881286,0.3434706445919939,0.1778115337369275,1-1,-0.0685290734486586,0.0695694814508551,0.2156164584295144,0.0779059762845069
2026-09-03T00:57:36.452500+00:00,2026-09-06,2026-09-06T15:30:00+00:00,3,2026/27,Arsenal,Chelsea,V1.2,2.1566573081967206,1.0443691279408551,3.201026436137576,-0.0799999999999999,0.6200839038786627,0.2136778404837043,0.1662382556376328,0.5804315509093918,0.4195684490906082,0.9519415062243238,0.836267186720124,0.620304154068503,0.5956428133442722,0.4043571866557278,1.6788584997533005,2.4730610287171824,0.3976988021648695,0.2195573980975599,1-1,0.3309086998399457,0.565992599582019,0.318883065428457,0.0531612376511452
2026-09-03T16:56:24.890000+00:00,2026-09-04,2026-09-04T19:00:00+00:00,3,2026/27,Ipswich Town,Liverpool,V1.2,1.0979751684617551,2.685206818638519,3.7831819871002734,-0.0799999999999999,0.1259910612760116,0.1695764973944089,0.7044324413295795,0.6263586574105051,0.3736413425894949,0.9718806613584772,0.8965358038175247,0.7283449789778699,0.6785853122651537,0.3214146877348462,1.4736540592986709,3.1112454973587216,0.5230136873058673,0.3288122762954787,1-2,-0.2317689331936093,-0.3361696790509919,0.3610655414221196,0.1655753575441088
2026-09-03T16:56:24.890000+00:00,2026-09-05,2026-09-05T11:30:00+00:00,3,2026/27,Newcastle,Bournemouth,V1.2,1.871040440484874,1.585528145342351,3.456568585827225,-0.0799999999999999,0.440164042188694,0.2371162501512273,0.3227197076600785,0.6802189262532489,0.3197810737467511,0.9609772226294192,0.8669336981148893,0.6710431804755564,0.6338307145575609,0.3661692854424391,1.5777083328914407,2.730977282247223,0.4539640975860132,0.2663769129469679,1-1,0.2044854758030116,0.0506353164611148,0.2210303510665478,0.0688028327004177
2026-09-03T16:56:24.890000+00:00,2026-09-05,2026-09-05T14:00:00+00:00,3,2026/27,Brentford,Sunderland,V1.2,1.946640120673357,1.0616296096527016,3.0082697303260586,-0.0799999999999999,0.5714399534987935,0.2342760285021408,0.1942840179990655,0.5688953517691596,0.4311046482308404,0.9424591358875248,0.8102457210303865,0.5786573921804754,0.5649389412001197,0.4350610587998803,1.7701027970839909,2.298527941706639,0.3546166786327563,0.1861229544011923,1-1,0.2187479589946705,0.0429306303003917,-0.1877868064656624,0.0434551058810484
2026-09-03T16:56:24.890000+00:00,2026-09-05,2026-09-05T14:00:00+00:00,3,2026/27,Brighton,Leeds,V1.2,1.6713881146415863,1.3273571172514398,2.998745231893026,-0.0799999999999999,0.4468772524118937,0.2568905415945919,0.2962322059935144,0.605533655279126,0.394466344720874,0.9413029016440144,0.809511325159939,0.5765280107933245,0.5633797594499451,0.4366202405500549,1.775001645384542,2.2903198411970056,0.3524858763745015,0.184524555791606,1-1,0.1384918346258924,0.0953752599222106,0.0880425633605757,0.1156493654107547
2026-09-03T16:56:24.890000+00:00,2026-09-05,2026-09-05T14:00:00+00:00,3,2026/27,Fulham,Crystal Palace,V1.2,1.524268586958056,1.4679742717537572,2.9922428587118133,-0.0799999999999999,0.3817833143953216,0.2612185972417333,0.3569980883629454,0.6109842211639555,0.3890157788360445,0.9408435256007692,0.8086715362225154,0.5750692859780577,0.5623121278485356,0.4376878721514644,1.778371744934799,2.284733170888373,0.3510294844406247,0.1834341103862258,1-1,-0.0381566759599351,0.0548311304835385,0.1481920025218319,0.0311406624673018
2026-09-03T16:56:24.890000+00:00,2026-09-05,2026-09-05T14:00:00+00:00,3,2026/27,Man City,Coventry City,V1.2,1.7218438141164447,0.7744648748554123,2.496308688971857,-0.0799999999999999,0.5911153324554977,0.252364308307955,0.1565203592365471,0.4514909721573953,0.5485090278426047,0.90882199116491,0.7207328489873043,0.4552385349481602,0.4750924084002385,0.5249075915997615,2.104853671241062,1.9050972323572208,0.2416335321581428,0.1083275260399982,1-0,0.3756206391923195,0.2772704361929929,-0.2688350679343856,0.3230369559061352
2026-09-03T16:56:24.890000+00:00,2026-09-05,2026-09-05T14:00:00+00:00,3,2026/27,Nott'm Forest,Spurs,V1.2,1.5596767730361605,1.2758434302727042,2.8355202033088647,-0.0799999999999999,0.4303830823061864,0.2668312251758633,0.3027856925179504,0.5786311331387314,0.4213688668612686,0.931969275408503,0.7842435117484526,0.5389697702591323,0.5359893391421809,0.464010660857819,1.8657087501039489,2.155122897718114,0.3159740088832433,0.1578967622248492,1-1,-0.0463334153034884,0.046915058101284,0.0,0.0
2026-09-03T16:56:24.890000+00:00,2026-09-05,2026-09-05T16:30:00+00:00,3,2026/27,Hull City,Aston Villa,V1.2,1.263725632339058,1.4843835739400215,2.7481092062790795,-0.0799999999999999,0.3131507406973093,0.2729923479769132,0.4138569113257772,0.5644192453634733,0.4355807546365267,0.9263394045548388,0.76954947809891,0.5180858308007817,0.5208145825461323,0.4791854174538676,1.9200691253905564,2.086874857990169,0.296540649480608,0.1443330613824239,1-1,-0.1978450288939961,-0.0169897718957658,0.0874872805092873,0.0589027802908482
2026-09-03T16:56:24.890000+00:00,2026-09-06,2026-09-06T13:00:00+00:00,3,2026/27,Everton,Man United,V1.2,1.4111104795875722,1.547389796157098,2.95850027574467,-0.0799999999999999,0.3386396742753267,0.2624513140069269,0.3989090117177462,0.6042869665469417,0.3957130334530583,0.9390377751270902,0.8036322052617901,0.5674477889758915,0.5567399672235677,0.4432600327764323,1.796170670101064,2.2560121058881286,0.3434706445919939,0.1778115337369275,1-1,-0.0685290734486586,0.0695694814508551,0.2156164584295144,0.0779059762845069
2026-09-03T16:56:24.890000+00:00,2026-09-06,2026-09-06T15:30:00+00:00,3,2026/27,Arsenal,Chelsea,V1.2,2.1566573081967206,1.0443691279408551,3.201026436137576,-0.0799999999999999,0.6200839038786627,0.2136778404837043,0.1662382556376328,0.5804315509093918,0.4195684490906082,0.9519415062243238,0.836267186720124,0.620304154068503,0.5956428133442722,0.4043571866557278,1.6788584997533005,2.4730610287171824,0.3976988021648695,0.2195573980975599,1-1,0.3309086998399457,0.565992599582019,0.318883065428457,0.0531612376511452
2026-09-04T16:49:04.784305+00:00,2026-09-04,2026-09-04T19:00:00+00:00,3,2026/27,Ipswich Town,Liverpool,V1.2,1.0979751684617551,2.685206818638519,3.7831819871002734,-0.0799999999999999,0.1259910612760116,0.1695764973944089,0.7044324413295795,0.6263586574105051,0.3736413425894949,0.9718806613584772,0.8965358038175247,0.7283449789778699,0.6785853122651537,0.3214146877348462,1.4736540592986709,3.1112454973587216,0.5230136873058673,0.3288122762954787,1-2,-0.2317689331936093,-0.3361696790509919,0.3610655414221196,0.1655753575441088
2026-09-04T16:49:04.784305+00:00,2026-09-05,2026-09-05T11:30:00+00:00,3,2026/27,Newcastle,Bournemouth,V1.2,1.871040440484874,1.585528145342351,3.456568585827225,-0.0799999999999999,0.440164042188694,0.2371162501512273,0.3227197076600785,0.6802189262532489,0.3197810737467511,0.9609772226294192,0.8669336981148893,0.6710431804755564,0.6338307145575609,0.3661692854424391,1.5777083328914407,2.730977282247223,0.4539640975860132,0.2663769129469679,1-1,0.2044854758030116,0.0506353164611148,0.2210303510665478,0.0688028327004177
2026-09-04T16:49:04.784305+00:00,2026-09-05,2026-09-05T14:00:00+00:00,3,2026/27,Brentford,Sunderland,V1.2,1.946640120673357,1.0616296096527016,3.0082697303260586,-0.0799999999999999,0.5714399534987935,0.2342760285021408,0.1942840179990655,0.5688953517691596,0.4311046482308404,0.9424591358875248,0.8102457210303865,0.5786573921804754,0.5649389412001197,0.4350610587998803,1.7701027970839909,2.298527941706639,0.3546166786327563,0.1861229544011923,1-1,0.2187479589946705,0.0429306303003917,-0.1877868064656624,0.0434551058810484
2026-09-04T16:49:04.784305+00:00,2026-09-05,2026-09-05T14:00:00+00:00,3,2026/27,Brighton,Leeds,V1.2,1.6713881146415863,1.3273571172514398,2.998745231893026,-0.0799999999999999,0.4468772524118937,0.2568905415945919,0.2962322059935144,0.605533655279126,0.394466344720874,0.9413029016440144,0.809511325159939,0.5765280107933245,0.5633797594499451,0.4366202405500549,1.775001645384542,2.2903198411970056,0.3524858763745015,0.184524555791606,1-1,0.1384918346258924,0.0953752599222106,0.0880425633605757,0.1156493654107547
2026-09-04T16:49:04.784305+00:00,2026-09-05,2026-09-05T14:00:00+00:00,3,2026/27,Fulham,Crystal Palace,V1.2,1.524268586958056,1.4679742717537572,2.9922428587118133,-0.0799999999999999,0.3817833143953216,0.2612185972417333,0.3569980883629454,0.6109842211639555,0.3890157788360445,0.9408435256007692,0.8086715362225154,0.5750692859780577,0.5623121278485356,0.4376878721514644,1.778371744934799,2.284733170888373,0.3510294844406247,0.1834341103862258,1-1,-0.0381566759599351,0.0548311304835385,0.1481920025218319,0.0311406624673018
2026-09-04T16:49:04.784305+00:00,2026-09-05,2026-09-05T14:00:00+00:00,3,2026/27,Man City,Coventry City,V1.2,1.7218438141164447,0.7744648748554123,2.496308688971857,-0.0799999999999999,0.5911153324554977,0.252364308307955,0.1565203592365471,0.4514909721573953,0.5485090278426047,0.90882199116491,0.7207328489873043,0.4552385349481602,0.4750924084002385,0.5249075915997615,2.104853671241062,1.9050972323572208,0.2416335321581428,0.1083275260399982,1-0,0.3756206391923195,0.2772704361929929,-0.2688350679343856,0.3230369559061352
2026-09-04T16:49:04.784305+00:00,2026-09-05,2026-09-05T14:00:00+00:00,3,2026/27,Nott'm Forest,Spurs,V1.2,1.5596767730361605,1.2758434302727042,2.8355202033088647,-0.0799999999999999,0.4303830823061864,0.2668312251758633,0.3027856925179504,0.5786311331387314,0.4213688668612686,0.931969275408503,0.7842435117484526,0.5389697702591323,0.5359893391421809,0.464010660857819,1.8657087501039489,2.155122897718114,0.3159740088832433,0.1578967622248492,1-1,-0.0463334153034884,0.046915058101284,0.0,0.0
2026-09-04T16:49:04.784305+00:00,2026-09-05,2026-09-05T16:30:00+00:00,3,2026/27,Hull City,Aston Villa,V1.2,1.263725632339058,1.4843835739400215,2.7481092062790795,-0.0799999999999999,0.3131507406973093,0.2729923479769132,0.4138569113257772,0.5644192453634733,0.4355807546365267,0.9263394045548388,0.76954947809891,0.5180858308007817,0.5208145825461323,0.4791854174538676,1.9200691253905564,2.086874857990169,0.296540649480608,0.1443330613824239,1-1,-0.1978450288939961,-0.0169897718957658,0.0874872805092873,0.0589027802908482
2026-09-04T16:49:04.784305+00:00,2026-09-06,2026-09-06T13:00:00+00:00,3,2026/27,Everton,Man United,V1.2,1.4111104795875722,1.547389796157098,2.95850027574467,-0.0799999999999999,0.3386396742753267,0.2624513140069269,0.3989090117177462,0.6042869665469417,0.3957130334530583,0.9390377751270902,0.8036322052617901,0.5674477889758915,0.5567399672235677,0.4432600327764323,1.796170670101064,2.2560121058881286,0.3434706445919939,0.1778115337369275,1-1,-0.0685290734486586,0.0695694814508551,0.2156164584295144,0.0779059762845069
2026-09-04T16:49:04.784305+00:00,2026-09-06,2026-09-06T15:30:00+00:00,3,2026/27,Arsenal,Chelsea,V1.2,2.1566573081967206,1.0443691279408551,3.201026436137576,-0.0799999999999999,0.6200839038786627,0.2136778404837043,0.1662382556376328,0.5804315509093918,0.4195684490906082,0.9519415062243238,0.836267186720124,0.620304154068503,0.5956428133442722,0.4043571866557278,1.6788584997533005,2.4730610287171824,0.3976988021648695,0.2195573980975599,1-1,0.3309086998399457,0.565992599582019,0.318883065428457,0.0531612376511452
2026-09-05T15:49:18.940340+00:00,2026-09-05,2026-09-05T11:30:00+00:00,3,2026/27,Newcastle,Bournemouth,V1.2,1.8190751624802244,1.5922183406386576,3.4112935031188822,-0.0749999999999999,0.427525320305421,0.2389273129643546,0.3335473667302246,0.6745166790292266,0.3254833209707733,0.959833158336256,0.8616015415506204,0.6624320407497217,0.6266898000456702,0.3733101999543298,1.5956857761641,2.6787374149496546,0.4441077847950077,0.2579157558171131,1-1,0.1934079057730246,0.04709490888241,0.2254658733117628,0.083249420024732
2026-09-05T15:49:18.940340+00:00,2026-09-05,2026-09-05T14:00:00+00:00,3,2026/27,Brentford,Sunderland,V1.2,1.9531670816903337,1.06511304696298,3.0182801286533136,-0.0749999999999999,0.5725746159155911,0.2326870652078329,0.1947383188765761,0.5699989248562661,0.4300010751437338,0.9434870441166028,0.8111915726795664,0.5808901221582725,0.5663886671438948,0.4336113328561052,1.7655720497422018,2.3062127860294,0.3568592409808118,0.1878122517651566,1-1,0.2209953512440045,0.0397078474522169,-0.1839684738677457,0.0397128854118226
2026-09-05T15:49:18.940340+00:00,2026-09-05,2026-09-05T14:00:00+00:00,3,2026/27,Brighton,Leeds,V1.2,1.6747320472528304,1.3278336827598711,3.0025657300127016,-0.0749999999999999,0.4481383710849635,0.2555262016294738,0.2963354272855628,0.6055323825591159,0.3944676174408841,0.9420580762807372,0.8095166161797346,0.5773837636634657,0.563837540641956,0.436162459358044,1.7735605168493254,2.2927236825283583,0.3533418093176368,0.1851666357666729,1-1,0.1405645265064848,0.0922237830001185,0.0890153250944813,0.1130810795194516
2026-09-05T15:49:18.940340+00:00,2026-09-05,2026-09-05T14:00:00+00:00,3,2026/27,Fulham,Crystal Palace,V1.2,1.5279027846608964,1.4676619381729974,2.995564722833894,-0.0749999999999999,0.3833007836969092,0.2599075977162091,0.3567916185868818,0.6109648138908406,0.3890351861091594,0.9415809802156236,0.8085986533273536,0.5758150280538658,0.5626969242105595,0.4373030757894405,1.7771556178362955,2.2867435775400207,0.3517737078929055,0.1839911391100792,1-1,-0.0363353508116134,0.0536085745645385,0.1505219286573688,0.0279383167759772
2026-09-05T15:49:18.940340+00:00,2026-09-05,2026-09-05T14:00:00+00:00,3,2026/27,Man City,Coventry City,V1.2,1.7252142267688009,0.7758102193617659,2.501024446130567,-0.0749999999999999,0.5921141763992402,0.2508859868310082,0.1569998367697514,0.4517667121875486,0.5482332878124514,0.9097673666292198,0.7211435788402932,0.4564485039548179,0.4764086004465594,0.5235913995534405,2.0990385124505613,1.909886222067204,0.2426412900281631,0.108957022830755,1-0,0.3780580195456819,0.2743316488084142,-0.2662729648101655,0.3208765210458291
2026-09-05T15:49:18.940340+00:00,2026-09-05,2026-09-05T14:00:00+00:00,3,2026/27,Nott'm Forest,Spurs,V1.2,1.5593441774906025,1.2757295062245693,2.835073683715172,-0.0749999999999999,0.4309080788858183,0.265692432974502,0.3033994881396796,0.57797295440543,0.42202704559457,0.9325257210312168,0.7835865388382366,0.538864416290974,0.535935280875494,0.464064719124506,1.8658969388363804,2.1548718503888367,0.3158744393874451,0.1578261855745827,1-1,-0.0439043998792826,0.0432390854981683,0.0,0.0
2026-09-05T15:49:18.940340+00:00,2026-09-05,2026-09-05T16:30:00+00:00,3,2026/27,Hull City,Aston Villa,V1.2,1.2638231597729097,1.4804516577517648,2.7442748175246745,-0.0749999999999999,0.314491723740303,0.2720814522940142,0.4134268239656829,0.5632105968604009,0.4367894031395991,0.9266827236854522,0.7682843759067423,0.5171579989283118,0.5202714706484332,0.4797285293515668,1.9220734874308287,2.084512258113285,0.295691318045417,0.1437499592284914,1-1,-0.1981712664516782,-0.0158785590806903,0.0897113940645736,0.0558570865580488
2026-09-05T15:49:18.940340+00:00,2026-09-06,2026-09-06T13:00:00+00:00,3,2026/27,Everton,Man United,V1.2,1.4162984066630324,1.5529726630007366,2.969271069663769,-0.0749999999999999,0.3394520143668996,0.2607501742056617,0.3997978114274385,0.6055813633329344,0.3944186366670655,0.9401900259722332,0.8046837396403062,0.569889750255337,0.5583926416932984,0.4416073583067016,1.7908545445146786,2.264455021389132,0.3458831981783957,0.1795991545540983,1-1,-0.0659561639112256,0.0664837467295634,0.2198974258060193,0.0741668575546078
2026-09-05T15:49:18.940340+00:00,2026-09-06,2026-09-06T15:30:00+00:00,3,2026/27,Arsenal,Chelsea,V1.2,2.1597311876252205,1.045726153343704,3.205457340968924,-0.0749999999999999,0.6208512520294021,0.2125149302765253,0.1666338176940723,0.5806135492447283,0.4193864507552717,0.9525918573446606,0.8363735079949087,0.6212277043332679,0.5959452795652045,0.4040547204347955,1.6780064114772244,2.474912306243865,0.3986848779907544,0.2203469938958579,2-1,0.3317878546854842,0.563260496409912,0.3212147618581716,0.0499738246112752
2026-09-07T18:02:47.256090+00:00,2026-09-05,2026-09-05T11:30:00+00:00,3,2026/27,Newcastle,Bournemouth,V1.2,1.8190751624802244,1.5922183406386576,3.4112935031188822,-0.0749999999999999,0.427525320305421,0.2389273129643546,0.3335473667302246,0.6745166790292266,0.3254833209707733,0.959833158336256,0.8616015415506204,0.6624320407497217,0.6266898000456702,0.3733101999543298,1.5956857761641,2.6787374149496546,0.4441077847950077,0.2579157558171131,1-1,0.1934079057730246,0.04709490888241,0.2254658733117628,0.083249420024732
2026-09-07T18:02:47.256090+00:00,2026-09-05,2026-09-05T14:00:00+00:00,3,2026/27,Brentford,Sunderland,V1.2,1.9531670816903337,1.06511304696298,3.0182801286533136,-0.0749999999999999,0.5725746159155911,0.2326870652078329,0.1947383188765761,0.5699989248562661,0.4300010751437338,0.9434870441166028,0.8111915726795664,0.5808901221582725,0.5663886671438948,0.4336113328561052,1.7655720497422018,2.3062127860294,0.3568592409808118,0.1878122517651566,1-1,0.2209953512440045,0.0397078474522169,-0.1839684738677457,0.0397128854118226
2026-09-07T18:02:47.256090+00:00,2026-09-05,2026-09-05T14:00:00+00:00,3,2026/27,Brighton,Leeds,V1.2,1.6747320472528304,1.3278336827598711,3.0025657300127016,-0.0749999999999999,0.4481383710849635,0.2555262016294738,0.2963354272855628,0.6055323825591159,0.3944676174408841,0.9420580762807372,0.8095166161797346,0.5773837636634657,0.563837540641956,0.436162459358044,1.7735605168493254,2.2927236825283583,0.3533418093176368,0.1851666357666729,1-1,0.1405645265064848,0.0922237830001185,0.0890153250944813,0.1130810795194516
2026-09-07T18:02:47.256090+00:00,2026-09-05,2026-09-05T14:00:00+00:00,3,2026/27,Fulham,Crystal Palace,V1.2,1.5279027846608964,1.4676619381729974,2.995564722833894,-0.0749999999999999,0.3833007836969092,0.2599075977162091,0.3567916185868818,0.6109648138908406,0.3890351861091594,0.9415809802156236,0.8085986533273536,0.5758150280538658,0.5626969242105595,0.4373030757894405,1.7771556178362955,2.2867435775400207,0.3517737078929055,0.1839911391100792,1-1,-0.0363353508116134,0.0536085745645385,0.1505219286573688,0.0279383167759772
2026-09-07T18:02:47.256090+00:00,2026-09-05,2026-09-05T14:00:00+00:00,3,2026/27,Man City,Coventry City,V1.2,1.7252142267688009,0.7758102193617659,2.501024446130567,-0.0749999999999999,0.5921141763992402,0.2508859868310082,0.1569998367697514,0.4517667121875486,0.5482332878124514,0.9097673666292198,0.7211435788402932,0.4564485039548179,0.4764086004465594,0.5235913995534405,2.0990385124505613,1.909886222067204,0.2426412900281631,0.108957022830755,1-0,0.3780580195456819,0.2743316488084142,-0.2662729648101655,0.3208765210458291
2026-09-07T18:02:47.256090+00:00,2026-09-05,2026-09-05T14:00:00+00:00,3,2026/27,Nott'm Forest,Spurs,V1.2,1.5593441774906025,1.2757295062245693,2.835073683715172,-0.0749999999999999,0.4309080788858183,0.265692432974502,0.3033994881396796,0.57797295440543,0.42202704559457,0.9325257210312168,0.7835865388382366,0.538864416290974,0.535935280875494,0.464064719124506,1.8658969388363804,2.1548718503888367,0.3158744393874451,0.1578261855745827,1-1,-0.0439043998792826,0.0432390854981683,0.0,0.0
2026-09-07T18:02:47.256090+00:00,2026-09-05,2026-09-05T16:30:00+00:00,3,2026/27,Hull City,Aston Villa,V1.2,1.2638231597729097,1.4804516577517648,2.7442748175246745,-0.0749999999999999,0.314491723740303,0.2720814522940142,0.4134268239656829,0.5632105968604009,0.4367894031395991,0.9266827236854522,0.7682843759067423,0.5171579989283118,0.5202714706484332,0.4797285293515668,1.9220734874308287,2.084512258113285,0.295691318045417,0.1437499592284914,1-1,-0.1981712664516782,-0.0158785590806903,0.0897113940645736,0.0558570865580488
2026-09-07T18:02:47.256090+00:00,2026-09-06,2026-09-06T13:00:00+00:00,3,2026/27,Everton,Man United,V1.2,1.4162984066630324,1.5529726630007366,2.969271069663769,-0.0749999999999999,0.3394520143668996,0.2607501742056617,0.3997978114274385,0.6055813633329344,0.3944186366670655,0.9401900259722332,0.8046837396403062,0.569889750255337,0.5583926416932984,0.4416073583067016,1.7908545445146786,2.264455021389132,0.3458831981783957,0.1795991545540983,1-1,-0.0659561639112256,0.0664837467295634,0.2198974258060193,0.0741668575546078
2026-09-07T18:02:47.256090+00:00,2026-09-06,2026-09-06T15:30:00+00:00,3,2026/27,Arsenal,Chelsea,V1.2,2.1597311876252205,1.045726153343704,3.205457340968924,-0.0749999999999999,0.6208512520294021,0.2125149302765253,0.1666338176940723,0.5806135492447283,0.4193864507552717,0.9525918573446606,0.8363735079949087,0.6212277043332679,0.5959452795652045,0.4040547204347955,1.6780064114772244,2.474912306243865,0.3986848779907544,0.2203469938958579,2-1,0.3317878546854842,0.563260496409912,0.3212147618581716,0.0499738246112752
2026-09-08T17:10:07.110256+00:00,2026-09-12,2026-09-12T14:00:00+00:00,4,2026/27,Aston Villa,Nott'm Forest,V1.2,1.7035096424920444,1.1871215293007258,2.89063117179277,-0.0799999999999999,0.4856738060441904,0.25712741896843,0.2571987749873795,0.5773847505566599,0.42261524944334,0.9354731822556692,0.7928950397109938,0.5518651056487466,0.5442768319175996,0.4557231680824004,1.8373003246836608,2.194314597188062,0.328280210945206,0.1667048444021908,1-1,0.085155137697226,0.0638879059569245,-0.0609332558745162,0.0480658333251717
2026-09-08T17:10:07.110256+00:00,2026-09-12,2026-09-12T14:00:00+00:00,4,2026/27,Bournemouth,Brentford,V1.2,1.98574845018638,1.5247118543731115,3.5104603045594915,-0.0799999999999999,0.4780780923021488,0.2312964403135681,0.2906254673842829,0.6821588223070766,0.3178411776929234,0.9628783667008198,0.8724503014862734,0.6810805055009699,0.6408975191622107,0.3591024808377893,1.5603118596982752,2.7847203886394523,0.4656183159663463,0.2765254500926539,1-1,0.2198491813440952,0.0880048720879111,0.2134576605515416,0.0294545994121254
2026-09-08T17:10:07.110256+00:00,2026-09-12,2026-09-12T14:00:00+00:00,4,2026/27,Chelsea,Hull City,V1.2,2.1941842098532955,0.8983030533255267,3.092487263178822,-0.0799999999999999,0.6617306239758883,0.2041976800485503,0.1340716959755613,0.533835242774716,0.466164757225284,0.947452986060896,0.82140005138488,0.5972006842966193,0.5776166688537158,0.4223833311462842,1.7312519771711348,2.36751766999458,0.3734673227708485,0.2004941800541911,2-0,0.3090792351534427,0.0467367090483959,-0.3568637384908701,0.0188702302207762
2026-09-08T17:10:07.110256+00:00,2026-09-12,2026-09-12T14:00:00+00:00,4,2026/27,Crystal Palace,Ipswich Town,V1.2,2.542613142233236,1.0210840922295288,3.563697234462765,-0.0799999999999999,0.6970820031501477,0.1776801562292614,0.1252378406205907,0.5953507633984455,0.4046492366015545,0.9657787996213252,0.876568842041271,0.6907514651137122,0.648400857743556,0.3515991422564439,1.5422558253238805,2.8441480078203245,0.4770103194134615,0.2865831369577396,2-1,0.1583531643862147,0.0121474229702376,-0.2633403344149993,-0.2792378698197825
2026-09-08T17:10:07.110256+00:00,2026-09-12,2026-09-12T14:00:00+00:00,4,2026/27,Liverpool,Fulham,V1.2,2.201220364388309,1.1056683215966734,3.3068886859849824,-0.0799999999999999,0.6150365425625152,0.2114261877975045,0.1735372696399804,0.6021030619693033,0.3978969380306967,0.9562371064430624,0.849367880673977,0.6419479721449723,0.6110287846168968,0.3889712153831032,1.636584110561961,2.570884323702684,0.4211715864514136,0.2386508534557416,2-1,0.3390309964301397,0.1756700114626749,-0.0202326762612279,0.0456203929067847
2026-09-08T17:10:07.110256+00:00,2026-09-12,2026-09-12T16:30:00+00:00,4,2026/27,Spurs,Everton,V1.2,1.5122991925988205,1.243109665153485,2.7554088577523057,-0.0799999999999999,0.4254742578011477,0.2716438799637546,0.3028818622350975,0.5642571871802661,0.4357428128197339,0.9268542813349758,0.7707822647687538,0.519849468929214,0.5208921289715676,0.4791078710284324,1.9197832802241943,2.0872126309539496,0.298158329555343,0.1454458972763512,1-1,0.0,0.0,-0.0787366209644517,0.0819701772463314
2026-09-08T17:10:07.110256+00:00,2026-09-12,2026-09-12T19:00:00+00:00,4,2026/27,Sunderland,Arsenal,V1.2,0.7804291120555378,1.7748117173628215,2.55524082941836,-0.0799999999999999,0.1519830886795857,0.2459883635290597,0.6020285477913543,0.4585555257409868,0.5414444742590132,0.913719300664905,0.732458123892229,0.4702753180248016,0.4847046792429011,0.5152953207570988,2.0631119170584027,1.940634738407381,0.2542928689494177,0.1163210758706195,0-1,-0.1574358535286509,0.0530956842442543,0.3304373710293677,0.5860768275136359
2026-09-08T17:10:07.110256+00:00,2026-09-13,2026-09-13T13:00:00+00:00,4,2026/27,Coventry City,Brighton,V1.2,1.44787552196681,1.2706082154814968,2.718483737448307,-0.0799999999999999,0.4029674054178259,0.2754128354432472,0.3216197591389266,0.5599544061307514,0.4400455938692486,0.9243154461698496,0.7643837844471443,0.5108922137892569,0.5143584414881451,0.4856415585118548,1.944169511647935,2.059131848320986,0.2899866272443335,0.1398545661108703,1-1,-0.0386036163810014,0.2004533995955644,0.14359643946253,0.0869003729744413
2026-09-08T17:10:07.110256+00:00,2026-09-13,2026-09-13T15:30:00+00:00,4,2026/27,Man United,Man City,V1.2,1.5384097709952949,1.8000728976341105,3.338482668629405,-0.0799999999999999,0.3240341256254829,0.2425361136891086,0.4334297606854083,0.6633437640583674,0.3366562359416326,0.956646441841743,0.8538859820823652,0.6482419864683816,0.6157854901777843,0.3842145098222157,1.6239421291191656,2.602712741022512,0.4281454595552243,0.2444483494239494,1-1,0.2048906045135303,0.0817610713069933,0.3732355782839064,0.2697426519714579
2026-09-08T17:10:07.110256+00:00,2026-09-14,2026-09-14T19:00:00+00:00,4,2026/27,Leeds,Newcastle,V1.2,1.7327710477026164,1.4629317567414395,3.195702804444056,-0.0799999999999999,0.4330920387494765,0.2488589301137305,0.3180490311367929,0.640889079901082,0.359110920098918,0.9507601956195992,0.8365388961464092,0.6191977043347641,0.5939609634378865,0.4060390365621135,1.6836123273353385,2.4628173893497696,0.3965219439682134,0.2186205559969392,1-1,0.1044888934328381,0.1041229161268121,0.1882127351763152,0.0503683188285573
2026-09-09T17:06:08.530867+00:00,2026-09-12,2026-09-12T14:00:00+00:00,4,2026/27,Aston Villa,Nott'm Forest,V1.2,1.7035073035718684,1.1871314638083246,2.890638767380193,-0.0799999999999999,0.4856709815472849,0.2571274896623453,0.2572015287903696,0.5773869284988922,0.4226130715011078,0.9354736095156008,0.7928962537862115,0.55186686816871,0.5442777802216694,0.4557222197783306,1.837297123525284,2.194319163297356,0.3282819092171655,0.1667060716800548,1-1,0.0851569904772353,0.0638899560079386,-0.0609279685099649,0.0480742766074468
2026-09-09T17:06:08.530867+00:00,2026-09-12,2026-09-12T14:00:00+00:00,4,2026/27,Bournemouth,Brentford,V1.2,1.9857291863339093,1.524707221851144,3.510436408185053,-0.0799999999999999,0.4780747980254218,0.231297745397314,0.290627456577264,0.6821559642771006,0.3178440357228994,0.9628775718565212,0.8724478754754251,0.6810761056289781,0.6408929841253589,0.3591070158746411,1.560322900655127,2.7846852213800384,0.4656131675735747,0.2765209319825226,1-1,0.219840345924244,0.0880066648667136,0.2134512838125792,0.0294606825935704
2026-09-09T17:06:08.530867+00:00,2026-09-12,2026-09-12T14:00:00+00:00,4,2026/27,Chelsea,Hull City,V1.2,2.194192518678052,0.8982063009473271,3.09239881962538,-0.0799999999999999,0.6617551307173984,0.2041922360307152,0.1340526332518864,0.5338006672792998,0.4661993327207002,0.9474490822155864,0.8213875255056453,0.5971814877533408,0.577601835386728,0.4223981646132719,1.7312964376757205,2.3674345292564265,0.3734475345599178,0.2004788813685523,2-0,0.3090662811036797,0.0467415537770993,-0.3569717365037744,0.0188587069297109
2026-09-09T17:06:08.530867+00:00,2026-09-12,2026-09-12T14:00:00+00:00,4,2026/27,Crystal Palace,Ipswich Town,V1.2,2.5425851648586275,1.0211088876195655,3.5636940524781933,-0.0799999999999999,0.697071909822358,0.1776838061447046,0.1252442840329373,0.5953576811382326,0.4046423188617674,0.9657786128085896,0.8765686184497756,0.6907508946892876,0.6483992247479383,0.3516007752520617,1.5422597095003383,2.84413479828963,0.4770096428725547,0.2865825359054208,2-1,0.1583503928977755,0.0121506422154546,-0.263317963287704,-0.2792244203530407
2026-09-09T17:06:08.530867+00:00,2026-09-12,2026-09-12T14:00:00+00:00,4,2026/27,Liverpool,Fulham,V1.2,2.201196346438791,1.1056781852931654,3.3068745317319563,-0.0799999999999999,0.6150294751878311,0.211428650526466,0.173541874285703,0.6021042740009851,0.3978957259990149,0.956236501288304,0.8493662531603142,0.6419451379136982,0.6110257436636091,0.3889742563363909,1.6365922555147443,2.570864224842645,0.4211684626554428,0.2386482715024468,2-1,0.3390234246856232,0.1756715745346976,-0.0202273234221583,0.0456289499194946
2026-09-09T17:06:08.530867+00:00,2026-09-12,2026-09-12T16:30:00+00:00,4,2026/27,Spurs,Everton,V1.2,1.512293626542374,1.2431196183904023,2.755413244932776,-0.0799999999999999,0.4254706657221592,0.2716439527018425,0.3028853815759983,0.5642585522236463,0.4357414477763537,0.9268545608692852,0.7707830328097205,0.5198505278697446,0.5208927650363606,0.4791072349636394,1.9197809359671087,2.0872154019462728,0.2981593021645214,0.1454465672661329,1-1,0.0,0.0,-0.0787337454915065,0.0819790752795504
2026-09-09T17:06:08.530867+00:00,2026-09-12,2026-09-12T19:00:00+00:00,4,2026/27,Sunderland,Arsenal,V1.2,0.7804599841931311,1.774783362408008,2.55524334660114,-0.0799999999999999,0.151993188295015,0.2459929000253837,0.6020139116796015,0.4585648505527697,0.5414351494472303,0.9137193149244652,0.7324588048943571,0.4702759565387799,0.4847053293169913,0.5152946706830086,2.0631091500667456,1.9406371866305705,0.2542934129228886,0.1163214235337647,0-1,-0.1574172255504916,0.0531094217331565,0.3304300008537867,0.5860611158736156
2026-09-09T17:06:08.530867+00:00,2026-09-13,2026-09-13T13:00:00+00:00,4,2026/27,Coventry City,Brighton,V1.2,1.447901140407762,1.2707088485678544,2.7186099889756163,-0.0799999999999999,0.4029526264573991,0.2754063988975705,0.3216409746450301,0.5599800565191456,0.4400199434808544,0.9243240601235756,0.7644061418016302,0.5109229910210946,0.5143808108350916,0.4856191891649084,1.94408496377715,2.059226699257175,0.2900145169859784,0.1398735209456711,1-1,-0.0385862078747175,0.2003746235408499,0.1435917297725288,0.0869053053232063
2026-09-09T17:06:08.530867+00:00,2026-09-13,2026-09-13T15:30:00+00:00,4,2026/27,Man United,Man City,V1.2,1.53839557156865,1.8000787807017655,3.338474352270416,-0.0799999999999999,0.324029860779973,0.2425361657118747,0.433433973508152,0.6633420011639013,0.3366579988360987,0.9566461281704526,0.8538850152179626,0.6482403416332777,0.6157833044880026,0.3842166955119974,1.6239478932145734,2.602697934995837,0.4281436291336624,0.2444468217089121,1-1,0.2048834041956603,0.0817617632207013,0.3732344072110872,0.2697498991345599
2026-09-09T17:06:08.530867+00:00,2026-09-14,2026-09-14T19:00:00+00:00,4,2026/27,Leeds,Newcastle,V1.2,1.7327824291377274,1.4629148485240089,3.1956972776617363,-0.0799999999999999,0.4330981938724551,0.2488587046997287,0.3180431014278164,0.6408874075277626,0.3591125924722373,0.950759964899671,0.8365381775488347,0.6191965489861213,0.5939593371534377,0.4060406628465622,1.683616937133307,2.4628075252105663,0.3965207132351268,0.2186195727075006,1-1,0.1044956072047213,0.1041321748849954,0.1882053048857112,0.0503736817791865
2026-09-10T16:56:49.317687+00:00,2026-09-12,2026-09-12T14:00:00+00:00,4,2026/27,Aston Villa,Nott'm Forest,V1.2,1.7035096424920444,1.1871215293007258,2.89063117179277,-0.0799999999999999,0.4856738060441904,0.25712741896843,0.2571987749873795,0.5773847505566599,0.42261524944334,0.9354731822556692,0.7928950397109938,0.5518651056487466,0.5442768319175996,0.4557231680824004,1.8373003246836608,2.194314597188062,0.328280210945206,0.1667048444021908,1-1,0.085155137697226,0.0638879059569245,-0.0609332558745162,0.0480658333251717
2026-09-10T16:56:49.317687+00:00,2026-09-12,2026-09-12T14:00:00+00:00,4,2026/27,Bournemouth,Brentford,V1.2,1.98574845018638,1.5247118543731115,3.5104603045594915,-0.0799999999999999,0.4780780923021488,0.2312964403135681,0.2906254673842829,0.6821588223070766,0.3178411776929234,0.9628783667008198,0.8724503014862734,0.6810805055009699,0.6408975191622107,0.3591024808377893,1.5603118596982752,2.7847203886394523,0.4656183159663463,0.2765254500926539,1-1,0.2198491813440952,0.0880048720879111,0.2134576605515416,0.0294545994121254
2026-09-10T16:56:49.317687+00:00,2026-09-12,2026-09-12T14:00:00+00:00,4,2026/27,Chelsea,Hull City,V1.2,2.1941842098532955,0.8983030533255267,3.092487263178822,-0.0799999999999999,0.6617306239758883,0.2041976800485503,0.1340716959755613,0.533835242774716,0.466164757225284,0.947452986060896,0.82140005138488,0.5972006842966193,0.5776166688537158,0.4223833311462842,1.7312519771711348,2.36751766999458,0.3734673227708485,0.2004941800541911,2-0,0.3090792351534427,0.0467367090483959,-0.3568637384908701,0.0188702302207762
2026-09-10T16:56:49.317687+00:00,2026-09-12,2026-09-12T14:00:00+00:00,4,2026/27,Crystal Palace,Ipswich Town,V1.2,2.542613142233236,1.0210840922295288,3.563697234462765,-0.0799999999999999,0.6970820031501477,0.1776801562292614,0.1252378406205907,0.5953507633984455,0.4046492366015545,0.9657787996213252,0.876568842041271,0.6907514651137122,0.648400857743556,0.3515991422564439,1.5422558253238805,2.8441480078203245,0.4770103194134615,0.2865831369577396,2-1,0.1583531643862147,0.0121474229702376,-0.2633403344149993,-0.2792378698197825
2026-09-10T16:56:49.317687+00:00,2026-09-12,2026-09-12T14:00:00+00:00,4,2026/27,Liverpool,Fulham,V1.2,2.201220364388309,1.1056683215966734,3.3068886859849824,-0.0799999999999999,0.6150365425625152,0.2114261877975045,0.1735372696399804,0.6021030619693033,0.3978969380306967,0.9562371064430624,0.849367880673977,0.6419479721449723,0.6110287846168968,0.3889712153831032,1.636584110561961,2.570884323702684,0.4211715864514136,0.2386508534557416,2-1,0.3390309964301397,0.1756700114626749,-0.0202326762612279,0.0456203929067847
2026-09-10T16:56:49.317687+00:00,2026-09-12,2026-09-12T16:30:00+00:00,4,2026/27,Spurs,Everton,V1.2,1.5122991925988205,1.243109665153485,2.7554088577523057,-0.0799999999999999,0.4254742578011477,0.2716438799637546,0.3028818622350975,0.5642571871802661,0.4357428128197339,0.9268542813349758,0.7707822647687538,0.519849468929214,0.5208921289715676,0.4791078710284324,1.9197832802241943,2.0872126309539496,0.298158329555343,0.1454458972763512,1-1,0.0,0.0,-0.0787366209644517,0.0819701772463314
2026-09-10T16:56:49.317687+00:00,2026-09-12,2026-09-12T19:00:00+00:00,4,2026/27,Sunderland,Arsenal,V1.2,0.7804291120555378,1.7748117173628215,2.55524082941836,-0.0799999999999999,0.1519830886795857,0.2459883635290597,0.6020285477913543,0.4585555257409868,0.5414444742590132,0.913719300664905,0.732458123892229,0.4702753180248016,0.4847046792429011,0.5152953207570988,2.0631119170584027,1.940634738407381,0.2542928689494177,0.1163210758706195,0-1,-0.1574358535286509,0.0530956842442543,0.3304373710293677,0.5860768275136359
2026-09-10T16:56:49.317687+00:00,2026-09-13,2026-09-13T13:00:00+00:00,4,2026/27,Coventry City,Brighton,V1.2,1.44787552196681,1.2706082154814968,2.718483737448307,-0.0799999999999999,0.4029674054178259,0.2754128354432472,0.3216197591389266,0.5599544061307514,0.4400455938692486,0.9243154461698496,0.7643837844471443,0.5108922137892569,0.5143584414881451,0.4856415585118548,1.944169511647935,2.059131848320986,0.2899866272443335,0.1398545661108703,1-1,-0.0386036163810014,0.2004533995955644,0.14359643946253,0.0869003729744413
2026-09-10T16:56:49.317687+00:00,2026-09-13,2026-09-13T15:30:00+00:00,4,2026/27,Man United,Man City,V1.2,1.5384097709952949,1.8000728976341105,3.338482668629405,-0.0799999999999999,0.3240341256254829,0.2425361136891086,0.4334297606854083,0.6633437640583674,0.3366562359416326,0.956646441841743,0.8538859820823652,0.6482419864683816,0.6157854901777843,0.3842145098222157,1.6239421291191656,2.602712741022512,0.4281454595552243,0.2444483494239494,1-1,0.2048906045135303,0.0817610713069933,0.3732355782839064,0.2697426519714579
2026-09-10T16:56:49.317687+00:00,2026-09-14,2026-09-14T19:00:00+00:00,4,2026/27,Leeds,Newcastle,V1.2,1.7327710477026164,1.4629317567414395,3.195702804444056,-0.0799999999999999,0.4330920387494765,0.2488589301137305,0.3180490311367929,0.640889079901082,0.359110920098918,0.9507601956195992,0.8365388961464092,0.6191977043347641,0.5939609634378865,0.4060390365621135,1.6836123273353385,2.4628173893497696,0.3965219439682134,0.2186205559969392,1-1,0.1044888934328381,0.1041229161268121,0.1882127351763152,0.0503683188285573
2026-09-11T16:58:43.698287+00:00,2026-09-12,2026-09-12T14:00:00+00:00,4,2026/27,Aston Villa,Nott'm Forest,V1.2,1.7035096424920444,1.1871215293007258,2.89063117179277,-0.0799999999999999,0.4856738060441904,0.25712741896843,0.2571987749873795,0.5773847505566599,0.42261524944334,0.9354731822556692,0.7928950397109938,0.5518651056487466,0.5442768319175996,0.4557231680824004,1.8373003246836608,2.194314597188062,0.328280210945206,0.1667048444021908,1-1,0.085155137697226,0.0638879059569245,-0.0609332558745162,0.0480658333251717
2026-09-11T16:58:43.698287+00:00,2026-09-12,2026-09-12T14:00:00+00:00,4,2026/27,Bournemouth,Brentford,V1.2,1.98574845018638,1.5247118543731115,3.5104603045594915,-0.0799999999999999,0.4780780923021488,0.2312964403135681,0.2906254673842829,0.6821588223070766,0.3178411776929234,0.9628783667008198,0.8724503014862734,0.6810805055009699,0.6408975191622107,0.3591024808377893,1.5603118596982752,2.7847203886394523,0.4656183159663463,0.2765254500926539,1-1,0.2198491813440952,0.0880048720879111,0.2134576605515416,0.0294545994121254
2026-09-11T16:58:43.698287+00:00,2026-09-12,2026-09-12T14:00:00+00:00,4,2026/27,Chelsea,Hull City,V1.2,2.1941842098532955,0.8983030533255267,3.092487263178822,-0.0799999999999999,0.6617306239758883,0.2041976800485503,0.1340716959755613,0.533835242774716,0.466164757225284,0.947452986060896,0.82140005138488,0.5972006842966193,0.5776166688537158,0.4223833311462842,1.7312519771711348,2.36751766999458,0.3734673227708485,0.2004941800541911,2-0,0.3090792351534427,0.0467367090483959,-0.3568637384908701,0.0188702302207762
2026-09-11T16:58:43.698287+00:00,2026-09-12,2026-09-12T14:00:00+00:00,4,2026/27,Crystal Palace,Ipswich Town,V1.2,2.542613142233236,1.0210840922295288,3.563697234462765,-0.0799999999999999,0.6970820031501477,0.1776801562292614,0.1252378406205907,0.5953507633984455,0.4046492366015545,0.9657787996213252,0.876568842041271,0.6907514651137122,0.648400857743556,0.3515991422564439,1.5422558253238805,2.8441480078203245,0.4770103194134615,0.2865831369577396,2-1,0.1583531643862147,0.0121474229702376,-0.2633403344149993,-0.2792378698197825
2026-09-11T16:58:43.698287+00:00,2026-09-12,2026-09-12T14:00:00+00:00,4,2026/27,Liverpool,Fulham,V1.2,2.201220364388309,1.1056683215966734,3.3068886859849824,-0.0799999999999999,0.6150365425625152,0.2114261877975045,0.1735372696399804,0.6021030619693033,0.3978969380306967,0.9562371064430624,0.849367880673977,0.6419479721449723,0.6110287846168968,0.3889712153831032,1.636584110561961,2.570884323702684,0.4211715864514136,0.2386508534557416,2-1,0.3390309964301397,0.1756700114626749,-0.0202326762612279,0.0456203929067847
2026-09-11T16:58:43.698287+00:00,2026-09-12,2026-09-12T16:30:00+00:00,4,2026/27,Spurs,Everton,V1.2,1.5122991925988205,1.243109665153485,2.7554088577523057,-0.0799999999999999,0.4254742578011477,0.2716438799637546,0.3028818622350975,0.5642571871802661,0.4357428128197339,0.9268542813349758,0.7707822647687538,0.519849468929214,0.5208921289715676,0.4791078710284324,1.9197832802241943,2.0872126309539496,0.298158329555343,0.1454458972763512,1-1,0.0,0.0,-0.0787366209644517,0.0819701772463314
2026-09-11T16:58:43.698287+00:00,2026-09-12,2026-09-12T19:00:00+00:00,4,2026/27,Sunderland,Arsenal,V1.2,0.7804291120555378,1.7748117173628215,2.55524082941836,-0.0799999999999999,0.1519830886795857,0.2459883635290597,0.6020285477913543,0.4585555257409868,0.5414444742590132,0.913719300664905,0.732458123892229,0.4702753180248016,0.4847046792429011,0.5152953207570988,2.0631119170584027,1.940634738407381,0.2542928689494177,0.1163210758706195,0-1,-0.1574358535286509,0.0530956842442543,0.3304373710293677,0.5860768275136359
2026-09-11T16:58:43.698287+00:00,2026-09-13,2026-09-13T13:00:00+00:00,4,2026/27,Coventry City,Brighton,V1.2,1.44787552196681,1.2706082154814968,2.718483737448307,-0.0799999999999999,0.4029674054178259,0.2754128354432472,0.3216197591389266,0.5599544061307514,0.4400455938692486,0.9243154461698496,0.7643837844471443,0.5108922137892569,0.5143584414881451,0.4856415585118548,1.944169511647935,2.059131848320986,0.2899866272443335,0.1398545661108703,1-1,-0.0386036163810014,0.2004533995955644,0.14359643946253,0.0869003729744413
2026-09-11T16:58:43.698287+00:00,2026-09-13,2026-09-13T15:30:00+00:00,4,2026/27,Man United,Man City,V1.2,1.5384097709952949,1.8000728976341105,3.338482668629405,-0.0799999999999999,0.3240341256254829,0.2425361136891086,0.4334297606854083,0.6633437640583674,0.3366562359416326,0.956646441841743,0.8538859820823652,0.6482419864683816,0.6157854901777843,0.3842145098222157,1.6239421291191656,2.602712741022512,0.4281454595552243,0.2444483494239494,1-1,0.2048906045135303,0.0817610713069933,0.3732355782839064,0.2697426519714579
2026-09-11T16:58:43.698287+00:00,2026-09-14,2026-09-14T19:00:00+00:00,4,2026/27,Leeds,Newcastle,V1.2,1.7327710477026164,1.4629317567414395,3.195702804444056,-0.0799999999999999,0.4330920387494765,0.2488589301137305,0.3180490311367929,0.640889079901082,0.359110920098918,0.9507601956195992,0.8365388961464092,0.6191977043347641,0.5939609634378865,0.4060390365621135,1.6836123273353385,2.4628173893497696,0.3965219439682134,0.2186205559969392,1-1,0.1044888934328381,0.1041229161268121,0.1882127351763152,0.0503683188285573
2026-09-12T16:02:14.148011+00:00,2026-09-12,2026-09-12T14:00:00+00:00,4,2026/27,Aston Villa,Nott'm Forest,V1.2,1.7035073035718684,1.1871314638083246,2.890638767380193,-0.0799999999999999,0.4856709815472849,0.2571274896623453,0.2572015287903696,0.5773869284988922,0.4226130715011078,0.9354736095156008,0.7928962537862115,0.55186686816871,0.5442777802216694,0.4557222197783306,1.837297123525284,2.194319163297356,0.3282819092171655,0.1667060716800548,1-1,0.0851569904772353,0.0638899560079386,-0.0609279685099649,0.0480742766074468
2026-09-12T16:02:14.148011+00:00,2026-09-12,2026-09-12T14:00:00+00:00,4,2026/27,Bournemouth,Brentford,V1.2,1.9857291863339093,1.524707221851144,3.510436408185053,-0.0799999999999999,0.4780747980254218,0.231297745397314,0.290627456577264,0.6821559642771006,0.3178440357228994,0.9628775718565212,0.8724478754754251,0.6810761056289781,0.6408929841253589,0.3591070158746411,1.560322900655127,2.7846852213800384,0.4656131675735747,0.2765209319825226,1-1,0.219840345924244,0.0880066648667136,0.2134512838125792,0.0294606825935704
2026-09-12T16:02:14.148011+00:00,2026-09-12,2026-09-12T14:00:00+00:00,4,2026/27,Chelsea,Hull City,V1.2,2.194192518678052,0.8982063009473271,3.09239881962538,-0.0799999999999999,0.6617551307173984,0.2041922360307152,0.1340526332518864,0.5338006672792998,0.4661993327207002,0.9474490822155864,0.8213875255056453,0.5971814877533408,0.577601835386728,0.4223981646132719,1.7312964376757205,2.3674345292564265,0.3734475345599178,0.2004788813685523,2-0,0.3090662811036797,0.0467415537770993,-0.3569717365037744,0.0188587069297109
2026-09-12T16:02:14.148011+00:00,2026-09-12,2026-09-12T14:00:00+00:00,4,2026/27,Crystal Palace,Ipswich Town,V1.2,2.5425851648586275,1.0211088876195655,3.5636940524781933,-0.0799999999999999,0.697071909822358,0.1776838061447046,0.1252442840329373,0.5953576811382326,0.4046423188617674,0.9657786128085896,0.8765686184497756,0.6907508946892876,0.6483992247479383,0.3516007752520617,1.5422597095003383,2.84413479828963,0.4770096428725547,0.2865825359054208,2-1,0.1583503928977755,0.0121506422154546,-0.263317963287704,-0.2792244203530407
2026-09-12T16:02:14.148011+00:00,2026-09-12,2026-09-12T14:00:00+00:00,4,2026/27,Liverpool,Fulham,V1.2,2.201196346438791,1.1056781852931654,3.3068745317319563,-0.0799999999999999,0.6150294751878311,0.211428650526466,0.173541874285703,0.6021042740009851,0.3978957259990149,0.956236501288304,0.8493662531603142,0.6419451379136982,0.6110257436636091,0.3889742563363909,1.6365922555147443,2.570864224842645,0.4211684626554428,0.2386482715024468,2-1,0.3390234246856232,0.1756715745346976,-0.0202273234221583,0.0456289499194946
2026-09-12T16:02:14.148011+00:00,2026-09-12,2026-09-12T16:30:00+00:00,4,2026/27,Spurs,Everton,V1.2,1.512293626542374,1.2431196183904023,2.755413244932776,-0.0799999999999999,0.4254706657221592,0.2716439527018425,0.3028853815759983,0.5642585522236463,0.4357414477763537,0.9268545608692852,0.7707830328097205,0.5198505278697446,0.5208927650363606,0.4791072349636394,1.9197809359671087,2.0872154019462728,0.2981593021645214,0.1454465672661329,1-1,0.0,0.0,-0.0787337454915065,0.0819790752795504
2026-09-12T16:02:14.148011+00:00,2026-09-12,2026-09-12T19:00:00+00:00,4,2026/27,Sunderland,Arsenal,V1.2,0.7804599841931311,1.774783362408008,2.55524334660114,-0.0799999999999999,0.151993188295015,0.2459929000253837,0.6020139116796015,0.4585648505527697,0.5414351494472303,0.9137193149244652,0.7324588048943571,0.4702759565387799,0.4847053293169913,0.5152946706830086,2.0631091500667456,1.9406371866305705,0.2542934129228886,0.1163214235337647,0-1,-0.1574172255504916,0.0531094217331565,0.3304300008537867,0.5860611158736156
2026-09-12T16:02:14.148011+00:00,2026-09-13,2026-09-13T13:00:00+00:00,4,2026/27,Coventry City,Brighton,V1.2,1.447901140407762,1.2707088485678544,2.7186099889756163,-0.0799999999999999,0.4029526264573991,0.2754063988975705,0.3216409746450301,0.5599800565191456,0.4400199434808544,0.9243240601235756,0.7644061418016302,0.5109229910210946,0.5143808108350916,0.4856191891649084,1.94408496377715,2.059226699257175,0.2900145169859784,0.1398735209456711,1-1,-0.0385862078747175,0.2003746235408499,0.1435917297725288,0.0869053053232063
2026-09-12T16:02:14.148011+00:00,2026-09-13,2026-09-13T15:30:00+00:00,4,2026/27,Man United,Man City,V1.2,1.53839557156865,1.8000787807017655,3.338474352270416,-0.0799999999999999,0.324029860779973,0.2425361657118747,0.433433973508152,0.6633420011639013,0.3366579988360987,0.9566461281704526,0.8538850152179626,0.6482403416332777,0.6157833044880026,0.3842166955119974,1.6239478932145734,2.602697934995837,0.4281436291336624,0.2444468217089121,1-1,0.2048834041956603,0.0817617632207013,0.3732344072110872,0.2697498991345599
2026-09-12T16:02:14.148011+00:00,2026-09-14,2026-09-14T19:00:00+00:00,4,2026/27,Leeds,Newcastle,V1.2,1.7327824291377274,1.4629148485240089,3.1956972776617363,-0.0799999999999999,0.4330981938724551,0.2488587046997287,0.3180431014278164,0.6408874075277626,0.3591125924722373,0.950759964899671,0.8365381775488347,0.6191965489861213,0.5939593371534377,0.4060406628465622,1.683616937133307,2.4628075252105663,0.3965207132351268,0.2186195727075006,1-1,0.1044956072047213,0.1041321748849954,0.1882053048857112,0.0503736817791865
2026-09-13T16:53:39.945865+00:00,2026-09-13,2026-09-13T13:00:00+00:00,4,2026/27,Coventry City,Brighton,V1.2,1.3710563280402897,1.5841500149209986,2.9552063429612883,-0.0899999999999999,0.3209378220575972,0.2639366282857097,0.4151255496566931,0.6032850311152359,0.3967149688847641,0.9377539684521152,0.804238465832308,0.5666992264762171,0.5553254290991232,0.4446745709008768,1.8007459186989694,2.2488355877289683,0.3427328221443746,0.1772660874714514,1-1,-0.0919388999811844,0.0031385013016704,0.1527265760738186,0.0912184472790291
2026-09-13T16:53:39.945865+00:00,2026-09-13,2026-09-13T15:30:00+00:00,4,2026/27,Man United,Man City,V1.2,1.536205708653937,1.7975175417080531,3.33372325036199,-0.0899999999999999,0.3229799911548951,0.2447199490810765,0.4323000597640284,0.6636160971127373,0.3363839028872627,0.9554774260013308,0.85432082476381,0.647299782275461,0.6157301944433607,0.3842698055566392,1.6240879674644364,2.602338215336582,0.427097705601524,0.2435745099050495,1-1,0.2021953289670193,0.0863940275852903,0.3623406765729552,0.2716186106687375
2026-09-13T16:53:39.945865+00:00,2026-09-14,2026-09-14T19:00:00+00:00,4,2026/27,Leeds,Newcastle,V1.2,1.7232841691806524,1.4720722418716188,3.195356411052271,-0.0899999999999999,0.4279427234438013,0.2512600886936487,0.3207971878625499,0.6423728443769933,0.3576271556230067,0.9496981335618369,0.8375414705036418,0.6191253215831711,0.5943996378401332,0.4056003621598668,1.6823698002806575,2.465481033288257,0.3964448600539875,0.2185589999631488,1-1,0.0966840160606611,0.1068585278768541,0.1830697038124829,0.0511909775022099
2026-09-14T18:26:06.627480+00:00,2026-09-14,2026-09-14T19:00:00+00:00,4,2026/27,Leeds,Newcastle,V1.2,1.7249926141230405,1.473234921976712,3.1982275360997523,-0.0899999999999999,0.4281094224532523,0.2511149611059413,0.3207756164408063,0.6428165224351492,0.3571834775648508,0.9498257346110546,0.8379066088764837,0.6197252459581173,0.5943846311026482,0.4056153688973518,1.682412275944772,2.465389816757825,0.3970841332617812,0.2190698989384539,1-1,0.097180808897638,0.1061963258032365,0.1834398880320051,0.0505101597475981
2026-09-15T17:30:09.664616+00:00,2026-09-18,2026-09-18T19:00:00+00:00,5,2026/27,Brentford,Chelsea,V1.2,1.9319438726653364,1.785308604205368,3.717252476870704,-0.0899999999999999,0.4142063899991419,0.2300544494925097,0.3557391605083483,0.7192313745492251,0.2807686254507748,0.9681556565795064,0.892910192590877,0.7174724820624383,0.6701372050065831,0.3298627949934168,1.4922317288594302,3.031563471776068,0.5094374051317624,0.316107678882627,1-1,0.1969081025214666,0.0245511610003724,0.2949336809724043,0.0375427903045282
2026-09-15T17:30:09.664616+00:00,2026-09-19,2026-09-19T11:30:00+00:00,5,2026/27,Spurs,Aston Villa,V1.2,1.5733015469796787,1.4661933533285971,3.0394949003082763,-0.0899999999999999,0.3930564829968661,0.2606997918231171,0.3462437251800171,0.6196329682254071,0.3803670317745928,0.9422049063522416,0.8166093027969232,0.5855993894050086,0.5692077841068544,0.4307922158931456,1.7568276961797054,2.32130471050118,0.3616150186553529,0.1914151804947689,1-1,0.0,0.0,0.0734607187070036,0.0459850642015449
2026-09-15T17:30:09.664616+00:00,2026-09-19,2026-09-19T14:00:00+00:00,5,2026/27,Brighton,Arsenal,V1.2,1.1015931775125891,1.7179209313966557,2.819514108909245,-0.0899999999999999,0.2333579984312549,0.258860392029164,0.5077816095395812,0.5580117226394854,0.4419882773605146,0.9302078979941156,0.7823802170658539,0.5351840342543744,0.5320286068047504,0.4679713931952496,1.8795981780111133,2.1368827551020293,0.3124056586160914,0.1553739652980861,1-1,0.1533690519719223,0.0905485568478869,0.3224545878904963,0.555772948547637
2026-09-15T17:30:09.664616+00:00,2026-09-19,2026-09-19T14:00:00+00:00,5,2026/27,Everton,Ipswich Town,V1.2,1.9177568140967505,0.9992348809459806,2.916991695042732,-0.0899999999999999,0.5788285862658374,0.2380266105261858,0.1831448032079765,0.5483282431175176,0.4516717568824824,0.9365737062874208,0.7974343205900941,0.5579553255784809,0.5487782680930288,0.4512217319069712,1.8222295927915284,2.2162053139013502,0.334174236110186,0.1709823412385279,1-1,-0.0815578885335717,0.0937494526296539,-0.2162247271035939,-0.2335526938211962
2026-09-15T17:30:09.664616+00:00,2026-09-19,2026-09-19T14:00:00+00:00,5,2026/27,Newcastle,Hull City,V1.2,1.6813365122673225,1.0610027667023167,2.7423392789696392,-0.0899999999999999,0.5084183262404011,0.2626499539661386,0.22893171979346,0.542528292855284,0.4574717071447159,0.9252377736570402,0.7692627105328,0.5166887566733552,0.5184520629629027,0.4815479370370973,1.928818634234181,2.0766364531699,0.2952619447736277,0.1434550838512168,1-1,0.1752488950568584,0.0429576895552164,-0.2070366110061037,0.1548212466379727
2026-09-15T17:30:09.664616+00:00,2026-09-19,2026-09-19T16:30:00+00:00,5,2026/27,Nott'm Forest,Coventry City,V1.2,1.5781010396626514,1.1759075746936964,2.754008614356348,-0.0899999999999999,0.4559530190355397,0.2706284403518009,0.2734185406126591,0.5594006185174001,0.4405993814825999,0.9256937414754928,0.771608202200488,0.5195113002169557,0.5205231274038155,0.4794768725961845,1.921144224633485,2.085606328800347,0.2978477418631832,0.145231904564391,1-1,-0.0417133697917595,0.056464217091466,-0.0907042972944805,0.0012257513658654
2026-09-15T17:30:09.664616+00:00,2026-09-20,2026-09-20T13:00:00+00:00,5,2026/27,Bournemouth,Liverpool,V1.2,1.714299754732037,1.7112535461968397,3.425553300928877,-0.0899999999999999,0.3792981083552981,0.2426656350433657,0.3780362566013363,0.680390778863941,0.319609221136059,0.9588795203650812,0.8646196144275407,0.6651620354977467,0.629150881122155,0.370849118877845,1.5894438520318013,2.696514428902803,0.4472186252377894,0.260574433129866,1-1,0.2193461753822177,0.1006562633463325,0.3286736654229433,0.1795028561586456
2026-09-15T17:30:09.664616+00:00,2026-09-20,2026-09-20T13:00:00+00:00,5,2026/27,Leeds,Crystal Palace,V1.2,1.834507890447796,1.3788133987161844,3.2133212891639804,-0.0899999999999999,0.4734815421788084,0.245866938680029,0.2806515191411624,0.637809735478865,0.362190264521135,0.9506202851365224,0.8396845036734867,0.6228679973015857,0.5970198802404613,0.4029801197595387,1.674986098615729,2.481511992692611,0.4004421643385775,0.2217607482585611,1-1,0.1092705140635539,0.1217608504296784,0.1337753558815479,0.0016556198520093
2026-09-15T17:30:09.664616+00:00,2026-09-20,2026-09-20T13:00:00+00:00,5,2026/27,Man City,Sunderland,V1.2,2.2378242225636003,0.9070133429185534,3.144837565482153,-0.0899999999999999,0.6671806990349767,0.2019924450737573,0.1308268558912661,0.5405226066566515,0.4594773933433485,0.9490563209153254,0.829330242999433,0.6084559565124497,0.5862194905171569,0.413780509482843,1.7058457048533306,2.4167402211617794,0.3851667013089274,0.2096145918757851,2-0,0.3554432892891227,0.2815261191557512,-0.1252807665998987,0.0491005964167017
2026-09-15T17:30:09.664616+00:00,2026-09-20,2026-09-20T15:30:00+00:00,5,2026/27,Fulham,Man United,V1.2,1.4514050575583348,1.5718492616690385,3.023254319227373,-0.0899999999999999,0.342899945132041,0.2614384225758807,0.3956616322920783,0.616728278958894,0.3832717210411059,0.9413697047519928,0.8142855250747867,0.5819990857453319,0.5665392090450353,0.4334607909549647,1.765102898501255,2.307013738882549,0.3579770820368987,0.1886582094585257,1-1,-0.0312260985662755,0.0517765742988355,0.1948206063583864,0.0954031807070085
2026-09-16T17:31:30.443938+00:00,2026-09-18,2026-09-18T19:00:00+00:00,5,2026/27,Brentford,Chelsea,V1.2,1.931905884225661,1.7852900813965649,3.717195965622226,-0.0899999999999999,0.4142015517738925,0.2300567844181307,0.3557416638079766,0.7192243371852963,0.2807756628147037,0.9681540836148608,0.892905287532635,0.7174629944161373,0.6701310981147177,0.3298689018852823,1.492245327538602,3.031507348176057,0.5094256494227714,0.316096754545747,1-1,0.196883430443966,0.0245667916102507,0.2949226055728506,0.0375565135497709
2026-09-16T17:31:30.443938+00:00,2026-09-19,2026-09-19T11:30:00+00:00,5,2026/27,Spurs,Aston Villa,V1.2,1.5733338068927842,1.4661828418540797,3.039516648746864,-0.0899999999999999,0.39306646675785,0.2606983512170361,0.3462351820251137,0.6196361069694779,0.3803638930305221,0.9422060307879648,0.8166123828461127,0.5856041973418574,0.5692118677841043,0.4307881322158957,1.7568150922308052,2.3213267154231527,0.3616198898752295,0.1914188819745167,1-1,0.0,0.0,0.0734372186276118,0.0459832916201596
2026-09-16T17:31:30.443938+00:00,2026-09-19,2026-09-19T14:00:00+00:00,5,2026/27,Brighton,Arsenal,V1.2,1.1014854395169538,1.7179233897028905,2.819408829219844,-0.0899999999999999,0.2333318366579909,0.2588607097702931,0.5078074535717158,0.5579827251826992,0.4420172748173008,0.9302015288677874,0.7823626049837886,0.5351590784676513,0.5320104005785381,0.4679895994214619,1.87966250079424,2.1367996238297176,0.3123822046560797,0.1553574334134941,1-1,0.1533426429355826,0.090572561936558,0.3224636931300227,0.5558630780805
2026-09-16T17:31:30.443938+00:00,2026-09-19,2026-09-19T14:00:00+00:00,5,2026/27,Everton,Ipswich Town,V1.2,1.917730535284596,0.9993105946831672,2.9170411299677625,-0.0899999999999999,0.578804496435184,0.2380309162118267,0.1831645873529892,0.5483496992407948,0.4516503007592052,0.9365762626770804,0.7974422392335366,0.5579667032110073,0.5487869547461358,0.4512130452538642,1.82220074903674,2.2162479797927253,0.3341852991909624,0.1709904092788612,1-1,-0.081561367489735,0.0937522688040404,-0.2161624729138128,-0.2335237379879845
2026-09-16T17:31:30.443938+00:00,2026-09-19,2026-09-19T14:00:00+00:00,5,2026/27,Newcastle,Hull City,V1.2,1.6808756949355017,1.0605220355209948,2.7413977304564963,-0.0899999999999999,0.5084191757397438,0.2626983508871701,0.2288824733730862,0.5423389773720962,0.4576610226279037,0.925174875222464,0.7690985435213045,0.516460657186306,0.5182846780567206,0.4817153219432794,1.929441564333802,2.075914870147616,0.2950534729847296,0.1433121849154878,1-1,0.1752219799673439,0.0429691472549905,-0.2074946781639672,0.1550871789094249
2026-09-16T17:31:30.443938+00:00,2026-09-19,2026-09-19T16:30:00+00:00,5,2026/27,Nott'm Forest,Coventry City,V1.2,1.5779080490587631,1.1765569241604508,2.754464973219214,-0.0899999999999999,0.45575750519003,0.2706290347101051,0.2736134600998648,0.5595317387983682,0.4404682612016318,0.9257230751305846,0.7716879321011577,0.5196214873986741,0.5206039845558227,0.4793960154441773,1.9208458438004392,2.085958096822029,0.2979489025943079,0.1453015600026589,1-1,-0.0417276599610124,0.0564768467438711,-0.0901559395664561,0.0013524934121968
2026-09-16T17:31:30.443938+00:00,2026-09-20,2026-09-20T13:00:00+00:00,5,2026/27,Bournemouth,Liverpool,V1.2,1.714232161002515,1.7112404310656404,3.4254725920681555,-0.0899999999999999,0.3792850561962442,0.2426691856450698,0.3780457581586857,0.680379150885227,0.3196208491147729,0.9588766059989534,0.8646109089740965,0.6651466307528877,0.6291401555517775,0.3708598444482225,1.589470948842815,2.696436443497497,0.4472010356694262,0.2605593700393308,1-1,0.2193201226478743,0.1006753740312501,0.3286687812037513,0.1795349653589927
2026-09-16T17:31:30.443938+00:00,2026-09-20,2026-09-20T13:00:00+00:00,5,2026/27,Leeds,Crystal Palace,V1.2,1.8344518944603976,1.378749989082286,3.213201883542683,-0.0899999999999999,0.473482097390896,0.2458721195757641,0.2806457830333396,0.6377900171575158,0.3622099828424842,0.9506150893017696,0.8396694628933048,0.6228432014434213,0.597002045424301,0.402997954575699,1.6750361370860638,2.4814021725069586,0.4004156060418567,0.2217394139178126,1-1,0.109234155466894,0.1217866424726144,0.1337388274877314,0.0016685172362265
2026-09-16T17:31:30.443938+00:00,2026-09-20,2026-09-20T13:00:00+00:00,5,2026/27,Man City,Sunderland,V1.2,2.2380139024081607,0.9070123438068664,3.145026246215027,-0.0899999999999999,0.6672170800220312,0.2019733733233471,0.1308095466546213,0.5405334848575586,0.4594665151424414,0.9490652730339252,0.8293549713554685,0.6084961382909786,0.5862502106264892,0.4137497893735108,1.705756316797502,2.4169196593771662,0.3852088207036552,0.2096477021388836,2-0,0.3554813753117871,0.2815104073512913,-0.1253139107708373,0.049072657003369
2026-09-16T17:31:30.443938+00:00,2026-09-20,2026-09-20T15:30:00+00:00,5,2026/27,Fulham,Man United,V1.2,1.4513813007477656,1.5718298546128089,3.0232111553605745,-0.0899999999999999,0.3428977186458534,0.2614406349522595,0.3956616464018874,0.6167209279354077,0.3832790720645923,0.941367460798195,0.8142793216750349,0.5819894904658685,0.5665325907124825,0.4334674092875175,1.765123518741226,2.306978514587018,0.3579674124858522,0.188650901186791,1-1,-0.0312461995039858,0.0517824602153761,0.1947978147335352,0.0954181798544429
2026-09-17T17:28:23.259062+00:00,2026-09-18,2026-09-18T19:00:00+00:00,5,2026/27,Brentford,Chelsea,V1.2,1.9319438726653364,1.785308604205368,3.717252476870704,-0.0899999999999999,0.4142063899991419,0.2300544494925097,0.3557391605083483,0.7192313745492251,0.2807686254507748,0.9681556565795064,0.892910192590877,0.7174724820624383,0.6701372050065831,0.3298627949934168,1.4922317288594302,3.031563471776068,0.5094374051317624,0.316107678882627,1-1,0.1969081025214666,0.0245511610003724,0.2949336809724043,0.0375427903045282
2026-09-17T17:28:23.259062+00:00,2026-09-19,2026-09-19T11:30:00+00:00,5,2026/27,Spurs,Aston Villa,V1.2,1.5733015469796787,1.4661933533285971,3.0394949003082763,-0.0899999999999999,0.3930564829968661,0.2606997918231171,0.3462437251800171,0.6196329682254071,0.3803670317745928,0.9422049063522416,0.8166093027969232,0.5855993894050086,0.5692077841068544,0.4307922158931456,1.7568276961797054,2.32130471050118,0.3616150186553529,0.1914151804947689,1-1,0.0,0.0,0.0734607187070036,0.0459850642015449
2026-09-17T17:28:23.259062+00:00,2026-09-19,2026-09-19T14:00:00+00:00,5,2026/27,Brighton,Arsenal,V1.2,1.1015931775125891,1.7179209313966557,2.819514108909245,-0.0899999999999999,0.2333579984312549,0.258860392029164,0.5077816095395812,0.5580117226394854,0.4419882773605146,0.9302078979941156,0.7823802170658539,0.5351840342543744,0.5320286068047504,0.4679713931952496,1.8795981780111133,2.1368827551020293,0.3124056586160914,0.1553739652980861,1-1,0.1533690519719223,0.0905485568478869,0.3224545878904963,0.555772948547637
2026-09-17T17:28:23.259062+00:00,2026-09-19,2026-09-19T14:00:00+00:00,5,2026/27,Everton,Ipswich Town,V1.2,1.9177568140967505,0.9992348809459806,2.916991695042732,-0.0899999999999999,0.5788285862658374,0.2380266105261858,0.1831448032079765,0.5483282431175176,0.4516717568824824,0.9365737062874208,0.7974343205900941,0.5579553255784809,0.5487782680930288,0.4512217319069712,1.8222295927915284,2.2162053139013502,0.334174236110186,0.1709823412385279,1-1,-0.0815578885335717,0.0937494526296539,-0.2162247271035939,-0.2335526938211962
2026-09-17T17:28:23.259062+00:00,2026-09-19,2026-09-19T14:00:00+00:00,5,2026/27,Newcastle,Hull City,V1.2,1.6813365122673225,1.0610027667023167,2.7423392789696392,-0.0899999999999999,0.5084183262404011,0.2626499539661386,0.22893171979346,0.542528292855284,0.4574717071447159,0.9252377736570402,0.7692627105328,0.5166887566733552,0.5184520629629027,0.4815479370370973,1.928818634234181,2.0766364531699,0.2952619447736277,0.1434550838512168,1-1,0.1752488950568584,0.0429576895552164,-0.2070366110061037,0.1548212466379727
2026-09-17T17:28:23.259062+00:00,2026-09-19,2026-09-19T16:30:00+00:00,5,2026/27,Nott'm Forest,Coventry City,V1.2,1.5781010396626514,1.1759075746936964,2.754008614356348,-0.0899999999999999,0.4559530190355397,0.2706284403518009,0.2734185406126591,0.5594006185174001,0.4405993814825999,0.9256937414754928,0.771608202200488,0.5195113002169557,0.5205231274038155,0.4794768725961845,1.921144224633485,2.085606328800347,0.2978477418631832,0.145231904564391,1-1,-0.0417133697917595,0.056464217091466,-0.0907042972944805,0.0012257513658654
2026-09-17T17:28:23.259062+00:00,2026-09-20,2026-09-20T13:00:00+00:00,5,2026/27,Bournemouth,Liverpool,V1.2,1.714299754732037,1.7112535461968397,3.425553300928877,-0.0899999999999999,0.3792981083552981,0.2426656350433657,0.3780362566013363,0.680390778863941,0.319609221136059,0.9588795203650812,0.8646196144275407,0.6651620354977467,0.629150881122155,0.370849118877845,1.5894438520318013,2.696514428902803,0.4472186252377894,0.260574433129866,1-1,0.2193461753822177,0.1006562633463325,0.3286736654229433,0.1795028561586456
2026-09-17T17:28:23.259062+00:00,2026-09-20,2026-09-20T13:00:00+00:00,5,2026/27,Leeds,Crystal Palace,V1.2,1.834507890447796,1.3788133987161844,3.2133212891639804,-0.0899999999999999,0.4734815421788084,0.245866938680029,0.2806515191411624,0.637809735478865,0.362190264521135,0.9506202851365224,0.8396845036734867,0.6228679973015857,0.5970198802404613,0.4029801197595387,1.674986098615729,2.481511992692611,0.4004421643385775,0.2217607482585611,1-1,0.1092705140635539,0.1217608504296784,0.1337753558815479,0.0016556198520093
2026-09-17T17:28:23.259062+00:00,2026-09-20,2026-09-20T13:00:00+00:00,5,2026/27,Man City,Sunderland,V1.2,2.2378242225636003,0.9070133429185534,3.144837565482153,-0.0899999999999999,0.6671806990349767,0.2019924450737573,0.1308268558912661,0.5405226066566515,0.4594773933433485,0.9490563209153254,0.829330242999433,0.6084559565124497,0.5862194905171569,0.413780509482843,1.7058457048533306,2.4167402211617794,0.3851667013089274,0.2096145918757851,2-0,0.3554432892891227,0.2815261191557512,-0.1252807665998987,0.0491005964167017
2026-09-17T17:28:23.259062+00:00,2026-09-20,2026-09-20T15:30:00+00:00,5,2026/27,Fulham,Man United,V1.2,1.4514050575583348,1.5718492616690385,3.023254319227373,-0.0899999999999999,0.342899945132041,0.2614384225758807,0.3956616322920783,0.616728278958894,0.3832717210411059,0.9413697047519928,0.8142855250747867,0.5819990857453319,0.5665392090450353,0.4334607909549647,1.765102898501255,2.307013738882549,0.3579770820368987,0.1886582094585257,1-1,-0.0312260985662755,0.0517765742988355,0.1948206063583864,0.0954031807070085
2026-09-18T15:54:40.479399+00:00,2026-09-18,2026-09-18T19:00:00+00:00,5,2026/27,Brentford,Chelsea,V1.2,1.931905884225661,1.7852900813965649,3.717195965622226,-0.0899999999999999,0.4142015517738925,0.2300567844181307,0.3557416638079766,0.7192243371852963,0.2807756628147037,0.9681540836148608,0.892905287532635,0.7174629944161373,0.6701310981147177,0.3298689018852823,1.492245327538602,3.031507348176057,0.5094256494227714,0.316096754545747,1-1,0.196883430443966,0.0245667916102507,0.2949226055728506,0.0375565135497709
2026-09-18T15:54:40.479399+00:00,2026-09-19,2026-09-19T11:30:00+00:00,5,2026/27,Spurs,Aston Villa,V1.2,1.5733338068927842,1.4661828418540797,3.039516648746864,-0.0899999999999999,0.39306646675785,0.2606983512170361,0.3462351820251137,0.6196361069694779,0.3803638930305221,0.9422060307879648,0.8166123828461127,0.5856041973418574,0.5692118677841043,0.4307881322158957,1.7568150922308052,2.3213267154231527,0.3616198898752295,0.1914188819745167,1-1,0.0,0.0,0.0734372186276118,0.0459832916201596
2026-09-18T15:54:40.479399+00:00,2026-09-19,2026-09-19T14:00:00+00:00,5,2026/27,Brighton,Arsenal,V1.2,1.1014854395169538,1.7179233897028905,2.819408829219844,-0.0899999999999999,0.2333318366579909,0.2588607097702931,0.5078074535717158,0.5579827251826992,0.4420172748173008,0.9302015288677874,0.7823626049837886,0.5351590784676513,0.5320104005785381,0.4679895994214619,1.87966250079424,2.1367996238297176,0.3123822046560797,0.1553574334134941,1-1,0.1533426429355826,0.090572561936558,0.3224636931300227,0.5558630780805
2026-09-18T15:54:40.479399+00:00,2026-09-19,2026-09-19T14:00:00+00:00,5,2026/27,Everton,Ipswich Town,V1.2,1.917730535284596,0.9993105946831672,2.9170411299677625,-0.0899999999999999,0.578804496435184,0.2380309162118267,0.1831645873529892,0.5483496992407948,0.4516503007592052,0.9365762626770804,0.7974422392335366,0.5579667032110073,0.5487869547461358,0.4512130452538642,1.82220074903674,2.2162479797927253,0.3341852991909624,0.1709904092788612,1-1,-0.081561367489735,0.0937522688040404,-0.2161624729138128,-0.2335237379879845
2026-09-18T15:54:40.479399+00:00,2026-09-19,2026-09-19T14:00:00+00:00,5,2026/27,Newcastle,Hull City,V1.2,1.6808756949355017,1.0605220355209948,2.7413977304564963,-0.0899999999999999,0.5084191757397438,0.2626983508871701,0.2288824733730862,0.5423389773720962,0.4576610226279037,0.925174875222464,0.7690985435213045,0.516460657186306,0.5182846780567206,0.4817153219432794,1.929441564333802,2.075914870147616,0.2950534729847296,0.1433121849154878,1-1,0.1752219799673439,0.0429691472549905,-0.2074946781639672,0.1550871789094249
2026-09-18T15:54:40.479399+00:00,2026-09-19,2026-09-19T16:30:00+00:00,5,2026/27,Nott'm Forest,Coventry City,V1.2,1.5779080490587631,1.1765569241604508,2.754464973219214,-0.0899999999999999,0.45575750519003,0.2706290347101051,0.2736134600998648,0.5595317387983682,0.4404682612016318,0.9257230751305846,0.7716879321011577,0.5196214873986741,0.5206039845558227,0.4793960154441773,1.9208458438004392,2.085958096822029,0.2979489025943079,0.1453015600026589,1-1,-0.0417276599610124,0.0564768467438711,-0.0901559395664561,0.0013524934121968
2026-09-18T15:54:40.479399+00:00,2026-09-20,2026-09-20T13:00:00+00:00,5,2026/27,Bournemouth,Liverpool,V1.2,1.714232161002515,1.7112404310656404,3.4254725920681555,-0.0899999999999999,0.3792850561962442,0.2426691856450698,0.3780457581586857,0.680379150885227,0.3196208491147729,0.9588766059989534,0.8646109089740965,0.6651466307528877,0.6291401555517775,0.3708598444482225,1.589470948842815,2.696436443497497,0.4472010356694262,0.2605593700393308,1-1,0.2193201226478743,0.1006753740312501,0.3286687812037513,0.1795349653589927
2026-09-18T15:54:40.479399+00:00,2026-09-20,2026-09-20T13:00:00+00:00,5,2026/27,Leeds,Crystal Palace,V1.2,1.8344518944603976,1.378749989082286,3.213201883542683,-0.0899999999999999,0.473482097390896,0.2458721195757641,0.2806457830333396,0.6377900171575158,0.3622099828424842,0.9506150893017696,0.8396694628933048,0.6228432014434213,0.597002045424301,0.402997954575699,1.6750361370860638,2.4814021725069586,0.4004156060418567,0.2217394139178126,1-1,0.109234155466894,0.1217866424726144,0.1337388274877314,0.0016685172362265
2026-09-18T15:54:40.479399+00:00,2026-09-20,2026-09-20T13:00:00+00:00,5,2026/27,Man City,Sunderland,V1.2,2.2380139024081607,0.9070123438068664,3.145026246215027,-0.0899999999999999,0.6672170800220312,0.2019733733233471,0.1308095466546213,0.5405334848575586,0.4594665151424414,0.9490652730339252,0.8293549713554685,0.6084961382909786,0.5862502106264892,0.4137497893735108,1.705756316797502,2.4169196593771662,0.3852088207036552,0.2096477021388836,2-0,0.3554813753117871,0.2815104073512913,-0.1253139107708373,0.049072657003369
2026-09-18T15:54:40.479399+00:00,2026-09-20,2026-09-20T15:30:00+00:00,5,2026/27,Fulham,Man United,V1.2,1.4513813007477656,1.5718298546128089,3.0232111553605745,-0.0899999999999999,0.3428977186458534,0.2614406349522595,0.3956616464018874,0.6167209279354077,0.3832790720645923,0.941367460798195,0.8142793216750349,0.5819894904658685,0.5665325907124825,0.4334674092875175,1.765123518741226,2.306978514587018,0.3579674124858522,0.188650901186791,1-1,-0.0312461995039858,0.0517824602153761,0.1947978147335352,0.0954181798544429
2026-09-18T17:00:04.232073+00:00,2026-09-18,2026-09-18T19:00:00+00:00,5,2026/27,Brentford,Chelsea,V1.2,1.931905884225661,1.7852900813965649,3.717195965622226,-0.0899999999999999,0.4142015517738925,0.2300567844181307,0.3557416638079766,0.7192243371852963,0.2807756628147037,0.9681540836148608,0.892905287532635,0.7174629944161373,0.6701310981147177,0.3298689018852823,1.492245327538602,3.031507348176057,0.5094256494227714,0.316096754545747,1-1,0.196883430443966,0.0245667916102507,0.2949226055728506,0.0375565135497709
2026-09-18T17:00:04.232073+00:00,2026-09-19,2026-09-19T11:30:00+00:00,5,2026/27,Spurs,Aston Villa,V1.2,1.5733338068927842,1.4661828418540797,3.039516648746864,-0.0899999999999999,0.39306646675785,0.2606983512170361,0.3462351820251137,0.6196361069694779,0.3803638930305221,0.9422060307879648,0.8166123828461127,0.5856041973418574,0.5692118677841043,0.4307881322158957,1.7568150922308052,2.3213267154231527,0.3616198898752295,0.1914188819745167,1-1,0.0,0.0,0.0734372186276118,0.0459832916201596
2026-09-18T17:00:04.232073+00:00,2026-09-19,2026-09-19T14:00:00+00:00,5,2026/27,Brighton,Arsenal,V1.2,1.1014854395169538,1.7179233897028905,2.819408829219844,-0.0899999999999999,0.2333318366579909,0.2588607097702931,0.5078074535717158,0.5579827251826992,0.4420172748173008,0.9302015288677874,0.7823626049837886,0.5351590784676513,0.5320104005785381,0.4679895994214619,1.87966250079424,2.1367996238297176,0.3123822046560797,0.1553574334134941,1-1,0.1533426429355826,0.090572561936558,0.3224636931300227,0.5558630780805
2026-09-18T17:00:04.232073+00:00,2026-09-19,2026-09-19T14:00:00+00:00,5,2026/27,Everton,Ipswich Town,V1.2,1.917730535284596,0.9993105946831672,2.9170411299677625,-0.0899999999999999,0.578804496435184,0.2380309162118267,0.1831645873529892,0.5483496992407948,0.4516503007592052,0.9365762626770804,0.7974422392335366,0.5579667032110073,0.5487869547461358,0.4512130452538642,1.82220074903674,2.2162479797927253,0.3341852991909624,0.1709904092788612,1-1,-0.081561367489735,0.0937522688040404,-0.2161624729138128,-0.2335237379879845
2026-09-18T17:00:04.232073+00:00,2026-09-19,2026-09-19T14:00:00+00:00,5,2026/27,Newcastle,Hull City,V1.2,1.6808756949355017,1.0605220355209948,2.7413977304564963,-0.0899999999999999,0.5084191757397438,0.2626983508871701,0.2288824733730862,0.5423389773720962,0.4576610226279037,0.925174875222464,0.7690985435213045,0.516460657186306,0.5182846780567206,0.4817153219432794,1.929441564333802,2.075914870147616,0.2950534729847296,0.1433121849154878,1-1,0.1752219799673439,0.0429691472549905,-0.2074946781639672,0.1550871789094249
2026-09-18T17:00:04.232073+00:00,2026-09-19,2026-09-19T16:30:00+00:00,5,2026/27,Nott'm Forest,Coventry City,V1.2,1.5779080490587631,1.1765569241604508,2.754464973219214,-0.0899999999999999,0.45575750519003,0.2706290347101051,0.2736134600998648,0.5595317387983682,0.4404682612016318,0.9257230751305846,0.7716879321011577,0.5196214873986741,0.5206039845558227,0.4793960154441773,1.9208458438004392,2.085958096822029,0.2979489025943079,0.1453015600026589,1-1,-0.0417276599610124,0.0564768467438711,-0.0901559395664561,0.0013524934121968
2026-09-18T17:00:04.232073+00:00,2026-09-20,2026-09-20T13:00:00+00:00,5,2026/27,Bournemouth,Liverpool,V1.2,1.714232161002515,1.7112404310656404,3.4254725920681555,-0.0899999999999999,0.3792850561962442,0.2426691856450698,0.3780457581586857,0.680379150885227,0.3196208491147729,0.9588766059989534,0.8646109089740965,0.6651466307528877,0.6291401555517775,0.3708598444482225,1.589470948842815,2.696436443497497,0.4472010356694262,0.2605593700393308,1-1,0.2193201226478743,0.1006753740312501,0.3286687812037513,0.1795349653589927
2026-09-18T17:00:04.232073+00:00,2026-09-20,2026-09-20T13:00:00+00:00,5,2026/27,Leeds,Crystal Palace,V1.2,1.8344518944603976,1.378749989082286,3.213201883542683,-0.0899999999999999,0.473482097390896,0.2458721195757641,0.2806457830333396,0.6377900171575158,0.3622099828424842,0.9506150893017696,0.8396694628933048,0.6228432014434213,0.597002045424301,0.402997954575699,1.6750361370860638,2.4814021725069586,0.4004156060418567,0.2217394139178126,1-1,0.109234155466894,0.1217866424726144,0.1337388274877314,0.0016685172362265
2026-09-18T17:00:04.232073+00:00,2026-09-20,2026-09-20T13:00:00+00:00,5,2026/27,Man City,Sunderland,V1.2,2.2380139024081607,0.9070123438068664,3.145026246215027,-0.0899999999999999,0.6672170800220312,0.2019733733233471,0.1308095466546213,0.5405334848575586,0.4594665151424414,0.9490652730339252,0.8293549713554685,0.6084961382909786,0.5862502106264892,0.4137497893735108,1.705756316797502,2.4169196593771662,0.3852088207036552,0.2096477021388836,2-0,0.3554813753117871,0.2815104073512913,-0.1253139107708373,0.049072657003369
2026-09-18T17:00:04.232073+00:00,2026-09-20,2026-09-20T15:30:00+00:00,5,2026/27,Fulham,Man United,V1.2,1.4513813007477656,1.5718298546128089,3.0232111553605745,-0.0899999999999999,0.3428977186458534,0.2614406349522595,0.3956616464018874,0.6167209279354077,0.3832790720645923,0.941367460798195,0.8142793216750349,0.5819894904658685,0.5665325907124825,0.4334674092875175,1.765123518741226,2.306978514587018,0.3579674124858522,0.188650901186791,1-1,-0.0312461995039858,0.0517824602153761,0.1947978147335352,0.0954181798544429
2026-09-18T18:26:51.021691+00:00,2026-09-18,2026-09-18T19:00:00+00:00,5,2026/27,Brentford,Chelsea,V1.2,1.9319438726653364,1.785308604205368,3.717252476870704,-0.0899999999999999,0.4142063899991419,0.2300544494925097,0.3557391605083483,0.7192313745492251,0.2807686254507748,0.9681556565795064,0.892910192590877,0.7174724820624383,0.6701372050065831,0.3298627949934168,1.4922317288594302,3.031563471776068,0.5094374051317624,0.316107678882627,1-1,0.1969081025214666,0.0245511610003724,0.2949336809724043,0.0375427903045282
2026-09-18T18:26:51.021691+00:00,2026-09-19,2026-09-19T11:30:00+00:00,5,2026/27,Spurs,Aston Villa,V1.2,1.5733015469796787,1.4661933533285971,3.0394949003082763,-0.0899999999999999,0.3930564829968661,0.2606997918231171,0.3462437251800171,0.6196329682254071,0.3803670317745928,0.9422049063522416,0.8166093027969232,0.5855993894050086,0.5692077841068544,0.4307922158931456,1.7568276961797054,2.32130471050118,0.3616150186553529,0.1914151804947689,1-1,0.0,0.0,0.0734607187070036,0.0459850642015449
2026-09-18T18:26:51.021691+00:00,2026-09-19,2026-09-19T14:00:00+00:00,5,2026/27,Brighton,Arsenal,V1.2,1.1015931775125891,1.7179209313966557,2.819514108909245,-0.0899999999999999,0.2333579984312549,0.258860392029164,0.5077816095395812,0.5580117226394854,0.4419882773605146,0.9302078979941156,0.7823802170658539,0.5351840342543744,0.5320286068047504,0.4679713931952496,1.8795981780111133,2.1368827551020293,0.3124056586160914,0.1553739652980861,1-1,0.1533690519719223,0.0905485568478869,0.3224545878904963,0.555772948547637
2026-09-18T18:26:51.021691+00:00,2026-09-19,2026-09-19T14:00:00+00:00,5,2026/27,Everton,Ipswich Town,V1.2,1.9177568140967505,0.9992348809459806,2.916991695042732,-0.0899999999999999,0.5788285862658374,0.2380266105261858,0.1831448032079765,0.5483282431175176,0.4516717568824824,0.9365737062874208,0.7974343205900941,0.5579553255784809,0.5487782680930288,0.4512217319069712,1.8222295927915284,2.2162053139013502,0.334174236110186,0.1709823412385279,1-1,-0.0815578885335717,0.0937494526296539,-0.2162247271035939,-0.2335526938211962
2026-09-18T18:26:51.021691+00:00,2026-09-19,2026-09-19T14:00:00+00:00,5,2026/27,Newcastle,Hull City,V1.2,1.6813365122673225,1.0610027667023167,2.7423392789696392,-0.0899999999999999,0.5084183262404011,0.2626499539661386,0.22893171979346,0.542528292855284,0.4574717071447159,0.9252377736570402,0.7692627105328,0.5166887566733552,0.5184520629629027,0.4815479370370973,1.928818634234181,2.0766364531699,0.2952619447736277,0.1434550838512168,1-1,0.1752488950568584,0.0429576895552164,-0.2070366110061037,0.1548212466379727
2026-09-18T18:26:51.021691+00:00,2026-09-19,2026-09-19T16:30:00+00:00,5,2026/27,Nott'm Forest,Coventry City,V1.2,1.5781010396626514,1.1759075746936964,2.754008614356348,-0.0899999999999999,0.4559530190355397,0.2706284403518009,0.2734185406126591,0.5594006185174001,0.4405993814825999,0.9256937414754928,0.771608202200488,0.5195113002169557,0.5205231274038155,0.4794768725961845,1.921144224633485,2.085606328800347,0.2978477418631832,0.145231904564391,1-1,-0.0417133697917595,0.056464217091466,-0.0907042972944805,0.0012257513658654
2026-09-18T18:26:51.021691+00:00,2026-09-20,2026-09-20T13:00:00+00:00,5,2026/27,Bournemouth,Liverpool,V1.2,1.714299754732037,1.7112535461968397,3.425553300928877,-0.0899999999999999,0.3792981083552981,0.2426656350433657,0.3780362566013363,0.680390778863941,0.319609221136059,0.9588795203650812,0.8646196144275407,0.6651620354977467,0.629150881122155,0.370849118877845,1.5894438520318013,2.696514428902803,0.4472186252377894,0.260574433129866,1-1,0.2193461753822177,0.1006562633463325,0.3286736654229433,0.1795028561586456
2026-09-18T18:26:51.021691+00:00,2026-09-20,2026-09-20T13:00:00+00:00,5,2026/27,Leeds,Crystal Palace,V1.2,1.834507890447796,1.3788133987161844,3.2133212891639804,-0.0899999999999999,0.4734815421788084,0.245866938680029,0.2806515191411624,0.637809735478865,0.362190264521135,0.9506202851365224,0.8396845036734867,0.6228679973015857,0.5970198802404613,0.4029801197595387,1.674986098615729,2.481511992692611,0.4004421643385775,0.2217607482585611,1-1,0.1092705140635539,0.1217608504296784,0.1337753558815479,0.0016556198520093
2026-09-18T18:26:51.021691+00:00,2026-09-20,2026-09-20T13:00:00+00:00,5,2026/27,Man City,Sunderland,V1.2,2.2378242225636003,0.9070133429185534,3.144837565482153,-0.0899999999999999,0.6671806990349767,0.2019924450737573,0.1308268558912661,0.5405226066566515,0.4594773933433485,0.9490563209153254,0.829330242999433,0.6084559565124497,0.5862194905171569,0.413780509482843,1.7058457048533306,2.4167402211617794,0.3851667013089274,0.2096145918757851,2-0,0.3554432892891227,0.2815261191557512,-0.1252807665998987,0.0491005964167017
2026-09-18T18:26:51.021691+00:00,2026-09-20,2026-09-20T15:30:00+00:00,5,2026/27,Fulham,Man United,V1.2,1.4514050575583348,1.5718492616690385,3.023254319227373,-0.0899999999999999,0.342899945132041,0.2614384225758807,0.3956616322920783,0.616728278958894,0.3832717210411059,0.9413697047519928,0.8142855250747867,0.5819990857453319,0.5665392090450353,0.4334607909549647,1.765102898501255,2.307013738882549,0.3579770820368987,0.1886582094585257,1-1,-0.0312260985662755,0.0517765742988355,0.1948206063583864,0.0954031807070085
2026-09-18T18:44:29.735393+00:00,2026-09-18,2026-09-18T19:00:00+00:00,5,2026/27,Brentford,Chelsea,V1.2,1.931905884225661,1.7852900813965649,3.717195965622226,-0.0899999999999999,0.4142015517738925,0.2300567844181307,0.3557416638079766,0.7192243371852963,0.2807756628147037,0.9681540836148608,0.892905287532635,0.7174629944161373,0.6701310981147177,0.3298689018852823,1.492245327538602,3.031507348176057,0.5094256494227714,0.316096754545747,1-1,0.196883430443966,0.0245667916102507,0.2949226055728506,0.0375565135497709
2026-09-18T18:44:29.735393+00:00,2026-09-19,2026-09-19T11:30:00+00:00,5,2026/27,Spurs,Aston Villa,V1.2,1.5733338068927842,1.4661828418540797,3.039516648746864,-0.0899999999999999,0.39306646675785,0.2606983512170361,0.3462351820251137,0.6196361069694779,0.3803638930305221,0.9422060307879648,0.8166123828461127,0.5856041973418574,0.5692118677841043,0.4307881322158957,1.7568150922308052,2.3213267154231527,0.3616198898752295,0.1914188819745167,1-1,0.0,0.0,0.0734372186276118,0.0459832916201596
2026-09-18T18:44:29.735393+00:00,2026-09-19,2026-09-19T14:00:00+00:00,5,2026/27,Brighton,Arsenal,V1.2,1.1014854395169538,1.7179233897028905,2.819408829219844,-0.0899999999999999,0.2333318366579909,0.2588607097702931,0.5078074535717158,0.5579827251826992,0.4420172748173008,0.9302015288677874,0.7823626049837886,0.5351590784676513,0.5320104005785381,0.4679895994214619,1.87966250079424,2.1367996238297176,0.3123822046560797,0.1553574334134941,1-1,0.1533426429355826,0.090572561936558,0.3224636931300227,0.5558630780805
2026-09-18T18:44:29.735393+00:00,2026-09-19,2026-09-19T14:00:00+00:00,5,2026/27,Everton,Ipswich Town,V1.2,1.917730535284596,0.9993105946831672,2.9170411299677625,-0.0899999999999999,0.578804496435184,0.2380309162118267,0.1831645873529892,0.5483496992407948,0.4516503007592052,0.9365762626770804,0.7974422392335366,0.5579667032110073,0.5487869547461358,0.4512130452538642,1.82220074903674,2.2162479797927253,0.3341852991909624,0.1709904092788612,1-1,-0.081561367489735,0.0937522688040404,-0.2161624729138128,-0.2335237379879845
2026-09-18T18:44:29.735393+00:00,2026-09-19,2026-09-19T14:00:00+00:00,5,2026/27,Newcastle,Hull City,V1.2,1.6808756949355017,1.0605220355209948,2.7413977304564963,-0.0899999999999999,0.5084191757397438,0.2626983508871701,0.2288824733730862,0.5423389773720962,0.4576610226279037,0.925174875222464,0.7690985435213045,0.516460657186306,0.5182846780567206,0.4817153219432794,1.929441564333802,2.075914870147616,0.2950534729847296,0.1433121849154878,1-1,0.1752219799673439,0.0429691472549905,-0.2074946781639672,0.1550871789094249
2026-09-18T18:44:29.735393+00:00,2026-09-19,2026-09-19T16:30:00+00:00,5,2026/27,Nott'm Forest,Coventry City,V1.2,1.5779080490587631,1.1765569241604508,2.754464973219214,-0.0899999999999999,0.45575750519003,0.2706290347101051,0.2736134600998648,0.5595317387983682,0.4404682612016318,0.9257230751305846,0.7716879321011577,0.5196214873986741,0.5206039845558227,0.4793960154441773,1.9208458438004392,2.085958096822029,0.2979489025943079,0.1453015600026589,1-1,-0.0417276599610124,0.0564768467438711,-0.0901559395664561,0.0013524934121968
2026-09-18T18:44:29.735393+00:00,2026-09-20,2026-09-20T13:00:00+00:00,5,2026/27,Bournemouth,Liverpool,V1.2,1.714232161002515,1.7112404310656404,3.4254725920681555,-0.0899999999999999,0.3792850561962442,0.2426691856450698,0.3780457581586857,0.680379150885227,0.3196208491147729,0.9588766059989534,0.8646109089740965,0.6651466307528877,0.6291401555517775,0.3708598444482225,1.589470948842815,2.696436443497497,0.4472010356694262,0.2605593700393308,1-1,0.2193201226478743,0.1006753740312501,0.3286687812037513,0.1795349653589927
2026-09-18T18:44:29.735393+00:00,2026-09-20,2026-09-20T13:00:00+00:00,5,2026/27,Leeds,Crystal Palace,V1.2,1.8344518944603976,1.378749989082286,3.213201883542683,-0.0899999999999999,0.473482097390896,0.2458721195757641,0.2806457830333396,0.6377900171575158,0.3622099828424842,0.9506150893017696,0.8396694628933048,0.6228432014434213,0.597002045424301,0.402997954575699,1.6750361370860638,2.4814021725069586,0.4004156060418567,0.2217394139178126,1-1,0.109234155466894,0.1217866424726144,0.1337388274877314,0.0016685172362265
2026-09-18T18:44:29.735393+00:00,2026-09-20,2026-09-20T13:00:00+00:00,5,2026/27,Man City,Sunderland,V1.2,2.2380139024081607,0.9070123438068664,3.145026246215027,-0.0899999999999999,0.6672170800220312,0.2019733733233471,0.1308095466546213,0.5405334848575586,0.4594665151424414,0.9490652730339252,0.8293549713554685,0.6084961382909786,0.5862502106264892,0.4137497893735108,1.705756316797502,2.4169196593771662,0.3852088207036552,0.2096477021388836,2-0,0.3554813753117871,0.2815104073512913,-0.1253139107708373,0.049072657003369
2026-09-18T18:44:29.735393+00:00,2026-09-20,2026-09-20T15:30:00+00:00,5,2026/27,Fulham,Man United,V1.2,1.4513813007477656,1.5718298546128089,3.0232111553605745,-0.0899999999999999,0.3428977186458534,0.2614406349522595,0.3956616464018874,0.6167209279354077,0.3832790720645923,0.941367460798195,0.8142793216750349,0.5819894904658685,0.5665325907124825,0.4334674092875175,1.765123518741226,2.306978514587018,0.3579674124858522,0.188650901186791,1-1,-0.0312461995039858,0.0517824602153761,0.1947978147335352,0.0954181798544429
2026-09-18T21:29:03.960056+00:00,2026-09-18,2026-09-18T19:00:00+00:00,5,2026/27,Brentford,Chelsea,V1.2,1.9590807083036523,1.7455455879203452,3.7046262962239975,-0.0899999999999999,0.4276418074739698,0.2299221140687069,0.3424360784573233,0.7166446650329696,0.2833553349670303,0.9678162569266834,0.8917949498886809,0.7153463536408855,0.6690393678985466,0.3309606321014534,1.4946803551202097,3.021507403011781,0.5068073922794095,0.3136676622676686,1-1,0.2032600465673869,0.0364317521252474,0.2854980738306378,0.0309001873466867
2026-09-18T21:29:03.960056+00:00,2026-09-19,2026-09-19T11:30:00+00:00,5,2026/27,Spurs,Aston Villa,V1.2,1.5747525184662636,1.464793591263852,3.039546109730116,-0.0899999999999999,0.3936906569181373,0.2606758745530518,0.3456334685288109,0.6196070370247141,0.3803929629752859,0.9422081968224616,0.8166159113994255,0.5856107088563262,0.5694246916715641,0.4305753083284359,1.7561584782431343,2.3224740960696613,0.3616264864228789,0.1914238934382518,1-1,0.0,0.0,0.0737134962916439,0.0460173488200868
2026-09-18T21:29:03.960056+00:00,2026-09-19,2026-09-19T14:00:00+00:00,5,2026/27,Brighton,Arsenal,V1.2,1.1030884794648856,1.7165469419553854,2.819635421420271,-0.0899999999999999,0.2339178167248841,0.2589845370370911,0.507097646238025,0.5582587720237004,0.4417412279762995,0.9302107132835062,0.7824050369739307,0.5352127964357286,0.5320960462590605,0.4679039537409395,1.879359952081155,2.1371907461026964,0.3124326947001563,0.1553930281898491,1-1,0.1536255984061731,0.0903846880668423,0.322698526176258,0.555627121867539
2026-09-18T21:29:03.960056+00:00,2026-09-19,2026-09-19T14:00:00+00:00,5,2026/27,Everton,Ipswich Town,V1.2,1.92004140033982,0.9982055036693136,2.918246904009133,-0.0899999999999999,0.5795872181251762,0.2377693939675933,0.1826433879072304,0.5482062999150514,0.4517937000849485,0.9366517757886164,0.7976220833353848,0.5582441263115178,0.5491118001919432,0.4508881998080568,1.8211227652555413,2.217844690603348,0.3344550915720851,0.1711871771271997,1-1,-0.0811982074811838,0.0938454822766502,-0.215951469007129,-0.2334294783466298
2026-09-18T21:29:03.960056+00:00,2026-09-19,2026-09-19T14:00:00+00:00,5,2026/27,Newcastle,Hull City,V1.2,1.6887946414379902,1.0584628839943084,2.747257525432299,-0.0899999999999999,0.5108557987778444,0.261914667044941,0.2272295341772146,0.5426851862917683,0.4573148137082317,0.925583658177232,0.7701003608594241,0.5178792822739015,0.519315712740327,0.480684287259673,1.9256109057883048,2.0803675645419726,0.2963511771235701,0.1442024886313188,1-1,0.1755772661571304,0.0430441907603706,-0.2081389058969573,0.151677699228722
2026-09-18T21:29:03.960056+00:00,2026-09-19,2026-09-19T16:30:00+00:00,5,2026/27,Nott'm Forest,Coventry City,V1.2,1.5797896336703623,1.1732312638041058,2.7530208974744683,-0.0899999999999999,0.456985448099086,0.2705467895340158,0.2724677623668981,0.5589825085866614,0.4410174914133385,0.9256331737028678,0.7714325920639207,0.5192727671823264,0.5203427296808395,0.4796572703191605,1.9218102665014,2.0848219382447954,0.2976288050056618,0.1450811900878122,1-1,-0.0413898424244321,0.0565670370185617,-0.0916720998152652,0.0014339402664098
2026-09-18T21:29:03.960056+00:00,2026-09-20,2026-09-20T13:00:00+00:00,5,2026/27,Bournemouth,Liverpool,V1.2,1.7167525376912136,1.7094707711475712,3.426223308838785,-0.0899999999999999,0.3801905637924849,0.2426349746494755,0.3771744615580394,0.6804854157710599,0.3195145842289401,0.9589037358856646,0.8646918331975787,0.6652898984606165,0.6297056713133199,0.3702943286866801,1.5880435027913768,2.700554457711226,0.4473646386486105,0.2606994874604491,1-1,0.219955440088312,0.100880416423342,0.3290634055631146,0.1796364709945489
2026-09-18T21:29:03.960056+00:00,2026-09-20,2026-09-20T13:00:00+00:00,5,2026/27,Leeds,Crystal Palace,V1.2,1.837528995262044,1.377079374549034,3.214608369811078,-0.0899999999999999,0.4745514373265581,0.2456728959465473,0.2797756667268947,0.637794335221362,0.362205664778638,0.950680256943316,0.8398425378163941,0.623135186541856,0.5975478061276444,0.4024521938723556,1.6735062696998446,2.4847671729108938,0.4007283992239075,0.2219907192201405,1-1,0.1101066873346199,0.1221195628049057,0.1340835810746326,0.0018004332385808
2026-09-18T21:29:03.960056+00:00,2026-09-20,2026-09-20T13:00:00+00:00,5,2026/27,Man City,Sunderland,V1.2,2.2401307928647074,0.9064869975112976,3.146617790376005,-0.0899999999999999,0.6677433165267672,0.2017354041274256,0.1305212793458072,0.5404687719383349,0.4595312280616651,0.9491433873389704,0.8295607532751944,0.6088349474787115,0.5867849055495041,0.4132150944504958,1.704201983627261,2.4200471217776443,0.3855640582853419,0.2099270202831101,2-0,0.3558503948740075,0.2816066357566057,-0.1245727996661106,0.0494316186586875
2026-09-18T21:29:03.960056+00:00,2026-09-20,2026-09-20T15:30:00+00:00,5,2026/27,Fulham,Man United,V1.2,1.4544678789672556,1.5698099840754542,3.02427786304271,-0.0899999999999999,0.3440259450591126,0.261426744472698,0.3945473104681894,0.6169688124983591,0.3830311875016409,0.9414216018816204,0.8144338611379477,0.5822265799667172,0.5669054581127694,0.4330945418872306,1.7639625544072273,2.3089646792648346,0.3582063790039945,0.1888315453425092,1-1,-0.0300354063323524,0.0521524815989744,0.1951062214675235,0.0954399564772772
2026-09-18T23:55:26.303933+00:00,2026-09-18,2026-09-18T19:00:00+00:00,5,2026/27,Brentford,Chelsea,V1.2,1.9590807083036523,1.7455455879203452,3.7046262962239975,-0.0899999999999999,0.4276418074739698,0.2299221140687069,0.3424360784573233,0.7166446650329696,0.2833553349670303,0.9678162569266834,0.8917949498886809,0.7153463536408855,0.6690393678985466,0.3309606321014534,1.4946803551202097,3.021507403011781,0.5068073922794095,0.3136676622676686,1-1,0.2032600465673869,0.0364317521252474,0.2854980738306378,0.0309001873466867
2026-09-18T23:55:26.303933+00:00,2026-09-19,2026-09-19T11:30:00+00:00,5,2026/27,Spurs,Aston Villa,V1.2,1.5747525184662636,1.464793591263852,3.039546109730116,-0.0899999999999999,0.3936906569181373,0.2606758745530518,0.3456334685288109,0.6196070370247141,0.3803929629752859,0.9422081968224616,0.8166159113994255,0.5856107088563262,0.5694246916715641,0.4305753083284359,1.7561584782431343,2.3224740960696613,0.3616264864228789,0.1914238934382518,1-1,0.0,0.0,0.0737134962916439,0.0460173488200868
2026-09-18T23:55:26.303933+00:00,2026-09-19,2026-09-19T14:00:00+00:00,5,2026/27,Brighton,Arsenal,V1.2,1.1030884794648856,1.7165469419553854,2.819635421420271,-0.0899999999999999,0.2339178167248841,0.2589845370370911,0.507097646238025,0.5582587720237004,0.4417412279762995,0.9302107132835062,0.7824050369739307,0.5352127964357286,0.5320960462590605,0.4679039537409395,1.879359952081155,2.1371907461026964,0.3124326947001563,0.1553930281898491,1-1,0.1536255984061731,0.0903846880668423,0.322698526176258,0.555627121867539
2026-09-18T23:55:26.303933+00:00,2026-09-19,2026-09-19T14:00:00+00:00,5,2026/27,Everton,Ipswich Town,V1.2,1.92004140033982,0.9982055036693136,2.918246904009133,-0.0899999999999999,0.5795872181251762,0.2377693939675933,0.1826433879072304,0.5482062999150514,0.4517937000849485,0.9366517757886164,0.7976220833353848,0.5582441263115178,0.5491118001919432,0.4508881998080568,1.8211227652555413,2.217844690603348,0.3344550915720851,0.1711871771271997,1-1,-0.0811982074811838,0.0938454822766502,-0.215951469007129,-0.2334294783466298
2026-09-18T23:55:26.303933+00:00,2026-09-19,2026-09-19T14:00:00+00:00,5,2026/27,Newcastle,Hull City,V1.2,1.6887946414379902,1.0584628839943084,2.747257525432299,-0.0899999999999999,0.5108557987778444,0.261914667044941,0.2272295341772146,0.5426851862917683,0.4573148137082317,0.925583658177232,0.7701003608594241,0.5178792822739015,0.519315712740327,0.480684287259673,1.9256109057883048,2.0803675645419726,0.2963511771235701,0.1442024886313188,1-1,0.1755772661571304,0.0430441907603706,-0.2081389058969573,0.151677699228722
2026-09-18T23:55:26.303933+00:00,2026-09-19,2026-09-19T16:30:00+00:00,5,2026/27,Nott'm Forest,Coventry City,V1.2,1.5797896336703623,1.1732312638041058,2.7530208974744683,-0.0899999999999999,0.456985448099086,0.2705467895340158,0.2724677623668981,0.5589825085866614,0.4410174914133385,0.9256331737028678,0.7714325920639207,0.5192727671823264,0.5203427296808395,0.4796572703191605,1.9218102665014,2.0848219382447954,0.2976288050056618,0.1450811900878122,1-1,-0.0413898424244321,0.0565670370185617,-0.0916720998152652,0.0014339402664098
2026-09-18T23:55:26.303933+00:00,2026-09-20,2026-09-20T13:00:00+00:00,5,2026/27,Bournemouth,Liverpool,V1.2,1.7167525376912136,1.7094707711475712,3.426223308838785,-0.0899999999999999,0.3801905637924849,0.2426349746494755,0.3771744615580394,0.6804854157710599,0.3195145842289401,0.9589037358856646,0.8646918331975787,0.6652898984606165,0.6297056713133199,0.3702943286866801,1.5880435027913768,2.700554457711226,0.4473646386486105,0.2606994874604491,1-1,0.219955440088312,0.100880416423342,0.3290634055631146,0.1796364709945489
2026-09-18T23:55:26.303933+00:00,2026-09-20,2026-09-20T13:00:00+00:00,5,2026/27,Leeds,Crystal Palace,V1.2,1.837528995262044,1.377079374549034,3.214608369811078,-0.0899999999999999,0.4745514373265581,0.2456728959465473,0.2797756667268947,0.637794335221362,0.362205664778638,0.950680256943316,0.8398425378163941,0.623135186541856,0.5975478061276444,0.4024521938723556,1.6735062696998446,2.4847671729108938,0.4007283992239075,0.2219907192201405,1-1,0.1101066873346199,0.1221195628049057,0.1340835810746326,0.0018004332385808
2026-09-18T23:55:26.303933+00:00,2026-09-20,2026-09-20T13:00:00+00:00,5,2026/27,Man City,Sunderland,V1.2,2.2401307928647074,0.9064869975112976,3.146617790376005,-0.0899999999999999,0.6677433165267672,0.2017354041274256,0.1305212793458072,0.5404687719383349,0.4595312280616651,0.9491433873389704,0.8295607532751944,0.6088349474787115,0.5867849055495041,0.4132150944504958,1.704201983627261,2.4200471217776443,0.3855640582853419,0.2099270202831101,2-0,0.3558503948740075,0.2816066357566057,-0.1245727996661106,0.0494316186586875
2026-09-18T23:55:26.303933+00:00,2026-09-20,2026-09-20T15:30:00+00:00,5,2026/27,Fulham,Man United,V1.2,1.4544678789672556,1.5698099840754542,3.02427786304271,-0.0899999999999999,0.3440259450591126,0.261426744472698,0.3945473104681894,0.6169688124983591,0.3830311875016409,0.9414216018816204,0.8144338611379477,0.5822265799667172,0.5669054581127694,0.4330945418872306,1.7639625544072273,2.3089646792648346,0.3582063790039945,0.1888315453425092,1-1,-0.0300354063323524,0.0521524815989744,0.1951062214675235,0.0954399564772772
2026-09-19T13:48:37.336882+00:00,2026-09-19,2026-09-19T11:30:00+00:00,5,2026/27,Spurs,Aston Villa,V1.2,1.5747684905546753,1.464795348998604,3.039563839553279,-0.0899999999999999,0.3936942098057592,0.2606748496636562,0.3456309405305847,0.6196098384652579,0.3803901615347421,0.9422091087583186,0.8166184269344894,0.5856146283401378,0.5694281333280587,0.4305718666719412,1.756147863919959,2.322492660120578,0.361630457565262,0.1914269110353518,1-1,0.0,0.0,0.073707911022597,0.0460243429315361
2026-09-19T13:48:37.336882+00:00,2026-09-19,2026-09-19T14:00:00+00:00,5,2026/27,Brighton,Arsenal,V1.2,1.1031387619926856,1.7164938968809111,2.819632658873597,-0.0899999999999999,0.2339376560027753,0.2589893585500167,0.5070729854472078,0.5582662679116627,0.4417337320883373,0.9302103713579358,0.7824047498751394,0.5352121418923608,0.5320957043979503,0.4679042956020497,1.8793611595332629,2.1371891846244027,0.3124320796524099,0.1553925948429952,1-1,0.1536241832755951,0.0903879024120191,0.3226640525890304,0.5555972610341069
2026-09-19T13:48:37.336882+00:00,2026-09-19,2026-09-19T14:00:00+00:00,5,2026/27,Everton,Ipswich Town,V1.2,1.920002893892789,0.9982502666787336,2.918253160571523,-0.0899999999999999,0.5795678426703086,0.2377743187002251,0.1826578386294661,0.5482169860483352,0.4517830139516647,0.936651941187628,0.7976232427122444,0.5582455661505353,0.549113181912428,0.450886818087572,1.821118182807491,2.217851487079354,0.3344564924242408,0.1711881994984576,1-1,-0.0812156770104633,0.093850754496843,-0.2159081395678337,-0.2334097560038354
2026-09-19T13:48:37.336882+00:00,2026-09-19,2026-09-19T14:00:00+00:00,5,2026/27,Newcastle,Hull City,V1.2,1.688814831363418,1.058411604318115,2.747226435681533,-0.0899999999999999,0.5108729584515548,0.2619128432584887,0.2272141982899567,0.5426730595101442,0.4573269404898558,0.9255817208954484,0.7700948298545721,0.5178717612849312,0.5193101785334758,0.4806898214665241,1.9256314267207029,2.08034361316228,0.2963442897494456,0.1441977582414523,1-1,0.1755799888703063,0.0430415445750826,-0.2081967858191039,0.1516856034473454
2026-09-19T13:48:37.336882+00:00,2026-09-19,2026-09-19T16:30:00+00:00,5,2026/27,Nott'm Forest,Coventry City,V1.2,1.5798319109776302,1.1733251041860044,2.753157015163634,-0.0899999999999999,0.4569749307336838,0.2705407516574518,0.2724843176088641,0.5590112607188357,0.4409887392811643,0.9256421608720892,0.7714561624210676,0.5193056426853994,0.5203669796211945,0.4796330203788055,1.921720707044014,2.084927345515573,0.2976589746627624,0.1451019549242205,1-1,-0.041410132070984,0.0565687102262038,-0.091597230506406,0.0014040262876806
2026-09-19T13:48:37.336882+00:00,2026-09-20,2026-09-20T13:00:00+00:00,5,2026/27,Bournemouth,Liverpool,V1.2,1.7167614901942836,1.7094132244910054,3.426174714685289,-0.0899999999999999,0.3802032939378232,0.2426370778342468,0.3771596282279299,0.6804783628873168,0.3195216371126832,0.9589019831119628,0.8646865934834885,0.6652806260312468,0.6296996184333012,0.3703003815666987,1.5880587675882822,2.700510314812839,0.4473540490065548,0.2606904170415764,1-1,0.2199492684525859,0.1008851909226304,0.3290277308053859,0.1796422212451892
2026-09-19T13:48:37.336882+00:00,2026-09-20,2026-09-20T13:00:00+00:00,5,2026/27,Leeds,Crystal Palace,V1.2,1.8375558937345249,1.3770986610720544,3.2146545548065792,-0.0899999999999999,0.4745535468156441,0.2456705956835961,0.2797758575007598,0.6378014681115911,0.3621985318884089,0.9506822726577824,0.8398483412447579,0.6231447723543901,0.5975558433454057,0.4024441566545943,1.673483760783792,2.484816796230116,0.4007386707344335,0.2219989738370911,1-1,0.1101065358456415,0.1221170494565111,0.1340882877540668,0.0018027801255005
2026-09-19T13:48:37.336882+00:00,2026-09-20,2026-09-20T13:00:00+00:00,5,2026/27,Man City,Sunderland,V1.2,2.240071628914924,0.9065150022207988,3.146586631135723,-0.0899999999999999,0.6677254953397197,0.2017427078819773,0.1305317967783031,0.5404754062154241,0.4595245937845759,0.9491417677202898,0.8295568184337896,0.608828316811121,0.5867806247451219,0.413219375254878,1.70421441647697,2.420022050958258,0.3855571047214047,0.2099215519516625,2-0,0.3558118913002498,0.2815984032992777,-0.1245569241877059,0.049436663031408
2026-09-19T13:48:37.336882+00:00,2026-09-20,2026-09-20T15:30:00+00:00,5,2026/27,Fulham,Man United,V1.2,1.4544637921061463,1.5697942572736,3.024258049379746,-0.0899999999999999,0.3440278550410255,0.2614278694969867,0.3945442754619878,0.6169656181591645,0.3830343818408355,0.9414205693198896,0.8144310191005373,0.5822221769621214,0.5669026789784556,0.4330973210215444,1.7639712019036051,2.308949862911424,0.358201940402632,0.1888281894928846,1-1,-0.030050756246136,0.0521654310402738,0.195102367318549,0.0954445530965606
2026-09-19T17:08:08.516805+00:00,2026-09-19,2026-09-19T11:30:00+00:00,5,2026/27,Spurs,Aston Villa,V1.2,1.58164265040137,1.467217783819237,3.048860434220607,-0.0799999999999999,0.3959892297277076,0.2579600804752667,0.3460506897970254,0.6200117681387253,0.3799882318612747,0.943784831156483,0.8168336075589298,0.5876665261421624,0.5714260302618251,0.4285739697381748,1.7500077823577689,2.3333194981741934,0.3637125835692257,0.1930115049196406,1-1,0.0,0.0,0.075707185212072,0.0438502453089654
2026-09-19T17:08:08.516805+00:00,2026-09-19,2026-09-19T14:00:00+00:00,5,2026/27,Brighton,Arsenal,V1.2,1.1415695546418698,1.6973573949448446,2.8389269495867144,-0.0799999999999999,0.2471724737331636,0.2582182679213107,0.4946092583455256,0.5650702209422841,0.4349297790577159,0.9324450727803644,0.7845333453118911,0.5397727012802682,0.5360652222589017,0.4639347777410982,1.865444648295116,2.155475398651955,0.3167331460338604,0.158434894980645,1-1,0.1632215672185159,0.0946847812304261,0.3160965911249583,0.5331316538545359
2026-09-19T17:08:08.516805+00:00,2026-09-19,2026-09-19T14:00:00+00:00,5,2026/27,Everton,Ipswich Town,V1.2,1.9753623233371125,1.0036444179372734,2.979006741274386,-0.0799999999999999,0.5915208900536675,0.2302171158200983,0.1782619941262341,0.5536544933773273,0.4463455066226727,0.9410922549028916,0.8057566859765195,0.5720869574012544,0.5598846304097131,0.4401153695902868,1.7860822492452035,2.2721315116327845,0.3480600198999231,0.1812155806390429,1-1,-0.0733627873167509,0.0918171697080659,-0.2122057953131192,-0.2518004192616921
2026-09-19T17:08:08.516805+00:00,2026-09-19,2026-09-19T14:00:00+00:00,5,2026/27,Newcastle,Hull City,V1.2,1.6143082146579242,1.0774042872658358,2.69171250192376,-0.0799999999999999,0.4890181903458688,0.266790203303309,0.2441916063508222,0.5376870417648765,0.4623129582351235,0.9228062581098424,0.75926045569419,0.5043426297198463,0.5100403496775411,0.4899596503224589,1.9606291945965104,2.040984394004417,0.284080734423378,0.1358603101066466,1-1,0.1709433754666465,0.0402039738764055,-0.1929020737551247,0.1943510650537259
2026-09-19T17:08:08.516805+00:00,2026-09-19,2026-09-19T16:30:00+00:00,5,2026/27,Nott'm Forest,Coventry City,V1.2,1.576113193406978,1.1828737325564214,2.7589869259633995,-0.0799999999999999,0.455059849866105,0.2682621811739383,0.2766779689599566,0.5596309506073005,0.4403690493926995,0.9271946385860989,0.771295082091556,0.5207125609008332,0.5220602251968985,0.4779397748031014,1.9154878148835093,2.092313828477601,0.2989515011084694,0.1459925349447392,1-1,-0.0437386204770194,0.0565809525525289,-0.083132961254104,0.0036137718752738
2026-09-19T17:08:08.516805+00:00,2026-09-20,2026-09-20T13:00:00+00:00,5,2026/27,Bournemouth,Liverpool,V1.2,1.7163345643354353,1.704563240554044,3.42089780488948,-0.0799999999999999,0.381962573359534,0.2409539701899178,0.3770834564505483,0.6787564450095206,0.3212435549904794,0.9596673539843564,0.8631603311499761,0.6642726033792388,0.6291673312256221,0.3708326687743779,1.589402294699557,2.696634046037676,0.4462037247907836,0.259705887771294,1-1,0.2175690834111583,0.1007345469082144,0.3263827027719748,0.1796923382242443
2026-09-19T17:08:08.516805+00:00,2026-09-20,2026-09-20T13:00:00+00:00,5,2026/27,Leeds,Crystal Palace,V1.2,1.8382241533759287,1.3724218628499396,3.2106460162258683,-0.0799999999999999,0.4767252513511394,0.2436617697634065,0.2796129788854541,0.6358778125926519,0.3641221874073481,0.9515295193164672,0.8383214094657052,0.6223121474196194,0.5972964532379464,0.4027035467620535,1.67421051067522,2.483216271722763,0.3998470256458957,0.2212828364028937,1-1,0.1083369008666538,0.1222856114719321,0.1312018155663767,0.0018511337589136
2026-09-19T17:08:08.516805+00:00,2026-09-20,2026-09-20T13:00:00+00:00,5,2026/27,Man City,Sunderland,V1.2,2.2347366515718017,0.9037331967250926,3.1384698482968942,-0.0799999999999999,0.6682366737490103,0.2003908378121806,0.1313724884388094,0.5382766342929235,0.4617233657070765,0.949645931044189,0.8276010630797759,0.6070981379512151,0.5858957901967486,0.4141042098032513,1.7067881639227886,2.414851084163377,0.3837448282317872,0.2084979212138516,2-0,0.3510294273136505,0.281172770728426,-0.127709085947114,0.0492202399014883
2026-09-19T17:08:08.516805+00:00,2026-09-20,2026-09-20T15:30:00+00:00,5,2026/27,Fulham,Man United,V1.2,1.4526854117297032,1.569114381279574,3.021799793009277,-0.0799999999999999,0.3448289792878962,0.2593263920657083,0.3958446286463955,0.6154256507988596,0.3845743492011404,0.9424033493708524,0.8129670737419007,0.5816756711801724,0.5669824025449085,0.4330175974550915,1.7637231693814233,2.3093749673850392,0.3576512413514753,0.1884119974301306,1-1,-0.0322060069218317,0.0518830426267742,0.194733656314116,0.0966943458453254
2026-09-19T19:24:22.431821+00:00,2026-09-19,2026-09-19T11:30:00+00:00,5,2026/27,Spurs,Aston Villa,V1.2,1.5769784576833463,1.4657028214628824,3.0426812791462288,-0.0749999999999999,0.3957069712030904,0.2571956967204908,0.3470973320764188,0.6184626947089601,0.3815373052910399,0.9440229751956268,0.8154065036266143,0.5863034232283095,0.5701219619226665,0.4298780380773335,1.7540106622583391,2.3262411926708,0.3623286908868148,0.1919577596125019,1-1,0.0,0.0,0.0788483285163239,0.0432892267134342
2026-09-19T19:24:22.431821+00:00,2026-09-19,2026-09-19T14:00:00+00:00,5,2026/27,Brighton,Arsenal,V1.2,1.1443741692950773,1.7010526191945643,2.8454267884896414,-0.0749999999999999,0.2478513545229059,0.2567208576344232,0.4954277878426713,0.5656786431895235,0.4343213568104764,0.933406546212772,0.7850277873544004,0.5413031851536517,0.5367983656529356,0.4632016343470644,1.862896878949414,2.1588870285607134,0.3181831046540506,0.1594651411281679,1-1,0.1671505360041949,0.0922802506142626,0.3200409572939141,0.5310924997466351
2026-09-19T19:24:22.431821+00:00,2026-09-19,2026-09-19T14:00:00+00:00,5,2026/27,Everton,Ipswich Town,V1.2,1.976241731073756,1.003244264074516,2.979485995148272,-0.0749999999999999,0.5923119824835328,0.2291110910132505,0.1785769265032166,0.5530980823542886,0.4469019176457114,0.9416238903499252,0.8053219820304204,0.5721950582628839,0.5596405639337265,0.4403594360662735,1.786861182775917,2.270872196887593,0.3481673660274232,0.1812955231421876,1-1,-0.070101100889875,0.0911630294695075,-0.2090844982524424,-0.2524981519866671
2026-09-19T19:24:22.431821+00:00,2026-09-19,2026-09-19T14:00:00+00:00,5,2026/27,Newcastle,Hull City,V1.2,1.6369807531054592,1.0827950750572506,2.71977582816271,-0.0749999999999999,0.4940110057440036,0.2633574625640814,0.2426315316919149,0.541434368836428,0.4585656311635719,0.9253511187150828,0.7636646984081824,0.5112067594491506,0.5146226480715579,0.4853773519284421,1.9431713776051125,2.060252700351432,0.2902715119842985,0.1400479255732855,1-1,0.1739063984346017,0.0396379074812055,-0.1843029026376909,0.1798527318195986
2026-09-19T19:24:22.431821+00:00,2026-09-19,2026-09-19T16:30:00+00:00,5,2026/27,Nott'm Forest,Coventry City,V1.2,1.5251101970389285,1.073852035516077,2.5989622325550057,-0.0749999999999999,0.4676767626788158,0.2743038450114954,0.2580193923096886,0.5241962981011307,0.4758037018988693,0.9165166990360936,0.7415470254443077,0.4813095204042105,0.4925961922800267,0.5074038077199733,2.0300603530275136,1.970816901224126,0.2637720926764372,0.1224292029685254,1-1,-0.0440570555717569,0.0614792733912489,-0.1707550500776554,0.0326761509122229
2026-09-19T19:24:22.431821+00:00,2026-09-20,2026-09-20T13:00:00+00:00,5,2026/27,Bournemouth,Liverpool,V1.2,1.7189148714845963,1.7024616240643404,3.421376495548937,-0.0749999999999999,0.3834228782727822,0.2399735120894265,0.3766036096377911,0.6783417660632335,0.3216582339367665,0.9601625919515844,0.8627342447523154,0.6643641359684552,0.6291233666343283,0.3708766333656716,1.5895133657962508,2.696314380674488,0.4463081054705221,0.2597951611059399,1-1,0.2208276226250927,0.1001182794888793,0.3287069568186083,0.177934293851574
2026-09-19T19:24:22.431821+00:00,2026-09-20,2026-09-20T13:00:00+00:00,5,2026/27,Leeds,Crystal Palace,V1.2,1.839149764257456,1.3721023236570815,3.211252087914537,-0.0749999999999999,0.4775161242883827,0.2425817310708195,0.2799021446407977,0.635408262601734,0.364591737398266,0.9520652497604372,0.8378885736901198,0.6224381102748456,0.597180725444366,0.402819274555634,1.6745349563248104,2.4825028571513608,0.3999818423428487,0.2213910536262729,1-1,0.1117448367341109,0.121564530377505,0.1344220962988614,0.0012413308360092
2026-09-19T19:24:22.431821+00:00,2026-09-20,2026-09-20T13:00:00+00:00,5,2026/27,Man City,Sunderland,V1.2,2.2372440655088446,0.9047847758128176,3.142028841321662,-0.0749999999999999,0.6689040763640555,0.1993183611481605,0.1317775624877837,0.5383702353219997,0.4616297646780003,0.95024604270341,0.8276385330198436,0.6078573980344838,0.5862195257391543,0.4137804742608457,1.7058456023605095,2.416740426880568,0.3845395361570554,0.2091217454567634,2-0,0.3550930692676038,0.2790452032548475,-0.1244995176180548,0.0486481630593161
2026-09-19T19:24:22.431821+00:00,2026-09-20,2026-09-20T15:30:00+00:00,5,2026/27,Fulham,Man United,V1.2,1.4531162722002329,1.5683800882038388,3.0214963604040714,-0.0749999999999999,0.345625672685231,0.2582407404594563,0.3961335868553126,0.6148341545979215,0.3851658454020785,0.942942662673564,0.8123683069907607,0.5816081828997344,0.5666294803559551,0.4333705196440449,1.764821695072771,2.307494291077677,0.3575832666575867,0.1883606493912177,1-1,-0.0289259259171086,0.0511946202358123,0.1977513754539661,0.0961635448212385
2026-09-19T22:12:35.771002+00:00,2026-09-19,2026-09-19T11:30:00+00:00,5,2026/27,Spurs,Aston Villa,V1.2,1.5769784576833463,1.4657028214628824,3.0426812791462288,-0.0749999999999999,0.3957069712030904,0.2571956967204908,0.3470973320764188,0.6184626947089601,0.3815373052910399,0.9440229751956268,0.8154065036266143,0.5863034232283095,0.5701219619226665,0.4298780380773335,1.7540106622583391,2.3262411926708,0.3623286908868148,0.1919577596125019,1-1,0.0,0.0,0.0788483285163239,0.0432892267134342
2026-09-19T22:12:35.771002+00:00,2026-09-19,2026-09-19T14:00:00+00:00,5,2026/27,Brighton,Arsenal,V1.2,1.1443741692950773,1.7010526191945643,2.8454267884896414,-0.0749999999999999,0.2478513545229059,0.2567208576344232,0.4954277878426713,0.5656786431895235,0.4343213568104764,0.933406546212772,0.7850277873544004,0.5413031851536517,0.5367983656529356,0.4632016343470644,1.862896878949414,2.1588870285607134,0.3181831046540506,0.1594651411281679,1-1,0.1671505360041949,0.0922802506142626,0.3200409572939141,0.5310924997466351
2026-09-19T22:12:35.771002+00:00,2026-09-19,2026-09-19T14:00:00+00:00,5,2026/27,Everton,Ipswich Town,V1.2,1.976241731073756,1.003244264074516,2.979485995148272,-0.0749999999999999,0.5923119824835328,0.2291110910132505,0.1785769265032166,0.5530980823542886,0.4469019176457114,0.9416238903499252,0.8053219820304204,0.5721950582628839,0.5596405639337265,0.4403594360662735,1.786861182775917,2.270872196887593,0.3481673660274232,0.1812955231421876,1-1,-0.070101100889875,0.0911630294695075,-0.2090844982524424,-0.2524981519866671
2026-09-19T22:12:35.771002+00:00,2026-09-19,2026-09-19T14:00:00+00:00,5,2026/27,Newcastle,Hull City,V1.2,1.6369807531054592,1.0827950750572506,2.71977582816271,-0.0749999999999999,0.4940110057440036,0.2633574625640814,0.2426315316919149,0.541434368836428,0.4585656311635719,0.9253511187150828,0.7636646984081824,0.5112067594491506,0.5146226480715579,0.4853773519284421,1.9431713776051125,2.060252700351432,0.2902715119842985,0.1400479255732855,1-1,0.1739063984346017,0.0396379074812055,-0.1843029026376909,0.1798527318195986
2026-09-19T22:12:35.771002+00:00,2026-09-19,2026-09-19T16:30:00+00:00,5,2026/27,Nott'm Forest,Coventry City,V1.2,1.5251101970389285,1.073852035516077,2.5989622325550057,-0.0749999999999999,0.4676767626788158,0.2743038450114954,0.2580193923096886,0.5241962981011307,0.4758037018988693,0.9165166990360936,0.7415470254443077,0.4813095204042105,0.4925961922800267,0.5074038077199733,2.0300603530275136,1.970816901224126,0.2637720926764372,0.1224292029685254,1-1,-0.0440570555717569,0.0614792733912489,-0.1707550500776554,0.0326761509122229
2026-09-19T22:12:35.771002+00:00,2026-09-20,2026-09-20T13:00:00+00:00,5,2026/27,Bournemouth,Liverpool,V1.2,1.7189148714845963,1.7024616240643404,3.421376495548937,-0.0749999999999999,0.3834228782727822,0.2399735120894265,0.3766036096377911,0.6783417660632335,0.3216582339367665,0.9601625919515844,0.8627342447523154,0.6643641359684552,0.6291233666343283,0.3708766333656716,1.5895133657962508,2.696314380674488,0.4463081054705221,0.2597951611059399,1-1,0.2208276226250927,0.1001182794888793,0.3287069568186083,0.177934293851574
2026-09-19T22:12:35.771002+00:00,2026-09-20,2026-09-20T13:00:00+00:00,5,2026/27,Leeds,Crystal Palace,V1.2,1.839149764257456,1.3721023236570815,3.211252087914537,-0.0749999999999999,0.4775161242883827,0.2425817310708195,0.2799021446407977,0.635408262601734,0.364591737398266,0.9520652497604372,0.8378885736901198,0.6224381102748456,0.597180725444366,0.402819274555634,1.6745349563248104,2.4825028571513608,0.3999818423428487,0.2213910536262729,1-1,0.1117448367341109,0.121564530377505,0.1344220962988614,0.0012413308360092
2026-09-19T22:12:35.771002+00:00,2026-09-20,2026-09-20T13:00:00+00:00,5,2026/27,Man City,Sunderland,V1.2,2.2372440655088446,0.9047847758128176,3.142028841321662,-0.0749999999999999,0.6689040763640555,0.1993183611481605,0.1317775624877837,0.5383702353219997,0.4616297646780003,0.95024604270341,0.8276385330198436,0.6078573980344838,0.5862195257391543,0.4137804742608457,1.7058456023605095,2.416740426880568,0.3845395361570554,0.2091217454567634,2-0,0.3550930692676038,0.2790452032548475,-0.1244995176180548,0.0486481630593161
2026-09-19T22:12:35.771002+00:00,2026-09-20,2026-09-20T15:30:00+00:00,5,2026/27,Fulham,Man United,V1.2,1.4531162722002329,1.5683800882038388,3.0214963604040714,-0.0749999999999999,0.345625672685231,0.2582407404594563,0.3961335868553126,0.6148341545979215,0.3851658454020785,0.942942662673564,0.8123683069907607,0.5816081828997344,0.5666294803559551,0.4333705196440449,1.764821695072771,2.307494291077677,0.3575832666575867,0.1883606493912177,1-1,-0.0289259259171086,0.0511946202358123,0.1977513754539661,0.0961635448212385
2026-09-20T00:41:45.399110+00:00,2026-09-20,2026-09-20T13:00:00+00:00,5,2026/27,Bournemouth,Liverpool,V1.2,1.718955072097548,1.702468919723744,3.421423991821292,-0.0749999999999999,0.3834307064575048,0.239971450120327,0.3765978434221685,0.6783486080778479,0.3216513919221521,0.960164285614972,0.862739411022949,0.6643732170034472,0.629129340118829,0.3708706598811709,1.5894982736159171,2.696357809270773,0.4463184619997213,0.2598040194246058,1-1,0.2208294347188831,0.1001082084568778,0.3287134946153111,0.1779148671766086
2026-09-20T00:41:45.399110+00:00,2026-09-20,2026-09-20T13:00:00+00:00,5,2026/27,Leeds,Crystal Palace,V1.2,1.8391575998303311,1.3720778550972728,3.211235454927604,-0.0749999999999999,0.4775231773234843,0.2425815286862739,0.2798952939902417,0.6354039971913661,0.3645960028086339,0.9520645559898588,0.8378864441378581,0.6224346535214252,0.5971773616725464,0.4028226383274536,1.674544388620571,2.482482127002759,0.3999781421617049,0.2213880830472456,1-1,0.1117422151672279,0.121564159523258,0.1344162158671084,0.0012365970078823
2026-09-20T00:41:45.399110+00:00,2026-09-20,2026-09-20T13:00:00+00:00,5,2026/27,Man City,Sunderland,V1.2,2.237258540375888,0.9047218566399576,3.1419803970158453,-0.0749999999999999,0.6689215662279916,0.1993138582873925,0.1317645754846157,0.5383483174975179,0.4616516825024821,0.9502440459152603,0.827631861728109,0.6078470679678513,0.5862111207066691,0.4137888792933308,1.7058700605926995,2.4166913371567675,0.384528716844641,0.2091132464638835,2-0,0.3550980174863665,0.2790672520664222,-0.1245346882315458,0.0486487895065081
2026-09-20T00:41:45.399110+00:00,2026-09-20,2026-09-20T15:30:00+00:00,5,2026/27,Fulham,Man United,V1.2,1.453150055372632,1.5683800258553482,3.02153008122798,-0.0749999999999999,0.3456339333521014,0.2582392870459392,0.3961267796019593,0.6148403106452334,0.3851596893547666,0.9429443933543048,0.8123731841609788,0.5816156833787175,0.566634568905876,0.4333654310941239,1.764805846439825,2.307521385532034,0.3575908209029285,0.1883663556745389,1-1,-0.028915865500848,0.0511822673515968,0.1977513062951099,0.0961525048952209
2026-09-20T14:02:55.094903+00:00,2026-09-20,2026-09-20T13:00:00+00:00,5,2026/27,Bournemouth,Liverpool,V1.2,1.7189790959561224,1.702471028722847,3.421450124678969,-0.0749999999999999,0.3834358049573988,0.2399703119740769,0.3765938830685245,0.6783523667556755,0.3216476332443245,0.9601652175292136,0.8627422533956067,0.6643782133900523,0.6291342176001012,0.3708657823998987,1.5894859507317936,2.6963932707108462,0.4463241602244295,0.2598088933768607,1-1,0.220834894738675,0.1001090960569459,0.3287183601277574,0.1779118034791429
2026-09-20T14:02:55.094903+00:00,2026-09-20,2026-09-20T13:00:00+00:00,5,2026/27,Leeds,Crystal Palace,V1.2,1.839214288645436,1.3720689502372914,3.211283238882727,-0.0749999999999999,0.4775381694146118,0.2425775339751348,0.2798842966102532,0.6354086446348054,0.3645913553651946,0.952066660812959,0.8378924498856711,0.6224445836413333,0.5971856065154514,0.4028143934845486,1.6745212695847624,2.482532938680501,0.3999887713459959,0.2213966159919811,1-1,0.1117649721183285,0.121571562396969,0.1344198677898525,0.0012339832189482
2026-09-20T14:02:55.094903+00:00,2026-09-20,2026-09-20T13:00:00+00:00,5,2026/27,Man City,Sunderland,V1.2,2.237222703090584,0.9046994343764444,3.141922137467028,-0.0749999999999999,0.6689200182831335,0.1993163104897081,0.1317636712271581,0.5383380497627065,0.4616619502372935,0.9502414148202664,0.8276240691845813,0.6078346466267311,0.5862024710579194,0.4137975289420805,1.7058952313785034,2.4166408208299632,0.3845157084401753,0.2091030295391826,2-0,0.3550955598871509,0.2790879869087818,-0.1245359981705587,0.048667802463308
2026-09-20T14:02:55.094903+00:00,2026-09-20,2026-09-20T15:30:00+00:00,5,2026/27,Fulham,Man United,V1.2,1.4531697933906431,1.5683794455060172,3.0215492388966605,-0.0749999999999999,0.3456388606633291,0.2582384699081658,0.3961226694285046,0.6148438220539649,0.385156177946035,0.9429453763461764,0.8123759551852038,0.5816199445565036,0.5666382234803147,0.4333617765196853,1.7647944641961495,2.307540845043991,0.3575951126643476,0.188369597589924,1-1,-0.028911159815594,0.051185019979041,0.1977564280159587,0.0961490797900175
2026-09-20T17:21:19.774271+00:00,2026-09-20,2026-09-20T13:00:00+00:00,5,2026/27,Bournemouth,Liverpool,V1.2,1.678024110270626,1.6858260128683866,3.3638501231390125,-0.0749999999999999,0.3771355504111258,0.2424702104383533,0.3803942391505206,0.6699086568337567,0.3300913431662433,0.9580568196756408,0.8563438009095008,0.6532338572276806,0.619786898699806,0.380213101300194,1.6134577902466287,2.630104003729368,0.4337217152492391,0.2491202287930666,1-1,0.2103420609612035,0.1071975731121561,0.3226189217828976,0.1914811209252034
2026-09-20T17:21:19.774271+00:00,2026-09-20,2026-09-20T13:00:00+00:00,5,2026/27,Leeds,Crystal Palace,V1.2,1.787393907659938,1.3582180929621692,3.145612000622107,-0.0749999999999999,0.4684574978934767,0.2465900005088321,0.284952501597691,0.6263624357361232,0.3736375642638768,0.949122639481014,0.8294065662714365,0.6086286958445642,0.5862012697868613,0.4137987302131387,1.7058987271787949,2.416633805243728,0.3853518768488496,0.2097663165254379,1-1,0.0939226520947599,0.1294887177543869,0.1288280222735231,0.0119200469908897
2026-09-20T17:21:19.774271+00:00,2026-09-20,2026-09-20T13:00:00+00:00,5,2026/27,Man City,Sunderland,V1.2,2.2703636833702547,0.9994291811783128,3.269792864548568,-0.0749999999999999,0.6532831540350374,0.2004010308836361,0.1463158150813261,0.5731179223179592,0.4268820776820408,0.9555152544326184,0.8441519942040733,0.6344614005380335,0.6055638199780228,0.3944361800219772,1.6513536096596593,2.5352643866094686,0.4129643816456372,0.2319020386723529,2-0,0.3600514129883941,0.2415139832161306,-0.0658913089540939,0.0388674177520245
2026-09-20T17:21:19.774271+00:00,2026-09-20,2026-09-20T15:30:00+00:00,5,2026/27,Fulham,Man United,V1.2,1.4501162772800535,1.567786170906912,3.0179024481869656,-0.0749999999999999,0.3450031691444313,0.2584050610172166,0.3965917698383521,0.6141927956343438,0.3858072043656562,0.9427576515934052,0.8118481035652596,0.5808083042615759,0.5655604160178257,0.4344395839821743,1.7681576922251951,2.3018160335063564,0.3567781381972023,0.1877528415388507,1-1,-0.0299070012873459,0.0529366102773229,0.1957668419416927,0.0972052906303504
2026-09-20T20:23:49.715249+00:00,2026-09-20,2026-09-20T13:00:00+00:00,5,2026/27,Bournemouth,Liverpool,V1.2,1.676978977131582,1.684875529186836,3.361854506318418,-0.0749999999999999,0.3770715980381059,0.2425576920360024,0.3803707099258914,0.6696122456665429,0.3303877543334571,0.957981760675573,0.8561172983438243,0.6528430263649303,0.6191713134252456,0.3808286865747544,1.6150619034141236,2.6258526084108578,0.4332836163898024,0.248751918432428,1-1,0.2100903355889054,0.1075689741516622,0.3220764757380709,0.1919711203558323
2026-09-20T20:23:49.715249+00:00,2026-09-20,2026-09-20T13:00:00+00:00,5,2026/27,Leeds,Crystal Palace,V1.2,1.7865207901531213,1.3576108499317892,3.14413164008491,-0.0749999999999999,0.4683832166632419,0.2466649780546442,0.2849518052821139,0.6261280677973632,0.3738719322026368,0.9490546085138386,0.8292103111524881,0.6083133866969084,0.5856399258801375,0.4143600741198625,1.7075338545218472,2.4133599312725496,0.3850213441597604,0.2095064501797023,1-1,0.0937489401039265,0.1298388539202026,0.1283810912500796,0.0123536358565639
2026-09-20T20:23:49.715249+00:00,2026-09-20,2026-09-20T13:00:00+00:00,5,2026/27,Man City,Sunderland,V1.2,2.2686848727260145,0.9988140000008772,3.2674988727268914,-0.0749999999999999,0.6531033032289147,0.2005329731299331,0.1463637236411518,0.5728112740943941,0.4271887259056058,0.955421880523303,0.843872720775094,0.633995068726362,0.6048903749920143,0.3951096250079857,1.653192117684468,2.530943152751058,0.4124563232252216,0.2314869229276447,2-0,0.3596319938411021,0.2420013969490445,-0.0663694964752545,0.0393064129901359
2026-09-20T20:23:49.715249+00:00,2026-09-20,2026-09-20T15:30:00+00:00,5,2026/27,Fulham,Man United,V1.2,1.4619757858268625,1.59059634565202,3.0525721314788825,-0.0749999999999999,0.3436738622719697,0.2565563722179608,0.3997697655100696,0.6198935944176229,0.380106405582377,0.9445241919179608,0.8168057725705892,0.5884839168500066,0.570908044590416,0.429091955409584,1.7515955668787704,2.3305027917511607,0.3645437847531807,0.1936454331635628,1-1,-0.025791555241804,0.0455330907109378,0.2024579072134937,0.0932943774612522
2026-09-20T23:04:02.955403+00:00,2026-09-20,2026-09-20T13:00:00+00:00,5,2026/27,Bournemouth,Liverpool,V1.2,1.676978977131582,1.684875529186836,3.361854506318418,-0.0749999999999999,0.3770715980381059,0.2425576920360024,0.3803707099258914,0.6696122456665429,0.3303877543334571,0.957981760675573,0.8561172983438243,0.6528430263649303,0.6191713134252456,0.3808286865747544,1.6150619034141236,2.6258526084108578,0.4332836163898024,0.248751918432428,1-1,0.2100903355889054,0.1075689741516622,0.3220764757380709,0.1919711203558323
2026-09-20T23:04:02.955403+00:00,2026-09-20,2026-09-20T13:00:00+00:00,5,2026/27,Leeds,Crystal Palace,V1.2,1.7865207901531213,1.3576108499317892,3.14413164008491,-0.0749999999999999,0.4683832166632419,0.2466649780546442,0.2849518052821139,0.6261280677973632,0.3738719322026368,0.9490546085138386,0.8292103111524881,0.6083133866969084,0.5856399258801375,0.4143600741198625,1.7075338545218472,2.4133599312725496,0.3850213441597604,0.2095064501797023,1-1,0.0937489401039265,0.1298388539202026,0.1283810912500796,0.0123536358565639
2026-09-20T23:04:02.955403+00:00,2026-09-20,2026-09-20T13:00:00+00:00,5,2026/27,Man City,Sunderland,V1.2,2.2686848727260145,0.9988140000008772,3.2674988727268914,-0.0749999999999999,0.6531033032289147,0.2005329731299331,0.1463637236411518,0.5728112740943941,0.4271887259056058,0.955421880523303,0.843872720775094,0.633995068726362,0.6048903749920143,0.3951096250079857,1.653192117684468,2.530943152751058,0.4124563232252216,0.2314869229276447,2-0,0.3596319938411021,0.2420013969490445,-0.0663694964752545,0.0393064129901359
2026-09-20T23:04:02.955403+00:00,2026-09-20,2026-09-20T15:30:00+00:00,5,2026/27,Fulham,Man United,V1.2,1.4619757858268625,1.59059634565202,3.0525721314788825,-0.0749999999999999,0.3436738622719697,0.2565563722179608,0.3997697655100696,0.6198935944176229,0.380106405582377,0.9445241919179608,0.8168057725705892,0.5884839168500066,0.570908044590416,0.429091955409584,1.7515955668787704,2.3305027917511607,0.3645437847531807,0.1936454331635628,1-1,-0.025791555241804,0.0455330907109378,0.2024579072134937,0.0932943774612522
2026-09-21T00:55:34.536806+00:00,2026-10-10,2026-10-10T11:30:00+00:00,6,2026/27,Arsenal,Leeds,V1.2,1.9909611581945903,0.8778019841215658,2.868763142316156,-0.0749999999999999,0.6259078840525665,0.2236192626531917,0.1504728532942416,0.5119498267803598,0.4880501732196401,0.9357893673446054,0.7878131349913369,0.5467709720057785,0.5401777415079008,0.4598222584920992,1.851242513637289,2.174753356393212,0.3233889146013745,0.1631813613672477,2-0,0.3194409657349417,0.5312228903379005,0.0936412194602543,0.1297591523047656
2026-09-21T00:55:34.536806+00:00,2026-10-10,2026-10-10T14:00:00+00:00,6,2026/27,Aston Villa,Brentford,V1.2,1.711528284910965,1.5953221354706535,3.3068504203816182,-0.0749999999999999,0.4021484375863907,0.2445942227416185,0.3532573396719906,0.660699656027292,0.339300343972708,0.955867026467499,0.8497352236223862,0.6419463861134452,0.6108967140689825,0.3891032859310175,1.6369379257899888,2.570011706807549,0.42117296420114,0.2386567934361911,1-1,0.0769274549291323,0.0445568833683459,0.204385135543605,0.0384764524605817
2026-09-21T00:55:34.536806+00:00,2026-10-10,2026-10-10T14:00:00+00:00,6,2026/27,Chelsea,Bournemouth,V1.2,1.9673349671036573,1.6261671135470963,3.5935020806507545,-0.0749999999999999,0.453968837795158,0.2297728371320817,0.3162583250727602,0.6975887237519227,0.3024112762480773,0.965899042657794,0.8802680316504413,0.6960984535893573,0.6525815933496818,0.3474184066503182,1.532375430430132,2.878373686764717,0.4833982295193216,0.2923135550816833,1-1,0.285251502813351,0.0309960256939826,0.2099743779162259,0.1075073872816605
2026-09-21T00:55:34.536806+00:00,2026-10-10,2026-10-10T14:00:00+00:00,6,2026/27,Ipswich Town,Fulham,V1.2,1.2756121150578648,1.7016459899608325,2.977258105018697,-0.0749999999999999,0.2793160520569383,0.2546797062783507,0.4660042416647111,0.5975806655243815,0.4024193344756185,0.940775914224015,0.8057204192995774,0.5716946840431911,0.5585041946840277,0.4414958053159723,1.7904968476839238,2.265027182499082,0.3476718480705935,0.1809283970434208,1-1,-0.2100321021923988,-0.2502149533710056,-0.0258663708333647,0.0454774469319654
2026-09-21T00:55:34.536806+00:00,2026-10-10,2026-10-10T14:00:00+00:00,6,2026/27,Sunderland,Brighton,V1.2,1.4041577697710648,1.5430447306007036,2.9472025003717683,-0.0749999999999999,0.3382933220300731,0.2618876258387776,0.3998190521311492,0.6017120808477152,0.3982879191522848,0.938984532370426,0.8013546947390222,0.5648771758923664,0.553482419473717,0.446517580526283,1.806742120103576,2.239553476979252,0.340940442607657,0.1759437175422119,1-1,-0.0664695932344981,0.039258426307571,0.1657685591586998,0.0930284386130568
2026-09-21T00:55:34.536806+00:00,2026-10-10,2026-10-10T16:30:00+00:00,6,2026/27,Man United,Spurs,V1.2,2.0163450709547286,1.2386244651040688,3.2549695360587974,-0.0749999999999999,0.5466611881404484,0.2291404721903111,0.2241983396692405,0.6228843186156457,0.3771156813843542,0.954190716219706,0.8430602376130254,0.6314466709038206,0.602969393822862,0.397030606177138,1.658458970296884,2.5186975120851085,0.4096892553718116,0.2292358473838565,1-1,0.2023507989402794,0.0932459679312373,0.0,0.0
2026-09-21T00:55:34.536806+00:00,2026-10-11,2026-10-11T13:00:00+00:00,6,2026/27,Crystal Palace,Nott'm Forest,V1.2,1.7601093221541944,1.2868222009334622,3.0469315230876566,-0.0749999999999999,0.4775334204289401,0.2498761751539447,0.2725904044171151,0.6074007942269531,0.3925992057730468,0.944425749860938,0.8158218198401526,0.5872407877179919,0.569987157681271,0.430012842318729,1.754425492791868,2.3255119419405426,0.363279767357401,0.1926812941375105,1-1,0.1282710975471681,0.0123040691285495,-0.0427675912954244,0.0618308783355859
2026-09-21T00:55:34.536806+00:00,2026-10-11,2026-10-11T13:00:00+00:00,6,2026/27,Hull City,Everton,V1.2,1.2501010184685135,1.0561814651850812,2.306282483653595,-0.0749999999999999,0.3971348094133268,0.3012546542524719,0.301610536334201,0.4752397295600843,0.5247602704399157,0.8905030886272685,0.6804578765182214,0.4056264399020934,0.436350171568748,0.5636498284312519,2.291737382398273,1.7741511654198427,0.2019313582156516,0.0844867584906944,1-1,-0.1855302437779886,0.1798179181976234,-0.0727694987316524,0.0901810961680967
2026-09-21T00:55:34.536806+00:00,2026-10-11,2026-10-11T15:30:00+00:00,6,2026/27,Liverpool,Man City,V1.2,1.784191412051835,1.6078494387904512,3.392040850842286,-0.0749999999999999,0.4164777980742729,0.2403376876254911,0.3431845143002358,0.6726264223779792,0.3273735776220208,0.9591221377941253,0.859489146732571,0.6587209480734441,0.6236549399445808,0.3763450600554192,1.603450780152342,2.65713598008366,0.4398999156428464,0.254337445385828,1-1,0.3220002831009146,0.1919073794915299,0.3595574837899748,0.2419706637173992
2026-09-21T00:55:34.536806+00:00,2026-10-12,2026-10-12T19:00:00+00:00,6,2026/27,Coventry City,Newcastle,V1.2,1.3243734853700726,1.5609786516883826,2.8853521370584554,-0.0749999999999999,0.3152408474661486,0.2638649960943668,0.4208941564394844,0.5885920860615825,0.4114079139384174,0.9355076378182162,0.7917178519778417,0.5506395631973159,0.543017035011861,0.4569829649881389,1.8415628525874093,2.18826537664474,0.3271006521184101,0.1658535334190999,1-1,-0.1777916796308017,0.0347379186914836,0.1728034546012973,0.0402045167555805
2026-09-21T16:16:02.130586+00:00,2026-10-10,2026-10-10T11:30:00+00:00,6,2026/27,Arsenal,Leeds,V1.2,1.9909611581945903,0.8778019841215658,2.868763142316156,-0.0749999999999999,0.6259078840525665,0.2236192626531917,0.1504728532942416,0.5119498267803598,0.4880501732196401,0.9357893673446054,0.7878131349913369,0.5467709720057785,0.5401777415079008,0.4598222584920992,1.851242513637289,2.174753356393212,0.3233889146013745,0.1631813613672477,2-0,0.3194409657349417,0.5312228903379005,0.0936412194602543,0.1297591523047656
2026-09-21T16:16:02.130586+00:00,2026-10-10,2026-10-10T14:00:00+00:00,6,2026/27,Aston Villa,Brentford,V1.2,1.711528284910965,1.5953221354706535,3.3068504203816182,-0.0749999999999999,0.4021484375863907,0.2445942227416185,0.3532573396719906,0.660699656027292,0.339300343972708,0.955867026467499,0.8497352236223862,0.6419463861134452,0.6108967140689825,0.3891032859310175,1.6369379257899888,2.570011706807549,0.42117296420114,0.2386567934361911,1-1,0.0769274549291323,0.0445568833683459,0.204385135543605,0.0384764524605817
2026-09-21T16:16:02.130586+00:00,2026-10-10,2026-10-10T14:00:00+00:00,6,2026/27,Chelsea,Bournemouth,V1.2,1.9673349671036573,1.6261671135470963,3.5935020806507545,-0.0749999999999999,0.453968837795158,0.2297728371320817,0.3162583250727602,0.6975887237519227,0.3024112762480773,0.965899042657794,0.8802680316504413,0.6960984535893573,0.6525815933496818,0.3474184066503182,1.532375430430132,2.878373686764717,0.4833982295193216,0.2923135550816833,1-1,0.285251502813351,0.0309960256939826,0.2099743779162259,0.1075073872816605
2026-09-21T16:16:02.130586+00:00,2026-10-10,2026-10-10T14:00:00+00:00,6,2026/27,Ipswich Town,Fulham,V1.2,1.2756121150578648,1.7016459899608325,2.977258105018697,-0.0749999999999999,0.2793160520569383,0.2546797062783507,0.4660042416647111,0.5975806655243815,0.4024193344756185,0.940775914224015,0.8057204192995774,0.5716946840431911,0.5585041946840277,0.4414958053159723,1.7904968476839238,2.265027182499082,0.3476718480705935,0.1809283970434208,1-1,-0.2100321021923988,-0.2502149533710056,-0.0258663708333647,0.0454774469319654
2026-09-21T16:16:02.130586+00:00,2026-10-10,2026-10-10T14:00:00+00:00,6,2026/27,Sunderland,Brighton,V1.2,1.4041577697710648,1.5430447306007036,2.9472025003717683,-0.0749999999999999,0.3382933220300731,0.2618876258387776,0.3998190521311492,0.6017120808477152,0.3982879191522848,0.938984532370426,0.8013546947390222,0.5648771758923664,0.553482419473717,0.446517580526283,1.806742120103576,2.239553476979252,0.340940442607657,0.1759437175422119,1-1,-0.0664695932344981,0.039258426307571,0.1657685591586998,0.0930284386130568
2026-09-21T16:16:02.130586+00:00,2026-10-10,2026-10-10T16:30:00+00:00,6,2026/27,Man United,Spurs,V1.2,2.0163450709547286,1.2386244651040688,3.2549695360587974,-0.0749999999999999,0.5466611881404484,0.2291404721903111,0.2241983396692405,0.6228843186156457,0.3771156813843542,0.954190716219706,0.8430602376130254,0.6314466709038206,0.602969393822862,0.397030606177138,1.658458970296884,2.5186975120851085,0.4096892553718116,0.2292358473838565,1-1,0.2023507989402794,0.0932459679312373,0.0,0.0
2026-09-21T16:16:02.130586+00:00,2026-10-11,2026-10-11T13:00:00+00:00,6,2026/27,Crystal Palace,Nott'm Forest,V1.2,1.7601093221541944,1.2868222009334622,3.0469315230876566,-0.0749999999999999,0.4775334204289401,0.2498761751539447,0.2725904044171151,0.6074007942269531,0.3925992057730468,0.944425749860938,0.8158218198401526,0.5872407877179919,0.569987157681271,0.430012842318729,1.754425492791868,2.3255119419405426,0.363279767357401,0.1926812941375105,1-1,0.1282710975471681,0.0123040691285495,-0.0427675912954244,0.0618308783355859
2026-09-21T16:16:02.130586+00:00,2026-10-11,2026-10-11T13:00:00+00:00,6,2026/27,Hull City,Everton,V1.2,1.2501010184685135,1.0561814651850812,2.306282483653595,-0.0749999999999999,0.3971348094133268,0.3012546542524719,0.301610536334201,0.4752397295600843,0.5247602704399157,0.8905030886272685,0.6804578765182214,0.4056264399020934,0.436350171568748,0.5636498284312519,2.291737382398273,1.7741511654198427,0.2019313582156516,0.0844867584906944,1-1,-0.1855302437779886,0.1798179181976234,-0.0727694987316524,0.0901810961680967
2026-09-21T16:16:02.130586+00:00,2026-10-11,2026-10-11T15:30:00+00:00,6,2026/27,Liverpool,Man City,V1.2,1.784191412051835,1.6078494387904512,3.392040850842286,-0.0749999999999999,0.4164777980742729,0.2403376876254911,0.3431845143002358,0.6726264223779792,0.3273735776220208,0.9591221377941253,0.859489146732571,0.6587209480734441,0.6236549399445808,0.3763450600554192,1.603450780152342,2.65713598008366,0.4398999156428464,0.254337445385828,1-1,0.3220002831009146,0.1919073794915299,0.3595574837899748,0.2419706637173992
2026-09-21T16:16:02.130586+00:00,2026-10-12,2026-10-12T19:00:00+00:00,6,2026/27,Coventry City,Newcastle,V1.2,1.3243734853700726,1.5609786516883826,2.8853521370584554,-0.0749999999999999,0.3152408474661486,0.2638649960943668,0.4208941564394844,0.5885920860615825,0.4114079139384174,0.9355076378182162,0.7917178519778417,0.5506395631973159,0.543017035011861,0.4569829649881389,1.8415628525874093,2.18826537664474,0.3271006521184101,0.1658535334190999,1-1,-0.1777916796308017,0.0347379186914836,0.1728034546012973,0.0402045167555805
2026-09-21T19:43:50.842222+00:00,2026-10-10,2026-10-10T11:30:00+00:00,6,2026/27,Arsenal,Leeds,V1.2,1.9908958214625463,0.8778120320813771,2.868707853543924,-0.0749999999999999,0.625891530981795,0.223626709283448,0.1504817597347578,0.5119484720094638,0.4880515279905362,0.9357859763010412,0.7878043834914364,0.546758057471058,0.5401685499922463,0.4598314500077537,1.8512740144059745,2.174709885509436,0.3233765657250835,0.1631725057980755,2-0,0.3193834691599574,0.5311895908148615,0.093620242105739,0.1297518438956222
2026-09-21T19:43:50.842222+00:00,2026-10-10,2026-10-10T14:00:00+00:00,6,2026/27,Aston Villa,Brentford,V1.2,1.711519166730294,1.59527599744479,3.3067951641750843,-0.0749999999999999,0.4021552956374636,0.2445964370867987,0.3532482672757374,0.6606908321774477,0.3393091678225522,0.9558648447227812,0.8497286876887723,0.6419353190077692,0.6108891420787288,0.3891108579212712,1.636958215687396,2.569961695086725,0.4211607652841065,0.2386467086275266,1-1,0.0769101798428898,0.0445644262820597,0.2043646327250162,0.0384818758455122
2026-09-21T19:43:50.842222+00:00,2026-10-10,2026-10-10T14:00:00+00:00,6,2026/27,Chelsea,Bournemouth,V1.2,1.9672879754439807,1.6261354312070204,3.5934234066510014,-0.0749999999999999,0.4539648059420056,0.2297761449372643,0.3162590491207305,0.697578318263318,0.302421681736682,0.96589664595957,0.8802604893657385,0.6960844836940255,0.6525717174135645,0.3474282825864355,1.53239862120205,2.878291866613402,0.4833814963603412,0.2922985230229775,1-1,0.2852135989549683,0.0309960384194323,0.2099557831271308,0.1075107406049778
2026-09-21T19:43:50.842222+00:00,2026-10-10,2026-10-10T14:00:00+00:00,6,2026/27,Ipswich Town,Fulham,V1.2,1.2756725276280814,1.7014803077776877,2.977152835405769,-0.0749999999999999,0.2793575067211523,0.2546915475116853,0.4659509457671624,0.5975731359485784,0.4024268640514216,0.9407700942141172,0.805704914285835,0.5716709214003948,0.5584871011978876,0.4415128988021124,1.7905516490087603,2.264939490359496,0.3476482663535976,0.1809108456866719,1-1,-0.209987786510061,-0.2501265460061229,-0.0258744585372332,0.0454917750135978
2026-09-21T19:43:50.842222+00:00,2026-10-10,2026-10-10T14:00:00+00:00,6,2026/27,Sunderland,Brighton,V1.2,1.404214116709948,1.5430254835708763,2.9472396002808243,-0.0749999999999999,0.3383108198910013,0.2618864118411996,0.3998027682677992,0.6017197763224719,0.3982802236775281,0.9389865601343778,0.8013603530125962,0.5648856326964813,0.5534890298868308,0.4465109701131692,1.806720541876801,2.239586632656635,0.3409487506251305,0.1759498389241044,1-1,-0.066442403030146,0.0392585283913983,0.1657570632614473,0.0930328719334667
2026-09-21T19:43:50.842222+00:00,2026-10-10,2026-10-10T16:30:00+00:00,6,2026/27,Man United,Spurs,V1.2,2.01633340054832,1.2386206748525628,3.254954075400882,-0.0749999999999999,0.5466594876565535,0.2291414216864976,0.2241990906569496,0.6228823107746992,0.3771176892253007,0.9541900719389312,0.8430583438505383,0.6314435111189186,0.6029677647624838,0.3970322352375162,1.658463451017007,2.5186871776337534,0.409685827136489,0.2292330578289725,1-1,0.2023276400731961,0.0932481524780005,0.0,0.0
2026-09-21T19:43:50.842222+00:00,2026-10-11,2026-10-11T13:00:00+00:00,6,2026/27,Crystal Palace,Nott'm Forest,V1.2,1.7601258654260534,1.286788874025405,3.0469147394514584,-0.0749999999999999,0.4775446707053613,0.2498753972166016,0.272579932078037,0.6073952363829503,0.3926047636170496,0.9444249502548092,0.815819392762054,0.5872370866452715,0.5699849278902749,0.4300150721097251,1.7544323561350472,2.32549988328045,0.3632760083542287,0.1926784307271236,1-1,0.128264805419197,0.0123131595635276,-0.0427835243002916,0.0618325581982772
2026-09-21T19:43:50.842222+00:00,2026-10-11,2026-10-11T13:00:00+00:00,6,2026/27,Hull City,Everton,V1.2,1.2500924527002084,1.0563633753134452,2.306455828013654,-0.0749999999999999,0.3970911861346559,0.301245345012792,0.3016634688525519,0.4752831871717293,0.5247168128282707,0.8905204362972385,0.6804976264187983,0.4056723696307209,0.4363839575167056,0.5636160424832943,2.2915599503029807,1.7742575168620047,0.201966668510663,0.0845071181236717,1-1,-0.1855538066727878,0.1796451884054891,-0.0727691340653135,0.090181756306627
2026-09-21T19:43:50.842222+00:00,2026-10-11,2026-10-11T15:30:00+00:00,6,2026/27,Liverpool,Man City,V1.2,1.784169368500562,1.6077729795054656,3.391942348006028,-0.0749999999999999,0.4164877301311628,0.2403413575715466,0.3431709122972907,0.6726109969819708,0.3273890030180292,0.959118544688126,0.85947818577475,0.6587018846727767,0.6236412645245645,0.3763587354754355,1.6034859411722124,2.657039430044713,0.4398783614875337,0.2543191677295571,1-1,0.3219498097147606,0.1918980725356781,0.359501497451121,0.2419499162816329
2026-09-21T19:43:50.842222+00:00,2026-10-12,2026-10-12T19:00:00+00:00,6,2026/27,Coventry City,Newcastle,V1.2,1.3244807124765108,1.5610921262519488,2.88557283872846,-0.0749999999999999,0.3152472395377306,0.2638530182602203,0.4208997422020489,0.5886315220245386,0.4113684779754614,0.9355205397642228,0.7917528247916961,0.5506908568744018,0.5430549986123914,0.4569450013876086,1.8414341135892127,2.188447180652577,0.3271499872782458,0.1658891218651439,1-1,-0.177724499142164,0.0346484079246942,0.1727875111998913,0.0402081070692427
2026-09-21T20:52:00.011329+00:00,2026-10-10,2026-10-10T11:30:00+00:00,6,2026/27,Arsenal,Leeds,V1.2,1.9909611581945903,0.8778019841215658,2.868763142316156,-0.0749999999999999,0.6259078840525665,0.2236192626531917,0.1504728532942416,0.5119498267803598,0.4880501732196401,0.9357893673446054,0.7878131349913369,0.5467709720057785,0.5401777415079008,0.4598222584920992,1.851242513637289,2.174753356393212,0.3233889146013745,0.1631813613672477,2-0,0.3194409657349417,0.5312228903379005,0.0936412194602543,0.1297591523047656
2026-09-21T20:52:00.011329+00:00,2026-10-10,2026-10-10T14:00:00+00:00,6,2026/27,Aston Villa,Brentford,V1.2,1.711528284910965,1.5953221354706535,3.3068504203816182,-0.0749999999999999,0.4021484375863907,0.2445942227416185,0.3532573396719906,0.660699656027292,0.339300343972708,0.955867026467499,0.8497352236223862,0.6419463861134452,0.6108967140689825,0.3891032859310175,1.6369379257899888,2.570011706807549,0.42117296420114,0.2386567934361911,1-1,0.0769274549291323,0.0445568833683459,0.204385135543605,0.0384764524605817
2026-09-21T20:52:00.011329+00:00,2026-10-10,2026-10-10T14:00:00+00:00,6,2026/27,Chelsea,Bournemouth,V1.2,1.9673349671036573,1.6261671135470963,3.5935020806507545,-0.0749999999999999,0.453968837795158,0.2297728371320817,0.3162583250727602,0.6975887237519227,0.3024112762480773,0.965899042657794,0.8802680316504413,0.6960984535893573,0.6525815933496818,0.3474184066503182,1.532375430430132,2.878373686764717,0.4833982295193216,0.2923135550816833,1-1,0.285251502813351,0.0309960256939826,0.2099743779162259,0.1075073872816605
2026-09-21T20:52:00.011329+00:00,2026-10-10,2026-10-10T14:00:00+00:00,6,2026/27,Ipswich Town,Fulham,V1.2,1.2756121150578648,1.7016459899608325,2.977258105018697,-0.0749999999999999,0.2793160520569383,0.2546797062783507,0.4660042416647111,0.5975806655243815,0.4024193344756185,0.940775914224015,0.8057204192995774,0.5716946840431911,0.5585041946840277,0.4414958053159723,1.7904968476839238,2.265027182499082,0.3476718480705935,0.1809283970434208,1-1,-0.2100321021923988,-0.2502149533710056,-0.0258663708333647,0.0454774469319654
2026-09-21T20:52:00.011329+00:00,2026-10-10,2026-10-10T14:00:00+00:00,6,2026/27,Sunderland,Brighton,V1.2,1.4041577697710648,1.5430447306007036,2.9472025003717683,-0.0749999999999999,0.3382933220300731,0.2618876258387776,0.3998190521311492,0.6017120808477152,0.3982879191522848,0.938984532370426,0.8013546947390222,0.5648771758923664,0.553482419473717,0.446517580526283,1.806742120103576,2.239553476979252,0.340940442607657,0.1759437175422119,1-1,-0.0664695932344981,0.039258426307571,0.1657685591586998,0.0930284386130568
2026-09-21T20:52:00.011329+00:00,2026-10-10,2026-10-10T16:30:00+00:00,6,2026/27,Man United,Spurs,V1.2,2.0163450709547286,1.2386244651040688,3.2549695360587974,-0.0749999999999999,0.5466611881404484,0.2291404721903111,0.2241983396692405,0.6228843186156457,0.3771156813843542,0.954190716219706,0.8430602376130254,0.6314466709038206,0.602969393822862,0.397030606177138,1.658458970296884,2.5186975120851085,0.4096892553718116,0.2292358473838565,1-1,0.2023507989402794,0.0932459679312373,0.0,0.0
2026-09-21T20:52:00.011329+00:00,2026-10-11,2026-10-11T13:00:00+00:00,6,2026/27,Crystal Palace,Nott'm Forest,V1.2,1.7601093221541944,1.2868222009334622,3.0469315230876566,-0.0749999999999999,0.4775334204289401,0.2498761751539447,0.2725904044171151,0.6074007942269531,0.3925992057730468,0.944425749860938,0.8158218198401526,0.5872407877179919,0.569987157681271,0.430012842318729,1.754425492791868,2.3255119419405426,0.363279767357401,0.1926812941375105,1-1,0.1282710975471681,0.0123040691285495,-0.0427675912954244,0.0618308783355859
2026-09-21T20:52:00.011329+00:00,2026-10-11,2026-10-11T13:00:00+00:00,6,2026/27,Hull City,Everton,V1.2,1.2501010184685135,1.0561814651850812,2.306282483653595,-0.0749999999999999,0.3971348094133268,0.3012546542524719,0.301610536334201,0.4752397295600843,0.5247602704399157,0.8905030886272685,0.6804578765182214,0.4056264399020934,0.436350171568748,0.5636498284312519,2.291737382398273,1.7741511654198427,0.2019313582156516,0.0844867584906944,1-1,-0.1855302437779886,0.1798179181976234,-0.0727694987316524,0.0901810961680967
2026-09-21T20:52:00.011329+00:00,2026-10-11,2026-10-11T15:30:00+00:00,6,2026/27,Liverpool,Man City,V1.2,1.784191412051835,1.6078494387904512,3.392040850842286,-0.0749999999999999,0.4164777980742729,0.2403376876254911,0.3431845143002358,0.6726264223779792,0.3273735776220208,0.9591221377941253,0.859489146732571,0.6587209480734441,0.6236549399445808,0.3763450600554192,1.603450780152342,2.65713598008366,0.4398999156428464,0.254337445385828,1-1,0.3220002831009146,0.1919073794915299,0.3595574837899748,0.2419706637173992
2026-09-21T20:52:00.011329+00:00,2026-10-12,2026-10-12T19:00:00+00:00,6,2026/27,Coventry City,Newcastle,V1.2,1.3243734853700726,1.5609786516883826,2.8853521370584554,-0.0749999999999999,0.3152408474661486,0.2638649960943668,0.4208941564394844,0.5885920860615825,0.4114079139384174,0.9355076378182162,0.7917178519778417,0.5506395631973159,0.543017035011861,0.4569829649881389,1.8415628525874093,2.18826537664474,0.3271006521184101,0.1658535334190999,1-1,-0.1777916796308017,0.0347379186914836,0.1728034546012973,0.0402045167555805
2026-09-21T23:55:51.838468+00:00,2026-10-10,2026-10-10T11:30:00+00:00,6,2026/27,Arsenal,Leeds,V1.2,1.9908958214625463,0.8778120320813771,2.868707853543924,-0.0749999999999999,0.625891530981795,0.223626709283448,0.1504817597347578,0.5119484720094638,0.4880515279905362,0.9357859763010412,0.7878043834914364,0.546758057471058,0.5401685499922463,0.4598314500077537,1.8512740144059745,2.174709885509436,0.3233765657250835,0.1631725057980755,2-0,0.3193834691599574,0.5311895908148615,0.093620242105739,0.1297518438956222
2026-09-21T23:55:51.838468+00:00,2026-10-10,2026-10-10T14:00:00+00:00,6,2026/27,Aston Villa,Brentford,V1.2,1.711519166730294,1.59527599744479,3.3067951641750843,-0.0749999999999999,0.4021552956374636,0.2445964370867987,0.3532482672757374,0.6606908321774477,0.3393091678225522,0.9558648447227812,0.8497286876887723,0.6419353190077692,0.6108891420787288,0.3891108579212712,1.636958215687396,2.569961695086725,0.4211607652841065,0.2386467086275266,1-1,0.0769101798428898,0.0445644262820597,0.2043646327250162,0.0384818758455122
2026-09-21T23:55:51.838468+00:00,2026-10-10,2026-10-10T14:00:00+00:00,6,2026/27,Chelsea,Bournemouth,V1.2,1.9672879754439807,1.6261354312070204,3.5934234066510014,-0.0749999999999999,0.4539648059420056,0.2297761449372643,0.3162590491207305,0.697578318263318,0.302421681736682,0.96589664595957,0.8802604893657385,0.6960844836940255,0.6525717174135645,0.3474282825864355,1.53239862120205,2.878291866613402,0.4833814963603412,0.2922985230229775,1-1,0.2852135989549683,0.0309960384194323,0.2099557831271308,0.1075107406049778
2026-09-21T23:55:51.838468+00:00,2026-10-10,2026-10-10T14:00:00+00:00,6,2026/27,Ipswich Town,Fulham,V1.2,1.2756725276280814,1.7014803077776877,2.977152835405769,-0.0749999999999999,0.2793575067211523,0.2546915475116853,0.4659509457671624,0.5975731359485784,0.4024268640514216,0.9407700942141172,0.805704914285835,0.5716709214003948,0.5584871011978876,0.4415128988021124,1.7905516490087603,2.264939490359496,0.3476482663535976,0.1809108456866719,1-1,-0.209987786510061,-0.2501265460061229,-0.0258744585372332,0.0454917750135978
2026-09-21T23:55:51.838468+00:00,2026-10-10,2026-10-10T14:00:00+00:00,6,2026/27,Sunderland,Brighton,V1.2,1.404214116709948,1.5430254835708763,2.9472396002808243,-0.0749999999999999,0.3383108198910013,0.2618864118411996,0.3998027682677992,0.6017197763224719,0.3982802236775281,0.9389865601343778,0.8013603530125962,0.5648856326964813,0.5534890298868308,0.4465109701131692,1.806720541876801,2.239586632656635,0.3409487506251305,0.1759498389241044,1-1,-0.066442403030146,0.0392585283913983,0.1657570632614473,0.0930328719334667
2026-09-21T23:55:51.838468+00:00,2026-10-10,2026-10-10T16:30:00+00:00,6,2026/27,Man United,Spurs,V1.2,2.01633340054832,1.2386206748525628,3.254954075400882,-0.0749999999999999,0.5466594876565535,0.2291414216864976,0.2241990906569496,0.6228823107746992,0.3771176892253007,0.9541900719389312,0.8430583438505383,0.6314435111189186,0.6029677647624838,0.3970322352375162,1.658463451017007,2.5186871776337534,0.409685827136489,0.2292330578289725,1-1,0.2023276400731961,0.0932481524780005,0.0,0.0
2026-09-21T23:55:51.838468+00:00,2026-10-11,2026-10-11T13:00:00+00:00,6,2026/27,Crystal Palace,Nott'm Forest,V1.2,1.7601258654260534,1.286788874025405,3.0469147394514584,-0.0749999999999999,0.4775446707053613,0.2498753972166016,0.272579932078037,0.6073952363829503,0.3926047636170496,0.9444249502548092,0.815819392762054,0.5872370866452715,0.5699849278902749,0.4300150721097251,1.7544323561350472,2.32549988328045,0.3632760083542287,0.1926784307271236,1-1,0.128264805419197,0.0123131595635276,-0.0427835243002916,0.0618325581982772
2026-09-21T23:55:51.838468+00:00,2026-10-11,2026-10-11T13:00:00+00:00,6,2026/27,Hull City,Everton,V1.2,1.2500924527002084,1.0563633753134452,2.306455828013654,-0.0749999999999999,0.3970911861346559,0.301245345012792,0.3016634688525519,0.4752831871717293,0.5247168128282707,0.8905204362972385,0.6804976264187983,0.4056723696307209,0.4363839575167056,0.5636160424832943,2.2915599503029807,1.7742575168620047,0.201966668510663,0.0845071181236717,1-1,-0.1855538066727878,0.1796451884054891,-0.0727691340653135,0.090181756306627
2026-09-21T23:55:51.838468+00:00,2026-10-11,2026-10-11T15:30:00+00:00,6,2026/27,Liverpool,Man City,V1.2,1.784169368500562,1.6077729795054656,3.391942348006028,-0.0749999999999999,0.4164877301311628,0.2403413575715466,0.3431709122972907,0.6726109969819708,0.3273890030180292,0.959118544688126,0.85947818577475,0.6587018846727767,0.6236412645245645,0.3763587354754355,1.6034859411722124,2.657039430044713,0.4398783614875337,0.2543191677295571,1-1,0.3219498097147606,0.1918980725356781,0.359501497451121,0.2419499162816329
2026-09-21T23:55:51.838468+00:00,2026-10-12,2026-10-12T19:00:00+00:00,6,2026/27,Coventry City,Newcastle,V1.2,1.3244807124765108,1.5610921262519488,2.88557283872846,-0.0749999999999999,0.3152472395377306,0.2638530182602203,0.4208997422020489,0.5886315220245386,0.4113684779754614,0.9355205397642228,0.7917528247916961,0.5506908568744018,0.5430549986123914,0.4569450013876086,1.8414341135892127,2.188447180652577,0.3271499872782458,0.1658891218651439,1-1,-0.177724499142164,0.0346484079246942,0.1727875111998913,0.0402081070692427
2026-09-22T17:37:09.697605+00:00,2026-10-10,2026-10-10T11:30:00+00:00,6,2026/27,Arsenal,Leeds,V1.2,1.9908958214625463,0.8778120320813771,2.868707853543924,-0.0749999999999999,0.625891530981795,0.223626709283448,0.1504817597347578,0.5119484720094638,0.4880515279905362,0.9357859763010412,0.7878043834914364,0.546758057471058,0.5401685499922463,0.4598314500077537,1.8512740144059745,2.174709885509436,0.3233765657250835,0.1631725057980755,2-0,0.3193834691599574,0.5311895908148615,0.093620242105739,0.1297518438956222
2026-09-22T17:37:09.697605+00:00,2026-10-10,2026-10-10T14:00:00+00:00,6,2026/27,Aston Villa,Brentford,V1.2,1.711519166730294,1.59527599744479,3.3067951641750843,-0.0749999999999999,0.4021552956374636,0.2445964370867987,0.3532482672757374,0.6606908321774477,0.3393091678225522,0.9558648447227812,0.8497286876887723,0.6419353190077692,0.6108891420787288,0.3891108579212712,1.636958215687396,2.569961695086725,0.4211607652841065,0.2386467086275266,1-1,0.0769101798428898,0.0445644262820597,0.2043646327250162,0.0384818758455122
2026-09-22T17:37:09.697605+00:00,2026-10-10,2026-10-10T14:00:00+00:00,6,2026/27,Chelsea,Bournemouth,V1.2,1.9672879754439807,1.6261354312070204,3.5934234066510014,-0.0749999999999999,0.4539648059420056,0.2297761449372643,0.3162590491207305,0.697578318263318,0.302421681736682,0.96589664595957,0.8802604893657385,0.6960844836940255,0.6525717174135645,0.3474282825864355,1.53239862120205,2.878291866613402,0.4833814963603412,0.2922985230229775,1-1,0.2852135989549683,0.0309960384194323,0.2099557831271308,0.1075107406049778
2026-09-22T17:37:09.697605+00:00,2026-10-10,2026-10-10T14:00:00+00:00,6,2026/27,Ipswich Town,Fulham,V1.2,1.2756725276280814,1.7014803077776877,2.977152835405769,-0.0749999999999999,0.2793575067211523,0.2546915475116853,0.4659509457671624,0.5975731359485784,0.4024268640514216,0.9407700942141172,0.805704914285835,0.5716709214003948,0.5584871011978876,0.4415128988021124,1.7905516490087603,2.264939490359496,0.3476482663535976,0.1809108456866719,1-1,-0.209987786510061,-0.2501265460061229,-0.0258744585372332,0.0454917750135978
2026-09-22T17:37:09.697605+00:00,2026-10-10,2026-10-10T14:00:00+00:00,6,2026/27,Sunderland,Brighton,V1.2,1.404214116709948,1.5430254835708763,2.9472396002808243,-0.0749999999999999,0.3383108198910013,0.2618864118411996,0.3998027682677992,0.6017197763224719,0.3982802236775281,0.9389865601343778,0.8013603530125962,0.5648856326964813,0.5534890298868308,0.4465109701131692,1.806720541876801,2.239586632656635,0.3409487506251305,0.1759498389241044,1-1,-0.066442403030146,0.0392585283913983,0.1657570632614473,0.0930328719334667
2026-09-22T17:37:09.697605+00:00,2026-10-10,2026-10-10T16:30:00+00:00,6,2026/27,Man United,Spurs,V1.2,2.01633340054832,1.2386206748525628,3.254954075400882,-0.0749999999999999,0.5466594876565535,0.2291414216864976,0.2241990906569496,0.6228823107746992,0.3771176892253007,0.9541900719389312,0.8430583438505383,0.6314435111189186,0.6029677647624838,0.3970322352375162,1.658463451017007,2.5186871776337534,0.409685827136489,0.2292330578289725,1-1,0.2023276400731961,0.0932481524780005,0.0,0.0
2026-09-22T17:37:09.697605+00:00,2026-10-11,2026-10-11T13:00:00+00:00,6,2026/27,Crystal Palace,Nott'm Forest,V1.2,1.7601258654260534,1.286788874025405,3.0469147394514584,-0.0749999999999999,0.4775446707053613,0.2498753972166016,0.272579932078037,0.6073952363829503,0.3926047636170496,0.9444249502548092,0.815819392762054,0.5872370866452715,0.5699849278902749,0.4300150721097251,1.7544323561350472,2.32549988328045,0.3632760083542287,0.1926784307271236,1-1,0.128264805419197,0.0123131595635276,-0.0427835243002916,0.0618325581982772
2026-09-22T17:37:09.697605+00:00,2026-10-11,2026-10-11T13:00:00+00:00,6,2026/27,Hull City,Everton,V1.2,1.2500924527002084,1.0563633753134452,2.306455828013654,-0.0749999999999999,0.3970911861346559,0.301245345012792,0.3016634688525519,0.4752831871717293,0.5247168128282707,0.8905204362972385,0.6804976264187983,0.4056723696307209,0.4363839575167056,0.5636160424832943,2.2915599503029807,1.7742575168620047,0.201966668510663,0.0845071181236717,1-1,-0.1855538066727878,0.1796451884054891,-0.0727691340653135,0.090181756306627
2026-09-22T17:37:09.697605+00:00,2026-10-11,2026-10-11T15:30:00+00:00,6,2026/27,Liverpool,Man City,V1.2,1.784169368500562,1.6077729795054656,3.391942348006028,-0.0749999999999999,0.4164877301311628,0.2403413575715466,0.3431709122972907,0.6726109969819708,0.3273890030180292,0.959118544688126,0.85947818577475,0.6587018846727767,0.6236412645245645,0.3763587354754355,1.6034859411722124,2.657039430044713,0.4398783614875337,0.2543191677295571,1-1,0.3219498097147606,0.1918980725356781,0.359501497451121,0.2419499162816329
2026-09-22T17:37:09.697605+00:00,2026-10-12,2026-10-12T19:00:00+00:00,6,2026/27,Coventry City,Newcastle,V1.2,1.3244807124765108,1.5610921262519488,2.88557283872846,-0.0749999999999999,0.3152472395377306,0.2638530182602203,0.4208997422020489,0.5886315220245386,0.4113684779754614,0.9355205397642228,0.7917528247916961,0.5506908568744018,0.5430549986123914,0.4569450013876086,1.8414341135892127,2.188447180652577,0.3271499872782458,0.1658891218651439,1-1,-0.177724499142164,0.0346484079246942,0.1727875111998913,0.0402081070692427
2026-09-22T20:13:01.755011+00:00,2026-10-10,2026-10-10T11:30:00+00:00,6,2026/27,Arsenal,Leeds,V1.2,1.9908958214625463,0.8778120320813771,2.868707853543924,-0.0749999999999999,0.625891530981795,0.223626709283448,0.1504817597347578,0.5119484720094638,0.4880515279905362,0.9357859763010412,0.7878043834914364,0.546758057471058,0.5401685499922463,0.4598314500077537,1.8512740144059745,2.174709885509436,0.3233765657250835,0.1631725057980755,2-0,0.3193834691599574,0.5311895908148615,0.093620242105739,0.1297518438956222
2026-09-22T20:13:01.755011+00:00,2026-10-10,2026-10-10T14:00:00+00:00,6,2026/27,Aston Villa,Brentford,V1.2,1.711519166730294,1.59527599744479,3.3067951641750843,-0.0749999999999999,0.4021552956374636,0.2445964370867987,0.3532482672757374,0.6606908321774477,0.3393091678225522,0.9558648447227812,0.8497286876887723,0.6419353190077692,0.6108891420787288,0.3891108579212712,1.636958215687396,2.569961695086725,0.4211607652841065,0.2386467086275266,1-1,0.0769101798428898,0.0445644262820597,0.2043646327250162,0.0384818758455122
2026-09-22T20:13:01.755011+00:00,2026-10-10,2026-10-10T14:00:00+00:00,6,2026/27,Chelsea,Bournemouth,V1.2,1.9672879754439807,1.6261354312070204,3.5934234066510014,-0.0749999999999999,0.4539648059420056,0.2297761449372643,0.3162590491207305,0.697578318263318,0.302421681736682,0.96589664595957,0.8802604893657385,0.6960844836940255,0.6525717174135645,0.3474282825864355,1.53239862120205,2.878291866613402,0.4833814963603412,0.2922985230229775,1-1,0.2852135989549683,0.0309960384194323,0.2099557831271308,0.1075107406049778
2026-09-22T20:13:01.755011+00:00,2026-10-10,2026-10-10T14:00:00+00:00,6,2026/27,Ipswich Town,Fulham,V1.2,1.2756725276280814,1.7014803077776877,2.977152835405769,-0.0749999999999999,0.2793575067211523,0.2546915475116853,0.4659509457671624,0.5975731359485784,0.4024268640514216,0.9407700942141172,0.805704914285835,0.5716709214003948,0.5584871011978876,0.4415128988021124,1.7905516490087603,2.264939490359496,0.3476482663535976,0.1809108456866719,1-1,-0.209987786510061,-0.2501265460061229,-0.0258744585372332,0.0454917750135978
2026-09-22T20:13:01.755011+00:00,2026-10-10,2026-10-10T14:00:00+00:00,6,2026/27,Sunderland,Brighton,V1.2,1.404214116709948,1.5430254835708763,2.9472396002808243,-0.0749999999999999,0.3383108198910013,0.2618864118411996,0.3998027682677992,0.6017197763224719,0.3982802236775281,0.9389865601343778,0.8013603530125962,0.5648856326964813,0.5534890298868308,0.4465109701131692,1.806720541876801,2.239586632656635,0.3409487506251305,0.1759498389241044,1-1,-0.066442403030146,0.0392585283913983,0.1657570632614473,0.0930328719334667
2026-09-22T20:13:01.755011+00:00,2026-10-10,2026-10-10T16:30:00+00:00,6,2026/27,Man United,Spurs,V1.2,2.01633340054832,1.2386206748525628,3.254954075400882,-0.0749999999999999,0.5466594876565535,0.2291414216864976,0.2241990906569496,0.6228823107746992,0.3771176892253007,0.9541900719389312,0.8430583438505383,0.6314435111189186,0.6029677647624838,0.3970322352375162,1.658463451017007,2.5186871776337534,0.409685827136489,0.2292330578289725,1-1,0.2023276400731961,0.0932481524780005,0.0,0.0
2026-09-22T20:13:01.755011+00:00,2026-10-11,2026-10-11T13:00:00+00:00,6,2026/27,Crystal Palace,Nott'm Forest,V1.2,1.7601258654260534,1.286788874025405,3.0469147394514584,-0.0749999999999999,0.4775446707053613,0.2498753972166016,0.272579932078037,0.6073952363829503,0.3926047636170496,0.9444249502548092,0.815819392762054,0.5872370866452715,0.5699849278902749,0.4300150721097251,1.7544323561350472,2.32549988328045,0.3632760083542287,0.1926784307271236,1-1,0.128264805419197,0.0123131595635276,-0.0427835243002916,0.0618325581982772
2026-09-22T20:13:01.755011+00:00,2026-10-11,2026-10-11T13:00:00+00:00,6,2026/27,Hull City,Everton,V1.2,1.2500924527002084,1.0563633753134452,2.306455828013654,-0.0749999999999999,0.3970911861346559,0.301245345012792,0.3016634688525519,0.4752831871717293,0.5247168128282707,0.8905204362972385,0.6804976264187983,0.4056723696307209,0.4363839575167056,0.5636160424832943,2.2915599503029807,1.7742575168620047,0.201966668510663,0.0845071181236717,1-1,-0.1855538066727878,0.1796451884054891,-0.0727691340653135,0.090181756306627
2026-09-22T20:13:01.755011+00:00,2026-10-11,2026-10-11T15:30:00+00:00,6,2026/27,Liverpool,Man City,V1.2,1.784169368500562,1.6077729795054656,3.391942348006028,-0.0749999999999999,0.4164877301311628,0.2403413575715466,0.3431709122972907,0.6726109969819708,0.3273890030180292,0.959118544688126,0.85947818577475,0.6587018846727767,0.6236412645245645,0.3763587354754355,1.6034859411722124,2.657039430044713,0.4398783614875337,0.2543191677295571,1-1,0.3219498097147606,0.1918980725356781,0.359501497451121,0.2419499162816329
2026-09-22T20:13:01.755011+00:00,2026-10-12,2026-10-12T19:00:00+00:00,6,2026/27,Coventry City,Newcastle,V1.2,1.3244807124765108,1.5610921262519488,2.88557283872846,-0.0749999999999999,0.3152472395377306,0.2638530182602203,0.4208997422020489,0.5886315220245386,0.4113684779754614,0.9355205397642228,0.7917528247916961,0.5506908568744018,0.5430549986123914,0.4569450013876086,1.8414341135892127,2.188447180652577,0.3271499872782458,0.1658891218651439,1-1,-0.177724499142164,0.0346484079246942,0.1727875111998913,0.0402081070692427
2026-09-22T23:38:04.843073+00:00,2026-10-10,2026-10-10T11:30:00+00:00,6,2026/27,Arsenal,Leeds,V1.2,1.9909611581945903,0.8778019841215658,2.868763142316156,-0.0749999999999999,0.6259078840525665,0.2236192626531917,0.1504728532942416,0.5119498267803598,0.4880501732196401,0.9357893673446054,0.7878131349913369,0.5467709720057785,0.5401777415079008,0.4598222584920992,1.851242513637289,2.174753356393212,0.3233889146013745,0.1631813613672477,2-0,0.3194409657349417,0.5312228903379005,0.0936412194602543,0.1297591523047656
2026-09-22T23:38:04.843073+00:00,2026-10-10,2026-10-10T14:00:00+00:00,6,2026/27,Aston Villa,Brentford,V1.2,1.711528284910965,1.5953221354706535,3.3068504203816182,-0.0749999999999999,0.4021484375863907,0.2445942227416185,0.3532573396719906,0.660699656027292,0.339300343972708,0.955867026467499,0.8497352236223862,0.6419463861134452,0.6108967140689825,0.3891032859310175,1.6369379257899888,2.570011706807549,0.42117296420114,0.2386567934361911,1-1,0.0769274549291323,0.0445568833683459,0.204385135543605,0.0384764524605817
2026-09-22T23:38:04.843073+00:00,2026-10-10,2026-10-10T14:00:00+00:00,6,2026/27,Chelsea,Bournemouth,V1.2,1.9673349671036573,1.6261671135470963,3.5935020806507545,-0.0749999999999999,0.453968837795158,0.2297728371320817,0.3162583250727602,0.6975887237519227,0.3024112762480773,0.965899042657794,0.8802680316504413,0.6960984535893573,0.6525815933496818,0.3474184066503182,1.532375430430132,2.878373686764717,0.4833982295193216,0.2923135550816833,1-1,0.285251502813351,0.0309960256939826,0.2099743779162259,0.1075073872816605
2026-09-22T23:38:04.843073+00:00,2026-10-10,2026-10-10T14:00:00+00:00,6,2026/27,Ipswich Town,Fulham,V1.2,1.2756121150578648,1.7016459899608325,2.977258105018697,-0.0749999999999999,0.2793160520569383,0.2546797062783507,0.4660042416647111,0.5975806655243815,0.4024193344756185,0.940775914224015,0.8057204192995774,0.5716946840431911,0.5585041946840277,0.4414958053159723,1.7904968476839238,2.265027182499082,0.3476718480705935,0.1809283970434208,1-1,-0.2100321021923988,-0.2502149533710056,-0.0258663708333647,0.0454774469319654
2026-09-22T23:38:04.843073+00:00,2026-10-10,2026-10-10T14:00:00+00:00,6,2026/27,Sunderland,Brighton,V1.2,1.4041577697710648,1.5430447306007036,2.9472025003717683,-0.0749999999999999,0.3382933220300731,0.2618876258387776,0.3998190521311492,0.6017120808477152,0.3982879191522848,0.938984532370426,0.8013546947390222,0.5648771758923664,0.553482419473717,0.446517580526283,1.806742120103576,2.239553476979252,0.340940442607657,0.1759437175422119,1-1,-0.0664695932344981,0.039258426307571,0.1657685591586998,0.0930284386130568
2026-09-22T23:38:04.843073+00:00,2026-10-10,2026-10-10T16:30:00+00:00,6,2026/27,Man United,Spurs,V1.2,2.0163450709547286,1.2386244651040688,3.2549695360587974,-0.0749999999999999,0.5466611881404484,0.2291404721903111,0.2241983396692405,0.6228843186156457,0.3771156813843542,0.954190716219706,0.8430602376130254,0.6314466709038206,0.602969393822862,0.397030606177138,1.658458970296884,2.5186975120851085,0.4096892553718116,0.2292358473838565,1-1,0.2023507989402794,0.0932459679312373,0.0,0.0
2026-09-22T23:38:04.843073+00:00,2026-10-11,2026-10-11T13:00:00+00:00,6,2026/27,Crystal Palace,Nott'm Forest,V1.2,1.7601093221541944,1.2868222009334622,3.0469315230876566,-0.0749999999999999,0.4775334204289401,0.2498761751539447,0.2725904044171151,0.6074007942269531,0.3925992057730468,0.944425749860938,0.8158218198401526,0.5872407877179919,0.569987157681271,0.430012842318729,1.754425492791868,2.3255119419405426,0.363279767357401,0.1926812941375105,1-1,0.1282710975471681,0.0123040691285495,-0.0427675912954244,0.0618308783355859
2026-09-22T23:38:04.843073+00:00,2026-10-11,2026-10-11T13:00:00+00:00,6,2026/27,Hull City,Everton,V1.2,1.2501010184685135,1.0561814651850812,2.306282483653595,-0.0749999999999999,0.3971348094133268,0.3012546542524719,0.301610536334201,0.4752397295600843,0.5247602704399157,0.8905030886272685,0.6804578765182214,0.4056264399020934,0.436350171568748,0.5636498284312519,2.291737382398273,1.7741511654198427,0.2019313582156516,0.0844867584906944,1-1,-0.1855302437779886,0.1798179181976234,-0.0727694987316524,0.0901810961680967
2026-09-22T23:38:04.843073+00:00,2026-10-11,2026-10-11T15:30:00+00:00,6,2026/27,Liverpool,Man City,V1.2,1.784191412051835,1.6078494387904512,3.392040850842286,-0.0749999999999999,0.4164777980742729,0.2403376876254911,0.3431845143002358,0.6726264223779792,0.3273735776220208,0.9591221377941253,0.859489146732571,0.6587209480734441,0.6236549399445808,0.3763450600554192,1.603450780152342,2.65713598008366,0.4398999156428464,0.254337445385828,1-1,0.3220002831009146,0.1919073794915299,0.3595574837899748,0.2419706637173992
2026-09-22T23:38:04.843073+00:00,2026-10-12,2026-10-12T19:00:00+00:00,6,2026/27,Coventry City,Newcastle,V1.2,1.3243734853700726,1.5609786516883826,2.8853521370584554,-0.0749999999999999,0.3152408474661486,0.2638649960943668,0.4208941564394844,0.5885920860615825,0.4114079139384174,0.9355076378182162,0.7917178519778417,0.5506395631973159,0.543017035011861,0.4569829649881389,1.8415628525874093,2.18826537664474,0.3271006521184101,0.1658535334190999,1-1,-0.1777916796308017,0.0347379186914836,0.1728034546012973,0.0402045167555805
2026-09-23T17:42:46.245430+00:00,2026-10-10,2026-10-10T11:30:00+00:00,6,2026/27,Arsenal,Leeds,V1.2,1.9909611581945903,0.8778019841215658,2.868763142316156,-0.0749999999999999,0.6259078840525665,0.2236192626531917,0.1504728532942416,0.5119498267803598,0.4880501732196401,0.9357893673446054,0.7878131349913369,0.5467709720057785,0.5401777415079008,0.4598222584920992,1.851242513637289,2.174753356393212,0.3233889146013745,0.1631813613672477,2-0,0.3194409657349417,0.5312228903379005,0.0936412194602543,0.1297591523047656
2026-09-23T17:42:46.245430+00:00,2026-10-10,2026-10-10T14:00:00+00:00,6,2026/27,Aston Villa,Brentford,V1.2,1.711528284910965,1.5953221354706535,3.3068504203816182,-0.0749999999999999,0.4021484375863907,0.2445942227416185,0.3532573396719906,0.660699656027292,0.339300343972708,0.955867026467499,0.8497352236223862,0.6419463861134452,0.6108967140689825,0.3891032859310175,1.6369379257899888,2.570011706807549,0.42117296420114,0.2386567934361911,1-1,0.0769274549291323,0.0445568833683459,0.204385135543605,0.0384764524605817
2026-09-23T17:42:46.245430+00:00,2026-10-10,2026-10-10T14:00:00+00:00,6,2026/27,Chelsea,Bournemouth,V1.2,1.9673349671036575,1.6261671135470963,3.5935020806507545,-0.0749999999999999,0.453968837795158,0.2297728371320817,0.3162583250727602,0.6975887237519227,0.3024112762480773,0.965899042657794,0.8802680316504413,0.6960984535893573,0.6525815933496818,0.3474184066503182,1.532375430430132,2.878373686764717,0.4833982295193216,0.2923135550816833,1-1,0.285251502813351,0.0309960256939826,0.2099743779162259,0.1075073872816605
2026-09-23T17:42:46.245430+00:00,2026-10-10,2026-10-10T14:00:00+00:00,6,2026/27,Ipswich Town,Fulham,V1.2,1.2756121150578648,1.7016459899608325,2.977258105018697,-0.0749999999999999,0.2793160520569383,0.2546797062783507,0.4660042416647111,0.5975806655243815,0.4024193344756185,0.940775914224015,0.8057204192995774,0.5716946840431911,0.5585041946840277,0.4414958053159723,1.7904968476839238,2.265027182499082,0.3476718480705935,0.1809283970434208,1-1,-0.2100321021923988,-0.2502149533710056,-0.0258663708333647,0.0454774469319654
2026-09-23T17:42:46.245430+00:00,2026-10-10,2026-10-10T14:00:00+00:00,6,2026/27,Sunderland,Brighton,V1.2,1.4041577697710648,1.5430447306007036,2.9472025003717683,-0.0749999999999999,0.3382933220300731,0.2618876258387776,0.3998190521311492,0.6017120808477152,0.3982879191522848,0.938984532370426,0.8013546947390222,0.5648771758923664,0.553482419473717,0.446517580526283,1.806742120103576,2.239553476979252,0.340940442607657,0.1759437175422119,1-1,-0.0664695932344981,0.039258426307571,0.1657685591586998,0.0930284386130568
2026-09-23T17:42:46.245430+00:00,2026-10-10,2026-10-10T16:30:00+00:00,6,2026/27,Man United,Spurs,V1.2,2.0163450709547286,1.2386244651040688,3.2549695360587974,-0.0749999999999999,0.5466611881404484,0.2291404721903111,0.2241983396692405,0.6228843186156457,0.3771156813843542,0.954190716219706,0.8430602376130254,0.6314466709038206,0.602969393822862,0.397030606177138,1.658458970296884,2.5186975120851085,0.4096892553718116,0.2292358473838565,1-1,0.2023507989402794,0.0932459679312373,0.0,0.0
2026-09-23T17:42:46.245430+00:00,2026-10-11,2026-10-11T13:00:00+00:00,6,2026/27,Crystal Palace,Nott'm Forest,V1.2,1.7601093221541944,1.2868222009334622,3.0469315230876566,-0.0749999999999999,0.4775334204289401,0.2498761751539447,0.2725904044171151,0.6074007942269531,0.3925992057730468,0.944425749860938,0.8158218198401526,0.5872407877179919,0.569987157681271,0.430012842318729,1.754425492791868,2.3255119419405426,0.363279767357401,0.1926812941375105,1-1,0.1282710975471681,0.0123040691285495,-0.0427675912954244,0.0618308783355859
2026-09-23T17:42:46.245430+00:00,2026-10-11,2026-10-11T13:00:00+00:00,6,2026/27,Hull City,Everton,V1.2,1.2501010184685135,1.0561814651850812,2.306282483653595,-0.0749999999999999,0.3971348094133268,0.3012546542524719,0.301610536334201,0.4752397295600843,0.5247602704399157,0.8905030886272685,0.6804578765182214,0.4056264399020934,0.436350171568748,0.5636498284312519,2.291737382398273,1.7741511654198427,0.2019313582156516,0.0844867584906944,1-1,-0.1855302437779886,0.1798179181976234,-0.0727694987316524,0.0901810961680967
2026-09-23T17:42:46.245430+00:00,2026-10-11,2026-10-11T15:30:00+00:00,6,2026/27,Liverpool,Man City,V1.2,1.784191412051835,1.6078494387904512,3.392040850842286,-0.0749999999999999,0.4164777980742729,0.2403376876254911,0.3431845143002358,0.6726264223779792,0.3273735776220208,0.9591221377941253,0.859489146732571,0.6587209480734441,0.6236549399445808,0.3763450600554192,1.603450780152342,2.65713598008366,0.4398999156428464,0.254337445385828,1-1,0.3220002831009146,0.1919073794915299,0.3595574837899748,0.2419706637173992
2026-09-23T17:42:46.245430+00:00,2026-10-12,2026-10-12T19:00:00+00:00,6,2026/27,Coventry City,Newcastle,V1.2,1.3243734853700726,1.5609786516883826,2.8853521370584554,-0.0749999999999999,0.3152408474661486,0.2638649960943668,0.4208941564394844,0.5885920860615825,0.4114079139384174,0.9355076378182162,0.7917178519778417,0.5506395631973159,0.543017035011861,0.4569829649881389,1.8415628525874093,2.18826537664474,0.3271006521184101,0.1658535334190999,1-1,-0.1777916796308017,0.0347379186914836,0.1728034546012973,0.0402045167555805
