EventId,Date,KickoffUTC,HomeTeam,AwayTeam,Bookmaker,BookmakerKey,BookLastUpdate,QuoteCapturedAt,PriceSource,Market,Outcome,Point,DecimalOdds
45d4a466e32cd2b4ea535207923ceaf5,2026-10-10,2026-10-10T14:00:00+00:00,Chelsea,Bournemouth,BetMGM,betmgm,2026-10-10T15:39:01Z,2026-10-10T15:42:22.609076+00:00,odds_api_region,totals,Over,6.5,2.05
45d4a466e32cd2b4ea535207923ceaf5,2026-10-10,2026-10-10T14:00:00+00:00,Chelsea,Bournemouth,BetMGM,betmgm,2026-10-10T15:39:01Z,2026-10-10T15:42:22.609076+00:00,odds_api_region,totals,Under,6.5,1.69
02e6c0ccb11bb7ce78989ce49d67110b,2026-10-10,2026-10-10T14:00:00+00:00,Aston Villa,Brentford,DraftKings,draftkings,2026-10-10T15:40:42Z,2026-10-10T15:42:22.609076+00:00,odds_api_region,h2h,Aston Villa,,1.28
02e6c0ccb11bb7ce78989ce49d67110b,2026-10-10,2026-10-10T14:00:00+00:00,Aston Villa,Brentford,DraftKings,draftkings,2026-10-10T15:40:42Z,2026-10-10T15:42:22.609076+00:00,odds_api_region,h2h,Brentford,,21.0
02e6c0ccb11bb7ce78989ce49d67110b,2026-10-10,2026-10-10T14:00:00+00:00,Aston Villa,Brentford,DraftKings,draftkings,2026-10-10T15:40:42Z,2026-10-10T15:42:22.609076+00:00,odds_api_region,h2h,Draw,,4.5
02e6c0ccb11bb7ce78989ce49d67110b,2026-10-10,2026-10-10T14:00:00+00:00,Aston Villa,Brentford,BetMGM,betmgm,2026-10-10T15:40:42Z,2026-10-10T15:42:22.609076+00:00,odds_api_region,totals,Over,4.5,2.2
02e6c0ccb11bb7ce78989ce49d67110b,2026-10-10,2026-10-10T14:00:00+00:00,Aston Villa,Brentford,BetMGM,betmgm,2026-10-10T15:40:42Z,2026-10-10T15:42:22.609076+00:00,odds_api_region,totals,Under,4.5,1.57
380b8f24ec5430fb545a7490c1017285,2026-10-10,2026-10-10T14:00:00+00:00,Sunderland,Brighton,BetMGM,betmgm,2026-10-10T15:40:42Z,2026-10-10T15:42:22.609076+00:00,odds_api_region,h2h,Brighton and Hove Albion,,1.43
380b8f24ec5430fb545a7490c1017285,2026-10-10,2026-10-10T14:00:00+00:00,Sunderland,Brighton,BetMGM,betmgm,2026-10-10T15:40:42Z,2026-10-10T15:42:22.609076+00:00,odds_api_region,h2h,Sunderland,,10.5
380b8f24ec5430fb545a7490c1017285,2026-10-10,2026-10-10T14:00:00+00:00,Sunderland,Brighton,BetMGM,betmgm,2026-10-10T15:40:42Z,2026-10-10T15:42:22.609076+00:00,odds_api_region,h2h,Draw,,3.5
380b8f24ec5430fb545a7490c1017285,2026-10-10,2026-10-10T14:00:00+00:00,Sunderland,Brighton,DraftKings,draftkings,2026-10-10T15:40:42Z,2026-10-10T15:42:22.609076+00:00,odds_api_region,h2h,Brighton and Hove Albion,,1.45
380b8f24ec5430fb545a7490c1017285,2026-10-10,2026-10-10T14:00:00+00:00,Sunderland,Brighton,DraftKings,draftkings,2026-10-10T15:40:42Z,2026-10-10T15:42:22.609076+00:00,odds_api_region,h2h,Sunderland,,13.0
380b8f24ec5430fb545a7490c1017285,2026-10-10,2026-10-10T14:00:00+00:00,Sunderland,Brighton,DraftKings,draftkings,2026-10-10T15:40:42Z,2026-10-10T15:42:22.609076+00:00,odds_api_region,h2h,Draw,,3.45
288b4ff00c79daa712c911c564fe1be7,2026-10-10,2026-10-10T14:00:00+00:00,Ipswich Town,Fulham,DraftKings,draftkings,2026-10-10T15:40:42Z,2026-10-10T15:42:22.609076+00:00,odds_api_region,h2h,Fulham,,1.2
288b4ff00c79daa712c911c564fe1be7,2026-10-10,2026-10-10T14:00:00+00:00,Ipswich Town,Fulham,DraftKings,draftkings,2026-10-10T15:40:42Z,2026-10-10T15:42:22.609076+00:00,odds_api_region,h2h,Ipswich Town,,36.0
288b4ff00c79daa712c911c564fe1be7,2026-10-10,2026-10-10T14:00:00+00:00,Ipswich Town,Fulham,DraftKings,draftkings,2026-10-10T15:40:42Z,2026-10-10T15:42:22.609076+00:00,odds_api_region,h2h,Draw,,5.0
288b4ff00c79daa712c911c564fe1be7,2026-10-10,2026-10-10T14:00:00+00:00,Ipswich Town,Fulham,BetMGM,betmgm,2026-10-10T15:40:42Z,2026-10-10T15:42:22.609076+00:00,odds_api_region,h2h,Fulham,,1.21
288b4ff00c79daa712c911c564fe1be7,2026-10-10,2026-10-10T14:00:00+00:00,Ipswich Town,Fulham,BetMGM,betmgm,2026-10-10T15:40:42Z,2026-10-10T15:42:22.609076+00:00,odds_api_region,h2h,Ipswich Town,,29.0
288b4ff00c79daa712c911c564fe1be7,2026-10-10,2026-10-10T14:00:00+00:00,Ipswich Town,Fulham,BetMGM,betmgm,2026-10-10T15:40:42Z,2026-10-10T15:42:22.609076+00:00,odds_api_region,h2h,Draw,,4.8
22c9b2c43cbe1334381269550dab78e6,2026-10-10,2026-10-10T16:30:00+00:00,Man United,Tottenham,BetMGM,betmgm,2026-10-10T15:40:42Z,2026-10-10T15:42:22.609076+00:00,odds_api_region,h2h,Manchester United,,1.62
22c9b2c43cbe1334381269550dab78e6,2026-10-10,2026-10-10T16:30:00+00:00,Man United,Tottenham,BetMGM,betmgm,2026-10-10T15:40:42Z,2026-10-10T15:42:22.609076+00:00,odds_api_region,h2h,Tottenham Hotspur,,4.0
22c9b2c43cbe1334381269550dab78e6,2026-10-10,2026-10-10T16:30:00+00:00,Man United,Tottenham,BetMGM,betmgm,2026-10-10T15:40:42Z,2026-10-10T15:42:22.609076+00:00,odds_api_region,h2h,Draw,,3.9
22c9b2c43cbe1334381269550dab78e6,2026-10-10,2026-10-10T16:30:00+00:00,Man United,Tottenham,BetMGM,betmgm,2026-10-10T15:40:42Z,2026-10-10T15:42:22.609076+00:00,odds_api_region,totals,Over,3.5,2.15
22c9b2c43cbe1334381269550dab78e6,2026-10-10,2026-10-10T16:30:00+00:00,Man United,Tottenham,BetMGM,betmgm,2026-10-10T15:40:42Z,2026-10-10T15:42:22.609076+00:00,odds_api_region,totals,Under,3.5,1.62
22c9b2c43cbe1334381269550dab78e6,2026-10-10,2026-10-10T16:30:00+00:00,Man United,Tottenham,DraftKings,draftkings,2026-10-10T15:40:42Z,2026-10-10T15:42:22.609076+00:00,odds_api_region,h2h,Manchester United,,1.71
22c9b2c43cbe1334381269550dab78e6,2026-10-10,2026-10-10T16:30:00+00:00,Man United,Tottenham,DraftKings,draftkings,2026-10-10T15:40:42Z,2026-10-10T15:42:22.609076+00:00,odds_api_region,h2h,Tottenham Hotspur,,4.3
22c9b2c43cbe1334381269550dab78e6,2026-10-10,2026-10-10T16:30:00+00:00,Man United,Tottenham,DraftKings,draftkings,2026-10-10T15:40:42Z,2026-10-10T15:42:22.609076+00:00,odds_api_region,h2h,Draw,,4.3
86effab5c6e7bfd58c8e88b1fb7c6ba9,2026-10-11,2026-10-11T13:00:00+00:00,Crystal Palace,Nott'm Forest,BetMGM,betmgm,2026-10-10T15:40:42Z,2026-10-10T15:42:22.609076+00:00,odds_api_region,h2h,Crystal Palace,,2.4
86effab5c6e7bfd58c8e88b1fb7c6ba9,2026-10-11,2026-10-11T13:00:00+00:00,Crystal Palace,Nott'm Forest,BetMGM,betmgm,2026-10-10T15:40:42Z,2026-10-10T15:42:22.609076+00:00,odds_api_region,h2h,Nottingham Forest,,2.55
86effab5c6e7bfd58c8e88b1fb7c6ba9,2026-10-11,2026-10-11T13:00:00+00:00,Crystal Palace,Nott'm Forest,BetMGM,betmgm,2026-10-10T15:40:42Z,2026-10-10T15:42:22.609076+00:00,odds_api_region,h2h,Draw,,3.1
86effab5c6e7bfd58c8e88b1fb7c6ba9,2026-10-11,2026-10-11T13:00:00+00:00,Crystal Palace,Nott'm Forest,BetMGM,betmgm,2026-10-10T15:40:42Z,2026-10-10T15:42:22.609076+00:00,odds_api_region,totals,Over,2.5,1.85
86effab5c6e7bfd58c8e88b1fb7c6ba9,2026-10-11,2026-10-11T13:00:00+00:00,Crystal Palace,Nott'm Forest,BetMGM,betmgm,2026-10-10T15:40:42Z,2026-10-10T15:42:22.609076+00:00,odds_api_region,totals,Under,2.5,1.85
86effab5c6e7bfd58c8e88b1fb7c6ba9,2026-10-11,2026-10-11T13:00:00+00:00,Crystal Palace,Nott'm Forest,DraftKings,draftkings,2026-10-10T15:40:42Z,2026-10-10T15:42:22.609076+00:00,odds_api_region,h2h,Crystal Palace,,2.75
86effab5c6e7bfd58c8e88b1fb7c6ba9,2026-10-11,2026-10-11T13:00:00+00:00,Crystal Palace,Nott'm Forest,DraftKings,draftkings,2026-10-10T15:40:42Z,2026-10-10T15:42:22.609076+00:00,odds_api_region,h2h,Nottingham Forest,,2.55
86effab5c6e7bfd58c8e88b1fb7c6ba9,2026-10-11,2026-10-11T13:00:00+00:00,Crystal Palace,Nott'm Forest,DraftKings,draftkings,2026-10-10T15:40:42Z,2026-10-10T15:42:22.609076+00:00,odds_api_region,h2h,Draw,,3.4
0bdae4d304810578e47386606bff7106,2026-10-11,2026-10-11T13:00:00+00:00,Hull City,Everton,BetMGM,betmgm,2026-10-10T15:40:42Z,2026-10-10T15:42:22.609076+00:00,odds_api_region,h2h,Everton,,2.05
0bdae4d304810578e47386606bff7106,2026-10-11,2026-10-11T13:00:00+00:00,Hull City,Everton,BetMGM,betmgm,2026-10-10T15:40:42Z,2026-10-10T15:42:22.609076+00:00,odds_api_region,h2h,Hull City,,3.2
0bdae4d304810578e47386606bff7106,2026-10-11,2026-10-11T13:00:00+00:00,Hull City,Everton,BetMGM,betmgm,2026-10-10T15:40:42Z,2026-10-10T15:42:22.609076+00:00,odds_api_region,h2h,Draw,,3.1
0bdae4d304810578e47386606bff7106,2026-10-11,2026-10-11T13:00:00+00:00,Hull City,Everton,BetMGM,betmgm,2026-10-10T15:40:42Z,2026-10-10T15:42:22.609076+00:00,odds_api_region,totals,Over,2.5,1.93
0bdae4d304810578e47386606bff7106,2026-10-11,2026-10-11T13:00:00+00:00,Hull City,Everton,BetMGM,betmgm,2026-10-10T15:40:42Z,2026-10-10T15:42:22.609076+00:00,odds_api_region,totals,Under,2.5,1.77
0bdae4d304810578e47386606bff7106,2026-10-11,2026-10-11T13:00:00+00:00,Hull City,Everton,DraftKings,draftkings,2026-10-10T15:40:42Z,2026-10-10T15:42:22.609076+00:00,odds_api_region,h2h,Everton,,2.1
0bdae4d304810578e47386606bff7106,2026-10-11,2026-10-11T13:00:00+00:00,Hull City,Everton,DraftKings,draftkings,2026-10-10T15:40:42Z,2026-10-10T15:42:22.609076+00:00,odds_api_region,h2h,Hull City,,3.6
0bdae4d304810578e47386606bff7106,2026-10-11,2026-10-11T13:00:00+00:00,Hull City,Everton,DraftKings,draftkings,2026-10-10T15:40:42Z,2026-10-10T15:42:22.609076+00:00,odds_api_region,h2h,Draw,,3.4
6dbab232dd8d2aed0cb1d6f7978fb7b1,2026-10-11,2026-10-11T15:30:00+00:00,Liverpool,Man City,BetMGM,betmgm,2026-10-10T15:40:42Z,2026-10-10T15:42:22.609076+00:00,odds_api_region,h2h,Liverpool,,2.75
6dbab232dd8d2aed0cb1d6f7978fb7b1,2026-10-11,2026-10-11T15:30:00+00:00,Liverpool,Man City,BetMGM,betmgm,2026-10-10T15:40:42Z,2026-10-10T15:42:22.609076+00:00,odds_api_region,h2h,Manchester City,,2.15
6dbab232dd8d2aed0cb1d6f7978fb7b1,2026-10-11,2026-10-11T15:30:00+00:00,Liverpool,Man City,BetMGM,betmgm,2026-10-10T15:40:42Z,2026-10-10T15:42:22.609076+00:00,odds_api_region,h2h,Draw,,3.4
6dbab232dd8d2aed0cb1d6f7978fb7b1,2026-10-11,2026-10-11T15:30:00+00:00,Liverpool,Man City,BetMGM,betmgm,2026-10-10T15:40:42Z,2026-10-10T15:42:22.609076+00:00,odds_api_region,totals,Over,2.5,1.54
6dbab232dd8d2aed0cb1d6f7978fb7b1,2026-10-11,2026-10-11T15:30:00+00:00,Liverpool,Man City,BetMGM,betmgm,2026-10-10T15:40:42Z,2026-10-10T15:42:22.609076+00:00,odds_api_region,totals,Under,2.5,2.3
6dbab232dd8d2aed0cb1d6f7978fb7b1,2026-10-11,2026-10-11T15:30:00+00:00,Liverpool,Man City,DraftKings,draftkings,2026-10-10T15:40:42Z,2026-10-10T15:42:22.609076+00:00,odds_api_region,h2h,Liverpool,,2.9
6dbab232dd8d2aed0cb1d6f7978fb7b1,2026-10-11,2026-10-11T15:30:00+00:00,Liverpool,Man City,DraftKings,draftkings,2026-10-10T15:40:42Z,2026-10-10T15:42:22.609076+00:00,odds_api_region,h2h,Manchester City,,2.3
6dbab232dd8d2aed0cb1d6f7978fb7b1,2026-10-11,2026-10-11T15:30:00+00:00,Liverpool,Man City,DraftKings,draftkings,2026-10-10T15:40:42Z,2026-10-10T15:42:22.609076+00:00,odds_api_region,h2h,Draw,,3.75
acd5bd945dd953ad1e300df5bfe696f9,2026-10-12,2026-10-12T19:00:00+00:00,Coventry City,Newcastle,BetMGM,betmgm,2026-10-10T15:40:42Z,2026-10-10T15:42:22.609076+00:00,odds_api_region,h2h,Coventry City,,3.0
acd5bd945dd953ad1e300df5bfe696f9,2026-10-12,2026-10-12T19:00:00+00:00,Coventry City,Newcastle,BetMGM,betmgm,2026-10-10T15:40:42Z,2026-10-10T15:42:22.609076+00:00,odds_api_region,h2h,Newcastle United,,2.05
acd5bd945dd953ad1e300df5bfe696f9,2026-10-12,2026-10-12T19:00:00+00:00,Coventry City,Newcastle,BetMGM,betmgm,2026-10-10T15:40:42Z,2026-10-10T15:42:22.609076+00:00,odds_api_region,h2h,Draw,,3.4
acd5bd945dd953ad1e300df5bfe696f9,2026-10-12,2026-10-12T19:00:00+00:00,Coventry City,Newcastle,BetMGM,betmgm,2026-10-10T15:40:42Z,2026-10-10T15:42:22.609076+00:00,odds_api_region,totals,Over,2.5,1.65
acd5bd945dd953ad1e300df5bfe696f9,2026-10-12,2026-10-12T19:00:00+00:00,Coventry City,Newcastle,BetMGM,betmgm,2026-10-10T15:40:42Z,2026-10-10T15:42:22.609076+00:00,odds_api_region,totals,Under,2.5,2.1
acd5bd945dd953ad1e300df5bfe696f9,2026-10-12,2026-10-12T19:00:00+00:00,Coventry City,Newcastle,DraftKings,draftkings,2026-10-10T15:40:42Z,2026-10-10T15:42:22.609076+00:00,odds_api_region,h2h,Coventry City,,3.25
acd5bd945dd953ad1e300df5bfe696f9,2026-10-12,2026-10-12T19:00:00+00:00,Coventry City,Newcastle,DraftKings,draftkings,2026-10-10T15:40:42Z,2026-10-10T15:42:22.609076+00:00,odds_api_region,h2h,Newcastle United,,2.15
acd5bd945dd953ad1e300df5bfe696f9,2026-10-12,2026-10-12T19:00:00+00:00,Coventry City,Newcastle,DraftKings,draftkings,2026-10-10T15:40:42Z,2026-10-10T15:42:22.609076+00:00,odds_api_region,h2h,Draw,,3.6
764e6513cb3f348881503df70ccb90e0,2026-10-17,2026-10-17T11:30:00+00:00,Everton,Chelsea,DraftKings,draftkings,2026-10-10T15:40:42Z,2026-10-10T15:42:22.609076+00:00,odds_api_region,h2h,Chelsea,,2.25
764e6513cb3f348881503df70ccb90e0,2026-10-17,2026-10-17T11:30:00+00:00,Everton,Chelsea,DraftKings,draftkings,2026-10-10T15:40:42Z,2026-10-10T15:42:22.609076+00:00,odds_api_region,h2h,Everton,,2.9
764e6513cb3f348881503df70ccb90e0,2026-10-17,2026-10-17T11:30:00+00:00,Everton,Chelsea,DraftKings,draftkings,2026-10-10T15:40:42Z,2026-10-10T15:42:22.609076+00:00,odds_api_region,h2h,Draw,,3.75
8f1945e7272bc7e89016439f5ab321c7,2026-10-17,2026-10-17T14:00:00+00:00,Brentford,Liverpool,DraftKings,draftkings,2026-10-10T15:40:42Z,2026-10-10T15:42:22.609076+00:00,odds_api_region,h2h,Brentford,,2.7
8f1945e7272bc7e89016439f5ab321c7,2026-10-17,2026-10-17T14:00:00+00:00,Brentford,Liverpool,DraftKings,draftkings,2026-10-10T15:40:42Z,2026-10-10T15:42:22.609076+00:00,odds_api_region,h2h,Liverpool,,2.45
8f1945e7272bc7e89016439f5ab321c7,2026-10-17,2026-10-17T14:00:00+00:00,Brentford,Liverpool,DraftKings,draftkings,2026-10-10T15:40:42Z,2026-10-10T15:42:22.609076+00:00,odds_api_region,h2h,Draw,,3.6
7895f97f2f9577f3b13287a3d086859d,2026-10-17,2026-10-17T14:00:00+00:00,Fulham,Hull City,DraftKings,draftkings,2026-10-10T15:40:42Z,2026-10-10T15:42:22.609076+00:00,odds_api_region,h2h,Fulham,,1.67
7895f97f2f9577f3b13287a3d086859d,2026-10-17,2026-10-17T14:00:00+00:00,Fulham,Hull City,DraftKings,draftkings,2026-10-10T15:40:42Z,2026-10-10T15:42:22.609076+00:00,odds_api_region,h2h,Hull City,,4.8
7895f97f2f9577f3b13287a3d086859d,2026-10-17,2026-10-17T14:00:00+00:00,Fulham,Hull City,DraftKings,draftkings,2026-10-10T15:40:42Z,2026-10-10T15:42:22.609076+00:00,odds_api_region,h2h,Draw,,4.1
bf2142d1ca76ba2fc9e61afce80f86c0,2026-10-17,2026-10-17T14:00:00+00:00,Man City,Ipswich Town,DraftKings,draftkings,2026-10-10T15:40:42Z,2026-10-10T15:42:22.609076+00:00,odds_api_region,h2h,Ipswich Town,,10.0
bf2142d1ca76ba2fc9e61afce80f86c0,2026-10-17,2026-10-17T14:00:00+00:00,Man City,Ipswich Town,DraftKings,draftkings,2026-10-10T15:40:42Z,2026-10-10T15:42:22.609076+00:00,odds_api_region,h2h,Manchester City,,1.24
bf2142d1ca76ba2fc9e61afce80f86c0,2026-10-17,2026-10-17T14:00:00+00:00,Man City,Ipswich Town,DraftKings,draftkings,2026-10-10T15:40:42Z,2026-10-10T15:42:22.609076+00:00,odds_api_region,h2h,Draw,,6.5
d1bbbdcd3d430e70091b518369b559cf,2026-10-17,2026-10-17T16:30:00+00:00,Newcastle,Aston Villa,DraftKings,draftkings,2026-10-10T15:40:42Z,2026-10-10T15:42:22.609076+00:00,odds_api_region,h2h,Aston Villa,,3.2
d1bbbdcd3d430e70091b518369b559cf,2026-10-17,2026-10-17T16:30:00+00:00,Newcastle,Aston Villa,DraftKings,draftkings,2026-10-10T15:40:42Z,2026-10-10T15:42:22.609076+00:00,odds_api_region,h2h,Newcastle United,,2.1
d1bbbdcd3d430e70091b518369b559cf,2026-10-17,2026-10-17T16:30:00+00:00,Newcastle,Aston Villa,DraftKings,draftkings,2026-10-10T15:40:42Z,2026-10-10T15:42:22.609076+00:00,odds_api_region,h2h,Draw,,3.75
dfd5d6648be46426e418801584d46a68,2026-10-18,2026-10-18T13:00:00+00:00,Bournemouth,Sunderland,DraftKings,draftkings,2026-10-10T15:40:42Z,2026-10-10T15:42:22.609076+00:00,odds_api_region,h2h,Bournemouth,,2.0
dfd5d6648be46426e418801584d46a68,2026-10-18,2026-10-18T13:00:00+00:00,Bournemouth,Sunderland,DraftKings,draftkings,2026-10-10T15:40:42Z,2026-10-10T15:42:22.609076+00:00,odds_api_region,h2h,Sunderland,,3.55
dfd5d6648be46426e418801584d46a68,2026-10-18,2026-10-18T13:00:00+00:00,Bournemouth,Sunderland,DraftKings,draftkings,2026-10-10T15:40:42Z,2026-10-10T15:42:22.609076+00:00,odds_api_region,h2h,Draw,,3.55
9fc08b390a49c4434f7cf631a0bb88fb,2026-10-18,2026-10-18T13:00:00+00:00,Brighton,Crystal Palace,DraftKings,draftkings,2026-10-10T15:40:42Z,2026-10-10T15:42:22.609076+00:00,odds_api_region,h2h,Brighton and Hove Albion,,1.62
9fc08b390a49c4434f7cf631a0bb88fb,2026-10-18,2026-10-18T13:00:00+00:00,Brighton,Crystal Palace,DraftKings,draftkings,2026-10-10T15:40:42Z,2026-10-10T15:42:22.609076+00:00,odds_api_region,h2h,Crystal Palace,,4.8
9fc08b390a49c4434f7cf631a0bb88fb,2026-10-18,2026-10-18T13:00:00+00:00,Brighton,Crystal Palace,DraftKings,draftkings,2026-10-10T15:40:42Z,2026-10-10T15:42:22.609076+00:00,odds_api_region,h2h,Draw,,4.3
676b3b0b609e9cf565da450786618d26,2026-10-18,2026-10-18T13:00:00+00:00,Leeds,Man United,DraftKings,draftkings,2026-10-10T15:40:42Z,2026-10-10T15:42:22.609076+00:00,odds_api_region,h2h,Leeds United,,2.75
676b3b0b609e9cf565da450786618d26,2026-10-18,2026-10-18T13:00:00+00:00,Leeds,Man United,DraftKings,draftkings,2026-10-10T15:40:42Z,2026-10-10T15:42:22.609076+00:00,odds_api_region,h2h,Manchester United,,2.4
676b3b0b609e9cf565da450786618d26,2026-10-18,2026-10-18T13:00:00+00:00,Leeds,Man United,DraftKings,draftkings,2026-10-10T15:40:42Z,2026-10-10T15:42:22.609076+00:00,odds_api_region,h2h,Draw,,3.65
f696a248965373d9071dc0662e5c58a8,2026-10-18,2026-10-18T15:30:00+00:00,Nott'm Forest,Arsenal,DraftKings,draftkings,2026-10-10T15:40:42Z,2026-10-10T15:42:22.609076+00:00,odds_api_region,h2h,Arsenal,,1.59
f696a248965373d9071dc0662e5c58a8,2026-10-18,2026-10-18T15:30:00+00:00,Nott'm Forest,Arsenal,DraftKings,draftkings,2026-10-10T15:40:42Z,2026-10-10T15:42:22.609076+00:00,odds_api_region,h2h,Nottingham Forest,,6.0
f696a248965373d9071dc0662e5c58a8,2026-10-18,2026-10-18T15:30:00+00:00,Nott'm Forest,Arsenal,DraftKings,draftkings,2026-10-10T15:40:42Z,2026-10-10T15:42:22.609076+00:00,odds_api_region,h2h,Draw,,3.85
9baaf4e48b041cfef04e70e42532502e,2026-10-19,2026-10-19T19:00:00+00:00,Tottenham,Coventry City,DraftKings,draftkings,2026-10-10T15:40:42Z,2026-10-10T15:42:22.609076+00:00,odds_api_region,h2h,Coventry City,,5.75
9baaf4e48b041cfef04e70e42532502e,2026-10-19,2026-10-19T19:00:00+00:00,Tottenham,Coventry City,DraftKings,draftkings,2026-10-10T15:40:42Z,2026-10-10T15:42:22.609076+00:00,odds_api_region,h2h,Tottenham Hotspur,,1.48
9baaf4e48b041cfef04e70e42532502e,2026-10-19,2026-10-19T19:00:00+00:00,Tottenham,Coventry City,DraftKings,draftkings,2026-10-10T15:40:42Z,2026-10-10T15:42:22.609076+00:00,odds_api_region,h2h,Draw,,4.5
02e6c0ccb11bb7ce78989ce49d67110b,2026-10-10,2026-10-10T14:00:00+00:00,Aston Villa,Brentford,FanDuel,fanduel,2026-10-10T15:40:59Z,2026-10-10T15:42:22.609076+00:00,odds_api_region,h2h,Aston Villa,,1.24
02e6c0ccb11bb7ce78989ce49d67110b,2026-10-10,2026-10-10T14:00:00+00:00,Aston Villa,Brentford,FanDuel,fanduel,2026-10-10T15:40:59Z,2026-10-10T15:42:22.609076+00:00,odds_api_region,h2h,Brentford,,20.0
02e6c0ccb11bb7ce78989ce49d67110b,2026-10-10,2026-10-10T14:00:00+00:00,Aston Villa,Brentford,FanDuel,fanduel,2026-10-10T15:40:59Z,2026-10-10T15:42:22.609076+00:00,odds_api_region,h2h,Draw,,4.8
02e6c0ccb11bb7ce78989ce49d67110b,2026-10-10,2026-10-10T14:00:00+00:00,Aston Villa,Brentford,Bovada,bovada,2026-10-10T15:41:22Z,2026-10-10T15:42:22.609076+00:00,odds_api_region,h2h,Aston Villa,,5.0
02e6c0ccb11bb7ce78989ce49d67110b,2026-10-10,2026-10-10T14:00:00+00:00,Aston Villa,Brentford,Bovada,bovada,2026-10-10T15:41:22Z,2026-10-10T15:42:22.609076+00:00,odds_api_region,h2h,Brentford,,3.75
02e6c0ccb11bb7ce78989ce49d67110b,2026-10-10,2026-10-10T14:00:00+00:00,Aston Villa,Brentford,Bovada,bovada,2026-10-10T15:41:22Z,2026-10-10T15:42:22.609076+00:00,odds_api_region,h2h,Draw,,1.67
02e6c0ccb11bb7ce78989ce49d67110b,2026-10-10,2026-10-10T14:00:00+00:00,Aston Villa,Brentford,Bovada,bovada,2026-10-10T15:41:22Z,2026-10-10T15:42:22.609076+00:00,odds_api_region,spreads,Aston Villa,0.0,2.25
02e6c0ccb11bb7ce78989ce49d67110b,2026-10-10,2026-10-10T14:00:00+00:00,Aston Villa,Brentford,Bovada,bovada,2026-10-10T15:41:22Z,2026-10-10T15:42:22.609076+00:00,odds_api_region,spreads,Brentford,0.0,1.67
02e6c0ccb11bb7ce78989ce49d67110b,2026-10-10,2026-10-10T14:00:00+00:00,Aston Villa,Brentford,Bovada,bovada,2026-10-10T15:41:22Z,2026-10-10T15:42:22.609076+00:00,odds_api_region,totals,Over,4.5,2.02
02e6c0ccb11bb7ce78989ce49d67110b,2026-10-10,2026-10-10T14:00:00+00:00,Aston Villa,Brentford,Bovada,bovada,2026-10-10T15:41:22Z,2026-10-10T15:42:22.609076+00:00,odds_api_region,totals,Under,4.5,1.82
45d4a466e32cd2b4ea535207923ceaf5,2026-10-10,2026-10-10T14:00:00+00:00,Chelsea,Bournemouth,Bovada,bovada,2026-10-10T15:41:22Z,2026-10-10T15:42:22.609076+00:00,odds_api_region,spreads,Bournemouth,4.0,1.91
45d4a466e32cd2b4ea535207923ceaf5,2026-10-10,2026-10-10T14:00:00+00:00,Chelsea,Bournemouth,Bovada,bovada,2026-10-10T15:41:22Z,2026-10-10T15:42:22.609076+00:00,odds_api_region,spreads,Chelsea,-4.0,1.91
45d4a466e32cd2b4ea535207923ceaf5,2026-10-10,2026-10-10T14:00:00+00:00,Chelsea,Bournemouth,Bovada,bovada,2026-10-10T15:41:22Z,2026-10-10T15:42:22.609076+00:00,odds_api_region,totals,Over,6.5,2.4
45d4a466e32cd2b4ea535207923ceaf5,2026-10-10,2026-10-10T14:00:00+00:00,Chelsea,Bournemouth,Bovada,bovada,2026-10-10T15:41:22Z,2026-10-10T15:42:22.609076+00:00,odds_api_region,totals,Under,6.5,1.59
380b8f24ec5430fb545a7490c1017285,2026-10-10,2026-10-10T14:00:00+00:00,Sunderland,Brighton,Bovada,bovada,2026-10-10T15:41:22Z,2026-10-10T15:42:22.609076+00:00,odds_api_region,h2h,Brighton and Hove Albion,,1.44
380b8f24ec5430fb545a7490c1017285,2026-10-10,2026-10-10T14:00:00+00:00,Sunderland,Brighton,Bovada,bovada,2026-10-10T15:41:22Z,2026-10-10T15:42:22.609076+00:00,odds_api_region,h2h,Sunderland,,19.0
380b8f24ec5430fb545a7490c1017285,2026-10-10,2026-10-10T14:00:00+00:00,Sunderland,Brighton,Bovada,bovada,2026-10-10T15:41:22Z,2026-10-10T15:42:22.609076+00:00,odds_api_region,h2h,Draw,,3.25
380b8f24ec5430fb545a7490c1017285,2026-10-10,2026-10-10T14:00:00+00:00,Sunderland,Brighton,Bovada,bovada,2026-10-10T15:41:22Z,2026-10-10T15:42:22.609076+00:00,odds_api_region,spreads,Brighton and Hove Albion,-0.75,1.8
380b8f24ec5430fb545a7490c1017285,2026-10-10,2026-10-10T14:00:00+00:00,Sunderland,Brighton,Bovada,bovada,2026-10-10T15:41:22Z,2026-10-10T15:42:22.609076+00:00,odds_api_region,spreads,Sunderland,0.75,2.05
380b8f24ec5430fb545a7490c1017285,2026-10-10,2026-10-10T14:00:00+00:00,Sunderland,Brighton,Bovada,bovada,2026-10-10T15:41:22Z,2026-10-10T15:42:22.609076+00:00,odds_api_region,totals,Over,1.5,2.22
380b8f24ec5430fb545a7490c1017285,2026-10-10,2026-10-10T14:00:00+00:00,Sunderland,Brighton,Bovada,bovada,2026-10-10T15:41:22Z,2026-10-10T15:42:22.609076+00:00,odds_api_region,totals,Under,1.5,1.68
288b4ff00c79daa712c911c564fe1be7,2026-10-10,2026-10-10T14:00:00+00:00,Ipswich Town,Fulham,Bovada,bovada,2026-10-10T15:41:22Z,2026-10-10T15:42:22.609076+00:00,odds_api_region,h2h,Fulham,,1.17
288b4ff00c79daa712c911c564fe1be7,2026-10-10,2026-10-10T14:00:00+00:00,Ipswich Town,Fulham,Bovada,bovada,2026-10-10T15:41:22Z,2026-10-10T15:42:22.609076+00:00,odds_api_region,h2h,Ipswich Town,,51.0
288b4ff00c79daa712c911c564fe1be7,2026-10-10,2026-10-10T14:00:00+00:00,Ipswich Town,Fulham,Bovada,bovada,2026-10-10T15:41:22Z,2026-10-10T15:42:22.609076+00:00,odds_api_region,h2h,Draw,,5.0
288b4ff00c79daa712c911c564fe1be7,2026-10-10,2026-10-10T14:00:00+00:00,Ipswich Town,Fulham,Bovada,bovada,2026-10-10T15:41:22Z,2026-10-10T15:42:22.609076+00:00,odds_api_region,spreads,Fulham,-1.0,2.14
288b4ff00c79daa712c911c564fe1be7,2026-10-10,2026-10-10T14:00:00+00:00,Ipswich Town,Fulham,Bovada,bovada,2026-10-10T15:41:22Z,2026-10-10T15:42:22.609076+00:00,odds_api_region,spreads,Ipswich Town,1.0,1.72
288b4ff00c79daa712c911c564fe1be7,2026-10-10,2026-10-10T14:00:00+00:00,Ipswich Town,Fulham,Bovada,bovada,2026-10-10T15:41:22Z,2026-10-10T15:42:22.609076+00:00,odds_api_region,totals,Over,1.5,2.63
288b4ff00c79daa712c911c564fe1be7,2026-10-10,2026-10-10T14:00:00+00:00,Ipswich Town,Fulham,Bovada,bovada,2026-10-10T15:41:22Z,2026-10-10T15:42:22.609076+00:00,odds_api_region,totals,Under,1.5,1.5
22c9b2c43cbe1334381269550dab78e6,2026-10-10,2026-10-10T16:30:00+00:00,Man United,Tottenham,Bovada,bovada,2026-10-10T15:41:22Z,2026-10-10T15:42:22.609076+00:00,odds_api_region,h2h,Manchester United,,1.72
22c9b2c43cbe1334381269550dab78e6,2026-10-10,2026-10-10T16:30:00+00:00,Man United,Tottenham,Bovada,bovada,2026-10-10T15:41:22Z,2026-10-10T15:42:22.609076+00:00,odds_api_region,h2h,Tottenham Hotspur,,4.3
22c9b2c43cbe1334381269550dab78e6,2026-10-10,2026-10-10T16:30:00+00:00,Man United,Tottenham,Bovada,bovada,2026-10-10T15:41:22Z,2026-10-10T15:42:22.609076+00:00,odds_api_region,h2h,Draw,,4.3
22c9b2c43cbe1334381269550dab78e6,2026-10-10,2026-10-10T16:30:00+00:00,Man United,Tottenham,Bovada,bovada,2026-10-10T15:41:22Z,2026-10-10T15:42:22.609076+00:00,odds_api_region,spreads,Manchester United,-0.75,1.89
22c9b2c43cbe1334381269550dab78e6,2026-10-10,2026-10-10T16:30:00+00:00,Man United,Tottenham,Bovada,bovada,2026-10-10T15:41:22Z,2026-10-10T15:42:22.609076+00:00,odds_api_region,spreads,Tottenham Hotspur,0.75,1.93
22c9b2c43cbe1334381269550dab78e6,2026-10-10,2026-10-10T16:30:00+00:00,Man United,Tottenham,Bovada,bovada,2026-10-10T15:41:22Z,2026-10-10T15:42:22.609076+00:00,odds_api_region,totals,Over,3.5,2.22
22c9b2c43cbe1334381269550dab78e6,2026-10-10,2026-10-10T16:30:00+00:00,Man United,Tottenham,Bovada,bovada,2026-10-10T15:41:22Z,2026-10-10T15:42:22.609076+00:00,odds_api_region,totals,Under,3.5,1.68
86effab5c6e7bfd58c8e88b1fb7c6ba9,2026-10-11,2026-10-11T13:00:00+00:00,Crystal Palace,Nott'm Forest,Bovada,bovada,2026-10-10T15:41:22Z,2026-10-10T15:42:22.609076+00:00,odds_api_region,h2h,Crystal Palace,,2.7
86effab5c6e7bfd58c8e88b1fb7c6ba9,2026-10-11,2026-10-11T13:00:00+00:00,Crystal Palace,Nott'm Forest,Bovada,bovada,2026-10-10T15:41:22Z,2026-10-10T15:42:22.609076+00:00,odds_api_region,h2h,Nottingham Forest,,2.6
86effab5c6e7bfd58c8e88b1fb7c6ba9,2026-10-11,2026-10-11T13:00:00+00:00,Crystal Palace,Nott'm Forest,Bovada,bovada,2026-10-10T15:41:22Z,2026-10-10T15:42:22.609076+00:00,odds_api_region,h2h,Draw,,3.4
86effab5c6e7bfd58c8e88b1fb7c6ba9,2026-10-11,2026-10-11T13:00:00+00:00,Crystal Palace,Nott'm Forest,Bovada,bovada,2026-10-10T15:41:22Z,2026-10-10T15:42:22.609076+00:00,odds_api_region,spreads,Crystal Palace,0.0,1.95
86effab5c6e7bfd58c8e88b1fb7c6ba9,2026-10-11,2026-10-11T13:00:00+00:00,Crystal Palace,Nott'm Forest,Bovada,bovada,2026-10-10T15:41:22Z,2026-10-10T15:42:22.609076+00:00,odds_api_region,spreads,Nottingham Forest,0.0,1.87
86effab5c6e7bfd58c8e88b1fb7c6ba9,2026-10-11,2026-10-11T13:00:00+00:00,Crystal Palace,Nott'm Forest,Bovada,bovada,2026-10-10T15:41:22Z,2026-10-10T15:42:22.609076+00:00,odds_api_region,totals,Over,2.5,1.89
86effab5c6e7bfd58c8e88b1fb7c6ba9,2026-10-11,2026-10-11T13:00:00+00:00,Crystal Palace,Nott'm Forest,Bovada,bovada,2026-10-10T15:41:22Z,2026-10-10T15:42:22.609076+00:00,odds_api_region,totals,Under,2.5,1.93
0bdae4d304810578e47386606bff7106,2026-10-11,2026-10-11T13:00:00+00:00,Hull City,Everton,Bovada,bovada,2026-10-10T15:41:22Z,2026-10-10T15:42:22.609076+00:00,odds_api_region,h2h,Everton,,2.1
0bdae4d304810578e47386606bff7106,2026-10-11,2026-10-11T13:00:00+00:00,Hull City,Everton,Bovada,bovada,2026-10-10T15:41:22Z,2026-10-10T15:42:22.609076+00:00,odds_api_region,h2h,Hull City,,3.55
0bdae4d304810578e47386606bff7106,2026-10-11,2026-10-11T13:00:00+00:00,Hull City,Everton,Bovada,bovada,2026-10-10T15:41:22Z,2026-10-10T15:42:22.609076+00:00,odds_api_region,h2h,Draw,,3.4
0bdae4d304810578e47386606bff7106,2026-10-11,2026-10-11T13:00:00+00:00,Hull City,Everton,Bovada,bovada,2026-10-10T15:41:22Z,2026-10-10T15:42:22.609076+00:00,odds_api_region,spreads,Everton,-0.25,1.8
0bdae4d304810578e47386606bff7106,2026-10-11,2026-10-11T13:00:00+00:00,Hull City,Everton,Bovada,bovada,2026-10-10T15:41:22Z,2026-10-10T15:42:22.609076+00:00,odds_api_region,spreads,Hull City,0.25,2.05
0bdae4d304810578e47386606bff7106,2026-10-11,2026-10-11T13:00:00+00:00,Hull City,Everton,Bovada,bovada,2026-10-10T15:41:22Z,2026-10-10T15:42:22.609076+00:00,odds_api_region,totals,Over,2.5,1.98
0bdae4d304810578e47386606bff7106,2026-10-11,2026-10-11T13:00:00+00:00,Hull City,Everton,Bovada,bovada,2026-10-10T15:41:22Z,2026-10-10T15:42:22.609076+00:00,odds_api_region,totals,Under,2.5,1.85
6dbab232dd8d2aed0cb1d6f7978fb7b1,2026-10-11,2026-10-11T15:30:00+00:00,Liverpool,Man City,Bovada,bovada,2026-10-10T15:41:22Z,2026-10-10T15:42:22.609076+00:00,odds_api_region,h2h,Liverpool,,2.95
6dbab232dd8d2aed0cb1d6f7978fb7b1,2026-10-11,2026-10-11T15:30:00+00:00,Liverpool,Man City,Bovada,bovada,2026-10-10T15:41:22Z,2026-10-10T15:42:22.609076+00:00,odds_api_region,h2h,Manchester City,,2.25
6dbab232dd8d2aed0cb1d6f7978fb7b1,2026-10-11,2026-10-11T15:30:00+00:00,Liverpool,Man City,Bovada,bovada,2026-10-10T15:41:22Z,2026-10-10T15:42:22.609076+00:00,odds_api_region,h2h,Draw,,3.7
6dbab232dd8d2aed0cb1d6f7978fb7b1,2026-10-11,2026-10-11T15:30:00+00:00,Liverpool,Man City,Bovada,bovada,2026-10-10T15:41:22Z,2026-10-10T15:42:22.609076+00:00,odds_api_region,spreads,Liverpool,0.25,1.87
6dbab232dd8d2aed0cb1d6f7978fb7b1,2026-10-11,2026-10-11T15:30:00+00:00,Liverpool,Man City,Bovada,bovada,2026-10-10T15:41:22Z,2026-10-10T15:42:22.609076+00:00,odds_api_region,spreads,Manchester City,-0.25,1.95
6dbab232dd8d2aed0cb1d6f7978fb7b1,2026-10-11,2026-10-11T15:30:00+00:00,Liverpool,Man City,Bovada,bovada,2026-10-10T15:41:22Z,2026-10-10T15:42:22.609076+00:00,odds_api_region,totals,Over,2.5,1.6
6dbab232dd8d2aed0cb1d6f7978fb7b1,2026-10-11,2026-10-11T15:30:00+00:00,Liverpool,Man City,Bovada,bovada,2026-10-10T15:41:22Z,2026-10-10T15:42:22.609076+00:00,odds_api_region,totals,Under,2.5,2.38
acd5bd945dd953ad1e300df5bfe696f9,2026-10-12,2026-10-12T19:00:00+00:00,Coventry City,Newcastle,Bovada,bovada,2026-10-10T15:41:22Z,2026-10-10T15:42:22.609076+00:00,odds_api_region,h2h,Coventry City,,3.25
acd5bd945dd953ad1e300df5bfe696f9,2026-10-12,2026-10-12T19:00:00+00:00,Coventry City,Newcastle,Bovada,bovada,2026-10-10T15:41:22Z,2026-10-10T15:42:22.609076+00:00,odds_api_region,h2h,Newcastle United,,2.15
acd5bd945dd953ad1e300df5bfe696f9,2026-10-12,2026-10-12T19:00:00+00:00,Coventry City,Newcastle,Bovada,bovada,2026-10-10T15:41:22Z,2026-10-10T15:42:22.609076+00:00,odds_api_region,h2h,Draw,,3.6
acd5bd945dd953ad1e300df5bfe696f9,2026-10-12,2026-10-12T19:00:00+00:00,Coventry City,Newcastle,Bovada,bovada,2026-10-10T15:41:22Z,2026-10-10T15:42:22.609076+00:00,odds_api_region,spreads,Coventry City,0.25,1.95
acd5bd945dd953ad1e300df5bfe696f9,2026-10-12,2026-10-12T19:00:00+00:00,Coventry City,Newcastle,Bovada,bovada,2026-10-10T15:41:22Z,2026-10-10T15:42:22.609076+00:00,odds_api_region,spreads,Newcastle United,-0.25,1.87
acd5bd945dd953ad1e300df5bfe696f9,2026-10-12,2026-10-12T19:00:00+00:00,Coventry City,Newcastle,Bovada,bovada,2026-10-10T15:41:22Z,2026-10-10T15:42:22.609076+00:00,odds_api_region,totals,Over,2.5,1.68
acd5bd945dd953ad1e300df5bfe696f9,2026-10-12,2026-10-12T19:00:00+00:00,Coventry City,Newcastle,Bovada,bovada,2026-10-10T15:41:22Z,2026-10-10T15:42:22.609076+00:00,odds_api_region,totals,Under,2.5,2.22
764e6513cb3f348881503df70ccb90e0,2026-10-17,2026-10-17T11:30:00+00:00,Everton,Chelsea,Bovada,bovada,2026-10-10T15:41:22Z,2026-10-10T15:42:22.609076+00:00,odds_api_region,h2h,Chelsea,,2.25
764e6513cb3f348881503df70ccb90e0,2026-10-17,2026-10-17T11:30:00+00:00,Everton,Chelsea,Bovada,bovada,2026-10-10T15:41:22Z,2026-10-10T15:42:22.609076+00:00,odds_api_region,h2h,Everton,,2.95
764e6513cb3f348881503df70ccb90e0,2026-10-17,2026-10-17T11:30:00+00:00,Everton,Chelsea,Bovada,bovada,2026-10-10T15:41:22Z,2026-10-10T15:42:22.609076+00:00,odds_api_region,h2h,Draw,,3.8
764e6513cb3f348881503df70ccb90e0,2026-10-17,2026-10-17T11:30:00+00:00,Everton,Chelsea,Bovada,bovada,2026-10-10T15:41:22Z,2026-10-10T15:42:22.609076+00:00,odds_api_region,spreads,Chelsea,-0.25,1.95
764e6513cb3f348881503df70ccb90e0,2026-10-17,2026-10-17T11:30:00+00:00,Everton,Chelsea,Bovada,bovada,2026-10-10T15:41:22Z,2026-10-10T15:42:22.609076+00:00,odds_api_region,spreads,Everton,0.25,1.87
764e6513cb3f348881503df70ccb90e0,2026-10-17,2026-10-17T11:30:00+00:00,Everton,Chelsea,Bovada,bovada,2026-10-10T15:41:22Z,2026-10-10T15:42:22.609076+00:00,odds_api_region,totals,Over,2.5,1.67
764e6513cb3f348881503df70ccb90e0,2026-10-17,2026-10-17T11:30:00+00:00,Everton,Chelsea,Bovada,bovada,2026-10-10T15:41:22Z,2026-10-10T15:42:22.609076+00:00,odds_api_region,totals,Under,2.5,2.25
8f1945e7272bc7e89016439f5ab321c7,2026-10-17,2026-10-17T14:00:00+00:00,Brentford,Liverpool,Bovada,bovada,2026-10-10T15:41:22Z,2026-10-10T15:42:22.609076+00:00,odds_api_region,spreads,Brentford,0.0,2.02
8f1945e7272bc7e89016439f5ab321c7,2026-10-17,2026-10-17T14:00:00+00:00,Brentford,Liverpool,Bovada,bovada,2026-10-10T15:41:22Z,2026-10-10T15:42:22.609076+00:00,odds_api_region,spreads,Liverpool,0.0,1.82
8f1945e7272bc7e89016439f5ab321c7,2026-10-17,2026-10-17T14:00:00+00:00,Brentford,Liverpool,Bovada,bovada,2026-10-10T15:41:22Z,2026-10-10T15:42:22.609076+00:00,odds_api_region,totals,Over,3.5,2.34
8f1945e7272bc7e89016439f5ab321c7,2026-10-17,2026-10-17T14:00:00+00:00,Brentford,Liverpool,Bovada,bovada,2026-10-10T15:41:22Z,2026-10-10T15:42:22.609076+00:00,odds_api_region,totals,Under,3.5,1.62
7895f97f2f9577f3b13287a3d086859d,2026-10-17,2026-10-17T14:00:00+00:00,Fulham,Hull City,Bovada,bovada,2026-10-10T15:41:22Z,2026-10-10T15:42:22.609076+00:00,odds_api_region,h2h,Fulham,,1.68
7895f97f2f9577f3b13287a3d086859d,2026-10-17,2026-10-17T14:00:00+00:00,Fulham,Hull City,Bovada,bovada,2026-10-10T15:41:22Z,2026-10-10T15:42:22.609076+00:00,odds_api_region,h2h,Hull City,,4.8
7895f97f2f9577f3b13287a3d086859d,2026-10-17,2026-10-17T14:00:00+00:00,Fulham,Hull City,Bovada,bovada,2026-10-10T15:41:22Z,2026-10-10T15:42:22.609076+00:00,odds_api_region,h2h,Draw,,4.1
7895f97f2f9577f3b13287a3d086859d,2026-10-17,2026-10-17T14:00:00+00:00,Fulham,Hull City,Bovada,bovada,2026-10-10T15:41:22Z,2026-10-10T15:42:22.609076+00:00,odds_api_region,spreads,Fulham,-0.75,1.85
7895f97f2f9577f3b13287a3d086859d,2026-10-17,2026-10-17T14:00:00+00:00,Fulham,Hull City,Bovada,bovada,2026-10-10T15:41:22Z,2026-10-10T15:42:22.609076+00:00,odds_api_region,spreads,Hull City,0.75,1.98
7895f97f2f9577f3b13287a3d086859d,2026-10-17,2026-10-17T14:00:00+00:00,Fulham,Hull City,Bovada,bovada,2026-10-10T15:41:22Z,2026-10-10T15:42:22.609076+00:00,odds_api_region,totals,Over,2.5,1.74
7895f97f2f9577f3b13287a3d086859d,2026-10-17,2026-10-17T14:00:00+00:00,Fulham,Hull City,Bovada,bovada,2026-10-10T15:41:22Z,2026-10-10T15:42:22.609076+00:00,odds_api_region,totals,Under,2.5,2.13
bf2142d1ca76ba2fc9e61afce80f86c0,2026-10-17,2026-10-17T14:00:00+00:00,Man City,Ipswich Town,Bovada,bovada,2026-10-10T15:41:22Z,2026-10-10T15:42:22.609076+00:00,odds_api_region,h2h,Ipswich Town,,10.0
bf2142d1ca76ba2fc9e61afce80f86c0,2026-10-17,2026-10-17T14:00:00+00:00,Man City,Ipswich Town,Bovada,bovada,2026-10-10T15:41:22Z,2026-10-10T15:42:22.609076+00:00,odds_api_region,h2h,Manchester City,,1.25
bf2142d1ca76ba2fc9e61afce80f86c0,2026-10-17,2026-10-17T14:00:00+00:00,Man City,Ipswich Town,Bovada,bovada,2026-10-10T15:41:22Z,2026-10-10T15:42:22.609076+00:00,odds_api_region,h2h,Draw,,6.75
bf2142d1ca76ba2fc9e61afce80f86c0,2026-10-17,2026-10-17T14:00:00+00:00,Man City,Ipswich Town,Bovada,bovada,2026-10-10T15:41:22Z,2026-10-10T15:42:22.609076+00:00,odds_api_region,spreads,Ipswich Town,1.75,1.98
bf2142d1ca76ba2fc9e61afce80f86c0,2026-10-17,2026-10-17T14:00:00+00:00,Man City,Ipswich Town,Bovada,bovada,2026-10-10T15:41:22Z,2026-10-10T15:42:22.609076+00:00,odds_api_region,spreads,Manchester City,-1.75,1.85
bf2142d1ca76ba2fc9e61afce80f86c0,2026-10-17,2026-10-17T14:00:00+00:00,Man City,Ipswich Town,Bovada,bovada,2026-10-10T15:41:22Z,2026-10-10T15:42:22.609076+00:00,odds_api_region,totals,Over,3.5,1.95
bf2142d1ca76ba2fc9e61afce80f86c0,2026-10-17,2026-10-17T14:00:00+00:00,Man City,Ipswich Town,Bovada,bovada,2026-10-10T15:41:22Z,2026-10-10T15:42:22.609076+00:00,odds_api_region,totals,Under,3.5,1.87
d1bbbdcd3d430e70091b518369b559cf,2026-10-17,2026-10-17T16:30:00+00:00,Newcastle,Aston Villa,Bovada,bovada,2026-10-10T15:41:22Z,2026-10-10T15:42:22.609076+00:00,odds_api_region,h2h,Aston Villa,,3.2
d1bbbdcd3d430e70091b518369b559cf,2026-10-17,2026-10-17T16:30:00+00:00,Newcastle,Aston Villa,Bovada,bovada,2026-10-10T15:41:22Z,2026-10-10T15:42:22.609076+00:00,odds_api_region,h2h,Newcastle United,,2.1
d1bbbdcd3d430e70091b518369b559cf,2026-10-17,2026-10-17T16:30:00+00:00,Newcastle,Aston Villa,Bovada,bovada,2026-10-10T15:41:22Z,2026-10-10T15:42:22.609076+00:00,odds_api_region,h2h,Draw,,3.8
d1bbbdcd3d430e70091b518369b559cf,2026-10-17,2026-10-17T16:30:00+00:00,Newcastle,Aston Villa,Bovada,bovada,2026-10-10T15:41:22Z,2026-10-10T15:42:22.609076+00:00,odds_api_region,spreads,Aston Villa,0.25,2.0
d1bbbdcd3d430e70091b518369b559cf,2026-10-17,2026-10-17T16:30:00+00:00,Newcastle,Aston Villa,Bovada,bovada,2026-10-10T15:41:22Z,2026-10-10T15:42:22.609076+00:00,odds_api_region,spreads,Newcastle United,-0.25,1.83
d1bbbdcd3d430e70091b518369b559cf,2026-10-17,2026-10-17T16:30:00+00:00,Newcastle,Aston Villa,Bovada,bovada,2026-10-10T15:41:22Z,2026-10-10T15:42:22.609076+00:00,odds_api_region,totals,Over,2.5,1.61
d1bbbdcd3d430e70091b518369b559cf,2026-10-17,2026-10-17T16:30:00+00:00,Newcastle,Aston Villa,Bovada,bovada,2026-10-10T15:41:22Z,2026-10-10T15:42:22.609076+00:00,odds_api_region,totals,Under,2.5,2.36
dfd5d6648be46426e418801584d46a68,2026-10-18,2026-10-18T13:00:00+00:00,Bournemouth,Sunderland,Bovada,bovada,2026-10-10T15:41:22Z,2026-10-10T15:42:22.609076+00:00,odds_api_region,h2h,Bournemouth,,2.0
dfd5d6648be46426e418801584d46a68,2026-10-18,2026-10-18T13:00:00+00:00,Bournemouth,Sunderland,Bovada,bovada,2026-10-10T15:41:22Z,2026-10-10T15:42:22.609076+00:00,odds_api_region,h2h,Sunderland,,3.65
dfd5d6648be46426e418801584d46a68,2026-10-18,2026-10-18T13:00:00+00:00,Bournemouth,Sunderland,Bovada,bovada,2026-10-10T15:41:22Z,2026-10-10T15:42:22.609076+00:00,odds_api_region,h2h,Draw,,3.6
dfd5d6648be46426e418801584d46a68,2026-10-18,2026-10-18T13:00:00+00:00,Bournemouth,Sunderland,Bovada,bovada,2026-10-10T15:41:22Z,2026-10-10T15:42:22.609076+00:00,odds_api_region,spreads,Bournemouth,-0.5,1.98
dfd5d6648be46426e418801584d46a68,2026-10-18,2026-10-18T13:00:00+00:00,Bournemouth,Sunderland,Bovada,bovada,2026-10-10T15:41:22Z,2026-10-10T15:42:22.609076+00:00,odds_api_region,spreads,Sunderland,0.5,1.85
dfd5d6648be46426e418801584d46a68,2026-10-18,2026-10-18T13:00:00+00:00,Bournemouth,Sunderland,Bovada,bovada,2026-10-10T15:41:22Z,2026-10-10T15:42:22.609076+00:00,odds_api_region,totals,Over,2.5,1.82
dfd5d6648be46426e418801584d46a68,2026-10-18,2026-10-18T13:00:00+00:00,Bournemouth,Sunderland,Bovada,bovada,2026-10-10T15:41:22Z,2026-10-10T15:42:22.609076+00:00,odds_api_region,totals,Under,2.5,2.02
9fc08b390a49c4434f7cf631a0bb88fb,2026-10-18,2026-10-18T13:00:00+00:00,Brighton,Crystal Palace,Bovada,bovada,2026-10-10T15:41:22Z,2026-10-10T15:42:22.609076+00:00,odds_api_region,h2h,Brighton and Hove Albion,,1.64
9fc08b390a49c4434f7cf631a0bb88fb,2026-10-18,2026-10-18T13:00:00+00:00,Brighton,Crystal Palace,Bovada,bovada,2026-10-10T15:41:22Z,2026-10-10T15:42:22.609076+00:00,odds_api_region,h2h,Crystal Palace,,4.8
9fc08b390a49c4434f7cf631a0bb88fb,2026-10-18,2026-10-18T13:00:00+00:00,Brighton,Crystal Palace,Bovada,bovada,2026-10-10T15:41:22Z,2026-10-10T15:42:22.609076+00:00,odds_api_region,h2h,Draw,,4.3
9fc08b390a49c4434f7cf631a0bb88fb,2026-10-18,2026-10-18T13:00:00+00:00,Brighton,Crystal Palace,Bovada,bovada,2026-10-10T15:41:22Z,2026-10-10T15:42:22.609076+00:00,odds_api_region,spreads,Brighton and Hove Albion,-1.0,2.05
9fc08b390a49c4434f7cf631a0bb88fb,2026-10-18,2026-10-18T13:00:00+00:00,Brighton,Crystal Palace,Bovada,bovada,2026-10-10T15:41:22Z,2026-10-10T15:42:22.609076+00:00,odds_api_region,spreads,Crystal Palace,1.0,1.8
9fc08b390a49c4434f7cf631a0bb88fb,2026-10-18,2026-10-18T13:00:00+00:00,Brighton,Crystal Palace,Bovada,bovada,2026-10-10T15:41:22Z,2026-10-10T15:42:22.609076+00:00,odds_api_region,totals,Over,2.5,1.59
9fc08b390a49c4434f7cf631a0bb88fb,2026-10-18,2026-10-18T13:00:00+00:00,Brighton,Crystal Palace,Bovada,bovada,2026-10-10T15:41:22Z,2026-10-10T15:42:22.609076+00:00,odds_api_region,totals,Under,2.5,2.4
676b3b0b609e9cf565da450786618d26,2026-10-18,2026-10-18T13:00:00+00:00,Leeds,Man United,Bovada,bovada,2026-10-10T15:41:22Z,2026-10-10T15:42:22.609076+00:00,odds_api_region,h2h,Leeds United,,2.75
676b3b0b609e9cf565da450786618d26,2026-10-18,2026-10-18T13:00:00+00:00,Leeds,Man United,Bovada,bovada,2026-10-10T15:41:22Z,2026-10-10T15:42:22.609076+00:00,odds_api_region,h2h,Manchester United,,2.4
676b3b0b609e9cf565da450786618d26,2026-10-18,2026-10-18T13:00:00+00:00,Leeds,Man United,Bovada,bovada,2026-10-10T15:41:22Z,2026-10-10T15:42:22.609076+00:00,odds_api_region,h2h,Draw,,3.65
676b3b0b609e9cf565da450786618d26,2026-10-18,2026-10-18T13:00:00+00:00,Leeds,Man United,Bovada,bovada,2026-10-10T15:41:22Z,2026-10-10T15:42:22.609076+00:00,odds_api_region,spreads,Leeds United,0.25,1.78
676b3b0b609e9cf565da450786618d26,2026-10-18,2026-10-18T13:00:00+00:00,Leeds,Man United,Bovada,bovada,2026-10-10T15:41:22Z,2026-10-10T15:42:22.609076+00:00,odds_api_region,spreads,Manchester United,-0.25,2.08
676b3b0b609e9cf565da450786618d26,2026-10-18,2026-10-18T13:00:00+00:00,Leeds,Man United,Bovada,bovada,2026-10-10T15:41:22Z,2026-10-10T15:42:22.609076+00:00,odds_api_region,totals,Over,2.5,1.62
676b3b0b609e9cf565da450786618d26,2026-10-18,2026-10-18T13:00:00+00:00,Leeds,Man United,Bovada,bovada,2026-10-10T15:41:22Z,2026-10-10T15:42:22.609076+00:00,odds_api_region,totals,Under,2.5,2.34
f696a248965373d9071dc0662e5c58a8,2026-10-18,2026-10-18T15:30:00+00:00,Nott'm Forest,Arsenal,Bovada,bovada,2026-10-10T15:41:22Z,2026-10-10T15:42:22.609076+00:00,odds_api_region,h2h,Arsenal,,1.62
f696a248965373d9071dc0662e5c58a8,2026-10-18,2026-10-18T15:30:00+00:00,Nott'm Forest,Arsenal,Bovada,bovada,2026-10-10T15:41:22Z,2026-10-10T15:42:22.609076+00:00,odds_api_region,h2h,Nottingham Forest,,6.0
f696a248965373d9071dc0662e5c58a8,2026-10-18,2026-10-18T15:30:00+00:00,Nott'm Forest,Arsenal,Bovada,bovada,2026-10-10T15:41:22Z,2026-10-10T15:42:22.609076+00:00,odds_api_region,h2h,Draw,,3.85
f696a248965373d9071dc0662e5c58a8,2026-10-18,2026-10-18T15:30:00+00:00,Nott'm Forest,Arsenal,Bovada,bovada,2026-10-10T15:41:22Z,2026-10-10T15:42:22.609076+00:00,odds_api_region,spreads,Arsenal,-1.0,2.08
f696a248965373d9071dc0662e5c58a8,2026-10-18,2026-10-18T15:30:00+00:00,Nott'm Forest,Arsenal,Bovada,bovada,2026-10-10T15:41:22Z,2026-10-10T15:42:22.609076+00:00,odds_api_region,spreads,Nottingham Forest,1.0,1.78
f696a248965373d9071dc0662e5c58a8,2026-10-18,2026-10-18T15:30:00+00:00,Nott'm Forest,Arsenal,Bovada,bovada,2026-10-10T15:41:22Z,2026-10-10T15:42:22.609076+00:00,odds_api_region,totals,Over,2.5,1.95
f696a248965373d9071dc0662e5c58a8,2026-10-18,2026-10-18T15:30:00+00:00,Nott'm Forest,Arsenal,Bovada,bovada,2026-10-10T15:41:22Z,2026-10-10T15:42:22.609076+00:00,odds_api_region,totals,Under,2.5,1.87
9baaf4e48b041cfef04e70e42532502e,2026-10-19,2026-10-19T19:00:00+00:00,Tottenham,Coventry City,Bovada,bovada,2026-10-10T15:41:22Z,2026-10-10T15:42:22.609076+00:00,odds_api_region,h2h,Coventry City,,5.75
9baaf4e48b041cfef04e70e42532502e,2026-10-19,2026-10-19T19:00:00+00:00,Tottenham,Coventry City,Bovada,bovada,2026-10-10T15:41:22Z,2026-10-10T15:42:22.609076+00:00,odds_api_region,h2h,Tottenham Hotspur,,1.52
9baaf4e48b041cfef04e70e42532502e,2026-10-19,2026-10-19T19:00:00+00:00,Tottenham,Coventry City,Bovada,bovada,2026-10-10T15:41:22Z,2026-10-10T15:42:22.609076+00:00,odds_api_region,h2h,Draw,,4.6
9baaf4e48b041cfef04e70e42532502e,2026-10-19,2026-10-19T19:00:00+00:00,Tottenham,Coventry City,Bovada,bovada,2026-10-10T15:41:22Z,2026-10-10T15:42:22.609076+00:00,odds_api_region,spreads,Coventry City,1.25,1.8
9baaf4e48b041cfef04e70e42532502e,2026-10-19,2026-10-19T19:00:00+00:00,Tottenham,Coventry City,Bovada,bovada,2026-10-10T15:41:22Z,2026-10-10T15:42:22.609076+00:00,odds_api_region,spreads,Tottenham Hotspur,-1.25,2.05
9baaf4e48b041cfef04e70e42532502e,2026-10-19,2026-10-19T19:00:00+00:00,Tottenham,Coventry City,Bovada,bovada,2026-10-10T15:41:22Z,2026-10-10T15:42:22.609076+00:00,odds_api_region,totals,Over,2.5,1.57
9baaf4e48b041cfef04e70e42532502e,2026-10-19,2026-10-19T19:00:00+00:00,Tottenham,Coventry City,Bovada,bovada,2026-10-10T15:41:22Z,2026-10-10T15:42:22.609076+00:00,odds_api_region,totals,Under,2.5,2.43
22c9b2c43cbe1334381269550dab78e6,2026-10-10,2026-10-10T16:30:00+00:00,Man United,Tottenham,BetOnline.ag,betonlineag,2026-10-10T15:41:50Z,2026-10-10T15:42:22.609076+00:00,odds_api_region,h2h,Manchester United,,1.74
22c9b2c43cbe1334381269550dab78e6,2026-10-10,2026-10-10T16:30:00+00:00,Man United,Tottenham,BetOnline.ag,betonlineag,2026-10-10T15:41:50Z,2026-10-10T15:42:22.609076+00:00,odds_api_region,h2h,Tottenham Hotspur,,4.5
22c9b2c43cbe1334381269550dab78e6,2026-10-10,2026-10-10T16:30:00+00:00,Man United,Tottenham,BetOnline.ag,betonlineag,2026-10-10T15:41:50Z,2026-10-10T15:42:22.609076+00:00,odds_api_region,h2h,Draw,,4.2
22c9b2c43cbe1334381269550dab78e6,2026-10-10,2026-10-10T16:30:00+00:00,Man United,Tottenham,BetOnline.ag,betonlineag,2026-10-10T15:41:50Z,2026-10-10T15:42:22.609076+00:00,odds_api_region,spreads,Manchester United,-0.5,1.74
22c9b2c43cbe1334381269550dab78e6,2026-10-10,2026-10-10T16:30:00+00:00,Man United,Tottenham,BetOnline.ag,betonlineag,2026-10-10T15:41:50Z,2026-10-10T15:42:22.609076+00:00,odds_api_region,spreads,Tottenham Hotspur,0.5,2.18
22c9b2c43cbe1334381269550dab78e6,2026-10-10,2026-10-10T16:30:00+00:00,Man United,Tottenham,BetOnline.ag,betonlineag,2026-10-10T15:41:50Z,2026-10-10T15:42:22.609076+00:00,odds_api_region,totals,Over,3.0,1.75
22c9b2c43cbe1334381269550dab78e6,2026-10-10,2026-10-10T16:30:00+00:00,Man United,Tottenham,BetOnline.ag,betonlineag,2026-10-10T15:41:50Z,2026-10-10T15:42:22.609076+00:00,odds_api_region,totals,Under,3.0,2.14
86effab5c6e7bfd58c8e88b1fb7c6ba9,2026-10-11,2026-10-11T13:00:00+00:00,Crystal Palace,Nott'm Forest,BetOnline.ag,betonlineag,2026-10-10T15:41:50Z,2026-10-10T15:42:22.609076+00:00,odds_api_region,h2h,Crystal Palace,,2.78
86effab5c6e7bfd58c8e88b1fb7c6ba9,2026-10-11,2026-10-11T13:00:00+00:00,Crystal Palace,Nott'm Forest,BetOnline.ag,betonlineag,2026-10-10T15:41:50Z,2026-10-10T15:42:22.609076+00:00,odds_api_region,h2h,Nottingham Forest,,2.62
86effab5c6e7bfd58c8e88b1fb7c6ba9,2026-10-11,2026-10-11T13:00:00+00:00,Crystal Palace,Nott'm Forest,BetOnline.ag,betonlineag,2026-10-10T15:41:50Z,2026-10-10T15:42:22.609076+00:00,odds_api_region,h2h,Draw,,3.41
86effab5c6e7bfd58c8e88b1fb7c6ba9,2026-10-11,2026-10-11T13:00:00+00:00,Crystal Palace,Nott'm Forest,BetOnline.ag,betonlineag,2026-10-10T15:41:50Z,2026-10-10T15:42:22.609076+00:00,odds_api_region,spreads,Crystal Palace,0.0,1.99
86effab5c6e7bfd58c8e88b1fb7c6ba9,2026-10-11,2026-10-11T13:00:00+00:00,Crystal Palace,Nott'm Forest,BetOnline.ag,betonlineag,2026-10-10T15:41:50Z,2026-10-10T15:42:22.609076+00:00,odds_api_region,spreads,Nottingham Forest,0.0,1.86
86effab5c6e7bfd58c8e88b1fb7c6ba9,2026-10-11,2026-10-11T13:00:00+00:00,Crystal Palace,Nott'm Forest,BetOnline.ag,betonlineag,2026-10-10T15:41:50Z,2026-10-10T15:42:22.609076+00:00,odds_api_region,totals,Over,2.5,1.88
86effab5c6e7bfd58c8e88b1fb7c6ba9,2026-10-11,2026-10-11T13:00:00+00:00,Crystal Palace,Nott'm Forest,BetOnline.ag,betonlineag,2026-10-10T15:41:50Z,2026-10-10T15:42:22.609076+00:00,odds_api_region,totals,Under,2.5,1.93
0bdae4d304810578e47386606bff7106,2026-10-11,2026-10-11T13:00:00+00:00,Hull City,Everton,BetOnline.ag,betonlineag,2026-10-10T15:41:50Z,2026-10-10T15:42:22.609076+00:00,odds_api_region,h2h,Everton,,2.15
0bdae4d304810578e47386606bff7106,2026-10-11,2026-10-11T13:00:00+00:00,Hull City,Everton,BetOnline.ag,betonlineag,2026-10-10T15:41:50Z,2026-10-10T15:42:22.609076+00:00,odds_api_region,h2h,Hull City,,3.62
0bdae4d304810578e47386606bff7106,2026-10-11,2026-10-11T13:00:00+00:00,Hull City,Everton,BetOnline.ag,betonlineag,2026-10-10T15:41:50Z,2026-10-10T15:42:22.609076+00:00,odds_api_region,h2h,Draw,,3.4
0bdae4d304810578e47386606bff7106,2026-10-11,2026-10-11T13:00:00+00:00,Hull City,Everton,BetOnline.ag,betonlineag,2026-10-10T15:41:50Z,2026-10-10T15:42:22.609076+00:00,odds_api_region,spreads,Everton,-0.5,2.15
0bdae4d304810578e47386606bff7106,2026-10-11,2026-10-11T13:00:00+00:00,Hull City,Everton,BetOnline.ag,betonlineag,2026-10-10T15:41:50Z,2026-10-10T15:42:22.609076+00:00,odds_api_region,spreads,Hull City,0.5,1.73
0bdae4d304810578e47386606bff7106,2026-10-11,2026-10-11T13:00:00+00:00,Hull City,Everton,BetOnline.ag,betonlineag,2026-10-10T15:41:50Z,2026-10-10T15:42:22.609076+00:00,odds_api_region,totals,Over,2.5,2.0
0bdae4d304810578e47386606bff7106,2026-10-11,2026-10-11T13:00:00+00:00,Hull City,Everton,BetOnline.ag,betonlineag,2026-10-10T15:41:50Z,2026-10-10T15:42:22.609076+00:00,odds_api_region,totals,Under,2.5,1.83
6dbab232dd8d2aed0cb1d6f7978fb7b1,2026-10-11,2026-10-11T15:30:00+00:00,Liverpool,Man City,BetOnline.ag,betonlineag,2026-10-10T15:41:50Z,2026-10-10T15:42:22.609076+00:00,odds_api_region,h2h,Liverpool,,2.97
6dbab232dd8d2aed0cb1d6f7978fb7b1,2026-10-11,2026-10-11T15:30:00+00:00,Liverpool,Man City,BetOnline.ag,betonlineag,2026-10-10T15:41:50Z,2026-10-10T15:42:22.609076+00:00,odds_api_region,h2h,Manchester City,,2.3
6dbab232dd8d2aed0cb1d6f7978fb7b1,2026-10-11,2026-10-11T15:30:00+00:00,Liverpool,Man City,BetOnline.ag,betonlineag,2026-10-10T15:41:50Z,2026-10-10T15:42:22.609076+00:00,odds_api_region,h2h,Draw,,3.8
6dbab232dd8d2aed0cb1d6f7978fb7b1,2026-10-11,2026-10-11T15:30:00+00:00,Liverpool,Man City,BetOnline.ag,betonlineag,2026-10-10T15:41:50Z,2026-10-10T15:42:22.609076+00:00,odds_api_region,spreads,Liverpool,0.0,2.15
6dbab232dd8d2aed0cb1d6f7978fb7b1,2026-10-11,2026-10-11T15:30:00+00:00,Liverpool,Man City,BetOnline.ag,betonlineag,2026-10-10T15:41:50Z,2026-10-10T15:42:22.609076+00:00,odds_api_region,spreads,Manchester City,0.0,1.71
6dbab232dd8d2aed0cb1d6f7978fb7b1,2026-10-11,2026-10-11T15:30:00+00:00,Liverpool,Man City,BetOnline.ag,betonlineag,2026-10-10T15:41:50Z,2026-10-10T15:42:22.609076+00:00,odds_api_region,totals,Over,3.0,1.96
6dbab232dd8d2aed0cb1d6f7978fb7b1,2026-10-11,2026-10-11T15:30:00+00:00,Liverpool,Man City,BetOnline.ag,betonlineag,2026-10-10T15:41:50Z,2026-10-10T15:42:22.609076+00:00,odds_api_region,totals,Under,3.0,1.87
acd5bd945dd953ad1e300df5bfe696f9,2026-10-12,2026-10-12T19:00:00+00:00,Coventry City,Newcastle,BetOnline.ag,betonlineag,2026-10-10T15:41:50Z,2026-10-10T15:42:22.609076+00:00,odds_api_region,h2h,Coventry City,,3.3
acd5bd945dd953ad1e300df5bfe696f9,2026-10-12,2026-10-12T19:00:00+00:00,Coventry City,Newcastle,BetOnline.ag,betonlineag,2026-10-10T15:41:50Z,2026-10-10T15:42:22.609076+00:00,odds_api_region,h2h,Newcastle United,,2.2
acd5bd945dd953ad1e300df5bfe696f9,2026-10-12,2026-10-12T19:00:00+00:00,Coventry City,Newcastle,BetOnline.ag,betonlineag,2026-10-10T15:41:50Z,2026-10-10T15:42:22.609076+00:00,odds_api_region,h2h,Draw,,3.61
acd5bd945dd953ad1e300df5bfe696f9,2026-10-12,2026-10-12T19:00:00+00:00,Coventry City,Newcastle,BetOnline.ag,betonlineag,2026-10-10T15:41:50Z,2026-10-10T15:42:22.609076+00:00,odds_api_region,spreads,Coventry City,0.5,1.68
acd5bd945dd953ad1e300df5bfe696f9,2026-10-12,2026-10-12T19:00:00+00:00,Coventry City,Newcastle,BetOnline.ag,betonlineag,2026-10-10T15:41:50Z,2026-10-10T15:42:22.609076+00:00,odds_api_region,spreads,Newcastle United,-0.5,2.2
acd5bd945dd953ad1e300df5bfe696f9,2026-10-12,2026-10-12T19:00:00+00:00,Coventry City,Newcastle,BetOnline.ag,betonlineag,2026-10-10T15:41:50Z,2026-10-10T15:42:22.609076+00:00,odds_api_region,totals,Over,3.0,2.07
acd5bd945dd953ad1e300df5bfe696f9,2026-10-12,2026-10-12T19:00:00+00:00,Coventry City,Newcastle,BetOnline.ag,betonlineag,2026-10-10T15:41:50Z,2026-10-10T15:42:22.609076+00:00,odds_api_region,totals,Under,3.0,1.76
02e6c0ccb11bb7ce78989ce49d67110b,2026-10-10,2026-10-10T14:00:00+00:00,Aston Villa,Brentford,MyBookie.ag,mybookieag,2026-10-10T15:41:50Z,2026-10-10T15:42:22.609076+00:00,odds_api_mybookie_direct,h2h,Aston Villa,,3.85
02e6c0ccb11bb7ce78989ce49d67110b,2026-10-10,2026-10-10T14:00:00+00:00,Aston Villa,Brentford,MyBookie.ag,mybookieag,2026-10-10T15:41:50Z,2026-10-10T15:42:22.609076+00:00,odds_api_mybookie_direct,h2h,Brentford,,3.45
02e6c0ccb11bb7ce78989ce49d67110b,2026-10-10,2026-10-10T14:00:00+00:00,Aston Villa,Brentford,MyBookie.ag,mybookieag,2026-10-10T15:41:50Z,2026-10-10T15:42:22.609076+00:00,odds_api_mybookie_direct,h2h,Draw,,1.7
02e6c0ccb11bb7ce78989ce49d67110b,2026-10-10,2026-10-10T14:00:00+00:00,Aston Villa,Brentford,MyBookie.ag,mybookieag,2026-10-10T15:41:50Z,2026-10-10T15:42:22.609076+00:00,odds_api_mybookie_direct,spreads,Aston Villa,0.5,1.22
02e6c0ccb11bb7ce78989ce49d67110b,2026-10-10,2026-10-10T14:00:00+00:00,Aston Villa,Brentford,MyBookie.ag,mybookieag,2026-10-10T15:41:50Z,2026-10-10T15:42:22.609076+00:00,odds_api_mybookie_direct,spreads,Brentford,-0.5,3.45
02e6c0ccb11bb7ce78989ce49d67110b,2026-10-10,2026-10-10T14:00:00+00:00,Aston Villa,Brentford,MyBookie.ag,mybookieag,2026-10-10T15:41:50Z,2026-10-10T15:42:22.609076+00:00,odds_api_mybookie_direct,totals,Over,2.5,1.85
02e6c0ccb11bb7ce78989ce49d67110b,2026-10-10,2026-10-10T14:00:00+00:00,Aston Villa,Brentford,MyBookie.ag,mybookieag,2026-10-10T15:41:50Z,2026-10-10T15:42:22.609076+00:00,odds_api_mybookie_direct,totals,Under,2.5,1.65
45d4a466e32cd2b4ea535207923ceaf5,2026-10-10,2026-10-10T14:00:00+00:00,Chelsea,Bournemouth,MyBookie.ag,mybookieag,2026-10-10T15:41:50Z,2026-10-10T15:42:22.609076+00:00,odds_api_mybookie_direct,spreads,Bournemouth,4.5,1.22
45d4a466e32cd2b4ea535207923ceaf5,2026-10-10,2026-10-10T14:00:00+00:00,Chelsea,Bournemouth,MyBookie.ag,mybookieag,2026-10-10T15:41:50Z,2026-10-10T15:42:22.609076+00:00,odds_api_mybookie_direct,spreads,Chelsea,-4.5,3.8
45d4a466e32cd2b4ea535207923ceaf5,2026-10-10,2026-10-10T14:00:00+00:00,Chelsea,Bournemouth,MyBookie.ag,mybookieag,2026-10-10T15:41:50Z,2026-10-10T15:42:22.609076+00:00,odds_api_mybookie_direct,totals,Over,6.5,1.9
45d4a466e32cd2b4ea535207923ceaf5,2026-10-10,2026-10-10T14:00:00+00:00,Chelsea,Bournemouth,MyBookie.ag,mybookieag,2026-10-10T15:41:50Z,2026-10-10T15:42:22.609076+00:00,odds_api_mybookie_direct,totals,Under,6.5,1.75
380b8f24ec5430fb545a7490c1017285,2026-10-10,2026-10-10T14:00:00+00:00,Sunderland,Brighton,MyBookie.ag,mybookieag,2026-10-10T15:41:50Z,2026-10-10T15:42:22.609076+00:00,odds_api_mybookie_direct,h2h,Brighton and Hove Albion,,1.45
380b8f24ec5430fb545a7490c1017285,2026-10-10,2026-10-10T14:00:00+00:00,Sunderland,Brighton,MyBookie.ag,mybookieag,2026-10-10T15:41:50Z,2026-10-10T15:42:22.609076+00:00,odds_api_mybookie_direct,h2h,Sunderland,,8.5
380b8f24ec5430fb545a7490c1017285,2026-10-10,2026-10-10T14:00:00+00:00,Sunderland,Brighton,MyBookie.ag,mybookieag,2026-10-10T15:41:50Z,2026-10-10T15:42:22.609076+00:00,odds_api_mybookie_direct,h2h,Draw,,3.25
380b8f24ec5430fb545a7490c1017285,2026-10-10,2026-10-10T14:00:00+00:00,Sunderland,Brighton,MyBookie.ag,mybookieag,2026-10-10T15:41:50Z,2026-10-10T15:42:22.609076+00:00,odds_api_mybookie_direct,spreads,Brighton and Hove Albion,-0.5,1.45
380b8f24ec5430fb545a7490c1017285,2026-10-10,2026-10-10T14:00:00+00:00,Sunderland,Brighton,MyBookie.ag,mybookieag,2026-10-10T15:41:50Z,2026-10-10T15:42:22.609076+00:00,odds_api_mybookie_direct,spreads,Sunderland,0.5,2.6
380b8f24ec5430fb545a7490c1017285,2026-10-10,2026-10-10T14:00:00+00:00,Sunderland,Brighton,MyBookie.ag,mybookieag,2026-10-10T15:41:50Z,2026-10-10T15:42:22.609076+00:00,odds_api_mybookie_direct,totals,Over,1.5,1.95
380b8f24ec5430fb545a7490c1017285,2026-10-10,2026-10-10T14:00:00+00:00,Sunderland,Brighton,MyBookie.ag,mybookieag,2026-10-10T15:41:50Z,2026-10-10T15:42:22.609076+00:00,odds_api_mybookie_direct,totals,Under,1.5,1.55
288b4ff00c79daa712c911c564fe1be7,2026-10-10,2026-10-10T14:00:00+00:00,Ipswich Town,Fulham,MyBookie.ag,mybookieag,2026-10-10T15:41:50Z,2026-10-10T15:42:22.609076+00:00,odds_api_mybookie_direct,h2h,Fulham,,1.22
288b4ff00c79daa712c911c564fe1be7,2026-10-10,2026-10-10T14:00:00+00:00,Ipswich Town,Fulham,MyBookie.ag,mybookieag,2026-10-10T15:41:50Z,2026-10-10T15:42:22.609076+00:00,odds_api_mybookie_direct,h2h,Ipswich Town,,11.25
288b4ff00c79daa712c911c564fe1be7,2026-10-10,2026-10-10T14:00:00+00:00,Ipswich Town,Fulham,MyBookie.ag,mybookieag,2026-10-10T15:41:50Z,2026-10-10T15:42:22.609076+00:00,odds_api_mybookie_direct,h2h,Draw,,4.45
288b4ff00c79daa712c911c564fe1be7,2026-10-10,2026-10-10T14:00:00+00:00,Ipswich Town,Fulham,MyBookie.ag,mybookieag,2026-10-10T15:41:50Z,2026-10-10T15:42:22.609076+00:00,odds_api_mybookie_direct,spreads,Fulham,-0.5,1.22
288b4ff00c79daa712c911c564fe1be7,2026-10-10,2026-10-10T14:00:00+00:00,Ipswich Town,Fulham,MyBookie.ag,mybookieag,2026-10-10T15:41:50Z,2026-10-10T15:42:22.609076+00:00,odds_api_mybookie_direct,spreads,Ipswich Town,0.5,3.85
288b4ff00c79daa712c911c564fe1be7,2026-10-10,2026-10-10T14:00:00+00:00,Ipswich Town,Fulham,MyBookie.ag,mybookieag,2026-10-10T15:41:50Z,2026-10-10T15:42:22.609076+00:00,odds_api_mybookie_direct,totals,Over,1.5,2.15
288b4ff00c79daa712c911c564fe1be7,2026-10-10,2026-10-10T14:00:00+00:00,Ipswich Town,Fulham,MyBookie.ag,mybookieag,2026-10-10T15:41:50Z,2026-10-10T15:42:22.609076+00:00,odds_api_mybookie_direct,totals,Under,1.5,1.4
22c9b2c43cbe1334381269550dab78e6,2026-10-10,2026-10-10T16:30:00+00:00,Man United,Tottenham,MyBookie.ag,mybookieag,2026-10-10T15:41:50Z,2026-10-10T15:42:22.609076+00:00,odds_api_mybookie_direct,h2h,Manchester United,,1.71
22c9b2c43cbe1334381269550dab78e6,2026-10-10,2026-10-10T16:30:00+00:00,Man United,Tottenham,MyBookie.ag,mybookieag,2026-10-10T15:41:50Z,2026-10-10T15:42:22.609076+00:00,odds_api_mybookie_direct,h2h,Tottenham Hotspur,,4.2
22c9b2c43cbe1334381269550dab78e6,2026-10-10,2026-10-10T16:30:00+00:00,Man United,Tottenham,MyBookie.ag,mybookieag,2026-10-10T15:41:50Z,2026-10-10T15:42:22.609076+00:00,odds_api_mybookie_direct,h2h,Draw,,4.2
22c9b2c43cbe1334381269550dab78e6,2026-10-10,2026-10-10T16:30:00+00:00,Man United,Tottenham,MyBookie.ag,mybookieag,2026-10-10T15:41:50Z,2026-10-10T15:42:22.609076+00:00,odds_api_mybookie_direct,spreads,Manchester United,-0.5,1.69
22c9b2c43cbe1334381269550dab78e6,2026-10-10,2026-10-10T16:30:00+00:00,Man United,Tottenham,MyBookie.ag,mybookieag,2026-10-10T15:41:50Z,2026-10-10T15:42:22.609076+00:00,odds_api_mybookie_direct,spreads,Tottenham Hotspur,0.5,2.09
22c9b2c43cbe1334381269550dab78e6,2026-10-10,2026-10-10T16:30:00+00:00,Man United,Tottenham,MyBookie.ag,mybookieag,2026-10-10T15:41:50Z,2026-10-10T15:42:22.609076+00:00,odds_api_mybookie_direct,totals,Over,3.5,2.14
22c9b2c43cbe1334381269550dab78e6,2026-10-10,2026-10-10T16:30:00+00:00,Man United,Tottenham,MyBookie.ag,mybookieag,2026-10-10T15:41:50Z,2026-10-10T15:42:22.609076+00:00,odds_api_mybookie_direct,totals,Under,3.5,1.66
86effab5c6e7bfd58c8e88b1fb7c6ba9,2026-10-11,2026-10-11T13:00:00+00:00,Crystal Palace,Nott'm Forest,MyBookie.ag,mybookieag,2026-10-10T15:41:50Z,2026-10-10T15:42:22.609076+00:00,odds_api_mybookie_direct,h2h,Crystal Palace,,2.71
86effab5c6e7bfd58c8e88b1fb7c6ba9,2026-10-11,2026-10-11T13:00:00+00:00,Crystal Palace,Nott'm Forest,MyBookie.ag,mybookieag,2026-10-10T15:41:50Z,2026-10-10T15:42:22.609076+00:00,odds_api_mybookie_direct,h2h,Nottingham Forest,,2.58
86effab5c6e7bfd58c8e88b1fb7c6ba9,2026-10-11,2026-10-11T13:00:00+00:00,Crystal Palace,Nott'm Forest,MyBookie.ag,mybookieag,2026-10-10T15:41:50Z,2026-10-10T15:42:22.609076+00:00,odds_api_mybookie_direct,h2h,Draw,,3.3
86effab5c6e7bfd58c8e88b1fb7c6ba9,2026-10-11,2026-10-11T13:00:00+00:00,Crystal Palace,Nott'm Forest,MyBookie.ag,mybookieag,2026-10-10T15:41:50Z,2026-10-10T15:42:22.609076+00:00,odds_api_mybookie_direct,spreads,Crystal Palace,0.5,1.5
86effab5c6e7bfd58c8e88b1fb7c6ba9,2026-10-11,2026-10-11T13:00:00+00:00,Crystal Palace,Nott'm Forest,MyBookie.ag,mybookieag,2026-10-10T15:41:50Z,2026-10-10T15:42:22.609076+00:00,odds_api_mybookie_direct,spreads,Nottingham Forest,-0.5,2.49
86effab5c6e7bfd58c8e88b1fb7c6ba9,2026-10-11,2026-10-11T13:00:00+00:00,Crystal Palace,Nott'm Forest,MyBookie.ag,mybookieag,2026-10-10T15:41:50Z,2026-10-10T15:42:22.609076+00:00,odds_api_mybookie_direct,totals,Over,2.5,1.87
86effab5c6e7bfd58c8e88b1fb7c6ba9,2026-10-11,2026-10-11T13:00:00+00:00,Crystal Palace,Nott'm Forest,MyBookie.ag,mybookieag,2026-10-10T15:41:50Z,2026-10-10T15:42:22.609076+00:00,odds_api_mybookie_direct,totals,Under,2.5,1.87
0bdae4d304810578e47386606bff7106,2026-10-11,2026-10-11T13:00:00+00:00,Hull City,Everton,MyBookie.ag,mybookieag,2026-10-10T15:41:50Z,2026-10-10T15:42:22.609076+00:00,odds_api_mybookie_direct,h2h,Everton,,2.11
0bdae4d304810578e47386606bff7106,2026-10-11,2026-10-11T13:00:00+00:00,Hull City,Everton,MyBookie.ag,mybookieag,2026-10-10T15:41:50Z,2026-10-10T15:42:22.609076+00:00,odds_api_mybookie_direct,h2h,Hull City,,3.48
0bdae4d304810578e47386606bff7106,2026-10-11,2026-10-11T13:00:00+00:00,Hull City,Everton,MyBookie.ag,mybookieag,2026-10-10T15:41:50Z,2026-10-10T15:42:22.609076+00:00,odds_api_mybookie_direct,h2h,Draw,,3.34
0bdae4d304810578e47386606bff7106,2026-10-11,2026-10-11T13:00:00+00:00,Hull City,Everton,MyBookie.ag,mybookieag,2026-10-10T15:41:50Z,2026-10-10T15:42:22.609076+00:00,odds_api_mybookie_direct,spreads,Everton,-0.5,2.06
0bdae4d304810578e47386606bff7106,2026-10-11,2026-10-11T13:00:00+00:00,Hull City,Everton,MyBookie.ag,mybookieag,2026-10-10T15:41:50Z,2026-10-10T15:42:22.609076+00:00,odds_api_mybookie_direct,spreads,Hull City,0.5,1.71
0bdae4d304810578e47386606bff7106,2026-10-11,2026-10-11T13:00:00+00:00,Hull City,Everton,MyBookie.ag,mybookieag,2026-10-10T15:41:50Z,2026-10-10T15:42:22.609076+00:00,odds_api_mybookie_direct,totals,Over,2.5,1.96
0bdae4d304810578e47386606bff7106,2026-10-11,2026-10-11T13:00:00+00:00,Hull City,Everton,MyBookie.ag,mybookieag,2026-10-10T15:41:50Z,2026-10-10T15:42:22.609076+00:00,odds_api_mybookie_direct,totals,Under,2.5,1.79
6dbab232dd8d2aed0cb1d6f7978fb7b1,2026-10-11,2026-10-11T15:30:00+00:00,Liverpool,Man City,MyBookie.ag,mybookieag,2026-10-10T15:41:50Z,2026-10-10T15:42:22.609076+00:00,odds_api_mybookie_direct,h2h,Liverpool,,2.91
6dbab232dd8d2aed0cb1d6f7978fb7b1,2026-10-11,2026-10-11T15:30:00+00:00,Liverpool,Man City,MyBookie.ag,mybookieag,2026-10-10T15:41:50Z,2026-10-10T15:42:22.609076+00:00,odds_api_mybookie_direct,h2h,Manchester City,,2.28
6dbab232dd8d2aed0cb1d6f7978fb7b1,2026-10-11,2026-10-11T15:30:00+00:00,Liverpool,Man City,MyBookie.ag,mybookieag,2026-10-10T15:41:50Z,2026-10-10T15:42:22.609076+00:00,odds_api_mybookie_direct,h2h,Draw,,3.6
6dbab232dd8d2aed0cb1d6f7978fb7b1,2026-10-11,2026-10-11T15:30:00+00:00,Liverpool,Man City,MyBookie.ag,mybookieag,2026-10-10T15:41:50Z,2026-10-10T15:42:22.609076+00:00,odds_api_mybookie_direct,spreads,Liverpool,0.5,1.61
6dbab232dd8d2aed0cb1d6f7978fb7b1,2026-10-11,2026-10-11T15:30:00+00:00,Liverpool,Man City,MyBookie.ag,mybookieag,2026-10-10T15:41:50Z,2026-10-10T15:42:22.609076+00:00,odds_api_mybookie_direct,spreads,Manchester City,-0.5,2.22
6dbab232dd8d2aed0cb1d6f7978fb7b1,2026-10-11,2026-10-11T15:30:00+00:00,Liverpool,Man City,MyBookie.ag,mybookieag,2026-10-10T15:41:50Z,2026-10-10T15:42:22.609076+00:00,odds_api_mybookie_direct,totals,Over,2.5,1.57
6dbab232dd8d2aed0cb1d6f7978fb7b1,2026-10-11,2026-10-11T15:30:00+00:00,Liverpool,Man City,MyBookie.ag,mybookieag,2026-10-10T15:41:50Z,2026-10-10T15:42:22.609076+00:00,odds_api_mybookie_direct,totals,Under,2.5,2.31
acd5bd945dd953ad1e300df5bfe696f9,2026-10-12,2026-10-12T19:00:00+00:00,Coventry City,Newcastle,MyBookie.ag,mybookieag,2026-10-10T15:41:50Z,2026-10-10T15:42:22.609076+00:00,odds_api_mybookie_direct,h2h,Coventry City,,3.1
acd5bd945dd953ad1e300df5bfe696f9,2026-10-12,2026-10-12T19:00:00+00:00,Coventry City,Newcastle,MyBookie.ag,mybookieag,2026-10-10T15:41:50Z,2026-10-10T15:42:22.609076+00:00,odds_api_mybookie_direct,h2h,Newcastle United,,2.13
acd5bd945dd953ad1e300df5bfe696f9,2026-10-12,2026-10-12T19:00:00+00:00,Coventry City,Newcastle,MyBookie.ag,mybookieag,2026-10-10T15:41:50Z,2026-10-10T15:42:22.609076+00:00,odds_api_mybookie_direct,h2h,Draw,,3.48
acd5bd945dd953ad1e300df5bfe696f9,2026-10-12,2026-10-12T19:00:00+00:00,Coventry City,Newcastle,MyBookie.ag,mybookieag,2026-10-10T15:41:50Z,2026-10-10T15:42:22.609076+00:00,odds_api_mybookie_direct,spreads,Coventry City,0.5,1.66
acd5bd945dd953ad1e300df5bfe696f9,2026-10-12,2026-10-12T19:00:00+00:00,Coventry City,Newcastle,MyBookie.ag,mybookieag,2026-10-10T15:41:50Z,2026-10-10T15:42:22.609076+00:00,odds_api_mybookie_direct,spreads,Newcastle United,-0.5,2.09
acd5bd945dd953ad1e300df5bfe696f9,2026-10-12,2026-10-12T19:00:00+00:00,Coventry City,Newcastle,MyBookie.ag,mybookieag,2026-10-10T15:41:50Z,2026-10-10T15:42:22.609076+00:00,odds_api_mybookie_direct,totals,Over,2.5,1.62
acd5bd945dd953ad1e300df5bfe696f9,2026-10-12,2026-10-12T19:00:00+00:00,Coventry City,Newcastle,MyBookie.ag,mybookieag,2026-10-10T15:41:50Z,2026-10-10T15:42:22.609076+00:00,odds_api_mybookie_direct,totals,Under,2.5,2.15
764e6513cb3f348881503df70ccb90e0,2026-10-17,2026-10-17T11:30:00+00:00,Everton,Chelsea,MyBookie.ag,mybookieag,2026-10-10T15:41:50Z,2026-10-10T15:42:22.609076+00:00,odds_api_mybookie_direct,h2h,Chelsea,,2.25
764e6513cb3f348881503df70ccb90e0,2026-10-17,2026-10-17T11:30:00+00:00,Everton,Chelsea,MyBookie.ag,mybookieag,2026-10-10T15:41:50Z,2026-10-10T15:42:22.609076+00:00,odds_api_mybookie_direct,h2h,Everton,,2.85
764e6513cb3f348881503df70ccb90e0,2026-10-17,2026-10-17T11:30:00+00:00,Everton,Chelsea,MyBookie.ag,mybookieag,2026-10-10T15:41:50Z,2026-10-10T15:42:22.609076+00:00,odds_api_mybookie_direct,h2h,Draw,,3.5
764e6513cb3f348881503df70ccb90e0,2026-10-17,2026-10-17T11:30:00+00:00,Everton,Chelsea,MyBookie.ag,mybookieag,2026-10-10T15:41:50Z,2026-10-10T15:42:22.609076+00:00,odds_api_mybookie_direct,spreads,Chelsea,-0.5,2.2
764e6513cb3f348881503df70ccb90e0,2026-10-17,2026-10-17T11:30:00+00:00,Everton,Chelsea,MyBookie.ag,mybookieag,2026-10-10T15:41:50Z,2026-10-10T15:42:22.609076+00:00,odds_api_mybookie_direct,spreads,Everton,0.5,1.6
764e6513cb3f348881503df70ccb90e0,2026-10-17,2026-10-17T11:30:00+00:00,Everton,Chelsea,MyBookie.ag,mybookieag,2026-10-10T15:41:50Z,2026-10-10T15:42:22.609076+00:00,odds_api_mybookie_direct,totals,Over,2.5,1.62
764e6513cb3f348881503df70ccb90e0,2026-10-17,2026-10-17T11:30:00+00:00,Everton,Chelsea,MyBookie.ag,mybookieag,2026-10-10T15:41:50Z,2026-10-10T15:42:22.609076+00:00,odds_api_mybookie_direct,totals,Under,2.5,2.16
8f1945e7272bc7e89016439f5ab321c7,2026-10-17,2026-10-17T14:00:00+00:00,Brentford,Liverpool,MyBookie.ag,mybookieag,2026-10-10T15:41:50Z,2026-10-10T15:42:22.609076+00:00,odds_api_mybookie_direct,h2h,Brentford,,2.66
8f1945e7272bc7e89016439f5ab321c7,2026-10-17,2026-10-17T14:00:00+00:00,Brentford,Liverpool,MyBookie.ag,mybookieag,2026-10-10T15:41:50Z,2026-10-10T15:42:22.609076+00:00,odds_api_mybookie_direct,h2h,Liverpool,,2.35
8f1945e7272bc7e89016439f5ab321c7,2026-10-17,2026-10-17T14:00:00+00:00,Brentford,Liverpool,MyBookie.ag,mybookieag,2026-10-10T15:41:50Z,2026-10-10T15:42:22.609076+00:00,odds_api_mybookie_direct,h2h,Draw,,3.6
8f1945e7272bc7e89016439f5ab321c7,2026-10-17,2026-10-17T14:00:00+00:00,Brentford,Liverpool,MyBookie.ag,mybookieag,2026-10-10T15:41:50Z,2026-10-10T15:42:22.609076+00:00,odds_api_mybookie_direct,spreads,Brentford,0.5,1.55
8f1945e7272bc7e89016439f5ab321c7,2026-10-17,2026-10-17T14:00:00+00:00,Brentford,Liverpool,MyBookie.ag,mybookieag,2026-10-10T15:41:50Z,2026-10-10T15:42:22.609076+00:00,odds_api_mybookie_direct,spreads,Liverpool,-0.5,2.29
8f1945e7272bc7e89016439f5ab321c7,2026-10-17,2026-10-17T14:00:00+00:00,Brentford,Liverpool,MyBookie.ag,mybookieag,2026-10-10T15:41:50Z,2026-10-10T15:42:22.609076+00:00,odds_api_mybookie_direct,totals,Over,3.5,2.28
8f1945e7272bc7e89016439f5ab321c7,2026-10-17,2026-10-17T14:00:00+00:00,Brentford,Liverpool,MyBookie.ag,mybookieag,2026-10-10T15:41:50Z,2026-10-10T15:42:22.609076+00:00,odds_api_mybookie_direct,totals,Under,3.5,1.56
7895f97f2f9577f3b13287a3d086859d,2026-10-17,2026-10-17T14:00:00+00:00,Fulham,Hull City,MyBookie.ag,mybookieag,2026-10-10T15:41:50Z,2026-10-10T15:42:22.609076+00:00,odds_api_mybookie_direct,h2h,Fulham,,1.65
7895f97f2f9577f3b13287a3d086859d,2026-10-17,2026-10-17T14:00:00+00:00,Fulham,Hull City,MyBookie.ag,mybookieag,2026-10-10T15:41:50Z,2026-10-10T15:42:22.609076+00:00,odds_api_mybookie_direct,h2h,Hull City,,4.6
7895f97f2f9577f3b13287a3d086859d,2026-10-17,2026-10-17T14:00:00+00:00,Fulham,Hull City,MyBookie.ag,mybookieag,2026-10-10T15:41:50Z,2026-10-10T15:42:22.609076+00:00,odds_api_mybookie_direct,h2h,Draw,,3.85
7895f97f2f9577f3b13287a3d086859d,2026-10-17,2026-10-17T14:00:00+00:00,Fulham,Hull City,MyBookie.ag,mybookieag,2026-10-10T15:41:50Z,2026-10-10T15:42:22.609076+00:00,odds_api_mybookie_direct,spreads,Fulham,-0.5,1.64
7895f97f2f9577f3b13287a3d086859d,2026-10-17,2026-10-17T14:00:00+00:00,Fulham,Hull City,MyBookie.ag,mybookieag,2026-10-10T15:41:50Z,2026-10-10T15:42:22.609076+00:00,odds_api_mybookie_direct,spreads,Hull City,0.5,2.13
7895f97f2f9577f3b13287a3d086859d,2026-10-17,2026-10-17T14:00:00+00:00,Fulham,Hull City,MyBookie.ag,mybookieag,2026-10-10T15:41:50Z,2026-10-10T15:42:22.609076+00:00,odds_api_mybookie_direct,totals,Over,2.5,1.7
7895f97f2f9577f3b13287a3d086859d,2026-10-17,2026-10-17T14:00:00+00:00,Fulham,Hull City,MyBookie.ag,mybookieag,2026-10-10T15:41:50Z,2026-10-10T15:42:22.609076+00:00,odds_api_mybookie_direct,totals,Under,2.5,2.04
bf2142d1ca76ba2fc9e61afce80f86c0,2026-10-17,2026-10-17T14:00:00+00:00,Man City,Ipswich Town,MyBookie.ag,mybookieag,2026-10-10T15:41:50Z,2026-10-10T15:42:22.609076+00:00,odds_api_mybookie_direct,h2h,Ipswich Town,,8.6
bf2142d1ca76ba2fc9e61afce80f86c0,2026-10-17,2026-10-17T14:00:00+00:00,Man City,Ipswich Town,MyBookie.ag,mybookieag,2026-10-10T15:41:50Z,2026-10-10T15:42:22.609076+00:00,odds_api_mybookie_direct,h2h,Manchester City,,1.25
bf2142d1ca76ba2fc9e61afce80f86c0,2026-10-17,2026-10-17T14:00:00+00:00,Man City,Ipswich Town,MyBookie.ag,mybookieag,2026-10-10T15:41:50Z,2026-10-10T15:42:22.609076+00:00,odds_api_mybookie_direct,h2h,Draw,,6.0
bf2142d1ca76ba2fc9e61afce80f86c0,2026-10-17,2026-10-17T14:00:00+00:00,Man City,Ipswich Town,MyBookie.ag,mybookieag,2026-10-10T15:41:50Z,2026-10-10T15:42:22.609076+00:00,odds_api_mybookie_direct,spreads,Ipswich Town,1.5,2.06
bf2142d1ca76ba2fc9e61afce80f86c0,2026-10-17,2026-10-17T14:00:00+00:00,Man City,Ipswich Town,MyBookie.ag,mybookieag,2026-10-10T15:41:50Z,2026-10-10T15:42:22.609076+00:00,odds_api_mybookie_direct,spreads,Manchester City,-1.5,1.68
bf2142d1ca76ba2fc9e61afce80f86c0,2026-10-17,2026-10-17T14:00:00+00:00,Man City,Ipswich Town,MyBookie.ag,mybookieag,2026-10-10T15:41:50Z,2026-10-10T15:42:22.609076+00:00,odds_api_mybookie_direct,totals,Over,3.5,1.89
bf2142d1ca76ba2fc9e61afce80f86c0,2026-10-17,2026-10-17T14:00:00+00:00,Man City,Ipswich Town,MyBookie.ag,mybookieag,2026-10-10T15:41:50Z,2026-10-10T15:42:22.609076+00:00,odds_api_mybookie_direct,totals,Under,3.5,1.81
d1bbbdcd3d430e70091b518369b559cf,2026-10-17,2026-10-17T16:30:00+00:00,Newcastle,Aston Villa,MyBookie.ag,mybookieag,2026-10-10T15:41:50Z,2026-10-10T15:42:22.609076+00:00,odds_api_mybookie_direct,h2h,Aston Villa,,3.18
d1bbbdcd3d430e70091b518369b559cf,2026-10-17,2026-10-17T16:30:00+00:00,Newcastle,Aston Villa,MyBookie.ag,mybookieag,2026-10-10T15:41:50Z,2026-10-10T15:42:22.609076+00:00,odds_api_mybookie_direct,h2h,Newcastle United,,2.04
d1bbbdcd3d430e70091b518369b559cf,2026-10-17,2026-10-17T16:30:00+00:00,Newcastle,Aston Villa,MyBookie.ag,mybookieag,2026-10-10T15:41:50Z,2026-10-10T15:42:22.609076+00:00,odds_api_mybookie_direct,h2h,Draw,,3.6
d1bbbdcd3d430e70091b518369b559cf,2026-10-17,2026-10-17T16:30:00+00:00,Newcastle,Aston Villa,MyBookie.ag,mybookieag,2026-10-10T15:41:50Z,2026-10-10T15:42:22.609076+00:00,odds_api_mybookie_direct,spreads,Aston Villa,0.5,1.72
d1bbbdcd3d430e70091b518369b559cf,2026-10-17,2026-10-17T16:30:00+00:00,Newcastle,Aston Villa,MyBookie.ag,mybookieag,2026-10-10T15:41:50Z,2026-10-10T15:42:22.609076+00:00,odds_api_mybookie_direct,spreads,Newcastle United,-0.5,2.01
d1bbbdcd3d430e70091b518369b559cf,2026-10-17,2026-10-17T16:30:00+00:00,Newcastle,Aston Villa,MyBookie.ag,mybookieag,2026-10-10T15:41:50Z,2026-10-10T15:42:22.609076+00:00,odds_api_mybookie_direct,totals,Over,2.5,1.56
d1bbbdcd3d430e70091b518369b559cf,2026-10-17,2026-10-17T16:30:00+00:00,Newcastle,Aston Villa,MyBookie.ag,mybookieag,2026-10-10T15:41:50Z,2026-10-10T15:42:22.609076+00:00,odds_api_mybookie_direct,totals,Under,2.5,2.27
dfd5d6648be46426e418801584d46a68,2026-10-18,2026-10-18T13:00:00+00:00,Bournemouth,Sunderland,MyBookie.ag,mybookieag,2026-10-10T15:41:50Z,2026-10-10T15:42:22.609076+00:00,odds_api_mybookie_direct,h2h,Bournemouth,,1.97
dfd5d6648be46426e418801584d46a68,2026-10-18,2026-10-18T13:00:00+00:00,Bournemouth,Sunderland,MyBookie.ag,mybookieag,2026-10-10T15:41:50Z,2026-10-10T15:42:22.609076+00:00,odds_api_mybookie_direct,h2h,Sunderland,,3.5
dfd5d6648be46426e418801584d46a68,2026-10-18,2026-10-18T13:00:00+00:00,Bournemouth,Sunderland,MyBookie.ag,mybookieag,2026-10-10T15:41:50Z,2026-10-10T15:42:22.609076+00:00,odds_api_mybookie_direct,h2h,Draw,,3.48
dfd5d6648be46426e418801584d46a68,2026-10-18,2026-10-18T13:00:00+00:00,Bournemouth,Sunderland,MyBookie.ag,mybookieag,2026-10-10T15:41:50Z,2026-10-10T15:42:22.609076+00:00,odds_api_mybookie_direct,spreads,Bournemouth,-0.5,1.94
dfd5d6648be46426e418801584d46a68,2026-10-18,2026-10-18T13:00:00+00:00,Bournemouth,Sunderland,MyBookie.ag,mybookieag,2026-10-10T15:41:50Z,2026-10-10T15:42:22.609076+00:00,odds_api_mybookie_direct,spreads,Sunderland,0.5,1.77
dfd5d6648be46426e418801584d46a68,2026-10-18,2026-10-18T13:00:00+00:00,Bournemouth,Sunderland,MyBookie.ag,mybookieag,2026-10-10T15:41:50Z,2026-10-10T15:42:22.609076+00:00,odds_api_mybookie_direct,totals,Over,2.5,1.75
dfd5d6648be46426e418801584d46a68,2026-10-18,2026-10-18T13:00:00+00:00,Bournemouth,Sunderland,MyBookie.ag,mybookieag,2026-10-10T15:41:50Z,2026-10-10T15:42:22.609076+00:00,odds_api_mybookie_direct,totals,Under,2.5,1.96
9fc08b390a49c4434f7cf631a0bb88fb,2026-10-18,2026-10-18T13:00:00+00:00,Brighton,Crystal Palace,MyBookie.ag,mybookieag,2026-10-10T15:41:50Z,2026-10-10T15:42:22.609076+00:00,odds_api_mybookie_direct,h2h,Brighton and Hove Albion,,1.61
9fc08b390a49c4434f7cf631a0bb88fb,2026-10-18,2026-10-18T13:00:00+00:00,Brighton,Crystal Palace,MyBookie.ag,mybookieag,2026-10-10T15:41:50Z,2026-10-10T15:42:22.609076+00:00,odds_api_mybookie_direct,h2h,Crystal Palace,,4.7
9fc08b390a49c4434f7cf631a0bb88fb,2026-10-18,2026-10-18T13:00:00+00:00,Brighton,Crystal Palace,MyBookie.ag,mybookieag,2026-10-10T15:41:50Z,2026-10-10T15:42:22.609076+00:00,odds_api_mybookie_direct,h2h,Draw,,4.1
9fc08b390a49c4434f7cf631a0bb88fb,2026-10-18,2026-10-18T13:00:00+00:00,Brighton,Crystal Palace,MyBookie.ag,mybookieag,2026-10-10T15:41:50Z,2026-10-10T15:42:22.609076+00:00,odds_api_mybookie_direct,spreads,Brighton and Hove Albion,-0.5,1.6
9fc08b390a49c4434f7cf631a0bb88fb,2026-10-18,2026-10-18T13:00:00+00:00,Brighton,Crystal Palace,MyBookie.ag,mybookieag,2026-10-10T15:41:50Z,2026-10-10T15:42:22.609076+00:00,odds_api_mybookie_direct,spreads,Crystal Palace,0.5,2.21
9fc08b390a49c4434f7cf631a0bb88fb,2026-10-18,2026-10-18T13:00:00+00:00,Brighton,Crystal Palace,MyBookie.ag,mybookieag,2026-10-10T15:41:50Z,2026-10-10T15:42:22.609076+00:00,odds_api_mybookie_direct,totals,Over,2.5,1.56
9fc08b390a49c4434f7cf631a0bb88fb,2026-10-18,2026-10-18T13:00:00+00:00,Brighton,Crystal Palace,MyBookie.ag,mybookieag,2026-10-10T15:41:50Z,2026-10-10T15:42:22.609076+00:00,odds_api_mybookie_direct,totals,Under,2.5,2.29
676b3b0b609e9cf565da450786618d26,2026-10-18,2026-10-18T13:00:00+00:00,Leeds,Man United,MyBookie.ag,mybookieag,2026-10-10T15:41:50Z,2026-10-10T15:42:22.609076+00:00,odds_api_mybookie_direct,h2h,Leeds United,,2.73
676b3b0b609e9cf565da450786618d26,2026-10-18,2026-10-18T13:00:00+00:00,Leeds,Man United,MyBookie.ag,mybookieag,2026-10-10T15:41:50Z,2026-10-10T15:42:22.609076+00:00,odds_api_mybookie_direct,h2h,Manchester United,,2.3
676b3b0b609e9cf565da450786618d26,2026-10-18,2026-10-18T13:00:00+00:00,Leeds,Man United,MyBookie.ag,mybookieag,2026-10-10T15:41:50Z,2026-10-10T15:42:22.609076+00:00,odds_api_mybookie_direct,h2h,Draw,,3.6
676b3b0b609e9cf565da450786618d26,2026-10-18,2026-10-18T13:00:00+00:00,Leeds,Man United,MyBookie.ag,mybookieag,2026-10-10T15:41:50Z,2026-10-10T15:42:22.609076+00:00,odds_api_mybookie_direct,spreads,Leeds United,0.5,1.57
676b3b0b609e9cf565da450786618d26,2026-10-18,2026-10-18T13:00:00+00:00,Leeds,Man United,MyBookie.ag,mybookieag,2026-10-10T15:41:50Z,2026-10-10T15:42:22.609076+00:00,odds_api_mybookie_direct,spreads,Manchester United,-0.5,2.25
676b3b0b609e9cf565da450786618d26,2026-10-18,2026-10-18T13:00:00+00:00,Leeds,Man United,MyBookie.ag,mybookieag,2026-10-10T15:41:50Z,2026-10-10T15:42:22.609076+00:00,odds_api_mybookie_direct,totals,Over,2.5,1.59
676b3b0b609e9cf565da450786618d26,2026-10-18,2026-10-18T13:00:00+00:00,Leeds,Man United,MyBookie.ag,mybookieag,2026-10-10T15:41:50Z,2026-10-10T15:42:22.609076+00:00,odds_api_mybookie_direct,totals,Under,2.5,2.22
f696a248965373d9071dc0662e5c58a8,2026-10-18,2026-10-18T15:30:00+00:00,Nott'm Forest,Arsenal,MyBookie.ag,mybookieag,2026-10-10T15:41:50Z,2026-10-10T15:42:22.609076+00:00,odds_api_mybookie_direct,h2h,Arsenal,,1.58
f696a248965373d9071dc0662e5c58a8,2026-10-18,2026-10-18T15:30:00+00:00,Nott'm Forest,Arsenal,MyBookie.ag,mybookieag,2026-10-10T15:41:50Z,2026-10-10T15:42:22.609076+00:00,odds_api_mybookie_direct,h2h,Nottingham Forest,,5.3
f696a248965373d9071dc0662e5c58a8,2026-10-18,2026-10-18T15:30:00+00:00,Nott'm Forest,Arsenal,MyBookie.ag,mybookieag,2026-10-10T15:41:50Z,2026-10-10T15:42:22.609076+00:00,odds_api_mybookie_direct,h2h,Draw,,3.9
f696a248965373d9071dc0662e5c58a8,2026-10-18,2026-10-18T15:30:00+00:00,Nott'm Forest,Arsenal,MyBookie.ag,mybookieag,2026-10-10T15:41:50Z,2026-10-10T15:42:22.609076+00:00,odds_api_mybookie_direct,spreads,Arsenal,-0.5,1.57
f696a248965373d9071dc0662e5c58a8,2026-10-18,2026-10-18T15:30:00+00:00,Nott'm Forest,Arsenal,MyBookie.ag,mybookieag,2026-10-10T15:41:50Z,2026-10-10T15:42:22.609076+00:00,odds_api_mybookie_direct,spreads,Nottingham Forest,0.5,2.26
f696a248965373d9071dc0662e5c58a8,2026-10-18,2026-10-18T15:30:00+00:00,Nott'm Forest,Arsenal,MyBookie.ag,mybookieag,2026-10-10T15:41:50Z,2026-10-10T15:42:22.609076+00:00,odds_api_mybookie_direct,totals,Over,2.5,1.86
f696a248965373d9071dc0662e5c58a8,2026-10-18,2026-10-18T15:30:00+00:00,Nott'm Forest,Arsenal,MyBookie.ag,mybookieag,2026-10-10T15:41:50Z,2026-10-10T15:42:22.609076+00:00,odds_api_mybookie_direct,totals,Under,2.5,1.84
9baaf4e48b041cfef04e70e42532502e,2026-10-19,2026-10-19T19:00:00+00:00,Tottenham,Coventry City,MyBookie.ag,mybookieag,2026-10-10T15:41:50Z,2026-10-10T15:42:22.609076+00:00,odds_api_mybookie_direct,h2h,Coventry City,,5.8
9baaf4e48b041cfef04e70e42532502e,2026-10-19,2026-10-19T19:00:00+00:00,Tottenham,Coventry City,MyBookie.ag,mybookieag,2026-10-10T15:41:50Z,2026-10-10T15:42:22.609076+00:00,odds_api_mybookie_direct,h2h,Tottenham Hotspur,,1.45
9baaf4e48b041cfef04e70e42532502e,2026-10-19,2026-10-19T19:00:00+00:00,Tottenham,Coventry City,MyBookie.ag,mybookieag,2026-10-10T15:41:50Z,2026-10-10T15:42:22.609076+00:00,odds_api_mybookie_direct,h2h,Draw,,4.6
9baaf4e48b041cfef04e70e42532502e,2026-10-19,2026-10-19T19:00:00+00:00,Tottenham,Coventry City,MyBookie.ag,mybookieag,2026-10-10T15:41:50Z,2026-10-10T15:42:22.609076+00:00,odds_api_mybookie_direct,spreads,Coventry City,1.5,1.61
9baaf4e48b041cfef04e70e42532502e,2026-10-19,2026-10-19T19:00:00+00:00,Tottenham,Coventry City,MyBookie.ag,mybookieag,2026-10-10T15:41:50Z,2026-10-10T15:42:22.609076+00:00,odds_api_mybookie_direct,spreads,Tottenham Hotspur,-1.5,2.17
9baaf4e48b041cfef04e70e42532502e,2026-10-19,2026-10-19T19:00:00+00:00,Tottenham,Coventry City,MyBookie.ag,mybookieag,2026-10-10T15:41:50Z,2026-10-10T15:42:22.609076+00:00,odds_api_mybookie_direct,totals,Over,2.5,1.55
9baaf4e48b041cfef04e70e42532502e,2026-10-19,2026-10-19T19:00:00+00:00,Tottenham,Coventry City,MyBookie.ag,mybookieag,2026-10-10T15:41:50Z,2026-10-10T15:42:22.609076+00:00,odds_api_mybookie_direct,totals,Under,2.5,2.3
380b8f24ec5430fb545a7490c1017285,2026-10-10,2026-10-10T14:00:00+00:00,Sunderland,Brighton,FanDuel,fanduel,2026-10-10T15:42:09Z,2026-10-10T15:42:22.609076+00:00,odds_api_region,h2h,Brighton and Hove Albion,,1.53
380b8f24ec5430fb545a7490c1017285,2026-10-10,2026-10-10T14:00:00+00:00,Sunderland,Brighton,FanDuel,fanduel,2026-10-10T15:42:09Z,2026-10-10T15:42:22.609076+00:00,odds_api_region,h2h,Sunderland,,9.5
380b8f24ec5430fb545a7490c1017285,2026-10-10,2026-10-10T14:00:00+00:00,Sunderland,Brighton,FanDuel,fanduel,2026-10-10T15:42:09Z,2026-10-10T15:42:22.609076+00:00,odds_api_region,h2h,Draw,,3.0
288b4ff00c79daa712c911c564fe1be7,2026-10-10,2026-10-10T14:00:00+00:00,Ipswich Town,Fulham,FanDuel,fanduel,2026-10-10T15:42:09Z,2026-10-10T15:42:22.609076+00:00,odds_api_region,h2h,Fulham,,1.21
288b4ff00c79daa712c911c564fe1be7,2026-10-10,2026-10-10T14:00:00+00:00,Ipswich Town,Fulham,FanDuel,fanduel,2026-10-10T15:42:09Z,2026-10-10T15:42:22.609076+00:00,odds_api_region,h2h,Ipswich Town,,26.0
288b4ff00c79daa712c911c564fe1be7,2026-10-10,2026-10-10T14:00:00+00:00,Ipswich Town,Fulham,FanDuel,fanduel,2026-10-10T15:42:09Z,2026-10-10T15:42:22.609076+00:00,odds_api_region,h2h,Draw,,5.0
22c9b2c43cbe1334381269550dab78e6,2026-10-10,2026-10-10T16:30:00+00:00,Man United,Tottenham,FanDuel,fanduel,2026-10-10T15:42:09Z,2026-10-10T15:42:22.609076+00:00,odds_api_region,h2h,Manchester United,,1.71
22c9b2c43cbe1334381269550dab78e6,2026-10-10,2026-10-10T16:30:00+00:00,Man United,Tottenham,FanDuel,fanduel,2026-10-10T15:42:09Z,2026-10-10T15:42:22.609076+00:00,odds_api_region,h2h,Tottenham Hotspur,,4.4
22c9b2c43cbe1334381269550dab78e6,2026-10-10,2026-10-10T16:30:00+00:00,Man United,Tottenham,FanDuel,fanduel,2026-10-10T15:42:09Z,2026-10-10T15:42:22.609076+00:00,odds_api_region,h2h,Draw,,4.2
22c9b2c43cbe1334381269550dab78e6,2026-10-10,2026-10-10T16:30:00+00:00,Man United,Tottenham,BetRivers,betrivers,2026-10-10T15:42:09Z,2026-10-10T15:42:22.609076+00:00,odds_api_region,h2h,Manchester United,,1.68
22c9b2c43cbe1334381269550dab78e6,2026-10-10,2026-10-10T16:30:00+00:00,Man United,Tottenham,BetRivers,betrivers,2026-10-10T15:42:09Z,2026-10-10T15:42:22.609076+00:00,odds_api_region,h2h,Tottenham Hotspur,,4.7
22c9b2c43cbe1334381269550dab78e6,2026-10-10,2026-10-10T16:30:00+00:00,Man United,Tottenham,BetRivers,betrivers,2026-10-10T15:42:09Z,2026-10-10T15:42:22.609076+00:00,odds_api_region,h2h,Draw,,4.1
22c9b2c43cbe1334381269550dab78e6,2026-10-10,2026-10-10T16:30:00+00:00,Man United,Tottenham,BetRivers,betrivers,2026-10-10T15:42:09Z,2026-10-10T15:42:22.609076+00:00,odds_api_region,totals,Over,3.5,2.25
22c9b2c43cbe1334381269550dab78e6,2026-10-10,2026-10-10T16:30:00+00:00,Man United,Tottenham,BetRivers,betrivers,2026-10-10T15:42:09Z,2026-10-10T15:42:22.609076+00:00,odds_api_region,totals,Under,3.5,1.63
22c9b2c43cbe1334381269550dab78e6,2026-10-10,2026-10-10T16:30:00+00:00,Man United,Tottenham,LowVig.ag,lowvig,2026-10-10T15:42:09Z,2026-10-10T15:42:22.609076+00:00,odds_api_region,h2h,Manchester United,,1.74
22c9b2c43cbe1334381269550dab78e6,2026-10-10,2026-10-10T16:30:00+00:00,Man United,Tottenham,LowVig.ag,lowvig,2026-10-10T15:42:09Z,2026-10-10T15:42:22.609076+00:00,odds_api_region,h2h,Tottenham Hotspur,,4.5
22c9b2c43cbe1334381269550dab78e6,2026-10-10,2026-10-10T16:30:00+00:00,Man United,Tottenham,LowVig.ag,lowvig,2026-10-10T15:42:09Z,2026-10-10T15:42:22.609076+00:00,odds_api_region,h2h,Draw,,4.2
22c9b2c43cbe1334381269550dab78e6,2026-10-10,2026-10-10T16:30:00+00:00,Man United,Tottenham,LowVig.ag,lowvig,2026-10-10T15:42:09Z,2026-10-10T15:42:22.609076+00:00,odds_api_region,spreads,Manchester United,-0.5,1.74
22c9b2c43cbe1334381269550dab78e6,2026-10-10,2026-10-10T16:30:00+00:00,Man United,Tottenham,LowVig.ag,lowvig,2026-10-10T15:42:09Z,2026-10-10T15:42:22.609076+00:00,odds_api_region,spreads,Tottenham Hotspur,0.5,2.18
22c9b2c43cbe1334381269550dab78e6,2026-10-10,2026-10-10T16:30:00+00:00,Man United,Tottenham,LowVig.ag,lowvig,2026-10-10T15:42:09Z,2026-10-10T15:42:22.609076+00:00,odds_api_region,totals,Over,3.0,1.75
22c9b2c43cbe1334381269550dab78e6,2026-10-10,2026-10-10T16:30:00+00:00,Man United,Tottenham,LowVig.ag,lowvig,2026-10-10T15:42:09Z,2026-10-10T15:42:22.609076+00:00,odds_api_region,totals,Under,3.0,2.14
86effab5c6e7bfd58c8e88b1fb7c6ba9,2026-10-11,2026-10-11T13:00:00+00:00,Crystal Palace,Nott'm Forest,FanDuel,fanduel,2026-10-10T15:42:09Z,2026-10-10T15:42:22.609076+00:00,odds_api_region,h2h,Crystal Palace,,2.75
86effab5c6e7bfd58c8e88b1fb7c6ba9,2026-10-11,2026-10-11T13:00:00+00:00,Crystal Palace,Nott'm Forest,FanDuel,fanduel,2026-10-10T15:42:09Z,2026-10-10T15:42:22.609076+00:00,odds_api_region,h2h,Nottingham Forest,,2.55
86effab5c6e7bfd58c8e88b1fb7c6ba9,2026-10-11,2026-10-11T13:00:00+00:00,Crystal Palace,Nott'm Forest,FanDuel,fanduel,2026-10-10T15:42:09Z,2026-10-10T15:42:22.609076+00:00,odds_api_region,h2h,Draw,,3.3
86effab5c6e7bfd58c8e88b1fb7c6ba9,2026-10-11,2026-10-11T13:00:00+00:00,Crystal Palace,Nott'm Forest,BetRivers,betrivers,2026-10-10T15:42:09Z,2026-10-10T15:42:22.609076+00:00,odds_api_region,h2h,Crystal Palace,,2.7
86effab5c6e7bfd58c8e88b1fb7c6ba9,2026-10-11,2026-10-11T13:00:00+00:00,Crystal Palace,Nott'm Forest,BetRivers,betrivers,2026-10-10T15:42:09Z,2026-10-10T15:42:22.609076+00:00,odds_api_region,h2h,Nottingham Forest,,2.6
86effab5c6e7bfd58c8e88b1fb7c6ba9,2026-10-11,2026-10-11T13:00:00+00:00,Crystal Palace,Nott'm Forest,BetRivers,betrivers,2026-10-10T15:42:09Z,2026-10-10T15:42:22.609076+00:00,odds_api_region,h2h,Draw,,3.35
86effab5c6e7bfd58c8e88b1fb7c6ba9,2026-10-11,2026-10-11T13:00:00+00:00,Crystal Palace,Nott'm Forest,BetRivers,betrivers,2026-10-10T15:42:09Z,2026-10-10T15:42:22.609076+00:00,odds_api_region,totals,Over,2.5,1.92
86effab5c6e7bfd58c8e88b1fb7c6ba9,2026-10-11,2026-10-11T13:00:00+00:00,Crystal Palace,Nott'm Forest,BetRivers,betrivers,2026-10-10T15:42:09Z,2026-10-10T15:42:22.609076+00:00,odds_api_region,totals,Under,2.5,1.87
86effab5c6e7bfd58c8e88b1fb7c6ba9,2026-10-11,2026-10-11T13:00:00+00:00,Crystal Palace,Nott'm Forest,LowVig.ag,lowvig,2026-10-10T15:42:09Z,2026-10-10T15:42:22.609076+00:00,odds_api_region,h2h,Crystal Palace,,2.78
86effab5c6e7bfd58c8e88b1fb7c6ba9,2026-10-11,2026-10-11T13:00:00+00:00,Crystal Palace,Nott'm Forest,LowVig.ag,lowvig,2026-10-10T15:42:09Z,2026-10-10T15:42:22.609076+00:00,odds_api_region,h2h,Nottingham Forest,,2.62
86effab5c6e7bfd58c8e88b1fb7c6ba9,2026-10-11,2026-10-11T13:00:00+00:00,Crystal Palace,Nott'm Forest,LowVig.ag,lowvig,2026-10-10T15:42:09Z,2026-10-10T15:42:22.609076+00:00,odds_api_region,h2h,Draw,,3.41
86effab5c6e7bfd58c8e88b1fb7c6ba9,2026-10-11,2026-10-11T13:00:00+00:00,Crystal Palace,Nott'm Forest,LowVig.ag,lowvig,2026-10-10T15:42:09Z,2026-10-10T15:42:22.609076+00:00,odds_api_region,spreads,Crystal Palace,0.0,1.99
86effab5c6e7bfd58c8e88b1fb7c6ba9,2026-10-11,2026-10-11T13:00:00+00:00,Crystal Palace,Nott'm Forest,LowVig.ag,lowvig,2026-10-10T15:42:09Z,2026-10-10T15:42:22.609076+00:00,odds_api_region,spreads,Nottingham Forest,0.0,1.86
86effab5c6e7bfd58c8e88b1fb7c6ba9,2026-10-11,2026-10-11T13:00:00+00:00,Crystal Palace,Nott'm Forest,LowVig.ag,lowvig,2026-10-10T15:42:09Z,2026-10-10T15:42:22.609076+00:00,odds_api_region,totals,Over,2.5,1.88
86effab5c6e7bfd58c8e88b1fb7c6ba9,2026-10-11,2026-10-11T13:00:00+00:00,Crystal Palace,Nott'm Forest,LowVig.ag,lowvig,2026-10-10T15:42:09Z,2026-10-10T15:42:22.609076+00:00,odds_api_region,totals,Under,2.5,1.93
0bdae4d304810578e47386606bff7106,2026-10-11,2026-10-11T13:00:00+00:00,Hull City,Everton,FanDuel,fanduel,2026-10-10T15:42:09Z,2026-10-10T15:42:22.609076+00:00,odds_api_region,h2h,Everton,,2.1
0bdae4d304810578e47386606bff7106,2026-10-11,2026-10-11T13:00:00+00:00,Hull City,Everton,FanDuel,fanduel,2026-10-10T15:42:09Z,2026-10-10T15:42:22.609076+00:00,odds_api_region,h2h,Hull City,,3.6
0bdae4d304810578e47386606bff7106,2026-10-11,2026-10-11T13:00:00+00:00,Hull City,Everton,FanDuel,fanduel,2026-10-10T15:42:09Z,2026-10-10T15:42:22.609076+00:00,odds_api_region,h2h,Draw,,3.3
0bdae4d304810578e47386606bff7106,2026-10-11,2026-10-11T13:00:00+00:00,Hull City,Everton,BetRivers,betrivers,2026-10-10T15:42:09Z,2026-10-10T15:42:22.609076+00:00,odds_api_region,h2h,Everton,,2.07
0bdae4d304810578e47386606bff7106,2026-10-11,2026-10-11T13:00:00+00:00,Hull City,Everton,BetRivers,betrivers,2026-10-10T15:42:09Z,2026-10-10T15:42:22.609076+00:00,odds_api_region,h2h,Hull City,,3.7
0bdae4d304810578e47386606bff7106,2026-10-11,2026-10-11T13:00:00+00:00,Hull City,Everton,BetRivers,betrivers,2026-10-10T15:42:09Z,2026-10-10T15:42:22.609076+00:00,odds_api_region,h2h,Draw,,3.35
0bdae4d304810578e47386606bff7106,2026-10-11,2026-10-11T13:00:00+00:00,Hull City,Everton,BetRivers,betrivers,2026-10-10T15:42:09Z,2026-10-10T15:42:22.609076+00:00,odds_api_region,totals,Over,2.5,2.0
0bdae4d304810578e47386606bff7106,2026-10-11,2026-10-11T13:00:00+00:00,Hull City,Everton,BetRivers,betrivers,2026-10-10T15:42:09Z,2026-10-10T15:42:22.609076+00:00,odds_api_region,totals,Under,2.5,1.79
0bdae4d304810578e47386606bff7106,2026-10-11,2026-10-11T13:00:00+00:00,Hull City,Everton,LowVig.ag,lowvig,2026-10-10T15:42:09Z,2026-10-10T15:42:22.609076+00:00,odds_api_region,h2h,Everton,,2.15
0bdae4d304810578e47386606bff7106,2026-10-11,2026-10-11T13:00:00+00:00,Hull City,Everton,LowVig.ag,lowvig,2026-10-10T15:42:09Z,2026-10-10T15:42:22.609076+00:00,odds_api_region,h2h,Hull City,,3.62
0bdae4d304810578e47386606bff7106,2026-10-11,2026-10-11T13:00:00+00:00,Hull City,Everton,LowVig.ag,lowvig,2026-10-10T15:42:09Z,2026-10-10T15:42:22.609076+00:00,odds_api_region,h2h,Draw,,3.4
0bdae4d304810578e47386606bff7106,2026-10-11,2026-10-11T13:00:00+00:00,Hull City,Everton,LowVig.ag,lowvig,2026-10-10T15:42:09Z,2026-10-10T15:42:22.609076+00:00,odds_api_region,spreads,Everton,-0.5,2.15
0bdae4d304810578e47386606bff7106,2026-10-11,2026-10-11T13:00:00+00:00,Hull City,Everton,LowVig.ag,lowvig,2026-10-10T15:42:09Z,2026-10-10T15:42:22.609076+00:00,odds_api_region,spreads,Hull City,0.5,1.73
0bdae4d304810578e47386606bff7106,2026-10-11,2026-10-11T13:00:00+00:00,Hull City,Everton,LowVig.ag,lowvig,2026-10-10T15:42:09Z,2026-10-10T15:42:22.609076+00:00,odds_api_region,totals,Over,2.5,2.0
0bdae4d304810578e47386606bff7106,2026-10-11,2026-10-11T13:00:00+00:00,Hull City,Everton,LowVig.ag,lowvig,2026-10-10T15:42:09Z,2026-10-10T15:42:22.609076+00:00,odds_api_region,totals,Under,2.5,1.83
6dbab232dd8d2aed0cb1d6f7978fb7b1,2026-10-11,2026-10-11T15:30:00+00:00,Liverpool,Man City,FanDuel,fanduel,2026-10-10T15:42:09Z,2026-10-10T15:42:22.609076+00:00,odds_api_region,h2h,Liverpool,,2.95
6dbab232dd8d2aed0cb1d6f7978fb7b1,2026-10-11,2026-10-11T15:30:00+00:00,Liverpool,Man City,FanDuel,fanduel,2026-10-10T15:42:09Z,2026-10-10T15:42:22.609076+00:00,odds_api_region,h2h,Manchester City,,2.2
6dbab232dd8d2aed0cb1d6f7978fb7b1,2026-10-11,2026-10-11T15:30:00+00:00,Liverpool,Man City,FanDuel,fanduel,2026-10-10T15:42:09Z,2026-10-10T15:42:22.609076+00:00,odds_api_region,h2h,Draw,,3.7
6dbab232dd8d2aed0cb1d6f7978fb7b1,2026-10-11,2026-10-11T15:30:00+00:00,Liverpool,Man City,BetRivers,betrivers,2026-10-10T15:42:09Z,2026-10-10T15:42:22.609076+00:00,odds_api_region,h2h,Liverpool,,3.0
6dbab232dd8d2aed0cb1d6f7978fb7b1,2026-10-11,2026-10-11T15:30:00+00:00,Liverpool,Man City,BetRivers,betrivers,2026-10-10T15:42:09Z,2026-10-10T15:42:22.609076+00:00,odds_api_region,h2h,Manchester City,,2.23
6dbab232dd8d2aed0cb1d6f7978fb7b1,2026-10-11,2026-10-11T15:30:00+00:00,Liverpool,Man City,BetRivers,betrivers,2026-10-10T15:42:09Z,2026-10-10T15:42:22.609076+00:00,odds_api_region,h2h,Draw,,3.7
6dbab232dd8d2aed0cb1d6f7978fb7b1,2026-10-11,2026-10-11T15:30:00+00:00,Liverpool,Man City,BetRivers,betrivers,2026-10-10T15:42:09Z,2026-10-10T15:42:22.609076+00:00,odds_api_region,totals,Over,3.5,2.33
6dbab232dd8d2aed0cb1d6f7978fb7b1,2026-10-11,2026-10-11T15:30:00+00:00,Liverpool,Man City,BetRivers,betrivers,2026-10-10T15:42:09Z,2026-10-10T15:42:22.609076+00:00,odds_api_region,totals,Under,3.5,1.57
6dbab232dd8d2aed0cb1d6f7978fb7b1,2026-10-11,2026-10-11T15:30:00+00:00,Liverpool,Man City,LowVig.ag,lowvig,2026-10-10T15:42:09Z,2026-10-10T15:42:22.609076+00:00,odds_api_region,h2h,Liverpool,,2.97
6dbab232dd8d2aed0cb1d6f7978fb7b1,2026-10-11,2026-10-11T15:30:00+00:00,Liverpool,Man City,LowVig.ag,lowvig,2026-10-10T15:42:09Z,2026-10-10T15:42:22.609076+00:00,odds_api_region,h2h,Manchester City,,2.3
6dbab232dd8d2aed0cb1d6f7978fb7b1,2026-10-11,2026-10-11T15:30:00+00:00,Liverpool,Man City,LowVig.ag,lowvig,2026-10-10T15:42:09Z,2026-10-10T15:42:22.609076+00:00,odds_api_region,h2h,Draw,,3.8
6dbab232dd8d2aed0cb1d6f7978fb7b1,2026-10-11,2026-10-11T15:30:00+00:00,Liverpool,Man City,LowVig.ag,lowvig,2026-10-10T15:42:09Z,2026-10-10T15:42:22.609076+00:00,odds_api_region,spreads,Liverpool,0.0,2.15
6dbab232dd8d2aed0cb1d6f7978fb7b1,2026-10-11,2026-10-11T15:30:00+00:00,Liverpool,Man City,LowVig.ag,lowvig,2026-10-10T15:42:09Z,2026-10-10T15:42:22.609076+00:00,odds_api_region,spreads,Manchester City,0.0,1.71
6dbab232dd8d2aed0cb1d6f7978fb7b1,2026-10-11,2026-10-11T15:30:00+00:00,Liverpool,Man City,LowVig.ag,lowvig,2026-10-10T15:42:09Z,2026-10-10T15:42:22.609076+00:00,odds_api_region,totals,Over,3.0,1.96
6dbab232dd8d2aed0cb1d6f7978fb7b1,2026-10-11,2026-10-11T15:30:00+00:00,Liverpool,Man City,LowVig.ag,lowvig,2026-10-10T15:42:09Z,2026-10-10T15:42:22.609076+00:00,odds_api_region,totals,Under,3.0,1.87
acd5bd945dd953ad1e300df5bfe696f9,2026-10-12,2026-10-12T19:00:00+00:00,Coventry City,Newcastle,FanDuel,fanduel,2026-10-10T15:42:09Z,2026-10-10T15:42:22.609076+00:00,odds_api_region,h2h,Coventry City,,3.1
acd5bd945dd953ad1e300df5bfe696f9,2026-10-12,2026-10-12T19:00:00+00:00,Coventry City,Newcastle,FanDuel,fanduel,2026-10-10T15:42:09Z,2026-10-10T15:42:22.609076+00:00,odds_api_region,h2h,Newcastle United,,2.15
acd5bd945dd953ad1e300df5bfe696f9,2026-10-12,2026-10-12T19:00:00+00:00,Coventry City,Newcastle,FanDuel,fanduel,2026-10-10T15:42:09Z,2026-10-10T15:42:22.609076+00:00,odds_api_region,h2h,Draw,,3.5
acd5bd945dd953ad1e300df5bfe696f9,2026-10-12,2026-10-12T19:00:00+00:00,Coventry City,Newcastle,BetRivers,betrivers,2026-10-10T15:42:09Z,2026-10-10T15:42:22.609076+00:00,odds_api_region,h2h,Coventry City,,3.3
acd5bd945dd953ad1e300df5bfe696f9,2026-10-12,2026-10-12T19:00:00+00:00,Coventry City,Newcastle,BetRivers,betrivers,2026-10-10T15:42:09Z,2026-10-10T15:42:22.609076+00:00,odds_api_region,h2h,Newcastle United,,2.08
acd5bd945dd953ad1e300df5bfe696f9,2026-10-12,2026-10-12T19:00:00+00:00,Coventry City,Newcastle,BetRivers,betrivers,2026-10-10T15:42:09Z,2026-10-10T15:42:22.609076+00:00,odds_api_region,h2h,Draw,,3.7
acd5bd945dd953ad1e300df5bfe696f9,2026-10-12,2026-10-12T19:00:00+00:00,Coventry City,Newcastle,BetRivers,betrivers,2026-10-10T15:42:09Z,2026-10-10T15:42:22.609076+00:00,odds_api_region,totals,Over,2.5,1.7
acd5bd945dd953ad1e300df5bfe696f9,2026-10-12,2026-10-12T19:00:00+00:00,Coventry City,Newcastle,BetRivers,betrivers,2026-10-10T15:42:09Z,2026-10-10T15:42:22.609076+00:00,odds_api_region,totals,Under,2.5,2.14
acd5bd945dd953ad1e300df5bfe696f9,2026-10-12,2026-10-12T19:00:00+00:00,Coventry City,Newcastle,LowVig.ag,lowvig,2026-10-10T15:42:09Z,2026-10-10T15:42:22.609076+00:00,odds_api_region,h2h,Coventry City,,3.3
acd5bd945dd953ad1e300df5bfe696f9,2026-10-12,2026-10-12T19:00:00+00:00,Coventry City,Newcastle,LowVig.ag,lowvig,2026-10-10T15:42:09Z,2026-10-10T15:42:22.609076+00:00,odds_api_region,h2h,Newcastle United,,2.2
acd5bd945dd953ad1e300df5bfe696f9,2026-10-12,2026-10-12T19:00:00+00:00,Coventry City,Newcastle,LowVig.ag,lowvig,2026-10-10T15:42:09Z,2026-10-10T15:42:22.609076+00:00,odds_api_region,h2h,Draw,,3.61
acd5bd945dd953ad1e300df5bfe696f9,2026-10-12,2026-10-12T19:00:00+00:00,Coventry City,Newcastle,LowVig.ag,lowvig,2026-10-10T15:42:09Z,2026-10-10T15:42:22.609076+00:00,odds_api_region,spreads,Coventry City,0.5,1.68
acd5bd945dd953ad1e300df5bfe696f9,2026-10-12,2026-10-12T19:00:00+00:00,Coventry City,Newcastle,LowVig.ag,lowvig,2026-10-10T15:42:09Z,2026-10-10T15:42:22.609076+00:00,odds_api_region,spreads,Newcastle United,-0.5,2.2
acd5bd945dd953ad1e300df5bfe696f9,2026-10-12,2026-10-12T19:00:00+00:00,Coventry City,Newcastle,LowVig.ag,lowvig,2026-10-10T15:42:09Z,2026-10-10T15:42:22.609076+00:00,odds_api_region,totals,Over,3.0,2.07
acd5bd945dd953ad1e300df5bfe696f9,2026-10-12,2026-10-12T19:00:00+00:00,Coventry City,Newcastle,LowVig.ag,lowvig,2026-10-10T15:42:09Z,2026-10-10T15:42:22.609076+00:00,odds_api_region,totals,Under,3.0,1.76
764e6513cb3f348881503df70ccb90e0,2026-10-17,2026-10-17T11:30:00+00:00,Everton,Chelsea,FanDuel,fanduel,2026-10-10T15:42:09Z,2026-10-10T15:42:22.609076+00:00,odds_api_region,h2h,Chelsea,,2.3
764e6513cb3f348881503df70ccb90e0,2026-10-17,2026-10-17T11:30:00+00:00,Everton,Chelsea,FanDuel,fanduel,2026-10-10T15:42:09Z,2026-10-10T15:42:22.609076+00:00,odds_api_region,h2h,Everton,,2.8
764e6513cb3f348881503df70ccb90e0,2026-10-17,2026-10-17T11:30:00+00:00,Everton,Chelsea,FanDuel,fanduel,2026-10-10T15:42:09Z,2026-10-10T15:42:22.609076+00:00,odds_api_region,h2h,Draw,,3.6
764e6513cb3f348881503df70ccb90e0,2026-10-17,2026-10-17T11:30:00+00:00,Everton,Chelsea,BetRivers,betrivers,2026-10-10T15:42:09Z,2026-10-10T15:42:22.609076+00:00,odds_api_region,h2h,Chelsea,,2.28
764e6513cb3f348881503df70ccb90e0,2026-10-17,2026-10-17T11:30:00+00:00,Everton,Chelsea,BetRivers,betrivers,2026-10-10T15:42:09Z,2026-10-10T15:42:22.609076+00:00,odds_api_region,h2h,Everton,,2.95
764e6513cb3f348881503df70ccb90e0,2026-10-17,2026-10-17T11:30:00+00:00,Everton,Chelsea,BetRivers,betrivers,2026-10-10T15:42:09Z,2026-10-10T15:42:22.609076+00:00,odds_api_region,h2h,Draw,,3.85
764e6513cb3f348881503df70ccb90e0,2026-10-17,2026-10-17T11:30:00+00:00,Everton,Chelsea,BetRivers,betrivers,2026-10-10T15:42:09Z,2026-10-10T15:42:22.609076+00:00,odds_api_region,totals,Over,2.5,1.62
764e6513cb3f348881503df70ccb90e0,2026-10-17,2026-10-17T11:30:00+00:00,Everton,Chelsea,BetRivers,betrivers,2026-10-10T15:42:09Z,2026-10-10T15:42:22.609076+00:00,odds_api_region,totals,Under,2.5,2.28
8f1945e7272bc7e89016439f5ab321c7,2026-10-17,2026-10-17T14:00:00+00:00,Brentford,Liverpool,FanDuel,fanduel,2026-10-10T15:42:09Z,2026-10-10T15:42:22.609076+00:00,odds_api_region,h2h,Brentford,,2.7
8f1945e7272bc7e89016439f5ab321c7,2026-10-17,2026-10-17T14:00:00+00:00,Brentford,Liverpool,FanDuel,fanduel,2026-10-10T15:42:09Z,2026-10-10T15:42:22.609076+00:00,odds_api_region,h2h,Liverpool,,2.3
8f1945e7272bc7e89016439f5ab321c7,2026-10-17,2026-10-17T14:00:00+00:00,Brentford,Liverpool,FanDuel,fanduel,2026-10-10T15:42:09Z,2026-10-10T15:42:22.609076+00:00,odds_api_region,h2h,Draw,,3.8
8f1945e7272bc7e89016439f5ab321c7,2026-10-17,2026-10-17T14:00:00+00:00,Brentford,Liverpool,BetRivers,betrivers,2026-10-10T15:42:09Z,2026-10-10T15:42:22.609076+00:00,odds_api_region,h2h,Brentford,,2.7
8f1945e7272bc7e89016439f5ab321c7,2026-10-17,2026-10-17T14:00:00+00:00,Brentford,Liverpool,BetRivers,betrivers,2026-10-10T15:42:09Z,2026-10-10T15:42:22.609076+00:00,odds_api_region,h2h,Liverpool,,2.48
8f1945e7272bc7e89016439f5ab321c7,2026-10-17,2026-10-17T14:00:00+00:00,Brentford,Liverpool,BetRivers,betrivers,2026-10-10T15:42:09Z,2026-10-10T15:42:22.609076+00:00,odds_api_region,h2h,Draw,,3.75
8f1945e7272bc7e89016439f5ab321c7,2026-10-17,2026-10-17T14:00:00+00:00,Brentford,Liverpool,BetRivers,betrivers,2026-10-10T15:42:09Z,2026-10-10T15:42:22.609076+00:00,odds_api_region,totals,Over,3.5,2.35
8f1945e7272bc7e89016439f5ab321c7,2026-10-17,2026-10-17T14:00:00+00:00,Brentford,Liverpool,BetRivers,betrivers,2026-10-10T15:42:09Z,2026-10-10T15:42:22.609076+00:00,odds_api_region,totals,Under,3.5,1.57
7895f97f2f9577f3b13287a3d086859d,2026-10-17,2026-10-17T14:00:00+00:00,Fulham,Hull City,FanDuel,fanduel,2026-10-10T15:42:09Z,2026-10-10T15:42:22.609076+00:00,odds_api_region,h2h,Fulham,,1.61
7895f97f2f9577f3b13287a3d086859d,2026-10-17,2026-10-17T14:00:00+00:00,Fulham,Hull City,FanDuel,fanduel,2026-10-10T15:42:09Z,2026-10-10T15:42:22.609076+00:00,odds_api_region,h2h,Hull City,,4.8
7895f97f2f9577f3b13287a3d086859d,2026-10-17,2026-10-17T14:00:00+00:00,Fulham,Hull City,FanDuel,fanduel,2026-10-10T15:42:09Z,2026-10-10T15:42:22.609076+00:00,odds_api_region,h2h,Draw,,4.1
7895f97f2f9577f3b13287a3d086859d,2026-10-17,2026-10-17T14:00:00+00:00,Fulham,Hull City,BetRivers,betrivers,2026-10-10T15:42:09Z,2026-10-10T15:42:22.609076+00:00,odds_api_region,h2h,Fulham,,1.71
7895f97f2f9577f3b13287a3d086859d,2026-10-17,2026-10-17T14:00:00+00:00,Fulham,Hull City,BetRivers,betrivers,2026-10-10T15:42:09Z,2026-10-10T15:42:22.609076+00:00,odds_api_region,h2h,Hull City,,4.8
7895f97f2f9577f3b13287a3d086859d,2026-10-17,2026-10-17T14:00:00+00:00,Fulham,Hull City,BetRivers,betrivers,2026-10-10T15:42:09Z,2026-10-10T15:42:22.609076+00:00,odds_api_region,h2h,Draw,,4.1
7895f97f2f9577f3b13287a3d086859d,2026-10-17,2026-10-17T14:00:00+00:00,Fulham,Hull City,BetRivers,betrivers,2026-10-10T15:42:09Z,2026-10-10T15:42:22.609076+00:00,odds_api_region,totals,Over,2.5,1.64
7895f97f2f9577f3b13287a3d086859d,2026-10-17,2026-10-17T14:00:00+00:00,Fulham,Hull City,BetRivers,betrivers,2026-10-10T15:42:09Z,2026-10-10T15:42:22.609076+00:00,odds_api_region,totals,Under,2.5,2.23
bf2142d1ca76ba2fc9e61afce80f86c0,2026-10-17,2026-10-17T14:00:00+00:00,Man City,Ipswich Town,FanDuel,fanduel,2026-10-10T15:42:09Z,2026-10-10T15:42:22.609076+00:00,odds_api_region,h2h,Ipswich Town,,10.0
bf2142d1ca76ba2fc9e61afce80f86c0,2026-10-17,2026-10-17T14:00:00+00:00,Man City,Ipswich Town,FanDuel,fanduel,2026-10-10T15:42:09Z,2026-10-10T15:42:22.609076+00:00,odds_api_region,h2h,Manchester City,,1.21
bf2142d1ca76ba2fc9e61afce80f86c0,2026-10-17,2026-10-17T14:00:00+00:00,Man City,Ipswich Town,FanDuel,fanduel,2026-10-10T15:42:09Z,2026-10-10T15:42:22.609076+00:00,odds_api_region,h2h,Draw,,6.5
bf2142d1ca76ba2fc9e61afce80f86c0,2026-10-17,2026-10-17T14:00:00+00:00,Man City,Ipswich Town,BetRivers,betrivers,2026-10-10T15:42:09Z,2026-10-10T15:42:22.609076+00:00,odds_api_region,h2h,Ipswich Town,,12.5
bf2142d1ca76ba2fc9e61afce80f86c0,2026-10-17,2026-10-17T14:00:00+00:00,Man City,Ipswich Town,BetRivers,betrivers,2026-10-10T15:42:09Z,2026-10-10T15:42:22.609076+00:00,odds_api_region,h2h,Manchester City,,1.23
bf2142d1ca76ba2fc9e61afce80f86c0,2026-10-17,2026-10-17T14:00:00+00:00,Man City,Ipswich Town,BetRivers,betrivers,2026-10-10T15:42:09Z,2026-10-10T15:42:22.609076+00:00,odds_api_region,h2h,Draw,,7.0
bf2142d1ca76ba2fc9e61afce80f86c0,2026-10-17,2026-10-17T14:00:00+00:00,Man City,Ipswich Town,BetRivers,betrivers,2026-10-10T15:42:09Z,2026-10-10T15:42:22.609076+00:00,odds_api_region,totals,Over,3.5,1.88
bf2142d1ca76ba2fc9e61afce80f86c0,2026-10-17,2026-10-17T14:00:00+00:00,Man City,Ipswich Town,BetRivers,betrivers,2026-10-10T15:42:09Z,2026-10-10T15:42:22.609076+00:00,odds_api_region,totals,Under,3.5,1.89
d1bbbdcd3d430e70091b518369b559cf,2026-10-17,2026-10-17T16:30:00+00:00,Newcastle,Aston Villa,FanDuel,fanduel,2026-10-10T15:42:09Z,2026-10-10T15:42:22.609076+00:00,odds_api_region,h2h,Aston Villa,,3.0
d1bbbdcd3d430e70091b518369b559cf,2026-10-17,2026-10-17T16:30:00+00:00,Newcastle,Aston Villa,FanDuel,fanduel,2026-10-10T15:42:09Z,2026-10-10T15:42:22.609076+00:00,odds_api_region,h2h,Newcastle United,,2.1
d1bbbdcd3d430e70091b518369b559cf,2026-10-17,2026-10-17T16:30:00+00:00,Newcastle,Aston Villa,FanDuel,fanduel,2026-10-10T15:42:09Z,2026-10-10T15:42:22.609076+00:00,odds_api_region,h2h,Draw,,3.8
d1bbbdcd3d430e70091b518369b559cf,2026-10-17,2026-10-17T16:30:00+00:00,Newcastle,Aston Villa,BetRivers,betrivers,2026-10-10T15:42:09Z,2026-10-10T15:42:22.609076+00:00,odds_api_region,h2h,Aston Villa,,3.25
d1bbbdcd3d430e70091b518369b559cf,2026-10-17,2026-10-17T16:30:00+00:00,Newcastle,Aston Villa,BetRivers,betrivers,2026-10-10T15:42:09Z,2026-10-10T15:42:22.609076+00:00,odds_api_region,h2h,Newcastle United,,2.1
d1bbbdcd3d430e70091b518369b559cf,2026-10-17,2026-10-17T16:30:00+00:00,Newcastle,Aston Villa,BetRivers,betrivers,2026-10-10T15:42:09Z,2026-10-10T15:42:22.609076+00:00,odds_api_region,h2h,Draw,,3.95
d1bbbdcd3d430e70091b518369b559cf,2026-10-17,2026-10-17T16:30:00+00:00,Newcastle,Aston Villa,BetRivers,betrivers,2026-10-10T15:42:09Z,2026-10-10T15:42:22.609076+00:00,odds_api_region,totals,Over,2.5,1.6
d1bbbdcd3d430e70091b518369b559cf,2026-10-17,2026-10-17T16:30:00+00:00,Newcastle,Aston Villa,BetRivers,betrivers,2026-10-10T15:42:09Z,2026-10-10T15:42:22.609076+00:00,odds_api_region,totals,Under,2.5,2.32
dfd5d6648be46426e418801584d46a68,2026-10-18,2026-10-18T13:00:00+00:00,Bournemouth,Sunderland,FanDuel,fanduel,2026-10-10T15:42:09Z,2026-10-10T15:42:22.609076+00:00,odds_api_region,h2h,Bournemouth,,2.0
dfd5d6648be46426e418801584d46a68,2026-10-18,2026-10-18T13:00:00+00:00,Bournemouth,Sunderland,FanDuel,fanduel,2026-10-10T15:42:09Z,2026-10-10T15:42:22.609076+00:00,odds_api_region,h2h,Sunderland,,3.5
dfd5d6648be46426e418801584d46a68,2026-10-18,2026-10-18T13:00:00+00:00,Bournemouth,Sunderland,FanDuel,fanduel,2026-10-10T15:42:09Z,2026-10-10T15:42:22.609076+00:00,odds_api_region,h2h,Draw,,3.6
dfd5d6648be46426e418801584d46a68,2026-10-18,2026-10-18T13:00:00+00:00,Bournemouth,Sunderland,BetRivers,betrivers,2026-10-10T15:42:09Z,2026-10-10T15:42:22.609076+00:00,odds_api_region,h2h,Bournemouth,,2.02
dfd5d6648be46426e418801584d46a68,2026-10-18,2026-10-18T13:00:00+00:00,Bournemouth,Sunderland,BetRivers,betrivers,2026-10-10T15:42:09Z,2026-10-10T15:42:22.609076+00:00,odds_api_region,h2h,Sunderland,,3.7
dfd5d6648be46426e418801584d46a68,2026-10-18,2026-10-18T13:00:00+00:00,Bournemouth,Sunderland,BetRivers,betrivers,2026-10-10T15:42:09Z,2026-10-10T15:42:22.609076+00:00,odds_api_region,h2h,Draw,,3.7
dfd5d6648be46426e418801584d46a68,2026-10-18,2026-10-18T13:00:00+00:00,Bournemouth,Sunderland,BetRivers,betrivers,2026-10-10T15:42:09Z,2026-10-10T15:42:22.609076+00:00,odds_api_region,totals,Over,2.5,1.82
dfd5d6648be46426e418801584d46a68,2026-10-18,2026-10-18T13:00:00+00:00,Bournemouth,Sunderland,BetRivers,betrivers,2026-10-10T15:42:09Z,2026-10-10T15:42:22.609076+00:00,odds_api_region,totals,Under,2.5,1.96
9fc08b390a49c4434f7cf631a0bb88fb,2026-10-18,2026-10-18T13:00:00+00:00,Brighton,Crystal Palace,FanDuel,fanduel,2026-10-10T15:42:09Z,2026-10-10T15:42:22.609076+00:00,odds_api_region,h2h,Brighton and Hove Albion,,1.59
9fc08b390a49c4434f7cf631a0bb88fb,2026-10-18,2026-10-18T13:00:00+00:00,Brighton,Crystal Palace,FanDuel,fanduel,2026-10-10T15:42:09Z,2026-10-10T15:42:22.609076+00:00,odds_api_region,h2h,Crystal Palace,,4.8
9fc08b390a49c4434f7cf631a0bb88fb,2026-10-18,2026-10-18T13:00:00+00:00,Brighton,Crystal Palace,FanDuel,fanduel,2026-10-10T15:42:09Z,2026-10-10T15:42:22.609076+00:00,odds_api_region,h2h,Draw,,4.3
9fc08b390a49c4434f7cf631a0bb88fb,2026-10-18,2026-10-18T13:00:00+00:00,Brighton,Crystal Palace,BetRivers,betrivers,2026-10-10T15:42:09Z,2026-10-10T15:42:22.609076+00:00,odds_api_region,h2h,Brighton and Hove Albion,,1.64
9fc08b390a49c4434f7cf631a0bb88fb,2026-10-18,2026-10-18T13:00:00+00:00,Brighton,Crystal Palace,BetRivers,betrivers,2026-10-10T15:42:09Z,2026-10-10T15:42:22.609076+00:00,odds_api_region,h2h,Crystal Palace,,5.2
9fc08b390a49c4434f7cf631a0bb88fb,2026-10-18,2026-10-18T13:00:00+00:00,Brighton,Crystal Palace,BetRivers,betrivers,2026-10-10T15:42:09Z,2026-10-10T15:42:22.609076+00:00,odds_api_region,h2h,Draw,,4.3
9fc08b390a49c4434f7cf631a0bb88fb,2026-10-18,2026-10-18T13:00:00+00:00,Brighton,Crystal Palace,BetRivers,betrivers,2026-10-10T15:42:09Z,2026-10-10T15:42:22.609076+00:00,odds_api_region,totals,Over,3.5,2.4
9fc08b390a49c4434f7cf631a0bb88fb,2026-10-18,2026-10-18T13:00:00+00:00,Brighton,Crystal Palace,BetRivers,betrivers,2026-10-10T15:42:09Z,2026-10-10T15:42:22.609076+00:00,odds_api_region,totals,Under,3.5,1.56
676b3b0b609e9cf565da450786618d26,2026-10-18,2026-10-18T13:00:00+00:00,Leeds,Man United,FanDuel,fanduel,2026-10-10T15:42:09Z,2026-10-10T15:42:22.609076+00:00,odds_api_region,h2h,Leeds United,,2.7
676b3b0b609e9cf565da450786618d26,2026-10-18,2026-10-18T13:00:00+00:00,Leeds,Man United,FanDuel,fanduel,2026-10-10T15:42:09Z,2026-10-10T15:42:22.609076+00:00,odds_api_region,h2h,Manchester United,,2.35
676b3b0b609e9cf565da450786618d26,2026-10-18,2026-10-18T13:00:00+00:00,Leeds,Man United,FanDuel,fanduel,2026-10-10T15:42:09Z,2026-10-10T15:42:22.609076+00:00,odds_api_region,h2h,Draw,,3.7
676b3b0b609e9cf565da450786618d26,2026-10-18,2026-10-18T13:00:00+00:00,Leeds,Man United,BetRivers,betrivers,2026-10-10T15:42:09Z,2026-10-10T15:42:22.609076+00:00,odds_api_region,h2h,Leeds United,,2.9
676b3b0b609e9cf565da450786618d26,2026-10-18,2026-10-18T13:00:00+00:00,Leeds,Man United,BetRivers,betrivers,2026-10-10T15:42:09Z,2026-10-10T15:42:22.609076+00:00,odds_api_region,h2h,Manchester United,,2.33
676b3b0b609e9cf565da450786618d26,2026-10-18,2026-10-18T13:00:00+00:00,Leeds,Man United,BetRivers,betrivers,2026-10-10T15:42:09Z,2026-10-10T15:42:22.609076+00:00,odds_api_region,h2h,Draw,,3.75
676b3b0b609e9cf565da450786618d26,2026-10-18,2026-10-18T13:00:00+00:00,Leeds,Man United,BetRivers,betrivers,2026-10-10T15:42:09Z,2026-10-10T15:42:22.609076+00:00,odds_api_region,totals,Over,2.5,1.66
676b3b0b609e9cf565da450786618d26,2026-10-18,2026-10-18T13:00:00+00:00,Leeds,Man United,BetRivers,betrivers,2026-10-10T15:42:09Z,2026-10-10T15:42:22.609076+00:00,odds_api_region,totals,Under,2.5,2.2
f696a248965373d9071dc0662e5c58a8,2026-10-18,2026-10-18T15:30:00+00:00,Nott'm Forest,Arsenal,FanDuel,fanduel,2026-10-10T15:42:09Z,2026-10-10T15:42:22.609076+00:00,odds_api_region,h2h,Arsenal,,1.53
f696a248965373d9071dc0662e5c58a8,2026-10-18,2026-10-18T15:30:00+00:00,Nott'm Forest,Arsenal,FanDuel,fanduel,2026-10-10T15:42:09Z,2026-10-10T15:42:22.609076+00:00,odds_api_region,h2h,Nottingham Forest,,5.9
f696a248965373d9071dc0662e5c58a8,2026-10-18,2026-10-18T15:30:00+00:00,Nott'm Forest,Arsenal,FanDuel,fanduel,2026-10-10T15:42:09Z,2026-10-10T15:42:22.609076+00:00,odds_api_region,h2h,Draw,,4.0
f696a248965373d9071dc0662e5c58a8,2026-10-18,2026-10-18T15:30:00+00:00,Nott'm Forest,Arsenal,BetRivers,betrivers,2026-10-10T15:42:09Z,2026-10-10T15:42:22.609076+00:00,odds_api_region,h2h,Arsenal,,1.6
f696a248965373d9071dc0662e5c58a8,2026-10-18,2026-10-18T15:30:00+00:00,Nott'm Forest,Arsenal,BetRivers,betrivers,2026-10-10T15:42:09Z,2026-10-10T15:42:22.609076+00:00,odds_api_region,h2h,Nottingham Forest,,6.0
f696a248965373d9071dc0662e5c58a8,2026-10-18,2026-10-18T15:30:00+00:00,Nott'm Forest,Arsenal,BetRivers,betrivers,2026-10-10T15:42:09Z,2026-10-10T15:42:22.609076+00:00,odds_api_region,h2h,Draw,,4.1
f696a248965373d9071dc0662e5c58a8,2026-10-18,2026-10-18T15:30:00+00:00,Nott'm Forest,Arsenal,BetRivers,betrivers,2026-10-10T15:42:09Z,2026-10-10T15:42:22.609076+00:00,odds_api_region,totals,Over,2.5,1.81
f696a248965373d9071dc0662e5c58a8,2026-10-18,2026-10-18T15:30:00+00:00,Nott'm Forest,Arsenal,BetRivers,betrivers,2026-10-10T15:42:09Z,2026-10-10T15:42:22.609076+00:00,odds_api_region,totals,Under,2.5,1.97
9baaf4e48b041cfef04e70e42532502e,2026-10-19,2026-10-19T19:00:00+00:00,Tottenham,Coventry City,FanDuel,fanduel,2026-10-10T15:42:09Z,2026-10-10T15:42:22.609076+00:00,odds_api_region,h2h,Coventry City,,5.9
9baaf4e48b041cfef04e70e42532502e,2026-10-19,2026-10-19T19:00:00+00:00,Tottenham,Coventry City,FanDuel,fanduel,2026-10-10T15:42:09Z,2026-10-10T15:42:22.609076+00:00,odds_api_region,h2h,Tottenham Hotspur,,1.48
9baaf4e48b041cfef04e70e42532502e,2026-10-19,2026-10-19T19:00:00+00:00,Tottenham,Coventry City,FanDuel,fanduel,2026-10-10T15:42:09Z,2026-10-10T15:42:22.609076+00:00,odds_api_region,h2h,Draw,,4.6
9baaf4e48b041cfef04e70e42532502e,2026-10-19,2026-10-19T19:00:00+00:00,Tottenham,Coventry City,BetRivers,betrivers,2026-10-10T15:42:09Z,2026-10-10T15:42:22.609076+00:00,odds_api_region,h2h,Coventry City,,6.25
9baaf4e48b041cfef04e70e42532502e,2026-10-19,2026-10-19T19:00:00+00:00,Tottenham,Coventry City,BetRivers,betrivers,2026-10-10T15:42:09Z,2026-10-10T15:42:22.609076+00:00,odds_api_region,h2h,Tottenham Hotspur,,1.51
9baaf4e48b041cfef04e70e42532502e,2026-10-19,2026-10-19T19:00:00+00:00,Tottenham,Coventry City,BetRivers,betrivers,2026-10-10T15:42:09Z,2026-10-10T15:42:22.609076+00:00,odds_api_region,h2h,Draw,,4.6
9baaf4e48b041cfef04e70e42532502e,2026-10-19,2026-10-19T19:00:00+00:00,Tottenham,Coventry City,BetRivers,betrivers,2026-10-10T15:42:09Z,2026-10-10T15:42:22.609076+00:00,odds_api_region,totals,Over,2.5,1.57
9baaf4e48b041cfef04e70e42532502e,2026-10-19,2026-10-19T19:00:00+00:00,Tottenham,Coventry City,BetRivers,betrivers,2026-10-10T15:42:09Z,2026-10-10T15:42:22.609076+00:00,odds_api_region,totals,Under,2.5,2.33
22c9b2c43cbe1334381269550dab78e6,2026-10-10,2026-10-10T16:30:00+00:00,Man United,Tottenham,BetUS,betus,2026-10-10T15:42:10Z,2026-10-10T15:42:22.609076+00:00,odds_api_region,h2h,Manchester United,,1.71
22c9b2c43cbe1334381269550dab78e6,2026-10-10,2026-10-10T16:30:00+00:00,Man United,Tottenham,BetUS,betus,2026-10-10T15:42:10Z,2026-10-10T15:42:22.609076+00:00,odds_api_region,h2h,Tottenham Hotspur,,4.4
22c9b2c43cbe1334381269550dab78e6,2026-10-10,2026-10-10T16:30:00+00:00,Man United,Tottenham,BetUS,betus,2026-10-10T15:42:10Z,2026-10-10T15:42:22.609076+00:00,odds_api_region,h2h,Draw,,4.2
22c9b2c43cbe1334381269550dab78e6,2026-10-10,2026-10-10T16:30:00+00:00,Man United,Tottenham,BetUS,betus,2026-10-10T15:42:10Z,2026-10-10T15:42:22.609076+00:00,odds_api_region,spreads,Manchester United,-0.5,1.74
22c9b2c43cbe1334381269550dab78e6,2026-10-10,2026-10-10T16:30:00+00:00,Man United,Tottenham,BetUS,betus,2026-10-10T15:42:10Z,2026-10-10T15:42:22.609076+00:00,odds_api_region,spreads,Tottenham Hotspur,0.5,2.15
22c9b2c43cbe1334381269550dab78e6,2026-10-10,2026-10-10T16:30:00+00:00,Man United,Tottenham,BetUS,betus,2026-10-10T15:42:10Z,2026-10-10T15:42:22.609076+00:00,odds_api_region,totals,Over,3.0,1.74
22c9b2c43cbe1334381269550dab78e6,2026-10-10,2026-10-10T16:30:00+00:00,Man United,Tottenham,BetUS,betus,2026-10-10T15:42:10Z,2026-10-10T15:42:22.609076+00:00,odds_api_region,totals,Under,3.0,2.15
86effab5c6e7bfd58c8e88b1fb7c6ba9,2026-10-11,2026-10-11T13:00:00+00:00,Crystal Palace,Nott'm Forest,BetUS,betus,2026-10-10T15:42:10Z,2026-10-10T15:42:22.609076+00:00,odds_api_region,h2h,Crystal Palace,,2.75
86effab5c6e7bfd58c8e88b1fb7c6ba9,2026-10-11,2026-10-11T13:00:00+00:00,Crystal Palace,Nott'm Forest,BetUS,betus,2026-10-10T15:42:10Z,2026-10-10T15:42:22.609076+00:00,odds_api_region,h2h,Nottingham Forest,,2.6
86effab5c6e7bfd58c8e88b1fb7c6ba9,2026-10-11,2026-10-11T13:00:00+00:00,Crystal Palace,Nott'm Forest,BetUS,betus,2026-10-10T15:42:10Z,2026-10-10T15:42:22.609076+00:00,odds_api_region,h2h,Draw,,3.35
86effab5c6e7bfd58c8e88b1fb7c6ba9,2026-10-11,2026-10-11T13:00:00+00:00,Crystal Palace,Nott'm Forest,BetUS,betus,2026-10-10T15:42:10Z,2026-10-10T15:42:22.609076+00:00,odds_api_region,spreads,Crystal Palace,0.0,1.96
86effab5c6e7bfd58c8e88b1fb7c6ba9,2026-10-11,2026-10-11T13:00:00+00:00,Crystal Palace,Nott'm Forest,BetUS,betus,2026-10-10T15:42:10Z,2026-10-10T15:42:22.609076+00:00,odds_api_region,spreads,Nottingham Forest,0.0,1.86
86effab5c6e7bfd58c8e88b1fb7c6ba9,2026-10-11,2026-10-11T13:00:00+00:00,Crystal Palace,Nott'm Forest,BetUS,betus,2026-10-10T15:42:10Z,2026-10-10T15:42:22.609076+00:00,odds_api_region,totals,Over,2.5,1.89
86effab5c6e7bfd58c8e88b1fb7c6ba9,2026-10-11,2026-10-11T13:00:00+00:00,Crystal Palace,Nott'm Forest,BetUS,betus,2026-10-10T15:42:10Z,2026-10-10T15:42:22.609076+00:00,odds_api_region,totals,Under,2.5,1.93
0bdae4d304810578e47386606bff7106,2026-10-11,2026-10-11T13:00:00+00:00,Hull City,Everton,BetUS,betus,2026-10-10T15:42:10Z,2026-10-10T15:42:22.609076+00:00,odds_api_region,h2h,Everton,,2.05
0bdae4d304810578e47386606bff7106,2026-10-11,2026-10-11T13:00:00+00:00,Hull City,Everton,BetUS,betus,2026-10-10T15:42:10Z,2026-10-10T15:42:22.609076+00:00,odds_api_region,h2h,Hull City,,3.7
0bdae4d304810578e47386606bff7106,2026-10-11,2026-10-11T13:00:00+00:00,Hull City,Everton,BetUS,betus,2026-10-10T15:42:10Z,2026-10-10T15:42:22.609076+00:00,odds_api_region,h2h,Draw,,3.4
0bdae4d304810578e47386606bff7106,2026-10-11,2026-10-11T13:00:00+00:00,Hull City,Everton,BetUS,betus,2026-10-10T15:42:10Z,2026-10-10T15:42:22.609076+00:00,odds_api_region,spreads,Everton,-0.5,2.15
0bdae4d304810578e47386606bff7106,2026-10-11,2026-10-11T13:00:00+00:00,Hull City,Everton,BetUS,betus,2026-10-10T15:42:10Z,2026-10-10T15:42:22.609076+00:00,odds_api_region,spreads,Hull City,0.5,1.74
0bdae4d304810578e47386606bff7106,2026-10-11,2026-10-11T13:00:00+00:00,Hull City,Everton,BetUS,betus,2026-10-10T15:42:10Z,2026-10-10T15:42:22.609076+00:00,odds_api_region,totals,Over,2.5,1.98
0bdae4d304810578e47386606bff7106,2026-10-11,2026-10-11T13:00:00+00:00,Hull City,Everton,BetUS,betus,2026-10-10T15:42:10Z,2026-10-10T15:42:22.609076+00:00,odds_api_region,totals,Under,2.5,1.85
6dbab232dd8d2aed0cb1d6f7978fb7b1,2026-10-11,2026-10-11T15:30:00+00:00,Liverpool,Man City,BetUS,betus,2026-10-10T15:42:10Z,2026-10-10T15:42:22.609076+00:00,odds_api_region,h2h,Liverpool,,3.0
6dbab232dd8d2aed0cb1d6f7978fb7b1,2026-10-11,2026-10-11T15:30:00+00:00,Liverpool,Man City,BetUS,betus,2026-10-10T15:42:10Z,2026-10-10T15:42:22.609076+00:00,odds_api_region,h2h,Manchester City,,2.25
6dbab232dd8d2aed0cb1d6f7978fb7b1,2026-10-11,2026-10-11T15:30:00+00:00,Liverpool,Man City,BetUS,betus,2026-10-10T15:42:10Z,2026-10-10T15:42:22.609076+00:00,odds_api_region,h2h,Draw,,3.6
6dbab232dd8d2aed0cb1d6f7978fb7b1,2026-10-11,2026-10-11T15:30:00+00:00,Liverpool,Man City,BetUS,betus,2026-10-10T15:42:10Z,2026-10-10T15:42:22.609076+00:00,odds_api_region,spreads,Liverpool,0.0,2.2
6dbab232dd8d2aed0cb1d6f7978fb7b1,2026-10-11,2026-10-11T15:30:00+00:00,Liverpool,Man City,BetUS,betus,2026-10-10T15:42:10Z,2026-10-10T15:42:22.609076+00:00,odds_api_region,spreads,Manchester City,0.0,1.71
6dbab232dd8d2aed0cb1d6f7978fb7b1,2026-10-11,2026-10-11T15:30:00+00:00,Liverpool,Man City,BetUS,betus,2026-10-10T15:42:10Z,2026-10-10T15:42:22.609076+00:00,odds_api_region,totals,Over,3.0,1.95
6dbab232dd8d2aed0cb1d6f7978fb7b1,2026-10-11,2026-10-11T15:30:00+00:00,Liverpool,Man City,BetUS,betus,2026-10-10T15:42:10Z,2026-10-10T15:42:22.609076+00:00,odds_api_region,totals,Under,3.0,1.87
acd5bd945dd953ad1e300df5bfe696f9,2026-10-12,2026-10-12T19:00:00+00:00,Coventry City,Newcastle,BetUS,betus,2026-10-10T15:42:10Z,2026-10-10T15:42:22.609076+00:00,odds_api_region,h2h,Coventry City,,3.2
acd5bd945dd953ad1e300df5bfe696f9,2026-10-12,2026-10-12T19:00:00+00:00,Coventry City,Newcastle,BetUS,betus,2026-10-10T15:42:10Z,2026-10-10T15:42:22.609076+00:00,odds_api_region,h2h,Newcastle United,,2.15
acd5bd945dd953ad1e300df5bfe696f9,2026-10-12,2026-10-12T19:00:00+00:00,Coventry City,Newcastle,BetUS,betus,2026-10-10T15:42:10Z,2026-10-10T15:42:22.609076+00:00,odds_api_region,h2h,Draw,,3.6
acd5bd945dd953ad1e300df5bfe696f9,2026-10-12,2026-10-12T19:00:00+00:00,Coventry City,Newcastle,BetUS,betus,2026-10-10T15:42:10Z,2026-10-10T15:42:22.609076+00:00,odds_api_region,spreads,Coventry City,0.5,1.71
acd5bd945dd953ad1e300df5bfe696f9,2026-10-12,2026-10-12T19:00:00+00:00,Coventry City,Newcastle,BetUS,betus,2026-10-10T15:42:10Z,2026-10-10T15:42:22.609076+00:00,odds_api_region,spreads,Newcastle United,-0.5,2.2
acd5bd945dd953ad1e300df5bfe696f9,2026-10-12,2026-10-12T19:00:00+00:00,Coventry City,Newcastle,BetUS,betus,2026-10-10T15:42:10Z,2026-10-10T15:42:22.609076+00:00,odds_api_region,totals,Over,2.5,1.67
acd5bd945dd953ad1e300df5bfe696f9,2026-10-12,2026-10-12T19:00:00+00:00,Coventry City,Newcastle,BetUS,betus,2026-10-10T15:42:10Z,2026-10-10T15:42:22.609076+00:00,odds_api_region,totals,Under,2.5,2.3
764e6513cb3f348881503df70ccb90e0,2026-10-17,2026-10-17T11:30:00+00:00,Everton,Chelsea,BetUS,betus,2026-10-10T15:42:10Z,2026-10-10T15:42:22.609076+00:00,odds_api_region,h2h,Chelsea,,2.2
764e6513cb3f348881503df70ccb90e0,2026-10-17,2026-10-17T11:30:00+00:00,Everton,Chelsea,BetUS,betus,2026-10-10T15:42:10Z,2026-10-10T15:42:22.609076+00:00,odds_api_region,h2h,Everton,,2.99
764e6513cb3f348881503df70ccb90e0,2026-10-17,2026-10-17T11:30:00+00:00,Everton,Chelsea,BetUS,betus,2026-10-10T15:42:10Z,2026-10-10T15:42:22.609076+00:00,odds_api_region,h2h,Draw,,3.82
764e6513cb3f348881503df70ccb90e0,2026-10-17,2026-10-17T11:30:00+00:00,Everton,Chelsea,BetUS,betus,2026-10-10T15:42:10Z,2026-10-10T15:42:22.609076+00:00,odds_api_region,totals,Over,2.5,1.67
764e6513cb3f348881503df70ccb90e0,2026-10-17,2026-10-17T11:30:00+00:00,Everton,Chelsea,BetUS,betus,2026-10-10T15:42:10Z,2026-10-10T15:42:22.609076+00:00,odds_api_region,totals,Under,2.5,2.3
8f1945e7272bc7e89016439f5ab321c7,2026-10-17,2026-10-17T14:00:00+00:00,Brentford,Liverpool,BetUS,betus,2026-10-10T15:42:10Z,2026-10-10T15:42:22.609076+00:00,odds_api_region,h2h,Brentford,,2.72
8f1945e7272bc7e89016439f5ab321c7,2026-10-17,2026-10-17T14:00:00+00:00,Brentford,Liverpool,BetUS,betus,2026-10-10T15:42:10Z,2026-10-10T15:42:22.609076+00:00,odds_api_region,h2h,Liverpool,,2.48
8f1945e7272bc7e89016439f5ab321c7,2026-10-17,2026-10-17T14:00:00+00:00,Brentford,Liverpool,BetUS,betus,2026-10-10T15:42:10Z,2026-10-10T15:42:22.609076+00:00,odds_api_region,h2h,Draw,,3.59
8f1945e7272bc7e89016439f5ab321c7,2026-10-17,2026-10-17T14:00:00+00:00,Brentford,Liverpool,BetUS,betus,2026-10-10T15:42:10Z,2026-10-10T15:42:22.609076+00:00,odds_api_region,spreads,Brentford,0.0,1.99
8f1945e7272bc7e89016439f5ab321c7,2026-10-17,2026-10-17T14:00:00+00:00,Brentford,Liverpool,BetUS,betus,2026-10-10T15:42:10Z,2026-10-10T15:42:22.609076+00:00,odds_api_region,spreads,Liverpool,0.0,1.84
8f1945e7272bc7e89016439f5ab321c7,2026-10-17,2026-10-17T14:00:00+00:00,Brentford,Liverpool,BetUS,betus,2026-10-10T15:42:10Z,2026-10-10T15:42:22.609076+00:00,odds_api_region,totals,Over,3.0,1.88
8f1945e7272bc7e89016439f5ab321c7,2026-10-17,2026-10-17T14:00:00+00:00,Brentford,Liverpool,BetUS,betus,2026-10-10T15:42:10Z,2026-10-10T15:42:22.609076+00:00,odds_api_region,totals,Under,3.0,1.94
7895f97f2f9577f3b13287a3d086859d,2026-10-17,2026-10-17T14:00:00+00:00,Fulham,Hull City,BetUS,betus,2026-10-10T15:42:10Z,2026-10-10T15:42:22.609076+00:00,odds_api_region,h2h,Fulham,,1.67
7895f97f2f9577f3b13287a3d086859d,2026-10-17,2026-10-17T14:00:00+00:00,Fulham,Hull City,BetUS,betus,2026-10-10T15:42:10Z,2026-10-10T15:42:22.609076+00:00,odds_api_region,h2h,Hull City,,4.85
7895f97f2f9577f3b13287a3d086859d,2026-10-17,2026-10-17T14:00:00+00:00,Fulham,Hull City,BetUS,betus,2026-10-10T15:42:10Z,2026-10-10T15:42:22.609076+00:00,odds_api_region,h2h,Draw,,4.0
7895f97f2f9577f3b13287a3d086859d,2026-10-17,2026-10-17T14:00:00+00:00,Fulham,Hull City,BetUS,betus,2026-10-10T15:42:10Z,2026-10-10T15:42:22.609076+00:00,odds_api_region,totals,Over,2.5,1.74
7895f97f2f9577f3b13287a3d086859d,2026-10-17,2026-10-17T14:00:00+00:00,Fulham,Hull City,BetUS,betus,2026-10-10T15:42:10Z,2026-10-10T15:42:22.609076+00:00,odds_api_region,totals,Under,2.5,2.16
bf2142d1ca76ba2fc9e61afce80f86c0,2026-10-17,2026-10-17T14:00:00+00:00,Man City,Ipswich Town,BetUS,betus,2026-10-10T15:42:10Z,2026-10-10T15:42:22.609076+00:00,odds_api_region,h2h,Ipswich Town,,10.1
bf2142d1ca76ba2fc9e61afce80f86c0,2026-10-17,2026-10-17T14:00:00+00:00,Man City,Ipswich Town,BetUS,betus,2026-10-10T15:42:10Z,2026-10-10T15:42:22.609076+00:00,odds_api_region,h2h,Manchester City,,1.22
bf2142d1ca76ba2fc9e61afce80f86c0,2026-10-17,2026-10-17T14:00:00+00:00,Man City,Ipswich Town,BetUS,betus,2026-10-10T15:42:10Z,2026-10-10T15:42:22.609076+00:00,odds_api_region,h2h,Draw,,6.89
bf2142d1ca76ba2fc9e61afce80f86c0,2026-10-17,2026-10-17T14:00:00+00:00,Man City,Ipswich Town,BetUS,betus,2026-10-10T15:42:10Z,2026-10-10T15:42:22.609076+00:00,odds_api_region,totals,Over,3.5,1.98
bf2142d1ca76ba2fc9e61afce80f86c0,2026-10-17,2026-10-17T14:00:00+00:00,Man City,Ipswich Town,BetUS,betus,2026-10-10T15:42:10Z,2026-10-10T15:42:22.609076+00:00,odds_api_region,totals,Under,3.5,1.85
d1bbbdcd3d430e70091b518369b559cf,2026-10-17,2026-10-17T16:30:00+00:00,Newcastle,Aston Villa,BetUS,betus,2026-10-10T15:42:10Z,2026-10-10T15:42:22.609076+00:00,odds_api_region,h2h,Aston Villa,,3.22
d1bbbdcd3d430e70091b518369b559cf,2026-10-17,2026-10-17T16:30:00+00:00,Newcastle,Aston Villa,BetUS,betus,2026-10-10T15:42:10Z,2026-10-10T15:42:22.609076+00:00,odds_api_region,h2h,Newcastle United,,2.1
d1bbbdcd3d430e70091b518369b559cf,2026-10-17,2026-10-17T16:30:00+00:00,Newcastle,Aston Villa,BetUS,betus,2026-10-10T15:42:10Z,2026-10-10T15:42:22.609076+00:00,odds_api_region,h2h,Draw,,3.8
d1bbbdcd3d430e70091b518369b559cf,2026-10-17,2026-10-17T16:30:00+00:00,Newcastle,Aston Villa,BetUS,betus,2026-10-10T15:42:10Z,2026-10-10T15:42:22.609076+00:00,odds_api_region,totals,Over,3.0,1.99
d1bbbdcd3d430e70091b518369b559cf,2026-10-17,2026-10-17T16:30:00+00:00,Newcastle,Aston Villa,BetUS,betus,2026-10-10T15:42:10Z,2026-10-10T15:42:22.609076+00:00,odds_api_region,totals,Under,3.0,1.84
dfd5d6648be46426e418801584d46a68,2026-10-18,2026-10-18T13:00:00+00:00,Bournemouth,Sunderland,BetUS,betus,2026-10-10T15:42:10Z,2026-10-10T15:42:22.609076+00:00,odds_api_region,h2h,Bournemouth,,2.01
dfd5d6648be46426e418801584d46a68,2026-10-18,2026-10-18T13:00:00+00:00,Bournemouth,Sunderland,BetUS,betus,2026-10-10T15:42:10Z,2026-10-10T15:42:22.609076+00:00,odds_api_region,h2h,Sunderland,,3.64
dfd5d6648be46426e418801584d46a68,2026-10-18,2026-10-18T13:00:00+00:00,Bournemouth,Sunderland,BetUS,betus,2026-10-10T15:42:10Z,2026-10-10T15:42:22.609076+00:00,odds_api_region,h2h,Draw,,3.58
dfd5d6648be46426e418801584d46a68,2026-10-18,2026-10-18T13:00:00+00:00,Bournemouth,Sunderland,BetUS,betus,2026-10-10T15:42:10Z,2026-10-10T15:42:22.609076+00:00,odds_api_region,spreads,Bournemouth,-0.5,1.99
dfd5d6648be46426e418801584d46a68,2026-10-18,2026-10-18T13:00:00+00:00,Bournemouth,Sunderland,BetUS,betus,2026-10-10T15:42:10Z,2026-10-10T15:42:22.609076+00:00,odds_api_region,spreads,Sunderland,0.5,1.84
dfd5d6648be46426e418801584d46a68,2026-10-18,2026-10-18T13:00:00+00:00,Bournemouth,Sunderland,BetUS,betus,2026-10-10T15:42:10Z,2026-10-10T15:42:22.609076+00:00,odds_api_region,totals,Over,2.5,1.82
dfd5d6648be46426e418801584d46a68,2026-10-18,2026-10-18T13:00:00+00:00,Bournemouth,Sunderland,BetUS,betus,2026-10-10T15:42:10Z,2026-10-10T15:42:22.609076+00:00,odds_api_region,totals,Under,2.5,2.02
9fc08b390a49c4434f7cf631a0bb88fb,2026-10-18,2026-10-18T13:00:00+00:00,Brighton,Crystal Palace,BetUS,betus,2026-10-10T15:42:10Z,2026-10-10T15:42:22.609076+00:00,odds_api_region,h2h,Brighton and Hove Albion,,1.64
9fc08b390a49c4434f7cf631a0bb88fb,2026-10-18,2026-10-18T13:00:00+00:00,Brighton,Crystal Palace,BetUS,betus,2026-10-10T15:42:10Z,2026-10-10T15:42:22.609076+00:00,odds_api_region,h2h,Crystal Palace,,4.8
9fc08b390a49c4434f7cf631a0bb88fb,2026-10-18,2026-10-18T13:00:00+00:00,Brighton,Crystal Palace,BetUS,betus,2026-10-10T15:42:10Z,2026-10-10T15:42:22.609076+00:00,odds_api_region,h2h,Draw,,4.3
9fc08b390a49c4434f7cf631a0bb88fb,2026-10-18,2026-10-18T13:00:00+00:00,Brighton,Crystal Palace,BetUS,betus,2026-10-10T15:42:10Z,2026-10-10T15:42:22.609076+00:00,odds_api_region,spreads,Brighton and Hove Albion,-1.0,2.05
9fc08b390a49c4434f7cf631a0bb88fb,2026-10-18,2026-10-18T13:00:00+00:00,Brighton,Crystal Palace,BetUS,betus,2026-10-10T15:42:10Z,2026-10-10T15:42:22.609076+00:00,odds_api_region,spreads,Crystal Palace,1.0,1.8
9fc08b390a49c4434f7cf631a0bb88fb,2026-10-18,2026-10-18T13:00:00+00:00,Brighton,Crystal Palace,BetUS,betus,2026-10-10T15:42:10Z,2026-10-10T15:42:22.609076+00:00,odds_api_region,totals,Over,3.0,1.93
9fc08b390a49c4434f7cf631a0bb88fb,2026-10-18,2026-10-18T13:00:00+00:00,Brighton,Crystal Palace,BetUS,betus,2026-10-10T15:42:10Z,2026-10-10T15:42:22.609076+00:00,odds_api_region,totals,Under,3.0,1.88
676b3b0b609e9cf565da450786618d26,2026-10-18,2026-10-18T13:00:00+00:00,Leeds,Man United,BetUS,betus,2026-10-10T15:42:10Z,2026-10-10T15:42:22.609076+00:00,odds_api_region,h2h,Leeds United,,2.74
676b3b0b609e9cf565da450786618d26,2026-10-18,2026-10-18T13:00:00+00:00,Leeds,Man United,BetUS,betus,2026-10-10T15:42:10Z,2026-10-10T15:42:22.609076+00:00,odds_api_region,h2h,Manchester United,,2.44
676b3b0b609e9cf565da450786618d26,2026-10-18,2026-10-18T13:00:00+00:00,Leeds,Man United,BetUS,betus,2026-10-10T15:42:10Z,2026-10-10T15:42:22.609076+00:00,odds_api_region,h2h,Draw,,3.63
676b3b0b609e9cf565da450786618d26,2026-10-18,2026-10-18T13:00:00+00:00,Leeds,Man United,BetUS,betus,2026-10-10T15:42:10Z,2026-10-10T15:42:22.609076+00:00,odds_api_region,totals,Over,3.0,2.04
676b3b0b609e9cf565da450786618d26,2026-10-18,2026-10-18T13:00:00+00:00,Leeds,Man United,BetUS,betus,2026-10-10T15:42:10Z,2026-10-10T15:42:22.609076+00:00,odds_api_region,totals,Under,3.0,1.81
f696a248965373d9071dc0662e5c58a8,2026-10-18,2026-10-18T15:30:00+00:00,Nott'm Forest,Arsenal,BetUS,betus,2026-10-10T15:42:10Z,2026-10-10T15:42:22.609076+00:00,odds_api_region,h2h,Arsenal,,1.61
f696a248965373d9071dc0662e5c58a8,2026-10-18,2026-10-18T15:30:00+00:00,Nott'm Forest,Arsenal,BetUS,betus,2026-10-10T15:42:10Z,2026-10-10T15:42:22.609076+00:00,odds_api_region,h2h,Nottingham Forest,,6.0
f696a248965373d9071dc0662e5c58a8,2026-10-18,2026-10-18T15:30:00+00:00,Nott'm Forest,Arsenal,BetUS,betus,2026-10-10T15:42:10Z,2026-10-10T15:42:22.609076+00:00,odds_api_region,h2h,Draw,,3.74
f696a248965373d9071dc0662e5c58a8,2026-10-18,2026-10-18T15:30:00+00:00,Nott'm Forest,Arsenal,BetUS,betus,2026-10-10T15:42:10Z,2026-10-10T15:42:22.609076+00:00,odds_api_region,spreads,Arsenal,-1.0,2.08
f696a248965373d9071dc0662e5c58a8,2026-10-18,2026-10-18T15:30:00+00:00,Nott'm Forest,Arsenal,BetUS,betus,2026-10-10T15:42:10Z,2026-10-10T15:42:22.609076+00:00,odds_api_region,spreads,Nottingham Forest,1.0,1.78
f696a248965373d9071dc0662e5c58a8,2026-10-18,2026-10-18T15:30:00+00:00,Nott'm Forest,Arsenal,BetUS,betus,2026-10-10T15:42:10Z,2026-10-10T15:42:22.609076+00:00,odds_api_region,totals,Over,2.5,1.91
f696a248965373d9071dc0662e5c58a8,2026-10-18,2026-10-18T15:30:00+00:00,Nott'm Forest,Arsenal,BetUS,betus,2026-10-10T15:42:10Z,2026-10-10T15:42:22.609076+00:00,odds_api_region,totals,Under,2.5,1.91
9baaf4e48b041cfef04e70e42532502e,2026-10-19,2026-10-19T19:00:00+00:00,Tottenham,Coventry City,BetUS,betus,2026-10-10T15:42:10Z,2026-10-10T15:42:22.609076+00:00,odds_api_region,h2h,Coventry City,,5.86
9baaf4e48b041cfef04e70e42532502e,2026-10-19,2026-10-19T19:00:00+00:00,Tottenham,Coventry City,BetUS,betus,2026-10-10T15:42:10Z,2026-10-10T15:42:22.609076+00:00,odds_api_region,h2h,Tottenham Hotspur,,1.5
9baaf4e48b041cfef04e70e42532502e,2026-10-19,2026-10-19T19:00:00+00:00,Tottenham,Coventry City,BetUS,betus,2026-10-10T15:42:10Z,2026-10-10T15:42:22.609076+00:00,odds_api_region,h2h,Draw,,4.58
9baaf4e48b041cfef04e70e42532502e,2026-10-19,2026-10-19T19:00:00+00:00,Tottenham,Coventry City,BetUS,betus,2026-10-10T15:42:10Z,2026-10-10T15:42:22.609076+00:00,odds_api_region,spreads,Coventry City,1.0,2.04
9baaf4e48b041cfef04e70e42532502e,2026-10-19,2026-10-19T19:00:00+00:00,Tottenham,Coventry City,BetUS,betus,2026-10-10T15:42:10Z,2026-10-10T15:42:22.609076+00:00,odds_api_region,spreads,Tottenham Hotspur,-1.0,1.81
9baaf4e48b041cfef04e70e42532502e,2026-10-19,2026-10-19T19:00:00+00:00,Tottenham,Coventry City,BetUS,betus,2026-10-10T15:42:10Z,2026-10-10T15:42:22.609076+00:00,odds_api_region,totals,Over,3.0,1.92
9baaf4e48b041cfef04e70e42532502e,2026-10-19,2026-10-19T19:00:00+00:00,Tottenham,Coventry City,BetUS,betus,2026-10-10T15:42:10Z,2026-10-10T15:42:22.609076+00:00,odds_api_region,totals,Under,3.0,1.9
manual-0,2026-08-21,,Arsenal,Coventry City,MyBookie.ag,mybookie_manual,,,manual_screenshot,h2h,Arsenal,,1.1669449082
manual-1,2026-08-21,,Arsenal,Coventry City,MyBookie.ag,mybookie_manual,,,manual_screenshot,h2h,Coventry City,,14.0
manual-2,2026-08-21,,Arsenal,Coventry City,MyBookie.ag,mybookie_manual,,,manual_screenshot,h2h,Draw,,6.7
manual-3,2026-08-21,,Arsenal,Coventry City,MyBookie.ag,mybookie_manual,,,manual_screenshot,spreads,Arsenal,-1.5,1.5494505495
manual-4,2026-08-21,,Arsenal,Coventry City,MyBookie.ag,mybookie_manual,,,manual_screenshot,spreads,Coventry City,1.5,2.3
manual-5,2026-08-21,,Arsenal,Coventry City,MyBookie.ag,mybookie_manual,,,manual_screenshot,totals,Over,2.5,1.5464480874
manual-6,2026-08-21,,Arsenal,Coventry City,MyBookie.ag,mybookie_manual,,,manual_screenshot,totals,Under,2.5,2.31
manual-7,2026-08-22,,Brentford,Tottenham,MyBookie.ag,mybookie_manual,,,manual_screenshot,h2h,Brentford,,2.39
manual-8,2026-08-22,,Brentford,Tottenham,MyBookie.ag,mybookie_manual,,,manual_screenshot,h2h,Draw,,3.5
manual-9,2026-08-22,,Brentford,Tottenham,MyBookie.ag,mybookie_manual,,,manual_screenshot,h2h,Tottenham,,2.66
manual-10,2026-08-22,,Brentford,Tottenham,MyBookie.ag,mybookie_manual,,,manual_screenshot,spreads,Brentford,-0.5,2.33
manual-11,2026-08-22,,Brentford,Tottenham,MyBookie.ag,mybookie_manual,,,manual_screenshot,spreads,Tottenham,0.5,1.5376344086
manual-12,2026-08-22,,Brentford,Tottenham,MyBookie.ag,mybookie_manual,,,manual_screenshot,totals,Over,2.5,1.6211180124
manual-13,2026-08-22,,Brentford,Tottenham,MyBookie.ag,mybookie_manual,,,manual_screenshot,totals,Under,2.5,2.16
manual-14,2026-08-22,,Everton,Crystal Palace,MyBookie.ag,mybookie_manual,,,manual_screenshot,h2h,Crystal Palace,,3.28
manual-15,2026-08-22,,Everton,Crystal Palace,MyBookie.ag,mybookie_manual,,,manual_screenshot,h2h,Draw,,3.32
manual-16,2026-08-22,,Everton,Crystal Palace,MyBookie.ag,mybookie_manual,,,manual_screenshot,h2h,Everton,,2.11
manual-17,2026-08-22,,Everton,Crystal Palace,MyBookie.ag,mybookie_manual,,,manual_screenshot,spreads,Crystal Palace,0.5,1.6756756757
manual-18,2026-08-22,,Everton,Crystal Palace,MyBookie.ag,mybookie_manual,,,manual_screenshot,spreads,Everton,-0.5,2.07
manual-19,2026-08-22,,Everton,Crystal Palace,MyBookie.ag,mybookie_manual,,,manual_screenshot,totals,Over,2.5,1.8620689655
manual-20,2026-08-22,,Everton,Crystal Palace,MyBookie.ag,mybookie_manual,,,manual_screenshot,totals,Under,2.5,1.8474576271
manual-21,2026-08-22,,Hull City,Man United,MyBookie.ag,mybookie_manual,,,manual_screenshot,h2h,Draw,,4.7
manual-22,2026-08-22,,Hull City,Man United,MyBookie.ag,mybookie_manual,,,manual_screenshot,h2h,Hull City,,7.3
manual-23,2026-08-22,,Hull City,Man United,MyBookie.ag,mybookie_manual,,,manual_screenshot,h2h,Man United,,1.3636363636
manual-24,2026-08-22,,Hull City,Man United,MyBookie.ag,mybookie_manual,,,manual_screenshot,spreads,Hull City,1.5,1.7092198582
manual-25,2026-08-22,,Hull City,Man United,MyBookie.ag,mybookie_manual,,,manual_screenshot,spreads,Man United,-1.5,2.02
manual-26,2026-08-22,,Hull City,Man United,MyBookie.ag,mybookie_manual,,,manual_screenshot,totals,Over,2.5,1.6711409396
manual-27,2026-08-22,,Hull City,Man United,MyBookie.ag,mybookie_manual,,,manual_screenshot,totals,Under,2.5,2.08
manual-28,2026-08-22,,Ipswich Town,Sunderland,MyBookie.ag,mybookie_manual,,,manual_screenshot,h2h,Draw,,3.22
manual-29,2026-08-22,,Ipswich Town,Sunderland,MyBookie.ag,mybookie_manual,,,manual_screenshot,h2h,Ipswich Town,,2.65
manual-30,2026-08-22,,Ipswich Town,Sunderland,MyBookie.ag,mybookie_manual,,,manual_screenshot,h2h,Sunderland,,2.55
manual-31,2026-08-22,,Ipswich Town,Sunderland,MyBookie.ag,mybookie_manual,,,manual_screenshot,spreads,Ipswich Town,0.5,1.4807692308
manual-32,2026-08-22,,Ipswich Town,Sunderland,MyBookie.ag,mybookie_manual,,,manual_screenshot,spreads,Sunderland,-0.5,2.47
manual-33,2026-08-22,,Nott'm Forest,Leeds,MyBookie.ag,mybookie_manual,,,manual_screenshot,h2h,Draw,,3.26
manual-34,2026-08-22,,Nott'm Forest,Leeds,MyBookie.ag,mybookie_manual,,,manual_screenshot,h2h,Leeds,,3.02
manual-35,2026-08-22,,Nott'm Forest,Leeds,MyBookie.ag,mybookie_manual,,,manual_screenshot,h2h,Nott'm Forest,,2.26
manual-36,2026-08-22,,Nott'm Forest,Leeds,MyBookie.ag,mybookie_manual,,,manual_screenshot,spreads,Leeds,0.5,1.5952380952
manual-37,2026-08-22,,Nott'm Forest,Leeds,MyBookie.ag,mybookie_manual,,,manual_screenshot,spreads,Nott'm Forest,-0.5,2.21
manual-38,2026-08-22,,Nott'm Forest,Leeds,MyBookie.ag,mybookie_manual,,,manual_screenshot,totals,Over,2.5,1.8620689655
manual-39,2026-08-22,,Nott'm Forest,Leeds,MyBookie.ag,mybookie_manual,,,manual_screenshot,totals,Under,2.5,1.8403361345
manual-40,2026-08-23,,Brighton,Aston Villa,MyBookie.ag,mybookie_manual,,,manual_screenshot,h2h,Aston Villa,,2.89
manual-41,2026-08-23,,Brighton,Aston Villa,MyBookie.ag,mybookie_manual,,,manual_screenshot,h2h,Brighton,,2.23
manual-42,2026-08-23,,Brighton,Aston Villa,MyBookie.ag,mybookie_manual,,,manual_screenshot,h2h,Draw,,3.5
manual-43,2026-08-23,,Brighton,Aston Villa,MyBookie.ag,mybookie_manual,,,manual_screenshot,spreads,Aston Villa,0.5,1.6060606061
manual-44,2026-08-23,,Brighton,Aston Villa,MyBookie.ag,mybookie_manual,,,manual_screenshot,spreads,Brighton,-0.5,2.19
manual-45,2026-08-23,,Brighton,Aston Villa,MyBookie.ag,mybookie_manual,,,manual_screenshot,totals,Over,2.5,1.5813953488
manual-46,2026-08-23,,Brighton,Aston Villa,MyBookie.ag,mybookie_manual,,,manual_screenshot,totals,Under,2.5,2.24
manual-47,2026-08-23,,Man City,Bournemouth,MyBookie.ag,mybookie_manual,,,manual_screenshot,h2h,Bournemouth,,5.6
manual-48,2026-08-23,,Man City,Bournemouth,MyBookie.ag,mybookie_manual,,,manual_screenshot,h2h,Draw,,4.8
manual-49,2026-08-23,,Man City,Bournemouth,MyBookie.ag,mybookie_manual,,,manual_screenshot,h2h,Man City,,1.4464285714
manual-50,2026-08-23,,Man City,Bournemouth,MyBookie.ag,mybookie_manual,,,manual_screenshot,spreads,Bournemouth,1.5,1.6535947712
manual-51,2026-08-23,,Man City,Bournemouth,MyBookie.ag,mybookie_manual,,,manual_screenshot,spreads,Man City,-1.5,2.11
manual-52,2026-08-23,,Man City,Bournemouth,MyBookie.ag,mybookie_manual,,,manual_screenshot,totals,Over,3.5,2.04
manual-53,2026-08-23,,Man City,Bournemouth,MyBookie.ag,mybookie_manual,,,manual_screenshot,totals,Under,3.5,1.6944444444
manual-54,2026-08-23,,Newcastle,Liverpool,MyBookie.ag,mybookie_manual,,,manual_screenshot,h2h,Draw,,3.8
manual-55,2026-08-23,,Newcastle,Liverpool,MyBookie.ag,mybookie_manual,,,manual_screenshot,h2h,Liverpool,,1.9009009009
manual-56,2026-08-23,,Newcastle,Liverpool,MyBookie.ag,mybookie_manual,,,manual_screenshot,h2h,Newcastle,,3.42
manual-57,2026-08-23,,Newcastle,Liverpool,MyBookie.ag,mybookie_manual,,,manual_screenshot,spreads,Liverpool,-0.5,1.8771929825
manual-58,2026-08-23,,Newcastle,Liverpool,MyBookie.ag,mybookie_manual,,,manual_screenshot,spreads,Newcastle,0.5,1.826446281
manual-59,2026-08-23,,Newcastle,Liverpool,MyBookie.ag,mybookie_manual,,,manual_screenshot,totals,Over,3.5,2.09
manual-60,2026-08-23,,Newcastle,Liverpool,MyBookie.ag,mybookie_manual,,,manual_screenshot,totals,Under,3.5,1.6622516556
manual-61,2026-08-24,,Fulham,Chelsea,MyBookie.ag,mybookie_manual,,,manual_screenshot,h2h,Chelsea,,1.9523809524
manual-62,2026-08-24,,Fulham,Chelsea,MyBookie.ag,mybookie_manual,,,manual_screenshot,h2h,Draw,,3.65
manual-63,2026-08-24,,Fulham,Chelsea,MyBookie.ag,mybookie_manual,,,manual_screenshot,h2h,Fulham,,3.4
manual-64,2026-08-24,,Fulham,Chelsea,MyBookie.ag,mybookie_manual,,,manual_screenshot,spreads,Chelsea,-0.5,1.9259259259
manual-65,2026-08-24,,Fulham,Chelsea,MyBookie.ag,mybookie_manual,,,manual_screenshot,spreads,Fulham,0.5,1.7874015748
manual-66,2026-08-24,,Fulham,Chelsea,MyBookie.ag,mybookie_manual,,,manual_screenshot,totals,Over,2.5,1.5882352941
manual-67,2026-08-28,,Crystal Palace,Man City,MyBookie.ag,mybookie_manual,,,manual_screenshot,h2h,Crystal Palace,,4.9
manual-68,2026-08-28,,Crystal Palace,Man City,MyBookie.ag,mybookie_manual,,,manual_screenshot,h2h,Draw,,4.0
manual-69,2026-08-28,,Crystal Palace,Man City,MyBookie.ag,mybookie_manual,,,manual_screenshot,h2h,Man City,,1.5988023952
manual-70,2026-08-28,,Crystal Palace,Man City,MyBookie.ag,mybookie_manual,,,manual_screenshot,spreads,Crystal Palace,0.5,2.22
manual-71,2026-08-28,,Crystal Palace,Man City,MyBookie.ag,mybookie_manual,,,manual_screenshot,spreads,Man City,-0.5,1.5882352941
manual-72,2026-08-28,,Crystal Palace,Man City,MyBookie.ag,mybookie_manual,,,manual_screenshot,totals,Over,2.5,1.6172839506
manual-73,2026-08-28,,Crystal Palace,Man City,MyBookie.ag,mybookie_manual,,,manual_screenshot,totals,Under,2.5,2.17
manual-74,2026-08-29,,Bournemouth,Everton,MyBookie.ag,mybookie_manual,,,manual_screenshot,h2h,Bournemouth,,2.02
manual-75,2026-08-29,,Bournemouth,Everton,MyBookie.ag,mybookie_manual,,,manual_screenshot,h2h,Draw,,3.4
manual-76,2026-08-29,,Bournemouth,Everton,MyBookie.ag,mybookie_manual,,,manual_screenshot,h2h,Everton,,3.44
manual-77,2026-08-29,,Bournemouth,Everton,MyBookie.ag,mybookie_manual,,,manual_screenshot,spreads,Bournemouth,-0.5,1.9900990099
manual-78,2026-08-29,,Bournemouth,Everton,MyBookie.ag,mybookie_manual,,,manual_screenshot,spreads,Everton,0.5,1.7352941176
manual-79,2026-08-29,,Bournemouth,Everton,MyBookie.ag,mybookie_manual,,,manual_screenshot,totals,Over,2.5,1.8196721311
manual-80,2026-08-29,,Bournemouth,Everton,MyBookie.ag,mybookie_manual,,,manual_screenshot,totals,Under,2.5,1.8849557522
manual-81,2026-08-29,,Coventry City,Hull City,MyBookie.ag,mybookie_manual,,,manual_screenshot,h2h,Coventry City,,1.8620689655
manual-82,2026-08-29,,Coventry City,Hull City,MyBookie.ag,mybookie_manual,,,manual_screenshot,h2h,Draw,,3.48
manual-83,2026-08-29,,Coventry City,Hull City,MyBookie.ag,mybookie_manual,,,manual_screenshot,h2h,Hull City,,3.9
manual-84,2026-08-29,,Coventry City,Hull City,MyBookie.ag,mybookie_manual,,,manual_screenshot,spreads,Coventry City,-0.5,1.8403361345
manual-85,2026-08-29,,Coventry City,Hull City,MyBookie.ag,mybookie_manual,,,manual_screenshot,spreads,Hull City,0.5,1.8620689655
manual-86,2026-08-29,,Coventry City,Hull City,MyBookie.ag,mybookie_manual,,,manual_screenshot,totals,Over,2.5,1.7633587786
manual-87,2026-08-29,,Coventry City,Hull City,MyBookie.ag,mybookie_manual,,,manual_screenshot,totals,Under,2.5,1.9523809524
manual-88,2026-08-29,,Liverpool,Nott'm Forest,MyBookie.ag,mybookie_manual,,,manual_screenshot,h2h,Draw,,4.6
manual-89,2026-08-29,,Liverpool,Nott'm Forest,MyBookie.ag,mybookie_manual,,,manual_screenshot,h2h,Liverpool,,1.4424778761
manual-90,2026-08-29,,Liverpool,Nott'm Forest,MyBookie.ag,mybookie_manual,,,manual_screenshot,h2h,Nott'm Forest,,6.0
manual-91,2026-08-29,,Liverpool,Nott'm Forest,MyBookie.ag,mybookie_manual,,,manual_screenshot,spreads,Liverpool,-1.5,2.15
manual-92,2026-08-29,,Liverpool,Nott'm Forest,MyBookie.ag,mybookie_manual,,,manual_screenshot,spreads,Nott'm Forest,1.5,1.625
manual-93,2026-08-29,,Liverpool,Nott'm Forest,MyBookie.ag,mybookie_manual,,,manual_screenshot,totals,Over,2.5,1.5617977528
manual-94,2026-08-29,,Liverpool,Nott'm Forest,MyBookie.ag,mybookie_manual,,,manual_screenshot,totals,Under,2.5,2.27
manual-95,2026-08-29,,Spurs,Newcastle,MyBookie.ag,mybookie_manual,,,manual_screenshot,h2h,Draw,,3.48
manual-96,2026-08-29,,Spurs,Newcastle,MyBookie.ag,mybookie_manual,,,manual_screenshot,h2h,Newcastle,,3.0
manual-97,2026-08-29,,Spurs,Newcastle,MyBookie.ag,mybookie_manual,,,manual_screenshot,h2h,Spurs,,2.17
manual-98,2026-08-29,,Spurs,Newcastle,MyBookie.ag,mybookie_manual,,,manual_screenshot,spreads,Newcastle,0.5,1.641025641
manual-99,2026-08-29,,Spurs,Newcastle,MyBookie.ag,mybookie_manual,,,manual_screenshot,spreads,Spurs,-0.5,2.13
manual-100,2026-08-29,,Spurs,Newcastle,MyBookie.ag,mybookie_manual,,,manual_screenshot,totals,Over,2.5,1.6329113924
manual-101,2026-08-29,,Spurs,Newcastle,MyBookie.ag,mybookie_manual,,,manual_screenshot,totals,Under,2.5,2.14
manual-102,2026-08-30,,Chelsea,Brighton,MyBookie.ag,mybookie_manual,,,manual_screenshot,h2h,Brighton,,3.55
manual-103,2026-08-30,,Chelsea,Brighton,MyBookie.ag,mybookie_manual,,,manual_screenshot,h2h,Chelsea,,1.9174311927
manual-104,2026-08-30,,Chelsea,Brighton,MyBookie.ag,mybookie_manual,,,manual_screenshot,h2h,Draw,,3.6
manual-105,2026-08-30,,Chelsea,Brighton,MyBookie.ag,mybookie_manual,,,manual_screenshot,spreads,Brighton,0.5,1.8130081301
manual-106,2026-08-30,,Chelsea,Brighton,MyBookie.ag,mybookie_manual,,,manual_screenshot,spreads,Chelsea,-0.5,1.8928571429
manual-107,2026-08-30,,Chelsea,Brighton,MyBookie.ag,mybookie_manual,,,manual_screenshot,totals,Over,2.5,1.6802721088
manual-108,2026-08-30,,Chelsea,Brighton,MyBookie.ag,mybookie_manual,,,manual_screenshot,totals,Under,2.5,2.06
manual-109,2026-08-30,,Leeds,Brentford,MyBookie.ag,mybookie_manual,,,manual_screenshot,h2h,Brentford,,2.66
manual-110,2026-08-30,,Leeds,Brentford,MyBookie.ag,mybookie_manual,,,manual_screenshot,h2h,Draw,,3.32
manual-111,2026-08-30,,Leeds,Brentford,MyBookie.ag,mybookie_manual,,,manual_screenshot,h2h,Leeds,,2.49
manual-112,2026-08-30,,Leeds,Brentford,MyBookie.ag,mybookie_manual,,,manual_screenshot,spreads,Brentford,0.5,1.5
manual-113,2026-08-30,,Leeds,Brentford,MyBookie.ag,mybookie_manual,,,manual_screenshot,spreads,Leeds,-0.5,2.42
manual-114,2026-08-30,,Leeds,Brentford,MyBookie.ag,mybookie_manual,,,manual_screenshot,totals,Over,2.5,1.8474576271
manual-115,2026-08-30,,Leeds,Brentford,MyBookie.ag,mybookie_manual,,,manual_screenshot,totals,Under,2.5,1.8620689655
manual-116,2026-08-30,,Man United,Ipswich Town,MyBookie.ag,mybookie_manual,,,manual_screenshot,h2h,Draw,,4.7
manual-117,2026-08-30,,Man United,Ipswich Town,MyBookie.ag,mybookie_manual,,,manual_screenshot,h2h,Ipswich Town,,6.5
manual-118,2026-08-30,,Man United,Ipswich Town,MyBookie.ag,mybookie_manual,,,manual_screenshot,h2h,Man United,,1.406504065
manual-119,2026-08-30,,Man United,Ipswich Town,MyBookie.ag,mybookie_manual,,,manual_screenshot,spreads,Ipswich Town,1.5,1.6666666667
manual-120,2026-08-30,,Man United,Ipswich Town,MyBookie.ag,mybookie_manual,,,manual_screenshot,spreads,Man United,-1.5,2.08
manual-121,2026-08-30,,Man United,Ipswich Town,MyBookie.ag,mybookie_manual,,,manual_screenshot,totals,Over,2.5,1.5813953488
manual-122,2026-08-30,,Man United,Ipswich Town,MyBookie.ag,mybookie_manual,,,manual_screenshot,totals,Under,2.5,2.23
manual-123,2026-08-30,,Sunderland,Fulham,MyBookie.ag,mybookie_manual,,,manual_screenshot,h2h,Draw,,3.2
manual-124,2026-08-30,,Sunderland,Fulham,MyBookie.ag,mybookie_manual,,,manual_screenshot,h2h,Fulham,,2.8
manual-125,2026-08-30,,Sunderland,Fulham,MyBookie.ag,mybookie_manual,,,manual_screenshot,h2h,Sunderland,,2.44
manual-126,2026-08-30,,Sunderland,Fulham,MyBookie.ag,mybookie_manual,,,manual_screenshot,spreads,Fulham,0.5,1.518134715
manual-127,2026-08-30,,Sunderland,Fulham,MyBookie.ag,mybookie_manual,,,manual_screenshot,spreads,Sunderland,-0.5,2.37
manual-128,2026-08-30,,Sunderland,Fulham,MyBookie.ag,mybookie_manual,,,manual_screenshot,totals,Over,2.5,2.01
manual-129,2026-08-30,,Sunderland,Fulham,MyBookie.ag,mybookie_manual,,,manual_screenshot,totals,Under,2.5,1.7142857143
manual-130,2026-08-31,,Aston Villa,Arsenal,MyBookie.ag,mybookie_manual,,,manual_screenshot,h2h,Arsenal,,1.5128205128
manual-131,2026-08-31,,Aston Villa,Arsenal,MyBookie.ag,mybookie_manual,,,manual_screenshot,h2h,Aston Villa,,5.9
manual-132,2026-08-31,,Aston Villa,Arsenal,MyBookie.ag,mybookie_manual,,,manual_screenshot,h2h,Draw,,4.0
manual-133,2026-08-31,,Aston Villa,Arsenal,MyBookie.ag,mybookie_manual,,,manual_screenshot,spreads,Arsenal,-1.5,2.36
manual-134,2026-08-31,,Aston Villa,Arsenal,MyBookie.ag,mybookie_manual,,,manual_screenshot,spreads,Aston Villa,1.5,1.5235602094
manual-135,2026-08-31,,Aston Villa,Arsenal,MyBookie.ag,mybookie_manual,,,manual_screenshot,totals,Over,2.5,1.7575757576
manual-136,2026-08-31,,Aston Villa,Arsenal,MyBookie.ag,mybookie_manual,,,manual_screenshot,totals,Under,2.5,1.9523809524
manual-137,2026-09-18,,Brentford,Chelsea,MyBookie.ag,mybookie_manual,2026-09-18 16:00:00+00:00,2026-09-18 16:00:00+00:00,manual_screenshot,spreads,Brentford,0.0,1.8695652174
manual-138,2026-09-19,,Brighton,Arsenal,MyBookie.ag,mybookie_manual,2026-09-18 16:00:00+00:00,2026-09-18 16:00:00+00:00,manual_screenshot,h2h,Arsenal,,1.6711409396
manual-139,2026-09-19,,Everton,Ipswich Town,MyBookie.ag,mybookie_manual,2026-09-18 16:00:00+00:00,2026-09-18 16:00:00+00:00,manual_screenshot,h2h,Everton,,1.78125
manual-140,2026-09-19,,Newcastle,Hull City,MyBookie.ag,mybookie_manual,2026-09-18 16:00:00+00:00,2026-09-18 16:00:00+00:00,manual_screenshot,spreads,Hull City,1.0,1.78125
manual-141,2026-09-19,,Newcastle,Hull City,MyBookie.ag,mybookie_manual,2026-09-18 16:00:00+00:00,2026-09-18 16:00:00+00:00,manual_screenshot,totals,Under,3.0,1.7936507937
manual-142,2026-09-19,,Nott'm Forest,Coventry City,MyBookie.ag,mybookie_manual,2026-09-18 16:00:00+00:00,2026-09-18 16:00:00+00:00,manual_screenshot,spreads,Coventry City,0.5,2.27
manual-143,2026-09-20,,Fulham,Man United,MyBookie.ag,mybookie_manual,2026-09-18 16:00:00+00:00,2026-09-18 16:00:00+00:00,manual_screenshot,spreads,Fulham,0.5,1.7462686567
manual-144,2026-09-20,,Leeds,Crystal Palace,MyBookie.ag,mybookie_manual,2026-09-18 16:00:00+00:00,2026-09-18 16:00:00+00:00,manual_screenshot,totals,Over,2.5,1.6896551724
manual-145,2026-09-20,,Man City,Sunderland,MyBookie.ag,mybookie_manual,2026-09-18 16:00:00+00:00,2026-09-18 16:00:00+00:00,manual_screenshot,spreads,Sunderland,1.5,1.9259259259
