Season,Date,HomeTeam,AwayTeam,Side,Team,Point,LineBucket,OddsSource,DecimalOdds,ModelWinProbability,ModelPushProbability,MarketNoVigProbability,ModelMinusMarketProbability,ModelExpectedReturn,Result,FlatBetReturn,PositiveModelEV
2021/22,2022-01-19,Brentford,Man United,Home,Brentford,0.5,+0.5 to +1.0,Pinnacle Close,1.93,0.7134941820951106,0.0,0.5076530612244898,0.2058411208706208,0.3770437714435635,L,-1.0,True
2021/22,2022-01-19,Brentford,Man United,Away,Man United,-0.5,-0.5 to -1.0,Pinnacle Close,1.99,0.2865058179048889,0.0,0.49234693877551017,-0.20584112087062129,-0.4298534223692711,W,0.99,False
2021/22,2022-01-21,Watford,Norwich,Home,Watford,-0.5,-0.5 to -1.0,Pinnacle Close,2.07,0.5179080318072472,0.0,0.47328244274809167,0.044625589059155535,0.07206962584100163,L,-1.0,True
2021/22,2022-01-21,Watford,Norwich,Away,Norwich,0.5,+0.5 to +1.0,Pinnacle Close,1.86,0.48209196819275285,0.0,0.5267175572519084,-0.044625589059155535,-0.1033089391614796,W,0.8600000000000001,False
2021/22,2022-01-22,Brentford,Wolves,Home,Brentford,0.0,near pick'em,Pinnacle Close,2.13,0.45137442140686074,0.28363649318974615,0.4607594936708861,-0.009385072264025351,0.24506401078635942,L,-1.0,True
2021/22,2022-01-22,Brentford,Wolves,Away,Wolves,-0.0,near pick'em,Pinnacle Close,1.82,0.2649890854033929,0.28363649318974615,0.5392405063291139,-0.274251420925721,-0.2340833713760787,W,0.8200000000000001,False
2021/22,2022-01-22,Everton,Aston Villa,Home,Everton,0.0,near pick'em,Pinnacle Close,1.94,0.44247604148751857,0.2664878827399828,0.5038363171355499,-0.061360275648031315,0.12489140322576886,L,-1.0,True
2021/22,2022-01-22,Everton,Aston Villa,Away,Aston Villa,-0.0,near pick'em,Pinnacle Close,1.97,0.29103607577249885,0.2664878827399828,0.49616368286445,-0.20512760709195116,-0.16017104798819454,W,0.97,False
2021/22,2022-01-22,Leeds,Newcastle,Home,Leeds,-0.5,-0.5 to -1.0,Pinnacle Close,1.86,0.6030376510710048,0.0,0.5267175572519084,0.07632009381909644,0.12165003099206906,L,-1.0,True
2021/22,2022-01-22,Leeds,Newcastle,Away,Newcastle,0.5,+0.5 to +1.0,Pinnacle Close,2.07,0.3969623489289953,0.0,0.47328244274809167,-0.07632009381909638,-0.17828793771697982,W,1.0699999999999998,False
2021/22,2022-01-22,Man United,West Ham,Home,Man United,-0.5,-0.5 to -1.0,Pinnacle Close,1.88,0.3743325962976577,0.0,0.5216284987277354,-0.14729590243007773,-0.29625471896040356,W,0.8799999999999999,False
2021/22,2022-01-22,Man United,West Ham,Away,West Ham,0.5,+0.5 to +1.0,Pinnacle Close,2.05,0.6256674037023425,0.0,0.4783715012722647,0.14729590243007784,0.2826181775898021,L,-1.0,True
2021/22,2022-01-23,Crystal Palace,Liverpool,Home,Crystal Palace,1.0,+0.5 to +1.0,Pinnacle Close,1.94,0.39734604447247396,0.24105785742182287,0.5038363171355499,-0.10649027266307592,0.011909183698422254,L,-1.0,True
2021/22,2022-01-23,Crystal Palace,Liverpool,Away,Liverpool,-1.0,-0.5 to -1.0,Pinnacle Close,1.97,0.3615960981057035,0.24105785742182287,0.49616368286445,-0.13456758475874653,-0.04659782930994133,W,0.97,False
2021/22,2022-01-23,Leicester,Brighton,Home,Leicester,0.0,near pick'em,Pinnacle Close,1.93,0.34868858470201347,0.24405727632346702,0.5076530612244898,-0.15896447652247636,-0.08297375520164701,PUSH,0.0,False
2021/22,2022-01-23,Leicester,Brighton,Away,Brighton,-0.0,near pick'em,Pinnacle Close,1.99,0.4072541389745195,0.24405727632346702,0.49234693877551017,-0.08509279980099066,0.05449301288276076,PUSH,0.0,True
2021/22,2022-02-08,Burnley,Man United,Home,Burnley,1.0,+0.5 to +1.0,Pinnacle Close,1.98,0.5666372648388347,0.22489292978980122,0.4936061381074168,0.07303112673141787,0.3468347141706939,W,0.98,True
2021/22,2022-02-08,Burnley,Man United,Away,Man United,-1.0,-0.5 to -1.0,Pinnacle Close,1.93,0.20846980537136392,0.22489292978980122,0.5063938618925831,-0.2979240565212191,-0.3727603458434664,L,-1.0,False
2021/22,2022-02-08,Newcastle,Everton,Home,Newcastle,0.0,near pick'em,Pinnacle Close,1.86,0.2893362412918578,0.25390759836140603,0.5267175572519084,-0.23738131596005058,-0.20792699283573837,W,0.8600000000000001,False
2021/22,2022-02-08,Newcastle,Everton,Away,Everton,-0.0,near pick'em,Pinnacle Close,2.07,0.45675616034673633,0.25390759836140603,0.47328244274809167,-0.01652628240135534,0.1993928502791501,L,-1.0,True
2021/22,2022-02-08,West Ham,Watford,Home,West Ham,-1.0,-0.5 to -1.0,Pinnacle Close,1.96,0.45275094705725677,0.22525053443288282,0.5,-0.04724905294274323,0.11264239066510612,PUSH,0.0,True
2021/22,2022-02-08,West Ham,Watford,Away,Watford,1.0,+0.5 to +1.0,Pinnacle Close,1.96,0.3219985185098607,0.22525053443288282,0.5,-0.17800148149013928,-0.14363236928779022,PUSH,0.0,False
2021/22,2022-02-09,Man City,Brentford,Home,Man City,-2.5,-1.5 or more,Pinnacle Close,1.79,0.31643837237904315,0.0,0.538659793814433,-0.2222214214353898,-0.43357531344151273,L,-1.0,False
2021/22,2022-02-09,Man City,Brentford,Away,Brentford,2.5,+1.5 or more,Pinnacle Close,2.09,0.6835616276209572,0.0,0.4613402061855671,0.2222214214353901,0.42864380172780037,W,1.0899999999999999,True
2021/22,2022-02-09,Tottenham,Southampton,Home,Tottenham,-1.0,-0.5 to -1.0,Pinnacle Close,1.97,0.3792736349372088,0.24274341381098238,0.49744897959183665,-0.11817534465462787,-0.010087525362716288,L,-1.0,False
2021/22,2022-02-09,Tottenham,Southampton,Away,Southampton,1.0,+0.5 to +1.0,Pinnacle Close,1.95,0.37798295125180864,0.24274341381098238,0.5025510204081632,-0.1245680691563546,-0.020189831247990675,W,0.95,False
2021/22,2022-02-12,Brentford,Crystal Palace,Home,Brentford,0.0,near pick'em,Pinnacle Close,2.21,0.35527381893384513,0.2870629986274784,0.44050632911392407,-0.08523251018007894,0.07221813847127612,PUSH,0.0,True
2021/22,2022-02-12,Brentford,Crystal Palace,Away,Crystal Palace,-0.0,near pick'em,Pinnacle Close,1.74,0.3576631824386765,0.2870629986274784,0.5594936708860759,-0.20183048844739943,-0.09060306392922451,PUSH,0.0,False
2021/22,2022-02-12,Man United,Southampton,Home,Man United,-1.0,-0.5 to -1.0,Pinnacle Close,1.88,0.27412335799707316,0.22517249404058085,0.5204081632653061,-0.246284805268233,-0.2594755929249216,L,-1.0,False
2021/22,2022-02-12,Man United,Southampton,Away,Southampton,1.0,+0.5 to +1.0,Pinnacle Close,2.04,0.5007041479623457,0.22517249404058085,0.47959183673469385,0.021112311227651892,0.2466089558837662,W,1.04,True
2021/22,2022-02-13,Newcastle,Aston Villa,Home,Newcastle,0.0,near pick'em,Pinnacle Close,2.02,0.3336180944799445,0.2788930252298015,0.48600508905852424,-0.15238699457857974,-0.04719842392071061,W,1.02,False
2021/22,2022-02-13,Newcastle,Aston Villa,Away,Aston Villa,-0.0,near pick'em,Pinnacle Close,1.91,0.3874888802902541,0.2788930252298015,0.5139949109414759,-0.1265060306512218,0.018996786584186742,L,-1.0,True
2021/22,2022-02-19,Liverpool,Norwich,Home,Liverpool,-2.5,-1.5 or more,Pinnacle Close,1.81,0.6339483944949873,0.0,0.5358974358974359,0.09805095859755142,0.14744659403592708,L,-1.0,True
2021/22,2022-02-19,Liverpool,Norwich,Away,Norwich,2.5,+1.5 or more,Pinnacle Close,2.09,0.36605160550501314,0.0,0.46410256410256406,-0.09805095859755092,-0.23495214449452256,W,1.0899999999999999,False
2021/22,2022-02-19,Man City,Tottenham,Home,Man City,-1.5,-1.5 or more,Pinnacle Close,2.0,0.5232304369292132,0.0,0.48849104859335046,0.034739388335862764,0.046460873858426455,L,-1.0,True
2021/22,2022-02-19,Man City,Tottenham,Away,Tottenham,1.5,+1.5 or more,Pinnacle Close,1.91,0.476769563070787,0.0,0.5115089514066496,-0.03473938833586265,-0.08937013453479686,W,0.9099999999999999,False
2021/22,2022-02-19,Southampton,Everton,Home,Southampton,-0.5,-0.5 to -1.0,Pinnacle Close,1.99,0.44749756928218676,0.0,0.49234693877551017,-0.04484936949332341,-0.10947983712844833,W,0.99,False
2021/22,2022-02-19,Southampton,Everton,Away,Everton,0.5,+0.5 to +1.0,Pinnacle Close,1.93,0.5525024307178132,0.0,0.5076530612244898,0.04484936949332341,0.06632969128537958,L,-1.0,True
2021/22,2022-02-20,Leeds,Man United,Home,Leeds,0.5,+0.5 to +1.0,Pinnacle Close,1.78,0.5374474868064723,0.0,0.5470737913486006,-0.009626304542128317,-0.04334347348447937,L,-1.0,False
2021/22,2022-02-20,Leeds,Man United,Away,Man United,-0.5,-0.5 to -1.0,Pinnacle Close,2.15,0.4625525131935277,0.0,0.4529262086513995,0.009626304542128206,-0.0055120966339154975,W,1.15,False
2021/22,2022-02-25,Southampton,Norwich,Home,Southampton,-1.0,-0.5 to -1.0,Pinnacle Close,1.85,0.3849949640188627,0.2591625744191792,0.530456852791878,-0.14546188877301536,-0.02859674214592478,W,0.8500000000000001,False
2021/22,2022-02-25,Southampton,Norwich,Away,Norwich,1.0,+0.5 to +1.0,Pinnacle Close,2.09,0.3558424615619584,0.2591625744191792,0.46954314720812185,-0.11370068564616342,0.0028733190836722766,L,-1.0,True
2021/22,2022-02-26,Brentford,Newcastle,Home,Brentford,0.0,near pick'em,Pinnacle Close,1.96,0.6022620412475803,0.22990677784377253,0.49872122762148335,0.10354081362609696,0.41034037868902995,L,-1.0,True
2021/22,2022-02-26,Brentford,Newcastle,Away,Newcastle,-0.0,near pick'em,Pinnacle Close,1.95,0.1678311809086472,0.22990677784377253,0.5012787723785167,-0.33344759146986946,-0.4428224193843654,W,0.95,False
2021/22,2022-02-26,Crystal Palace,Burnley,Home,Crystal Palace,-0.5,-0.5 to -1.0,Pinnacle Close,1.92,0.531665326100979,0.0,0.5114503816793893,0.020214944421589776,0.020797426113879747,L,-1.0,True
2021/22,2022-02-26,Crystal Palace,Burnley,Away,Burnley,0.5,+0.5 to +1.0,Pinnacle Close,2.01,0.46833467389902095,0.0,0.4885496183206107,-0.020214944421589776,-0.05864730546296798,W,1.0099999999999998,False
2021/22,2022-02-26,Leeds,Tottenham,Home,Leeds,0.5,+0.5 to +1.0,Pinnacle Close,1.93,0.4688223938545816,0.0,0.5089058524173028,-0.04008345856272122,-0.09517277986065759,L,-1.0,False
2021/22,2022-02-26,Leeds,Tottenham,Away,Tottenham,-0.5,-0.5 to -1.0,Pinnacle Close,2.0,0.5311776061454185,0.0,0.49109414758269715,0.040083458562721386,0.06235521229083707,W,1.0,True
2021/22,2022-02-26,Man United,Watford,Home,Man United,-1.5,-1.5 or more,Pinnacle Close,1.88,0.43092338818679216,0.0,0.5216284987277354,-0.09070511054094327,-0.18986403020883075,L,-1.0,False
2021/22,2022-02-26,Man United,Watford,Away,Watford,1.5,+1.5 or more,Pinnacle Close,2.05,0.5690766118132083,0.0,0.4783715012722647,0.09070511054094366,0.166607054217077,W,1.0499999999999998,True
2021/22,2022-02-27,West Ham,Wolves,Home,West Ham,-0.5,-0.5 to -1.0,Pinnacle Close,1.94,0.49941416247178033,0.0,0.5051020408163266,-0.00568787834454626,-0.031136524804746213,W,0.94,False
2021/22,2022-02-27,West Ham,Wolves,Away,Wolves,0.5,+0.5 to +1.0,Pinnacle Close,1.98,0.5005858375282194,0.0,0.49489795918367346,0.005687878344545927,-0.008840041694125611,L,-1.0,False
2021/22,2022-03-01,Burnley,Leicester,Home,Burnley,0.0,near pick'em,Pinnacle Close,1.74,0.3657603760894458,0.26330737115218034,0.5617128463476071,-0.19595247025816132,-0.10026957445218398,L,-1.0,False
2021/22,2022-03-01,Burnley,Leicester,Away,Leicester,-0.0,near pick'em,Pinnacle Close,2.23,0.3709322527583742,0.26330737115218034,0.438287153652393,-0.0673549008940188,0.0904862948033549,W,1.23,True
2021/22,2022-03-05,Burnley,Chelsea,Home,Burnley,1.0,+0.5 to +1.0,Pinnacle Close,1.98,0.4023171966243746,0.27267661628631923,0.49489795918367346,-0.09258076255929887,0.06926466560258093,L,-1.0,True
2021/22,2022-03-05,Burnley,Chelsea,Away,Chelsea,-1.0,-0.5 to -1.0,Pinnacle Close,1.94,0.3250061870893062,0.27267661628631923,0.5051020408163266,-0.18009585372702042,-0.09681138076042684,W,0.94,False
2021/22,2022-03-05,Liverpool,West Ham,Home,Liverpool,-1.5,-1.5 or more,Pinnacle Close,2.11,0.5682690383830301,0.0,0.45897435897435895,0.10929467940867116,0.19904767098819343,L,-1.0,True
2021/22,2022-03-05,Liverpool,West Ham,Away,West Ham,1.5,+1.5 or more,Pinnacle Close,1.79,0.43173096161696933,0.0,0.541025641025641,-0.10929467940867166,-0.22720157870562485,W,0.79,False
2021/22,2022-03-05,Newcastle,Brighton,Home,Newcastle,0.0,near pick'em,Pinnacle Close,1.93,0.29954237078007634,0.2803016990405701,0.5063938618925831,-0.20685149111250672,-0.14158152535388252,W,0.9299999999999999,False
2021/22,2022-03-05,Newcastle,Brighton,Away,Brighton,-0.0,near pick'em,Pinnacle Close,1.98,0.42015593017935365,0.2803016990405701,0.4936061381074168,-0.07345020792806317,0.11221044079569031,L,-1.0,True
2021/22,2022-03-05,Norwich,Brentford,Home,Norwich,0.0,near pick'em,Pinnacle Close,1.83,0.20756212003191077,0.2658698009257272,0.5355329949238579,-0.3279708748919471,-0.3542915194158761,L,-1.0,False
2021/22,2022-03-05,Norwich,Brentford,Away,Brentford,-0.0,near pick'em,Pinnacle Close,2.11,0.5265680790423621,0.2658698009257272,0.46446700507614214,0.06210107396622,0.37692844770511125,W,1.1099999999999999,True
2021/22,2022-03-06,Watford,Arsenal,Home,Watford,1.0,+0.5 to +1.0,Pinnacle Close,2.01,0.4499910410907335,0.23535555090013138,0.4885496183206107,-0.03855857722987721,0.13983754349250566,PUSH,0.0,True
2021/22,2022-03-06,Watford,Arsenal,Away,Arsenal,-1.0,-0.5 to -1.0,Pinnacle Close,1.92,0.31465340800913505,0.23535555090013138,0.5114503816793893,-0.19679697367025423,-0.16050990572232943,PUSH,0.0,False
2021/22,2022-03-07,Tottenham,Everton,Home,Tottenham,-1.0,-0.5 to -1.0,Pinnacle Close,1.99,0.38777290882205273,0.23491976356931496,0.49234693877551017,-0.10457402995345744,0.006587852125199911,W,0.99,True
2021/22,2022-03-07,Tottenham,Everton,Away,Everton,1.0,+0.5 to +1.0,Pinnacle Close,1.93,0.37730732760863217,0.23491976356931496,0.5076530612244898,-0.13034573361585766,-0.03687709414602497,L,-1.0,False
2021/22,2022-03-10,Leeds,Aston Villa,Home,Leeds,0.0,near pick'em,Pinnacle Close,1.78,0.42435481705721106,0.2425270663323514,0.549367088607595,-0.1250122715503839,-0.002121359305812809,L,-1.0,False
2021/22,2022-03-10,Leeds,Aston Villa,Away,Aston Villa,-0.0,near pick'em,Pinnacle Close,2.17,0.33311811661043755,0.2425270663323514,0.450632911392405,-0.11751479478196747,-0.034606620622999074,W,1.17,False
2021/22,2022-03-10,Norwich,Chelsea,Home,Norwich,1.5,+1.5 or more,Pinnacle Close,2.1,0.4799761183306947,0.0,0.46700507614213205,0.012971042188562654,0.007949848494459011,L,-1.0,True
2021/22,2022-03-10,Norwich,Chelsea,Away,Chelsea,-1.5,-1.5 or more,Pinnacle Close,1.84,0.5200238816693055,0.0,0.5329949238578681,-0.012971042188562598,-0.043156057728477915,W,0.8400000000000001,False
2021/22,2022-03-10,Southampton,Newcastle,Home,Southampton,-0.5,-0.5 to -1.0,Pinnacle Close,1.92,0.5458795704183156,0.0,0.5114503816793893,0.03442918873892631,0.0480887752031659,L,-1.0,True
2021/22,2022-03-10,Southampton,Newcastle,Away,Newcastle,0.5,+0.5 to +1.0,Pinnacle Close,2.01,0.45412042958168414,0.0,0.4885496183206107,-0.034429188738926586,-0.08721793654081506,W,1.0099999999999998,False
2021/22,2022-03-12,Brighton,Liverpool,Home,Brighton,1.0,+0.5 to +1.0,Pinnacle Close,1.79,0.35965953237752146,0.24147706790406137,0.544529262086514,-0.18486972970899251,-0.1147323691401752,L,-1.0,False
2021/22,2022-03-12,Brighton,Liverpool,Away,Liverpool,-1.0,-0.5 to -1.0,Pinnacle Close,2.14,0.39886339971841694,0.24147706790406137,0.455470737913486,-0.05660733819506908,0.09504474330147372,W,1.1400000000000001,True
2021/22,2022-03-13,Arsenal,Leicester,Home,Arsenal,-1.0,-0.5 to -1.0,Pinnacle Close,1.97,0.3762205931602762,0.22489646532889063,0.49744897959183665,-0.12122838643156048,-0.033948966145365245,W,0.97,False
2021/22,2022-03-13,Arsenal,Leicester,Away,Leicester,1.0,+0.5 to +1.0,Pinnacle Close,1.95,0.398882941510833,0.22489646532889063,0.5025510204081632,-0.10366807889733026,0.0027182012750149864,L,-1.0,True
2021/22,2022-03-13,Chelsea,Newcastle,Home,Chelsea,-1.5,-1.5 or more,Pinnacle Close,1.95,0.5463876503118676,0.0,0.5025510204081632,0.043836629903704405,0.06545591810814189,L,-1.0,True
2021/22,2022-03-13,Chelsea,Newcastle,Away,Newcastle,1.5,+1.5 or more,Pinnacle Close,1.97,0.45361234968813224,0.0,0.49744897959183665,-0.043836629903704405,-0.10638367111437952,W,0.97,False
2021/22,2022-03-13,Leeds,Norwich,Home,Leeds,-1.0,-0.5 to -1.0,Pinnacle Close,2.04,0.37471569265748783,0.24323233890655369,0.4809160305343511,-0.10620033787686328,0.0076523519278289265,PUSH,0.0,True
2021/22,2022-03-13,Leeds,Norwich,Away,Norwich,1.0,+0.5 to +1.0,Pinnacle Close,1.89,0.38205196843595873,0.24323233890655369,0.5190839694656489,-0.1370320010296902,-0.03468944074948438,PUSH,0.0,False
2021/22,2022-03-13,Southampton,Watford,Home,Southampton,-1.0,-0.5 to -1.0,Pinnacle Close,1.88,0.3129882448674975,0.24077992119463512,0.5228426395939086,-0.20985439472641115,-0.1708021784544697,L,-1.0,False
2021/22,2022-03-13,Southampton,Watford,Away,Watford,1.0,+0.5 to +1.0,Pinnacle Close,2.06,0.44623183393786714,0.24077992119463512,0.47715736040609136,-0.030925526468224218,0.16001749910664143,W,1.06,True
2021/22,2022-03-14,Crystal Palace,Man City,Home,Crystal Palace,1.5,+1.5 or more,Pinnacle Close,1.92,0.6475919253288754,0.0,0.5114503816793893,0.13614154364948616,0.2433764966314408,W,0.9199999999999999,True
2021/22,2022-03-14,Crystal Palace,Man City,Away,Man City,-1.5,-1.5 or more,Pinnacle Close,2.01,0.3524080746711248,0.0,0.4885496183206107,-0.13614154364948594,-0.29165976991103926,L,-1.0,False
2021/22,2022-03-16,Arsenal,Liverpool,Home,Arsenal,0.5,+0.5 to +1.0,Pinnacle Close,1.85,0.42164623093392156,0.0,0.530456852791878,-0.10881062185795648,-0.2199544727722451,L,-1.0,False
2021/22,2022-03-16,Arsenal,Liverpool,Away,Liverpool,-0.5,-0.5 to -1.0,Pinnacle Close,2.09,0.5783537690660785,0.0,0.46954314720812185,0.10881062185795665,0.208759377348104,W,1.0899999999999999,True
2021/22,2022-04-02,Brighton,Norwich,Home,Brighton,-1.0,-0.5 to -1.0,Pinnacle Close,1.92,0.3843943747503123,0.26499811286119074,0.5102040816326531,-0.12580970688234078,0.0030353123817902783,L,-1.0,True
2021/22,2022-04-02,Brighton,Norwich,Away,Norwich,1.0,+0.5 to +1.0,Pinnacle Close,2.0,0.3506075123884972,0.26499811286119074,0.48979591836734687,-0.13918840597884968,-0.033786862361814884,W,1.0,False
2021/22,2022-04-02,Man United,Leicester,Home,Man United,-1.0,-0.5 to -1.0,Pinnacle Close,1.93,0.3694343167719297,0.21940635009928694,0.5089058524173028,-0.13947153564537307,-0.06758541853088873,L,-1.0,False
2021/22,2022-04-02,Man United,Leicester,Away,Leicester,1.0,+0.5 to +1.0,Pinnacle Close,2.0,0.41115933312878306,0.21940635009928694,0.49109414758269715,-0.0799348144539141,0.04172501635685305,W,1.0,True
2021/22,2022-04-02,Wolves,Aston Villa,Home,Wolves,0.0,near pick'em,Pinnacle Close,1.76,0.3881811236728036,0.295071783941084,0.5544303797468354,-0.1662492560740318,-0.021729438394781586,W,0.76,False
2021/22,2022-04-02,Wolves,Aston Villa,Away,Aston Villa,-0.0,near pick'em,Pinnacle Close,2.19,0.3167470923861125,0.295071783941084,0.44556962025316454,-0.12882252786705206,-0.011252083733329699,L,-1.0,False
2021/22,2022-04-03,Tottenham,Newcastle,Home,Tottenham,-1.0,-0.5 to -1.0,Pinnacle Close,1.97,0.45247981038003116,0.23696715427498521,0.49744897959183665,-0.04496916921180549,0.12835238072364658,W,0.97,True
2021/22,2022-04-03,Tottenham,Newcastle,Away,Newcastle,1.0,+0.5 to +1.0,Pinnacle Close,1.95,0.31055303534498363,0.23696715427498521,0.5025510204081632,-0.1919979850631796,-0.15745442680229665,L,-1.0,False
2021/22,2022-04-04,Crystal Palace,Arsenal,Home,Crystal Palace,0.5,+0.5 to +1.0,Pinnacle Close,1.86,0.6366303069084716,0.0,0.5267175572519084,0.10991274965656317,0.1841323708497572,W,0.8600000000000001,True
2021/22,2022-04-04,Crystal Palace,Arsenal,Away,Arsenal,-0.5,-0.5 to -1.0,Pinnacle Close,2.07,0.3633696930915285,0.0,0.47328244274809167,-0.10991274965656317,-0.24782473530053611,L,-1.0,False
2021/22,2022-04-06,Burnley,Everton,Home,Burnley,0.0,near pick'em,Pinnacle Close,2.19,0.39676412118069715,0.288686353542817,0.4483627204030227,-0.05159859922232557,0.15759977892854377,W,1.19,True
2021/22,2022-04-06,Burnley,Everton,Away,Everton,-0.0,near pick'em,Pinnacle Close,1.78,0.31454952527648566,0.288686353542817,0.5516372795969774,-0.23708775432049173,-0.15141549146503855,L,-1.0,False
2021/22,2022-04-09,Southampton,Chelsea,Home,Southampton,0.5,+0.5 to +1.0,Pinnacle Close,1.87,0.4572408643349765,0.0,0.5229591836734694,-0.06571831933849287,-0.1449595836935938,L,-1.0,False
2021/22,2022-04-09,Southampton,Chelsea,Away,Chelsea,-0.5,-0.5 to -1.0,Pinnacle Close,2.05,0.5427591356650234,0.0,0.4770408163265307,0.0657183193384927,0.1126562281132979,W,1.0499999999999998,True
2021/22,2022-04-09,Watford,Leeds,Home,Watford,0.0,near pick'em,Pinnacle Close,2.09,0.4061030491057377,0.23309229202972315,0.46954314720812185,-0.06344009810238416,0.08184766466071486,L,-1.0,True
2021/22,2022-04-09,Watford,Leeds,Away,Leeds,-0.0,near pick'em,Pinnacle Close,1.85,0.3608046588645392,0.23309229202972315,0.530456852791878,-0.16965219392733882,-0.09941908907087921,W,0.8500000000000001,False
2021/22,2022-04-10,Brentford,West Ham,Home,Brentford,0.0,near pick'em,Pinnacle Close,1.96,0.42640315962932424,0.25435705049889595,0.5,-0.07359684037067576,0.09010724337237147,W,0.96,True
2021/22,2022-04-10,Brentford,West Ham,Away,West Ham,-0.0,near pick'em,Pinnacle Close,1.96,0.31923978987177987,0.25435705049889595,0.5,-0.18076021012822013,-0.1199329613524156,L,-1.0,False
2021/22,2022-04-10,Man City,Liverpool,Home,Man City,-0.5,-0.5 to -1.0,Pinnacle Close,1.98,0.5131873137476148,0.0,0.4961832061068702,0.017004107640744615,0.016110881220277373,L,-1.0,True
2021/22,2022-04-10,Man City,Liverpool,Away,Liverpool,0.5,+0.5 to +1.0,Pinnacle Close,1.95,0.4868126862523847,0.0,0.5038167938931298,-0.017004107640745114,-0.0507152618078498,W,0.95,False
2021/22,2022-04-10,Norwich,Burnley,Home,Norwich,0.0,near pick'em,Pinnacle Close,1.88,0.2762704803121921,0.2792662473267159,0.5204081632653061,-0.24413768295311405,-0.20134524968636305,W,0.8799999999999999,False
2021/22,2022-04-10,Norwich,Burnley,Away,Burnley,-0.0,near pick'em,Pinnacle Close,2.04,0.44446327236109223,0.2792662473267159,0.47959183673469385,-0.03512856437360162,0.185971322943344,L,-1.0,True
2021/22,2022-04-16,Southampton,Arsenal,Home,Southampton,0.5,+0.5 to +1.0,Pinnacle Close,1.98,0.5133361013613623,0.0,0.49489795918367346,0.018438142177688854,0.01640548069549741,W,0.98,True
2021/22,2022-04-16,Southampton,Arsenal,Away,Arsenal,-0.5,-0.5 to -1.0,Pinnacle Close,1.94,0.4866638986386375,0.0,0.5051020408163266,-0.018438142177689076,-0.05587203664104318,L,-1.0,False
2021/22,2022-04-16,Tottenham,Brighton,Home,Tottenham,-1.0,-0.5 to -1.0,Pinnacle Close,1.88,0.3406029379776626,0.2459025787324595,0.5216284987277354,-0.1810255607500728,-0.11376389786953484,L,-1.0,False
2021/22,2022-04-16,Tottenham,Brighton,Away,Brighton,1.0,+0.5 to +1.0,Pinnacle Close,2.05,0.41349448328987815,0.2459025787324595,0.4783715012722647,-0.06487701798238654,0.0935662694767096,W,1.0499999999999998,True
2021/22,2022-04-16,Watford,Brentford,Home,Watford,0.0,near pick'em,Pinnacle Close,1.75,0.2792853357223041,0.2601822143832811,0.5569620253164557,-0.2776766895941516,-0.2510684481026868,L,-1.0,False
2021/22,2022-04-16,Watford,Brentford,Away,Brentford,-0.0,near pick'em,Pinnacle Close,2.2,0.46053244989441483,0.2601822143832811,0.4430379746835443,0.017494475210870553,0.2733536041509938,W,1.2000000000000002,True
2021/22,2022-04-19,Liverpool,Man United,Home,Liverpool,-1.5,-1.5 or more,Pinnacle Close,1.96,0.5793868637510989,0.0,0.5,0.07938686375109894,0.13559825295215389,W,0.96,True
2021/22,2022-04-19,Liverpool,Man United,Away,Man United,1.5,+1.5 or more,Pinnacle Close,1.96,0.42061313624890123,0.0,0.5,-0.07938686375109877,-0.17559825295215364,L,-1.0,False
2021/22,2022-04-20,Chelsea,Arsenal,Home,Chelsea,-0.5,-0.5 to -1.0,Pinnacle Close,1.96,0.5557966504891764,0.0,0.5,0.05579665048917637,0.08936143495878568,L,-1.0,True
2021/22,2022-04-20,Chelsea,Arsenal,Away,Arsenal,0.5,+0.5 to +1.0,Pinnacle Close,1.96,0.4442033495108238,0.0,0.5,-0.0557966504891762,-0.12936143495878544,W,0.96,False
2021/22,2022-04-20,Man City,Brighton,Home,Man City,-2.0,-1.5 or more,Pinnacle Close,1.85,0.30442687094198667,0.2298557757923255,0.5280612244897959,-0.2236343535478092,-0.20695451296499917,W,0.8500000000000001,False
2021/22,2022-04-20,Man City,Brighton,Away,Brighton,2.0,+1.5 or more,Pinnacle Close,2.07,0.46571735326568814,0.2298557757923255,0.47193877551020413,-0.006221422244515995,0.19389069705229994,L,-1.0,True
2021/22,2022-04-21,Burnley,Southampton,Home,Burnley,0.0,near pick'em,Pinnacle Close,1.88,0.3702704307970857,0.2521850062961174,0.5154639175257731,-0.14519348672868743,-0.05170658380536153,W,0.8799999999999999,False
2021/22,2022-04-21,Burnley,Southampton,Away,Southampton,-0.0,near pick'em,Pinnacle Close,2.0,0.37754456290679705,0.2521850062961174,0.4845360824742268,-0.10699151956742975,0.007274132109711506,L,-1.0,True
2021/22,2022-04-23,Brentford,Tottenham,Home,Brentford,0.5,+0.5 to +1.0,Pinnacle Close,1.96,0.6002359437836494,0.0,0.5,0.10023594378364942,0.17646244981595283,W,0.96,True
2021/22,2022-04-23,Brentford,Tottenham,Away,Tottenham,-0.5,-0.5 to -1.0,Pinnacle Close,1.96,0.39976405621635064,0.0,0.5,-0.10023594378364936,-0.2164624498159527,L,-1.0,False
2021/22,2022-04-23,Leicester,Aston Villa,Home,Leicester,0.0,near pick'em,Pinnacle Close,1.81,0.3960106883701153,0.24990537239530725,0.5417721518987342,-0.14576146352861885,-0.03331528165478398,PUSH,0.0,False
2021/22,2022-04-23,Leicester,Aston Villa,Away,Aston Villa,-0.0,near pick'em,Pinnacle Close,2.14,0.35408393923457726,0.24990537239530725,0.4582278481012658,-0.10414390886668856,0.007645002357302644,PUSH,0.0,True
2021/22,2022-04-23,Man City,Watford,Home,Man City,-2.5,-1.5 or more,Pinnacle Close,1.95,0.4621298530633771,0.0,0.5,-0.037870146936622884,-0.09884678652641471,W,0.95,False
2021/22,2022-04-23,Man City,Watford,Away,Watford,2.5,+1.5 or more,Pinnacle Close,1.95,0.5378701469366227,0.0,0.5,0.03787014693662272,0.048846786526414276,L,-1.0,True
2021/22,2022-04-24,Burnley,Wolves,Home,Burnley,0.0,near pick'em,Pinnacle Close,2.18,0.3973527499882506,0.2855773964357781,0.45088161209068006,-0.053528862102429464,0.15180639141016444,W,1.1800000000000002,True
2021/22,2022-04-24,Burnley,Wolves,Away,Wolves,-0.0,near pick'em,Pinnacle Close,1.79,0.31706985357597145,0.2855773964357781,0.5491183879093199,-0.23204853433334843,-0.14686756566323295,L,-1.0,False
2021/22,2022-04-24,Chelsea,West Ham,Home,Chelsea,-1.0,-0.5 to -1.0,Pinnacle Close,1.99,0.38755453460956224,0.24348743208140333,0.49234693877551017,-0.10479240416594793,0.01472095595443218,PUSH,0.0,True
2021/22,2022-04-24,Chelsea,West Ham,Away,West Ham,1.0,+0.5 to +1.0,Pinnacle Close,1.93,0.3689580333090344,0.24348743208140333,0.5076530612244898,-0.1386950279154554,-0.04442356363216027,PUSH,0.0,False
2021/22,2022-04-24,Liverpool,Everton,Home,Liverpool,-2.0,-1.5 or more,Pinnacle Close,1.97,0.4610604703104397,0.21161452448324375,0.49487179487179483,-0.03381132456135516,0.11990365099480993,PUSH,0.0,True
2021/22,2022-04-24,Liverpool,Everton,Away,Everton,2.0,+1.5 or more,Pinnacle Close,1.93,0.3273250052063167,0.21161452448324375,0.5051282051282052,-0.17780319992188853,-0.15664821546856506,PUSH,0.0,False
2021/22,2022-04-25,Crystal Palace,Leeds,Home,Crystal Palace,-0.5,-0.5 to -1.0,Pinnacle Close,2.15,0.5786846577113719,0.0,0.4543147208121827,0.12436993689918918,0.24417201407944955,L,-1.0,True
2021/22,2022-04-25,Crystal Palace,Leeds,Away,Leeds,0.5,+0.5 to +1.0,Pinnacle Close,1.79,0.42131534228862816,0.0,0.5456852791878172,-0.12436993689918902,-0.2458455373033555,W,0.79,False
2021/22,2022-04-30,Leeds,Man City,Home,Leeds,1.5,+1.5 or more,Pinnacle Close,1.98,0.39571333109440415,0.0,0.49489795918367346,-0.09918462808926931,-0.21648760443307985,L,-1.0,False
2021/22,2022-04-30,Leeds,Man City,Away,Man City,-1.5,-1.5 or more,Pinnacle Close,1.94,0.6042866689055962,0.0,0.5051020408163266,0.09918462808926964,0.17231613767685672,W,0.94,True
2021/22,2022-04-30,Watford,Burnley,Home,Watford,0.0,near pick'em,Pinnacle Close,1.88,0.3982423604904876,0.2692148340615847,0.5204081632653061,-0.12216580277481853,0.01791047178370142,L,-1.0,True
2021/22,2022-04-30,Watford,Burnley,Away,Burnley,-0.0,near pick'em,Pinnacle Close,2.04,0.3325428054479278,0.2692148340615847,0.47959183673469385,-0.14704903128676605,-0.05239784282464255,W,1.04,False
2021/22,2022-04-30,Wolves,Brighton,Home,Wolves,0.0,near pick'em,Pinnacle Close,1.9,0.32089021189584377,0.29993380233207395,0.5165394402035622,-0.19564922830771847,-0.09037479506582291,L,-1.0,False
2021/22,2022-04-30,Wolves,Brighton,Away,Brighton,-0.0,near pick'em,Pinnacle Close,2.03,0.37917598577208195,0.29993380233207395,0.48346055979643765,-0.1042845740243557,0.06966105344940027,W,1.0299999999999998,True
2021/22,2022-05-07,Brighton,Man United,Home,Brighton,0.0,near pick'em,Pinnacle Close,1.75,0.4273956081221443,0.25228746398140756,0.5580808080808081,-0.1306851999586638,0.00022977819516001308,W,0.75,True
2021/22,2022-05-07,Brighton,Man United,Away,Man United,-0.0,near pick'em,Pinnacle Close,2.21,0.3203169278964481,0.25228746398140756,0.44191919191919193,-0.12160226402274382,-0.03981212536744205,L,-1.0,False
2021/22,2022-05-08,Leicester,Everton,Home,Leicester,0.0,near pick'em,Pinnacle Close,1.93,0.42748551070027907,0.25214746384235526,0.5089058524173028,-0.08142034171702373,0.07719449949389384,L,-1.0,True
2021/22,2022-05-08,Leicester,Everton,Away,Everton,-0.0,near pick'em,Pinnacle Close,2.0,0.32036702545736573,0.25214746384235526,0.49109414758269715,-0.17072712212533142,-0.10711848524291329,W,1.0,False
2021/22,2022-05-08,Man City,Newcastle,Home,Man City,-2.0,-1.5 or more,Pinnacle Close,2.07,0.44074573368900266,0.22467624766055977,0.47193877551020413,-0.031193041821201473,0.13701991639679517,W,1.0699999999999998,True
2021/22,2022-05-08,Man City,Newcastle,Away,Newcastle,2.0,+1.5 or more,Pinnacle Close,1.85,0.3345780186504376,0.22467624766055977,0.5280612244897959,-0.19348320583935824,-0.15635441783613052,L,-1.0,False
2021/22,2022-05-11,Watford,Everton,Home,Watford,0.5,+0.5 to +1.0,Pinnacle Close,2.04,0.6317119364428424,0.0,0.47959183673469385,0.15212009970814855,0.2886923503433986,W,1.04,True
2021/22,2022-05-11,Watford,Everton,Away,Everton,-0.5,-0.5 to -1.0,Pinnacle Close,1.88,0.36828806355715754,0.0,0.5204081632653061,-0.1521200997081486,-0.30761844051254394,L,-1.0,False
2021/22,2022-05-15,Aston Villa,Crystal Palace,Home,Aston Villa,-0.5,-0.5 to -1.0,Pinnacle Close,1.87,0.3349453043584847,0.0,0.5217391304347826,-0.1867938260762979,-0.3736522808496336,L,-1.0,False
2021/22,2022-05-15,Aston Villa,Crystal Palace,Away,Crystal Palace,0.5,+0.5 to +1.0,Pinnacle Close,2.04,0.6650546956415151,0.0,0.4782608695652174,0.1867938260762977,0.3567115791086908,W,1.04,True
2021/22,2022-05-15,Leeds,Brighton,Home,Leeds,0.0,near pick'em,Pinnacle Close,1.96,0.31642972212496,0.24485124286194251,0.5,-0.18357027787504,-0.13494650177313589,PUSH,0.0,False
2021/22,2022-05-15,Leeds,Brighton,Away,Brighton,-0.0,near pick'em,Pinnacle Close,1.96,0.4387190350130974,0.24485124286194251,0.5,-0.06128096498690261,0.10474055148761335,PUSH,0.0,True
2021/22,2022-05-15,Tottenham,Burnley,Home,Tottenham,-1.5,-1.5 or more,Pinnacle Close,1.94,0.43966486442305147,0.0,0.5051020408163266,-0.06543717639327512,-0.1470501630192802,L,-1.0,False
2021/22,2022-05-15,Tottenham,Burnley,Away,Burnley,1.5,+1.5 or more,Pinnacle Close,1.98,0.5603351355769484,0.0,0.49489795918367346,0.0654371763932749,0.10946356844235772,W,0.98,True
2021/22,2022-05-15,Watford,Leicester,Home,Watford,0.5,+0.5 to +1.0,Pinnacle Close,2.07,0.6254398539573889,0.0,0.47193877551020413,0.15350107844718475,0.2946604976917949,L,-1.0,True
2021/22,2022-05-15,Watford,Leicester,Away,Leicester,-0.5,-0.5 to -1.0,Pinnacle Close,1.85,0.374560146042611,0.0,0.5280612244897959,-0.15350107844718486,-0.3070637298211696,W,0.8500000000000001,False
2021/22,2022-05-15,West Ham,Man City,Home,West Ham,1.5,+1.5 or more,Pinnacle Close,1.83,0.5506525339263924,0.0,0.5331632653061223,0.017489268620270004,0.007694137085298036,W,0.8300000000000001,True
2021/22,2022-05-15,West Ham,Man City,Away,Man City,-1.5,-1.5 or more,Pinnacle Close,2.09,0.4493474660736082,0.0,0.4668367346938776,-0.017489268620269394,-0.060863795906158924,L,-1.0,False
2021/22,2022-05-16,Newcastle,Arsenal,Home,Newcastle,0.5,+0.5 to +1.0,Pinnacle Close,2.05,0.4745044982732416,0.0,0.4675324675324676,0.006972030740774016,-0.027265778539854846,W,1.0499999999999998,False
2021/22,2022-05-16,Newcastle,Arsenal,Away,Arsenal,-0.5,-0.5 to -1.0,Pinnacle Close,1.8,0.5254955017267584,0.0,0.5324675324675325,-0.006972030740774127,-0.05410809689183482,L,-1.0,False
2021/22,2022-05-17,Southampton,Liverpool,Home,Southampton,1.5,+1.5 or more,Pinnacle Close,1.95,0.47342838267268644,0.0,0.5025510204081632,-0.029122637735476797,-0.07681465378826152,W,0.95,False
2021/22,2022-05-17,Southampton,Liverpool,Away,Liverpool,-1.5,-1.5 or more,Pinnacle Close,1.97,0.5265716173273134,0.0,0.49744897959183665,0.029122637735476742,0.03734608613480739,L,-1.0,True
2021/22,2022-05-19,Aston Villa,Burnley,Home,Aston Villa,-0.5,-0.5 to -1.0,Pinnacle Close,2.04,0.49068461763694576,0.0,0.47959183673469385,0.011092780902251909,0.0009966199793692843,L,-1.0,True
2021/22,2022-05-19,Aston Villa,Burnley,Away,Burnley,0.5,+0.5 to +1.0,Pinnacle Close,1.88,0.5093153823630541,0.0,0.5204081632653061,-0.011092780902252075,-0.04248708115745842,W,0.8799999999999999,False
2021/22,2022-05-19,Everton,Crystal Palace,Home,Everton,-0.5,-0.5 to -1.0,Pinnacle Close,1.9,0.2969791923516076,0.0,0.5165394402035622,-0.21956024785195466,-0.4357395345319456,W,0.8999999999999999,False
2021/22,2022-05-19,Everton,Crystal Palace,Away,Crystal Palace,0.5,+0.5 to +1.0,Pinnacle Close,2.03,0.7030208076483924,0.0,0.48346055979643765,0.21956024785195472,0.42713223952623636,L,-1.0,True
2021/22,2022-05-22,Arsenal,Everton,Home,Arsenal,-1.5,-1.5 or more,Pinnacle Close,1.99,0.35238872165757806,0.0,0.49234693877551017,-0.1399582171179321,-0.29874644390141963,W,0.99,False
2021/22,2022-05-22,Arsenal,Everton,Away,Everton,1.5,+1.5 or more,Pinnacle Close,1.93,0.6476112783424216,0.0,0.5076530612244898,0.13995821711793177,0.24988976720087364,L,-1.0,True
2021/22,2022-05-22,Brentford,Leeds,Home,Brentford,0.0,near pick'em,Pinnacle Close,2.09,0.5973305334643922,0.2061940596830923,0.46954314720812185,0.1277873862562704,0.45461487462367195,L,-1.0,True
2021/22,2022-05-22,Brentford,Leeds,Away,Leeds,-0.0,near pick'em,Pinnacle Close,1.85,0.1964754068525152,0.2061940596830923,0.530456852791878,-0.33398144593936285,-0.43032643763975464,W,0.8500000000000001,False
2021/22,2022-05-22,Chelsea,Watford,Home,Chelsea,-2.0,-1.5 or more,Pinnacle Close,1.93,0.3098625389232139,0.2235896280893814,0.5038560411311055,-0.19399350220789158,-0.17837567178881575,L,-1.0,False
2021/22,2022-05-22,Chelsea,Watford,Away,Watford,2.0,+1.5 or more,Pinnacle Close,1.96,0.4665478329874049,0.2235896280893814,0.4961439588688946,-0.029596125881489743,0.13802338074469495,W,0.96,True
2021/22,2022-05-22,Leicester,Southampton,Home,Leicester,-0.5,-0.5 to -1.0,Pinnacle Close,1.88,0.4251573910446303,0.0,0.5191815856777493,-0.09402419463311901,-0.20070410483609513,W,0.8799999999999999,False
2021/22,2022-05-22,Leicester,Southampton,Away,Southampton,0.5,+0.5 to +1.0,Pinnacle Close,2.03,0.5748426089553693,0.0,0.4808184143222507,0.09402419463311862,0.1669304961793996,L,-1.0,True
2021/22,2022-05-22,Liverpool,Wolves,Home,Liverpool,-2.0,-1.5 or more,Pinnacle Close,2.06,0.4215681658505303,0.22278252893823688,0.47043701799485865,-0.048868852144328345,0.09121295059032941,PUSH,0.0,True
2021/22,2022-05-22,Liverpool,Wolves,Away,Wolves,2.0,+1.5 or more,Pinnacle Close,1.83,0.355649305211233,0.22278252893823688,0.5295629820051414,-0.1739136767939084,-0.1263792425252066,PUSH,0.0,False
2021/22,2022-05-22,Man City,Aston Villa,Home,Man City,-2.0,-1.5 or more,Pinnacle Close,2.05,0.3555227246439628,0.22975753874715837,0.4757033248081842,-0.12018060016422144,-0.04142087573271802,L,-1.0,False
2021/22,2022-05-22,Man City,Aston Villa,Away,Aston Villa,2.0,+1.5 or more,Pinnacle Close,1.86,0.41471973660887895,0.22975753874715837,0.5242966751918159,-0.10957693858293693,0.0011362488396732817,W,0.8600000000000001,True
2022/23,2022-08-05,Crystal Palace,Arsenal,Home,Crystal Palace,0.5,+0.5 to +1.0,Pinnacle Close,2.04,0.6593385178002841,0.0,0.47959183673469385,0.17974668106559022,0.3450505763125795,L,-1.0,True
2022/23,2022-08-05,Crystal Palace,Arsenal,Away,Arsenal,-0.5,-0.5 to -1.0,Pinnacle Close,1.88,0.34066148219971615,0.0,0.5204081632653061,-0.17974668106559,-0.35955641346453365,W,0.8799999999999999,False
2022/23,2022-08-06,Bournemouth,Aston Villa,Home,Bournemouth,0.5,+0.5 to +1.0,Pinnacle Close,1.93,0.7425438002571748,0.0,0.5089058524173028,0.23363794783987202,0.43310953449634737,W,0.9299999999999999,True
2022/23,2022-08-06,Bournemouth,Aston Villa,Away,Aston Villa,-0.5,-0.5 to -1.0,Pinnacle Close,2.0,0.2574561997428249,0.0,0.49109414758269715,-0.23363794783987224,-0.48508760051435024,L,-1.0,False
2022/23,2022-08-06,Tottenham,Southampton,Home,Tottenham,-1.5,-1.5 or more,Pinnacle Close,2.04,0.48402086358811236,0.0,0.47959183673469385,0.004429026853418505,-0.012597438280250728,W,1.04,False
2022/23,2022-08-06,Tottenham,Southampton,Away,Southampton,1.5,+1.5 or more,Pinnacle Close,1.88,0.515979136411888,0.0,0.5204081632653061,-0.004429026853418172,-0.02995922354565067,L,-1.0,False
2022/23,2022-08-07,Leicester,Brentford,Home,Leicester,-0.5,-0.5 to -1.0,Pinnacle Close,1.96,0.33267031483438264,0.0,0.5,-0.16732968516561736,-0.34796618292461007,L,-1.0,False
2022/23,2022-08-07,Leicester,Brentford,Away,Brentford,0.5,+0.5 to +1.0,Pinnacle Close,1.96,0.6673296851656173,0.0,0.5,0.1673296851656173,0.30796618292460987,W,0.96,True
2022/23,2022-08-07,Man United,Brighton,Home,Man United,-1.0,-0.5 to -1.0,Pinnacle Close,2.05,0.19663066926577297,0.21474675176679275,0.4783715012722647,-0.2817408320064917,-0.3821603762383726,L,-1.0,False
2022/23,2022-08-07,Man United,Brighton,Away,Brighton,1.0,+0.5 to +1.0,Pinnacle Close,1.88,0.5886225789674343,0.21474675176679275,0.5216284987277354,0.06699408023969888,0.3213572002255692,W,0.8799999999999999,True
2022/23,2022-08-07,West Ham,Man City,Home,West Ham,1.5,+1.5 or more,Pinnacle Close,1.85,0.5433636230337033,0.0,0.5292620865139949,0.014101536519708469,0.005222702612351193,L,-1.0,True
2022/23,2022-08-07,West Ham,Man City,Away,Man City,-1.5,-1.5 or more,Pinnacle Close,2.08,0.45663637696629655,0.0,0.4707379134860051,-0.014101536519708524,-0.05019633591010314,W,1.08,False
2022/23,2022-08-13,Arsenal,Leicester,Home,Arsenal,-1.0,-0.5 to -1.0,Pinnacle Close,1.96,0.41801908405156635,0.22888334395631085,0.5,-0.08198091594843365,0.04820074869738078,W,0.96,True
2022/23,2022-08-13,Arsenal,Leicester,Away,Leicester,1.0,+0.5 to +1.0,Pinnacle Close,1.96,0.3530975719921228,0.22888334395631085,0.5,-0.14690242800787717,-0.07904541493912848,L,-1.0,False
2022/23,2022-08-13,Aston Villa,Everton,Home,Aston Villa,-0.5,-0.5 to -1.0,Pinnacle Close,2.07,0.463186659857043,0.0,0.4746192893401016,-0.01143262948305862,-0.041203614095921104,W,1.0699999999999998,False
2022/23,2022-08-13,Aston Villa,Everton,Away,Everton,0.5,+0.5 to +1.0,Pinnacle Close,1.87,0.5368133401429568,0.0,0.5253807106598984,0.011432629483058343,0.003840946067329265,L,-1.0,True
2022/23,2022-08-13,Brentford,Man United,Home,Brentford,0.5,+0.5 to +1.0,Pinnacle Close,2.17,0.7073812100055733,0.0,0.450632911392405,0.2567482986131683,0.535017225712094,W,1.17,True
2022/23,2022-08-13,Brentford,Man United,Away,Man United,-0.5,-0.5 to -1.0,Pinnacle Close,1.78,0.29261878999442664,0.0,0.549367088607595,-0.25674829861316834,-0.47913855380992065,L,-1.0,False
2022/23,2022-08-14,Nott'm Forest,West Ham,Home,Nott'm Forest,0.5,+0.5 to +1.0,Pinnacle Close,1.93,0.3545097742655386,0.0,0.5076530612244898,-0.15314328695895124,-0.3157961356675106,W,0.9299999999999999,False
2022/23,2022-08-14,Nott'm Forest,West Ham,Away,West Ham,-0.5,-0.5 to -1.0,Pinnacle Close,1.99,0.6454902257344614,0.0,0.49234693877551017,0.15314328695895119,0.28452554921157813,L,-1.0,True
2022/23,2022-08-15,Liverpool,Crystal Palace,Home,Liverpool,-2.0,-1.5 or more,Pinnacle Close,2.08,0.21582050094997415,0.20823457131913578,0.46803069053708446,-0.2522101895871103,-0.3428587867049179,L,-1.0,False
2022/23,2022-08-15,Liverpool,Crystal Palace,Away,Crystal Palace,2.0,+1.5 or more,Pinnacle Close,1.83,0.57594492773089,0.20823457131913578,0.5319693094629157,0.04397561826797436,0.2622137890666646,W,0.8300000000000001,True
2022/23,2022-08-20,Crystal Palace,Aston Villa,Home,Crystal Palace,0.0,near pick'em,Pinnacle Close,2.17,0.4987176486907857,0.2790924381843321,0.450632911392405,0.0480847372983807,0.3613097358433371,W,1.17,True
2022/23,2022-08-20,Crystal Palace,Aston Villa,Away,Aston Villa,-0.0,near pick'em,Pinnacle Close,1.78,0.2221899131248822,0.2790924381843321,0.549367088607595,-0.32717717548271275,-0.32540951645337757,L,-1.0,False
2022/23,2022-08-20,Everton,Nott'm Forest,Home,Everton,-0.5,-0.5 to -1.0,Pinnacle Close,1.89,0.5643813533704494,0.0,0.5178571428571429,0.04652421051330646,0.06668075787014927,L,-1.0,True
2022/23,2022-08-20,Everton,Nott'm Forest,Away,Nott'm Forest,0.5,+0.5 to +1.0,Pinnacle Close,2.03,0.43561864662955074,0.0,0.4821428571428572,-0.04652421051330646,-0.11569414734201205,W,1.0299999999999998,False
2022/23,2022-08-20,Leicester,Southampton,Home,Leicester,-0.5,-0.5 to -1.0,Pinnacle Close,1.98,0.45186541318342033,0.0,0.49489795918367346,-0.043032546000253136,-0.10530648189682779,L,-1.0,False
2022/23,2022-08-20,Leicester,Southampton,Away,Southampton,0.5,+0.5 to +1.0,Pinnacle Close,1.94,0.5481345868165803,0.0,0.5051020408163266,0.043032546000253746,0.06338109842416584,W,0.94,True
2022/23,2022-08-21,Leeds,Chelsea,Home,Leeds,1.0,+0.5 to +1.0,Pinnacle Close,2.06,0.38107234663266015,0.23242356530685737,0.47582697201017815,-0.094754625377518,0.01743259937013736,W,1.06,True
2022/23,2022-08-21,Leeds,Chelsea,Away,Chelsea,-1.0,-0.5 to -1.0,Pinnacle Close,1.87,0.38650408806048275,0.23242356530685737,0.5241730279898218,-0.13766893992933904,-0.04481379002003982,L,-1.0,False
2022/23,2022-08-22,Man United,Liverpool,Home,Man United,1.0,+0.5 to +1.0,Pinnacle Close,2.05,0.35835851703815635,0.22705296502358557,0.4783715012722647,-0.12001298423410833,-0.03831207504819395,W,1.0499999999999998,False
2022/23,2022-08-22,Man United,Liverpool,Away,Liverpool,-1.0,-0.5 to -1.0,Pinnacle Close,1.88,0.4145885179382579,0.22705296502358557,0.5216284987277354,-0.10703998078947752,0.006479378747510367,L,-1.0,True
2022/23,2022-08-27,Arsenal,Fulham,Home,Arsenal,-1.5,-1.5 or more,Pinnacle Close,2.15,0.30575656158908776,0.0,0.4543147208121827,-0.14855815922309495,-0.3426233925834613,L,-1.0,False
2022/23,2022-08-27,Arsenal,Fulham,Away,Fulham,1.5,+1.5 or more,Pinnacle Close,1.79,0.6942434384109121,0.0,0.5456852791878172,0.1485581592230949,0.24269575475553262,W,0.79,True
2022/23,2022-08-27,Brentford,Everton,Home,Brentford,-0.5,-0.5 to -1.0,Pinnacle Close,2.08,0.5577748403371596,0.0,0.4720812182741116,0.08569362206304804,0.16017166790129211,L,-1.0,True
2022/23,2022-08-27,Brentford,Everton,Away,Everton,0.5,+0.5 to +1.0,Pinnacle Close,1.86,0.4422251596628401,0.0,0.5279187817258882,-0.08569362206304815,-0.17746120302711732,W,0.8600000000000001,False
2022/23,2022-08-27,Brighton,Leeds,Home,Brighton,-0.5,-0.5 to -1.0,Pinnacle Close,1.94,0.5682365386502751,0.0,0.5051020408163266,0.06313449783394853,0.10237888498153369,W,0.94,True
2022/23,2022-08-27,Brighton,Leeds,Away,Leeds,0.5,+0.5 to +1.0,Pinnacle Close,1.98,0.4317634613497248,0.0,0.49489795918367346,-0.06313449783394864,-0.1451083465275449,L,-1.0,False
2022/23,2022-08-27,Liverpool,Bournemouth,Home,Liverpool,-2.5,-1.5 or more,Pinnacle Close,1.93,0.25961358970512793,0.0,0.5051282051282052,-0.2455146154230773,-0.4989457718691031,W,0.9299999999999999,False
2022/23,2022-08-27,Liverpool,Bournemouth,Away,Bournemouth,2.5,+1.5 or more,Pinnacle Close,1.97,0.7403864102948716,0.0,0.49487179487179483,0.2455146154230768,0.45856122828089707,L,-1.0,True
2022/23,2022-08-27,Man City,Crystal Palace,Home,Man City,-2.0,-1.5 or more,Pinnacle Close,1.95,0.24656169826368968,0.21853702227663305,0.5,-0.2534383017363103,-0.30066766610917206,PUSH,0.0,False
2022/23,2022-08-27,Man City,Crystal Palace,Away,Crystal Palace,2.0,+1.5 or more,Pinnacle Close,1.95,0.534901279459677,0.21853702227663305,0.5,0.034901279459677026,0.2615945172230032,PUSH,0.0,True
2022/23,2022-08-28,Wolves,Newcastle,Home,Wolves,0.0,near pick'em,Pinnacle Close,2.2,0.39792265695877593,0.282692070028607,0.4430379746835443,-0.045115317724768345,0.15812191533791414,PUSH,0.0,True
2022/23,2022-08-28,Wolves,Newcastle,Away,Newcastle,-0.0,near pick'em,Pinnacle Close,1.75,0.3193852730126169,0.282692070028607,0.5569620253164557,-0.2375767523038388,-0.15838370219931344,PUSH,0.0,False
2022/23,2022-08-30,Crystal Palace,Brentford,Home,Crystal Palace,-0.5,-0.5 to -1.0,Pinnacle Close,2.11,0.46115026022833094,0.0,0.46173469387755106,-0.0005844336492201174,-0.026972950918221716,L,-1.0,False
2022/23,2022-08-30,Crystal Palace,Brentford,Away,Brentford,0.5,+0.5 to +1.0,Pinnacle Close,1.81,0.5388497397716691,0.0,0.538265306122449,0.0005844336492200064,-0.024681971013278958,W,0.81,False
2022/23,2022-08-31,Liverpool,Newcastle,Home,Liverpool,-1.5,-1.5 or more,Pinnacle Close,1.76,0.6389263675485203,0.0,0.5521628498727736,0.08676351767574664,0.12451040688539572,L,-1.0,True
2022/23,2022-08-31,Liverpool,Newcastle,Away,Newcastle,1.5,+1.5 or more,Pinnacle Close,2.17,0.36107363245148033,0.0,0.44783715012722647,-0.08676351767574614,-0.21647021758028778,W,1.17,False
2022/23,2022-08-31,Man City,Nott'm Forest,Home,Man City,-3.0,-1.5 or more,Pinnacle Close,1.93,0.4390535341480647,0.19706510153516008,0.5038560411311055,-0.0648025069830408,0.04443842244092494,W,0.9299999999999999,True
2022/23,2022-08-31,Man City,Nott'm Forest,Away,Nott'm Forest,3.0,+1.5 or more,Pinnacle Close,1.96,0.36388136431677576,0.19706510153516008,0.4961439588688946,-0.13226259455211886,-0.08972742440395942,L,-1.0,False
2022/23,2022-08-31,West Ham,Tottenham,Home,West Ham,0.5,+0.5 to +1.0,Pinnacle Close,1.94,0.5207526909696372,0.0,0.5051020408163266,0.015650650153310575,0.010260220481096094,W,0.94,True
2022/23,2022-08-31,West Ham,Tottenham,Away,Tottenham,-0.5,-0.5 to -1.0,Pinnacle Close,1.98,0.47924730903036283,0.0,0.49489795918367346,-0.01565065015331063,-0.05109032811988162,L,-1.0,False
2022/23,2022-09-01,Leicester,Man United,Home,Leicester,0.5,+0.5 to +1.0,Pinnacle Close,1.96,0.5800473884282693,0.0,0.5,0.0800473884282693,0.1368928813194078,L,-1.0,True
2022/23,2022-09-01,Leicester,Man United,Away,Man United,-0.5,-0.5 to -1.0,Pinnacle Close,1.96,0.4199526115717301,0.0,0.5,-0.08004738842826992,-0.1768928813194091,W,0.96,False
2022/23,2022-09-03,Aston Villa,Man City,Home,Aston Villa,1.5,+1.5 or more,Pinnacle Close,2.02,0.5050061754184478,0.0,0.48600508905852424,0.01900108635992359,0.02011247434526464,W,1.02,True
2022/23,2022-09-03,Aston Villa,Man City,Away,Man City,-1.5,-1.5 or more,Pinnacle Close,1.91,0.494993824581552,0.0,0.5139949109414759,-0.01900108635992387,-0.05456179504923575,L,-1.0,False
2022/23,2022-09-03,Chelsea,West Ham,Home,Chelsea,-1.0,-0.5 to -1.0,Pinnacle Close,1.88,0.3596926033645405,0.24400997408450553,0.5216284987277354,-0.16193589536319491,-0.07976793159015838,PUSH,0.0,False
2022/23,2022-09-03,Chelsea,West Ham,Away,West Ham,1.0,+0.5 to +1.0,Pinnacle Close,2.05,0.39629742255095374,0.24400997408450553,0.4783715012722647,-0.08207407872131095,0.05641969031396055,PUSH,0.0,True
2022/23,2022-09-03,Newcastle,Crystal Palace,Home,Newcastle,-0.5,-0.5 to -1.0,Pinnacle Close,2.12,0.29850017172574,0.0,0.46329113924050636,-0.16479096751476635,-0.3671796359414311,L,-1.0,False
2022/23,2022-09-03,Newcastle,Crystal Palace,Away,Crystal Palace,0.5,+0.5 to +1.0,Pinnacle Close,1.83,0.7014998282742599,0.0,0.5367088607594936,0.1647909675147663,0.2837446857418957,W,0.8300000000000001,True
2022/23,2022-09-03,Nott'm Forest,Bournemouth,Home,Nott'm Forest,-0.5,-0.5 to -1.0,Pinnacle Close,1.89,0.5662083543227262,0.0,0.5190839694656489,0.04712438485707726,0.07013378966995243,L,-1.0,True
2022/23,2022-09-03,Nott'm Forest,Bournemouth,Away,Bournemouth,0.5,+0.5 to +1.0,Pinnacle Close,2.04,0.4337916456772737,0.0,0.4809160305343511,-0.04712438485707743,-0.11506504281836166,W,1.04,False
2022/23,2022-09-04,Brighton,Leicester,Home,Brighton,-0.5,-0.5 to -1.0,Pinnacle Close,1.94,0.5774700531125363,0.0,0.5051020408163266,0.0723680122962097,0.12029190303832038,W,0.94,True
2022/23,2022-09-04,Brighton,Leicester,Away,Leicester,0.5,+0.5 to +1.0,Pinnacle Close,1.98,0.42252994688746387,0.0,0.49489795918367346,-0.0723680122962096,-0.1633907051628215,L,-1.0,False
2022/23,2022-09-04,Man United,Arsenal,Home,Man United,0.0,near pick'em,Pinnacle Close,1.97,0.3344962775959902,0.2499530205709266,0.49744897959183665,-0.16295270199584644,-0.09108931256497271,W,0.97,False
2022/23,2022-09-04,Man United,Arsenal,Away,Arsenal,-0.0,near pick'em,Pinnacle Close,1.95,0.41555070183308296,0.2499530205709266,0.5025510204081632,-0.08700031857508028,0.060276889145438384,L,-1.0,True
2022/23,2022-09-16,Nott'm Forest,Fulham,Home,Nott'm Forest,0.0,near pick'em,Pinnacle Close,2.02,0.29444336521698156,0.2302945729851406,0.48469387755102045,-0.1902505123340389,-0.17492982927655665,L,-1.0,False
2022/23,2022-09-16,Nott'm Forest,Fulham,Away,Fulham,-0.0,near pick'em,Pinnacle Close,1.9,0.475262061797878,0.2302945729851406,0.5153061224489797,-0.040044060651101665,0.13329249040110874,W,0.8999999999999999,True
2022/23,2022-09-17,Wolves,Man City,Home,Wolves,1.5,+1.5 or more,Pinnacle Close,1.98,0.46900208404702487,0.0,0.49489795918367346,-0.025895875136648594,-0.07137587358689085,L,-1.0,False
2022/23,2022-09-17,Wolves,Man City,Away,Man City,-1.5,-1.5 or more,Pinnacle Close,1.94,0.5309979159529751,0.0,0.5051020408163266,0.025895875136648483,0.030135956948771636,W,0.94,True
2022/23,2022-10-01,Arsenal,Tottenham,Home,Arsenal,-0.5,-0.5 to -1.0,Pinnacle Close,1.99,0.417254323745658,0.0,0.48711340206185555,-0.06985907831619753,-0.1696638957461405,W,0.99,False
2022/23,2022-10-01,Arsenal,Tottenham,Away,Tottenham,0.5,+0.5 to +1.0,Pinnacle Close,1.89,0.5827456762543421,0.0,0.5128865979381443,0.06985907831619786,0.10138932812070656,L,-1.0,True
2022/23,2022-10-01,Crystal Palace,Chelsea,Home,Crystal Palace,0.5,+0.5 to +1.0,Pinnacle Close,1.9,0.599236007871216,0.0,0.5165394402035622,0.08269656766765376,0.13854841495531034,L,-1.0,True
2022/23,2022-10-01,Crystal Palace,Chelsea,Away,Chelsea,-0.5,-0.5 to -1.0,Pinnacle Close,2.03,0.40076399212878416,0.0,0.48346055979643765,-0.08269656766765349,-0.18644909597856818,W,1.0299999999999998,False
2022/23,2022-10-01,Liverpool,Brighton,Home,Liverpool,-1.5,-1.5 or more,Pinnacle Close,2.04,0.43584987818377596,0.0,0.47959183673469385,-0.04374195855091789,-0.11086624850509702,L,-1.0,False
2022/23,2022-10-01,Liverpool,Brighton,Away,Brighton,1.5,+1.5 or more,Pinnacle Close,1.88,0.5641501218162238,0.0,0.5204081632653061,0.04374195855091767,0.060602229014500686,W,0.8799999999999999,True
2022/23,2022-10-01,West Ham,Wolves,Home,West Ham,-0.5,-0.5 to -1.0,Pinnacle Close,2.07,0.540461190782231,0.0,0.47328244274809167,0.06717874803413931,0.11875466491921804,W,1.0699999999999998,True
2022/23,2022-10-01,West Ham,Wolves,Away,Wolves,0.5,+0.5 to +1.0,Pinnacle Close,1.86,0.45953880921776913,0.0,0.5267175572519084,-0.06717874803413926,-0.14525781485494937,L,-1.0,False
2022/23,2022-10-02,Man City,Man United,Home,Man City,-1.5,-1.5 or more,Pinnacle Close,1.91,0.5890647540063582,0.0,0.5176767676767676,0.07138798632959054,0.12511368015214408,W,0.9099999999999999,True
2022/23,2022-10-02,Man City,Man United,Away,Man United,1.5,+1.5 or more,Pinnacle Close,2.05,0.41093524599364184,0.0,0.4823232323232323,-0.07138798632959048,-0.15758274571303432,L,-1.0,False
2022/23,2022-10-08,Bournemouth,Leicester,Home,Bournemouth,0.5,+0.5 to +1.0,Pinnacle Close,2.01,0.5295583143680397,0.0,0.4885496183206107,0.04100869604742896,0.06441221187975965,W,1.0099999999999998,True
2022/23,2022-10-08,Bournemouth,Leicester,Away,Leicester,-0.5,-0.5 to -1.0,Pinnacle Close,1.92,0.47044168563196026,0.0,0.5114503816793893,-0.041008696047429016,-0.0967519635866364,L,-1.0,False
2022/23,2022-10-08,Brighton,Tottenham,Home,Brighton,0.0,near pick'em,Pinnacle Close,1.84,0.35407923881918885,0.27236690010753245,0.5329949238578681,-0.17891568503867922,-0.07612730046515997,L,-1.0,False
2022/23,2022-10-08,Brighton,Tottenham,Away,Tottenham,-0.0,near pick'em,Pinnacle Close,2.1,0.3735538610732785,0.27236690010753245,0.46700507614213205,-0.09345121506885357,0.05683000836141727,W,1.1,True
2022/23,2022-10-08,Man City,Southampton,Home,Man City,-2.5,-1.5 or more,Pinnacle Close,1.96,0.47979909761896344,0.0,0.4974358974358974,-0.017636799816933946,-0.05959376866683169,W,0.96,False
2022/23,2022-10-08,Man City,Southampton,Away,Southampton,2.5,+1.5 or more,Pinnacle Close,1.94,0.5202009023810364,0.0,0.5025641025641026,0.01763679981693389,0.00918975061921068,L,-1.0,True
2022/23,2022-10-09,Arsenal,Liverpool,Home,Arsenal,0.0,near pick'em,Pinnacle Close,1.93,0.2945170660220838,0.23812779989392507,0.5076530612244898,-0.21313599520240606,-0.19345426268345334,W,0.9299999999999999,False
2022/23,2022-10-09,Arsenal,Liverpool,Away,Liverpool,-0.0,near pick'em,Pinnacle Close,1.99,0.46735513408399143,0.23812779989392507,0.49234693877551017,-0.024991804691518738,0.16816451672106802,L,-1.0,True
2022/23,2022-10-09,Crystal Palace,Leeds,Home,Crystal Palace,-0.5,-0.5 to -1.0,Pinnacle Close,2.09,0.5554377724561417,0.0,0.46954314720812185,0.08589462524801983,0.160864944433336,W,1.0899999999999999,True
2022/23,2022-10-09,Crystal Palace,Leeds,Away,Leeds,0.5,+0.5 to +1.0,Pinnacle Close,1.85,0.44456222754385794,0.0,0.530456852791878,-0.0858946252480201,-0.17755987904386283,L,-1.0,False
2022/23,2022-10-09,Everton,Man United,Home,Everton,0.5,+0.5 to +1.0,Pinnacle Close,1.85,0.5765308877232104,0.0,0.530456852791878,0.04607403493133233,0.06658214228793924,L,-1.0,True
2022/23,2022-10-09,Everton,Man United,Away,Man United,-0.5,-0.5 to -1.0,Pinnacle Close,2.09,0.4234691122767901,0.0,0.46954314720812185,-0.04607403493133172,-0.11494955534150864,W,1.0899999999999999,False
2022/23,2022-10-15,Fulham,Bournemouth,Home,Fulham,-0.5,-0.5 to -1.0,Pinnacle Close,1.98,0.49995064004001677,0.0,0.49489795918367346,0.005052680856343306,-0.010097732720766806,L,-1.0,False
2022/23,2022-10-15,Fulham,Bournemouth,Away,Bournemouth,0.5,+0.5 to +1.0,Pinnacle Close,1.94,0.5000493599599835,0.0,0.5051020408163266,-0.005052680856343139,-0.029904241677632115,W,0.94,False
2022/23,2022-10-16,Leeds,Arsenal,Home,Leeds,1.0,+0.5 to +1.0,Pinnacle Close,2.04,0.44391930980511524,0.21878769827082076,0.4809160305343511,-0.03699672072923588,0.12438309027325595,PUSH,0.0,True
2022/23,2022-10-16,Leeds,Arsenal,Away,Arsenal,-1.0,-0.5 to -1.0,Pinnacle Close,1.89,0.33729299192406403,0.21878769827082076,0.5190839694656489,-0.1817909775415849,-0.14372854699269821,PUSH,0.0,False
2022/23,2022-10-16,Liverpool,Man City,Home,Liverpool,0.5,+0.5 to +1.0,Pinnacle Close,2.02,0.5514312083409625,0.0,0.48469387755102045,0.06673733078994204,0.11389104084874424,W,1.02,True
2022/23,2022-10-16,Liverpool,Man City,Away,Man City,-0.5,-0.5 to -1.0,Pinnacle Close,1.9,0.44856879165903774,0.0,0.5153061224489797,-0.06673733078994193,-0.14771929584782834,L,-1.0,False
2022/23,2022-10-16,Man United,Newcastle,Home,Man United,-0.5,-0.5 to -1.0,Pinnacle Close,2.08,0.5116740920142087,0.0,0.4707379134860051,0.04093617852820358,0.06428211138955409,L,-1.0,True
2022/23,2022-10-16,Man United,Newcastle,Away,Newcastle,0.5,+0.5 to +1.0,Pinnacle Close,1.85,0.4883259079857912,0.0,0.5292620865139949,-0.04093617852820369,-0.09659707022628633,W,0.8500000000000001,False
2022/23,2022-10-19,Bournemouth,Southampton,Home,Bournemouth,0.0,near pick'em,Pinnacle Close,1.91,0.27210587515190426,0.3065819289028617,0.5139949109414759,-0.2418890357895716,-0.17369584955700115,L,-1.0,False
2022/23,2022-10-19,Bournemouth,Southampton,Away,Southampton,-0.0,near pick'em,Pinnacle Close,2.02,0.4213121959452343,0.3065819289028617,0.48600508905852424,-0.06469289311328996,0.1576325647122349,W,1.02,True
2022/23,2022-10-19,Newcastle,Everton,Home,Newcastle,-1.0,-0.5 to -1.0,Pinnacle Close,1.85,0.2811383701354657,0.2295974775033581,0.530456852791878,-0.24931848265641232,-0.2502965377460303,PUSH,0.0,False
2022/23,2022-10-19,Newcastle,Everton,Away,Everton,1.0,+0.5 to +1.0,Pinnacle Close,2.09,0.48926415236117643,0.2295974775033581,0.46954314720812185,0.019721005153054583,0.2521595559382168,PUSH,0.0,True
2022/23,2022-10-20,Fulham,Aston Villa,Home,Fulham,0.0,near pick'em,Pinnacle Close,1.82,0.2815956489424582,0.2474067490019228,0.5392405063291139,-0.2576448573866557,-0.2400891699228032,W,0.8200000000000001,False
2022/23,2022-10-20,Fulham,Aston Villa,Away,Aston Villa,-0.0,near pick'em,Pinnacle Close,2.13,0.4709976020556195,0.2474067490019228,0.4607594936708861,0.010238108384733435,0.2506316413803923,L,-1.0,True
2022/23,2022-10-22,Everton,Crystal Palace,Home,Everton,0.0,near pick'em,Pinnacle Close,2.15,0.30177261060023647,0.29521272678908694,0.45569620253164556,-0.1539235919314091,-0.0559761604204046,W,1.15,False
2022/23,2022-10-22,Everton,Crystal Palace,Away,Crystal Palace,-0.0,near pick'em,Pinnacle Close,1.8,0.4030146626106767,0.29521272678908694,0.5443037974683544,-0.14128913485767775,0.020639119488305102,L,-1.0,True
2022/23,2022-10-22,Man City,Brighton,Home,Man City,-2.0,-1.5 or more,Pinnacle Close,1.95,0.2645289885908495,0.21748555192441577,0.5,-0.2354710114091505,-0.2666829203234277,PUSH,0.0,False
2022/23,2022-10-22,Man City,Brighton,Away,Brighton,2.0,+1.5 or more,Pinnacle Close,1.95,0.5179854594847343,0.21748555192441577,0.5,0.01798545948473429,0.22755719791964762,PUSH,0.0,True
2022/23,2022-10-23,Leeds,Fulham,Home,Leeds,-0.5,-0.5 to -1.0,Pinnacle Close,2.11,0.5733960245693832,0.0,0.46446700507614214,0.10892901949324107,0.20986561184139851,L,-1.0,True
2022/23,2022-10-23,Leeds,Fulham,Away,Fulham,0.5,+0.5 to +1.0,Pinnacle Close,1.83,0.4266039754306169,0.0,0.5355329949238579,-0.10892901949324096,-0.21931472496197102,W,0.8300000000000001,False
2022/23,2022-10-23,Southampton,Arsenal,Home,Southampton,1.0,+0.5 to +1.0,Pinnacle Close,1.88,0.4670710446878906,0.22987016776792601,0.5216284987277354,-0.0545574540398448,0.10796373178116037,W,0.8799999999999999,True
2022/23,2022-10-23,Southampton,Arsenal,Away,Arsenal,-1.0,-0.5 to -1.0,Pinnacle Close,2.05,0.303058787544183,0.22987016776792601,0.4783715012722647,-0.17531271372808171,-0.1488593177664989,L,-1.0,False
2022/23,2022-10-23,Tottenham,Newcastle,Home,Tottenham,-0.5,-0.5 to -1.0,Pinnacle Close,1.93,0.6119185610258704,0.0,0.5076530612244898,0.10426549980138056,0.18100282277992985,L,-1.0,True
2022/23,2022-10-23,Tottenham,Newcastle,Away,Newcastle,0.5,+0.5 to +1.0,Pinnacle Close,1.99,0.38808143897412956,0.0,0.49234693877551017,-0.10426549980138061,-0.22771793644148214,W,0.99,False
2022/23,2022-10-24,West Ham,Bournemouth,Home,West Ham,-1.0,-0.5 to -1.0,Pinnacle Close,2.12,0.39520304849723065,0.2675295496793259,0.46329113924050636,-0.06808809074327571,0.10536001249345495,W,1.12,True
2022/23,2022-10-24,West Ham,Bournemouth,Away,Bournemouth,1.0,+0.5 to +1.0,Pinnacle Close,1.83,0.3372674018234437,0.2675295496793259,0.5367088607594936,-0.19944145893604992,-0.11527110498377208,L,-1.0,False
2022/23,2022-10-29,Crystal Palace,Southampton,Home,Crystal Palace,-0.5,-0.5 to -1.0,Pinnacle Close,2.08,0.5314929792635402,0.0,0.4707379134860051,0.060755065777535144,0.10550539686816374,W,1.08,True
2022/23,2022-10-29,Crystal Palace,Southampton,Away,Southampton,0.5,+0.5 to +1.0,Pinnacle Close,1.85,0.46850702073646033,0.0,0.5292620865139949,-0.060755065777534534,-0.13326201163754836,L,-1.0,False
2022/23,2022-10-30,Arsenal,Nott'm Forest,Home,Arsenal,-2.0,-1.5 or more,Pinnacle Close,1.85,0.2839635662012634,0.2130346598310381,0.526854219948849,-0.24289065374758556,-0.2616327426966246,W,0.8500000000000001,False
2022/23,2022-10-30,Arsenal,Nott'm Forest,Away,Nott'm Forest,2.0,+1.5 or more,Pinnacle Close,2.06,0.5030017739676984,0.2130346598310381,0.4731457800511509,0.02985599391654753,0.2492183142044968,L,-1.0,True
2022/23,2022-11-05,Man City,Fulham,Home,Man City,-2.5,-1.5 or more,Pinnacle Close,2.08,0.6222470318367151,0.0,0.46803069053708446,0.1542163412996307,0.2942738262203676,L,-1.0,True
2022/23,2022-11-05,Man City,Fulham,Away,Fulham,2.5,+1.5 or more,Pinnacle Close,1.83,0.3777529681632846,0.0,0.5319693094629157,-0.15421634129963108,-0.30871206826118924,W,0.8300000000000001,False
2022/23,2022-11-05,Nott'm Forest,Brentford,Home,Nott'm Forest,0.0,near pick'em,Pinnacle Close,1.88,0.2837700876019916,0.2627596949255698,0.5204081632653061,-0.23663807566331452,-0.203752540382686,PUSH,0.0,False
2022/23,2022-11-05,Nott'm Forest,Brentford,Away,Brentford,-0.0,near pick'em,Pinnacle Close,2.04,0.45347021747243915,0.2627596949255698,0.47959183673469385,-0.026121619262254703,0.1878389385693457,PUSH,0.0,True
2022/23,2022-11-06,Chelsea,Arsenal,Home,Chelsea,0.0,near pick'em,Pinnacle Close,1.99,0.42331038206009697,0.26263295576970763,0.49234693877551017,-0.0690365567154132,0.10502061606930058,L,-1.0,True
2022/23,2022-11-06,Chelsea,Arsenal,Away,Arsenal,-0.0,near pick'em,Pinnacle Close,1.93,0.31405666217019557,0.26263295576970763,0.5076530612244898,-0.19359639905429427,-0.13123768624181492,W,0.9299999999999999,False
2022/23,2022-11-06,Southampton,Newcastle,Home,Southampton,0.5,+0.5 to +1.0,Pinnacle Close,2.08,0.6091778192689485,0.0,0.4707379134860051,0.13843990578294346,0.26708986407941304,L,-1.0,True
2022/23,2022-11-06,Southampton,Newcastle,Away,Newcastle,-0.5,-0.5 to -1.0,Pinnacle Close,1.85,0.3908221807310515,0.0,0.5292620865139949,-0.13843990578294335,-0.2769789656475547,W,0.8500000000000001,False
2022/23,2022-11-06,West Ham,Crystal Palace,Home,West Ham,-0.5,-0.5 to -1.0,Pinnacle Close,1.89,0.4551695189183905,0.0,0.5178571428571429,-0.06268762393875238,-0.13972960924424194,L,-1.0,False
2022/23,2022-11-06,West Ham,Crystal Palace,Away,Crystal Palace,0.5,+0.5 to +1.0,Pinnacle Close,2.03,0.5448304810816093,0.0,0.4821428571428572,0.06268762393875205,0.10600587659566663,W,1.0299999999999998,True
2022/23,2022-11-12,Bournemouth,Everton,Home,Bournemouth,0.0,near pick'em,Pinnacle Close,2.02,0.3061626472272272,0.3018360305049043,0.48600508905852424,-0.17984244183129705,-0.07971542209609678,W,1.02,False
2022/23,2022-11-12,Bournemouth,Everton,Away,Everton,-0.0,near pick'em,Pinnacle Close,1.91,0.3920013222678684,0.3018360305049043,0.5139949109414759,-0.12199358867360749,0.05055855603653292,L,-1.0,True
2022/23,2022-11-12,Tottenham,Leeds,Home,Tottenham,-1.0,-0.5 to -1.0,Pinnacle Close,2.06,0.46224071077765094,0.21866565269667365,0.47582697201017815,-0.013586261232527208,0.17088151689863462,PUSH,0.0,True
2022/23,2022-11-12,Tottenham,Leeds,Away,Leeds,1.0,+0.5 to +1.0,Pinnacle Close,1.87,0.3190936365256755,0.21866565269667365,0.5241730279898218,-0.20507939146414628,-0.18462924700031302,PUSH,0.0,False
2022/23,2022-11-12,Wolves,Arsenal,Home,Wolves,1.0,+0.5 to +1.0,Pinnacle Close,1.94,0.4481095443522776,0.24772009815590712,0.5051020408163266,-0.05699249646404897,0.11705261419932561,L,-1.0,True
2022/23,2022-11-12,Wolves,Arsenal,Away,Arsenal,-1.0,-0.5 to -1.0,Pinnacle Close,1.98,0.3041703574918155,0.24772009815590712,0.49489795918367346,-0.19072760169185798,-0.15002259401029816,W,0.98,False
2022/23,2022-11-13,Brighton,Aston Villa,Home,Brighton,-0.5,-0.5 to -1.0,Pinnacle Close,1.99,0.5672094761208369,0.0,0.49234693877551017,0.07486253734532677,0.12874685748046555,L,-1.0,True
2022/23,2022-11-13,Brighton,Aston Villa,Away,Aston Villa,0.5,+0.5 to +1.0,Pinnacle Close,1.93,0.43279052387916345,0.0,0.5076530612244898,-0.07486253734532639,-0.16471428891321466,W,0.9299999999999999,False
2022/23,2022-11-13,Fulham,Man United,Home,Fulham,0.5,+0.5 to +1.0,Pinnacle Close,2.06,0.5383232468781473,0.0,0.47582697201017815,0.062496274867969104,0.10894588856898335,L,-1.0,True
2022/23,2022-11-13,Fulham,Man United,Away,Man United,-0.5,-0.5 to -1.0,Pinnacle Close,1.87,0.4616767531218525,0.0,0.5241730279898218,-0.06249627486796927,-0.13666447166213574,W,0.8700000000000001,False
2022/23,2022-12-26,Arsenal,West Ham,Home,Arsenal,-1.0,-0.5 to -1.0,Pinnacle Close,1.99,0.3467584557176764,0.2404844086474599,0.49234693877551017,-0.14558848305783378,-0.0694662644743641,W,0.99,False
2022/23,2022-12-26,Arsenal,West Ham,Away,West Ham,1.0,+0.5 to +1.0,Pinnacle Close,1.93,0.41275713563486405,0.2404844086474599,0.5076530612244898,-0.09489592558962578,0.03710568042274748,L,-1.0,True
2022/23,2022-12-26,Brentford,Tottenham,Home,Brentford,0.5,+0.5 to +1.0,Pinnacle Close,2.01,0.5802345333222274,0.0,0.4872448979591837,0.09298963536304372,0.16627141197767692,W,1.0099999999999998,True
2022/23,2022-12-26,Brentford,Tottenham,Away,Tottenham,-0.5,-0.5 to -1.0,Pinnacle Close,1.91,0.41976546667777226,0.0,0.5127551020408163,-0.09298963536304405,-0.19824795864545502,L,-1.0,False
2022/23,2022-12-26,Crystal Palace,Fulham,Home,Crystal Palace,-0.5,-0.5 to -1.0,Pinnacle Close,1.97,0.5715230429768466,0.0,0.49744897959183665,0.07407406338500999,0.12590039466438785,L,-1.0,True
2022/23,2022-12-26,Crystal Palace,Fulham,Away,Fulham,0.5,+0.5 to +1.0,Pinnacle Close,1.95,0.4284769570231539,0.0,0.5025510204081632,-0.07407406338500933,-0.16446993380484987,W,0.95,False
2022/23,2022-12-27,Chelsea,Bournemouth,Home,Chelsea,-1.5,-1.5 or more,Pinnacle Close,2.04,0.42897160317701943,0.0,0.47959183673469385,-0.05062023355767442,-0.12489792951888035,W,1.04,False
2022/23,2022-12-27,Chelsea,Bournemouth,Away,Bournemouth,1.5,+1.5 or more,Pinnacle Close,1.88,0.5710283968229808,0.0,0.5204081632653061,0.05062023355767464,0.07353338602720383,L,-1.0,True
2022/23,2022-12-27,Man United,Nott'm Forest,Home,Man United,-1.5,-1.5 or more,Pinnacle Close,1.93,0.4020143362990277,0.0,0.5089058524173028,-0.10689151611827508,-0.22411233094287653,W,0.9299999999999999,False
2022/23,2022-12-27,Man United,Nott'm Forest,Away,Nott'm Forest,1.5,+1.5 or more,Pinnacle Close,2.0,0.5979856637009731,0.0,0.49109414758269715,0.10689151611827591,0.19597132740194612,L,-1.0,True
2022/23,2022-12-30,West Ham,Brentford,Home,West Ham,-0.5,-0.5 to -1.0,Pinnacle Close,1.86,0.4210764406841061,0.0,0.5267175572519084,-0.10564111656780228,-0.21679782032756262,L,-1.0,False
2022/23,2022-12-30,West Ham,Brentford,Away,Brentford,0.5,+0.5 to +1.0,Pinnacle Close,2.07,0.5789235593158937,0.0,0.47328244274809167,0.10564111656780201,0.19837176778389987,W,1.0699999999999998,True
2022/23,2022-12-31,Bournemouth,Crystal Palace,Home,Bournemouth,0.0,near pick'em,Pinnacle Close,2.09,0.2606522252547641,0.30779805413735095,0.46954314720812185,-0.20889092195335773,-0.14743879508019214,L,-1.0,False
2022/23,2022-12-31,Bournemouth,Crystal Palace,Away,Crystal Palace,-0.0,near pick'em,Pinnacle Close,1.85,0.4315497206078851,0.30779805413735095,0.530456852791878,-0.09890713218399294,0.10616503726193843,W,0.8500000000000001,True
2022/23,2022-12-31,Fulham,Southampton,Home,Fulham,-0.5,-0.5 to -1.0,Pinnacle Close,1.83,0.4762081981889015,0.0,0.5331632653061223,-0.05695506711722087,-0.1285389973143103,W,0.8300000000000001,False
2022/23,2022-12-31,Fulham,Southampton,Away,Southampton,0.5,+0.5 to +1.0,Pinnacle Close,2.09,0.5237918018110985,0.0,0.4668367346938776,0.056955067117220926,0.09472486578519579,L,-1.0,True
2022/23,2022-12-31,Man City,Everton,Home,Man City,-2.5,-1.5 or more,Pinnacle Close,1.95,0.44839091218280125,0.0,0.5,-0.05160908781719875,-0.12563772124353756,L,-1.0,False
2022/23,2022-12-31,Man City,Everton,Away,Everton,2.5,+1.5 or more,Pinnacle Close,1.95,0.5516090878171986,0.0,0.5,0.05160908781719864,0.07563772124353729,W,0.95,True
2022/23,2022-12-31,Wolves,Man United,Home,Wolves,0.5,+0.5 to +1.0,Pinnacle Close,1.96,0.5325110690049148,0.0,0.5,0.03251106900491485,0.0437216952496331,L,-1.0,True
2022/23,2022-12-31,Wolves,Man United,Away,Man United,-0.5,-0.5 to -1.0,Pinnacle Close,1.96,0.46748893099508537,0.0,0.5,-0.03251106900491463,-0.08372169524963269,W,0.96,False
2022/23,2023-01-02,Brentford,Liverpool,Home,Brentford,1.0,+0.5 to +1.0,Pinnacle Close,2.06,0.4840821856773248,0.21275805823347763,0.47582697201017815,0.008255213667146655,0.20996736072876665,W,1.06,True
2022/23,2023-01-02,Brentford,Liverpool,Away,Liverpool,-1.0,-0.5 to -1.0,Pinnacle Close,1.87,0.3031597560891979,0.21275805823347763,0.5241730279898218,-0.22101327190062392,-0.22033319787972233,L,-1.0,False
2022/23,2023-01-04,Aston Villa,Wolves,Home,Aston Villa,-0.5,-0.5 to -1.0,Pinnacle Close,1.95,0.48546645143849515,0.0,0.5025510204081632,-0.01708456896966809,-0.053340419694934416,L,-1.0,False
2022/23,2023-01-04,Aston Villa,Wolves,Away,Wolves,0.5,+0.5 to +1.0,Pinnacle Close,1.97,0.5145335485615056,0.0,0.49744897959183665,0.017084568969668923,0.013631090666165968,W,0.97,True
2022/23,2023-01-04,Leeds,West Ham,Home,Leeds,0.0,near pick'em,Pinnacle Close,2.1,0.34381642906423465,0.24944942900580225,0.46700507614213205,-0.1231886470778974,-0.02853606995930491,PUSH,0.0,False
2022/23,2023-01-04,Leeds,West Ham,Away,West Ham,-0.0,near pick'em,Pinnacle Close,1.84,0.40673414192996304,0.24944942900580225,0.5329949238578681,-0.12626078192790502,-0.002159749843065717,PUSH,0.0,False
2022/23,2023-01-04,Southampton,Nott'm Forest,Home,Southampton,-0.5,-0.5 to -1.0,Pinnacle Close,2.08,0.48819221643924104,0.0,0.4747474747474747,0.013444741691766349,0.015439810193621395,L,-1.0,True
2022/23,2023-01-04,Southampton,Nott'm Forest,Away,Nott'm Forest,0.5,+0.5 to +1.0,Pinnacle Close,1.88,0.511807783560759,0.0,0.5252525252525252,-0.013444741691766238,-0.03780136690577324,W,0.8799999999999999,False
2022/23,2023-01-13,Aston Villa,Leeds,Home,Aston Villa,-0.5,-0.5 to -1.0,Pinnacle Close,2.05,0.4688277218113122,0.0,0.47969543147208116,-0.010867709660768943,-0.03890317028681012,W,1.0499999999999998,False
2022/23,2023-01-13,Aston Villa,Leeds,Away,Leeds,0.5,+0.5 to +1.0,Pinnacle Close,1.89,0.5311722781886877,0.0,0.5203045685279187,0.010867709660768998,0.003915605776619757,L,-1.0,True
2022/23,2023-01-14,Man United,Man City,Home,Man United,0.5,+0.5 to +1.0,Pinnacle Close,2.02,0.40168168773964014,0.0,0.48600508905852424,-0.0843234013188841,-0.18860299076592696,W,1.02,False
2022/23,2023-01-14,Man United,Man City,Away,Man City,-0.5,-0.5 to -1.0,Pinnacle Close,1.91,0.5983183122603605,0.0,0.5139949109414759,0.0843234013188846,0.14278797641728846,L,-1.0,True
2022/23,2023-01-14,Nott'm Forest,Leicester,Home,Nott'm Forest,0.0,near pick'em,Pinnacle Close,1.94,0.3663415823522033,0.2771763729348873,0.5051020408163266,-0.13876045846412327,-0.012120957301838264,W,0.94,False
2022/23,2023-01-14,Nott'm Forest,Leicester,Away,Leicester,-0.0,near pick'em,Pinnacle Close,1.98,0.3564820447129097,0.2771763729348873,0.49489795918367346,-0.1384159144707638,-0.016989178533551585,L,-1.0,False
2022/23,2023-01-14,Wolves,West Ham,Home,Wolves,0.0,near pick'em,Pinnacle Close,2.15,0.28344394319334604,0.28820120435598984,0.45569620253164556,-0.17225225933829952,-0.10239431777831626,W,1.15,False
2022/23,2023-01-14,Wolves,West Ham,Away,West Ham,-0.0,near pick'em,Pinnacle Close,1.8,0.42835485245066424,0.28820120435598984,0.5443037974683544,-0.11594894501769021,0.05923993876718542,L,-1.0,True
2022/23,2023-01-15,Newcastle,Fulham,Home,Newcastle,-1.0,-0.5 to -1.0,Pinnacle Close,2.09,0.3610468055621122,0.21787980534909457,0.46954314720812185,-0.10849634164600963,-0.027532371026090963,PUSH,0.0,False
2022/23,2023-01-15,Newcastle,Fulham,Away,Fulham,1.0,+0.5 to +1.0,Pinnacle Close,1.85,0.42107338908879316,0.21787980534909457,0.530456852791878,-0.10938346370308488,-0.0031344248366380056,PUSH,0.0,False
2022/23,2023-01-19,Man City,Tottenham,Home,Man City,-1.5,-1.5 or more,Pinnacle Close,2.1,0.42285814823388795,0.0,0.46700507614213205,-0.044146927908244094,-0.1119978887088352,W,1.1,False
2022/23,2023-01-19,Man City,Tottenham,Away,Tottenham,1.5,+1.5 or more,Pinnacle Close,1.84,0.5771418517661122,0.0,0.5329949238578681,0.04414692790824415,0.06194100724964652,L,-1.0,True
2022/23,2023-01-21,Bournemouth,Nott'm Forest,Home,Bournemouth,0.0,near pick'em,Pinnacle Close,2.04,0.33150298105381487,0.29731361684940455,0.47959183673469385,-0.14808885568087898,-0.026420301800813173,PUSH,0.0,False
2022/23,2023-01-21,Bournemouth,Nott'm Forest,Away,Nott'm Forest,-0.0,near pick'em,Pinnacle Close,1.88,0.37118340209678047,0.29731361684940455,0.5204081632653061,-0.14922476116852568,-0.00486158720864821,PUSH,0.0,False
2022/23,2023-01-21,Crystal Palace,Newcastle,Home,Crystal Palace,0.5,+0.5 to +1.0,Pinnacle Close,2.06,0.6466888562026772,0.0,0.47582697201017815,0.1708618841924991,0.33217904377751517,W,1.06,True
2022/23,2023-01-21,Crystal Palace,Newcastle,Away,Newcastle,-0.5,-0.5 to -1.0,Pinnacle Close,1.87,0.3533111437973223,0.0,0.5241730279898218,-0.17086188419249948,-0.33930816109900724,L,-1.0,False
2022/23,2023-01-21,Leicester,Brighton,Home,Leicester,0.5,+0.5 to +1.0,Pinnacle Close,2.11,0.534648552116463,0.0,0.46310432569974563,0.07154422641671737,0.12810844496573692,W,1.1099999999999999,True
2022/23,2023-01-21,Leicester,Brighton,Away,Brighton,-0.5,-0.5 to -1.0,Pinnacle Close,1.82,0.46535144788353666,0.0,0.5368956743002545,-0.07154422641671787,-0.15306036485196323,L,-1.0,False
2022/23,2023-01-21,Liverpool,Chelsea,Home,Liverpool,-0.5,-0.5 to -1.0,Pinnacle Close,2.07,0.5537188891517347,0.0,0.47328244274809167,0.08043644640364306,0.14619810054409077,L,-1.0,True
2022/23,2023-01-21,Liverpool,Chelsea,Away,Chelsea,0.5,+0.5 to +1.0,Pinnacle Close,1.86,0.44628111084826544,0.0,0.5267175572519084,-0.08043644640364295,-0.16991713382222629,W,0.8600000000000001,False
2022/23,2023-01-21,Southampton,Aston Villa,Home,Southampton,0.0,near pick'em,Pinnacle Close,1.86,0.3834897959703465,0.27818110752853314,0.5267175572519084,-0.1432277612815619,-0.008527871966622358,L,-1.0,False
2022/23,2023-01-21,Southampton,Aston Villa,Away,Aston Villa,-0.0,near pick'em,Pinnacle Close,2.07,0.33832909650112003,0.27818110752853314,0.47328244274809167,-0.13495334624697164,-0.021477662714148416,W,1.0699999999999998,False
2022/23,2023-01-22,Arsenal,Man United,Home,Arsenal,-0.5,-0.5 to -1.0,Pinnacle Close,1.86,0.5228144120642751,0.0,0.5267175572519084,-0.003903145187633239,-0.027565193560448176,W,0.8600000000000001,False
2022/23,2023-01-22,Arsenal,Man United,Away,Man United,0.5,+0.5 to +1.0,Pinnacle Close,2.07,0.47718558793572513,0.0,0.47328244274809167,0.003903145187633461,-0.012225832973049022,L,-1.0,False
2022/23,2023-01-22,Man City,Wolves,Home,Man City,-2.0,-1.5 or more,Pinnacle Close,1.95,0.3868622867839386,0.22890364056700954,0.5,-0.11313771321606142,-0.016714900204310212,W,0.95,False
2022/23,2023-01-22,Man City,Wolves,Away,Wolves,2.0,+1.5 or more,Pinnacle Close,1.95,0.38423407264905224,0.22890364056700954,0.5,-0.11576592735094776,-0.021839917767338568,L,-1.0,False
2022/23,2023-02-03,Chelsea,Fulham,Home,Chelsea,-1.0,-0.5 to -1.0,Pinnacle Close,2.04,0.4315681977191064,0.22170471021651436,0.47959183673469385,-0.04802363901558748,0.1021038335634914,L,-1.0,True
2022/23,2023-02-03,Chelsea,Fulham,Away,Fulham,1.0,+0.5 to +1.0,Pinnacle Close,1.88,0.34672709206437946,0.22170471021651436,0.5204081632653061,-0.17368107120092668,-0.12644835670245225,W,0.8799999999999999,False
2022/23,2023-02-04,Aston Villa,Leicester,Home,Aston Villa,-0.5,-0.5 to -1.0,Pinnacle Close,1.83,0.45662359886567083,0.0,0.5355329949238579,-0.07890939605818703,-0.16437881407582233,L,-1.0,False
2022/23,2023-02-04,Aston Villa,Leicester,Away,Leicester,0.5,+0.5 to +1.0,Pinnacle Close,2.11,0.5433764011343294,0.0,0.46446700507614214,0.07890939605818725,0.146524206393435,W,1.1099999999999999,True
2022/23,2023-02-04,Brentford,Southampton,Home,Brentford,-0.5,-0.5 to -1.0,Pinnacle Close,2.08,0.5628328917383124,0.0,0.4707379134860051,0.09209497825230734,0.17069241481568986,W,1.08,True
2022/23,2023-02-04,Brentford,Southampton,Away,Southampton,0.5,+0.5 to +1.0,Pinnacle Close,1.85,0.4371671082616882,0.0,0.5292620865139949,-0.09209497825230667,-0.19124084971587685,L,-1.0,False
2022/23,2023-02-04,Brighton,Bournemouth,Home,Brighton,-1.5,-1.5 or more,Pinnacle Close,1.87,0.4360067538538454,0.0,0.5277777777777777,-0.09177102392393227,-0.18466737029330899,L,-1.0,False
2022/23,2023-02-04,Brighton,Bournemouth,Away,Bournemouth,1.5,+1.5 or more,Pinnacle Close,2.09,0.5639932461461543,0.0,0.47222222222222227,0.09177102392393205,0.17874588444546247,W,1.0899999999999999,True
2022/23,2023-02-04,Wolves,Liverpool,Home,Wolves,0.5,+0.5 to +1.0,Pinnacle Close,1.95,0.3539319766676165,0.0,0.5025510204081632,-0.14861904374054674,-0.30983264549814776,W,0.95,False
2022/23,2023-02-04,Wolves,Liverpool,Away,Liverpool,-0.5,-0.5 to -1.0,Pinnacle Close,1.97,0.6460680233323834,0.0,0.49744897959183665,0.1486190437405468,0.2727540059647954,L,-1.0,True
2022/23,2023-02-05,Nott'm Forest,Leeds,Home,Nott'm Forest,0.0,near pick'em,Pinnacle Close,2.05,0.39120391136716254,0.2523238428287799,0.4783715012722647,-0.08716758990510215,0.05429186113146306,W,1.0499999999999998,True
2022/23,2023-02-05,Nott'm Forest,Leeds,Away,Leeds,-0.0,near pick'em,Pinnacle Close,1.88,0.3564722458040577,0.2523238428287799,0.5216284987277354,-0.16515625292367775,-0.0775083350595917,L,-1.0,False
2022/23,2023-02-11,Bournemouth,Newcastle,Home,Bournemouth,1.0,+0.5 to +1.0,Pinnacle Close,1.83,0.47737690791902154,0.24444689134428535,0.5355329949238579,-0.05815608700483632,0.11804663283609479,W,0.8300000000000001,True
2022/23,2023-02-11,Bournemouth,Newcastle,Away,Newcastle,-1.0,-0.5 to -1.0,Pinnacle Close,2.11,0.27817620073669286,0.24444689134428535,0.46446700507614214,-0.18629080433944928,-0.16860132510129283,L,-1.0,False
2022/23,2023-02-11,Crystal Palace,Brighton,Home,Crystal Palace,0.5,+0.5 to +1.0,Pinnacle Close,1.92,0.6025027608100563,0.0,0.5114503816793893,0.091052379130667,0.15680530075530796,W,0.9199999999999999,True
2022/23,2023-02-11,Crystal Palace,Brighton,Away,Brighton,-0.5,-0.5 to -1.0,Pinnacle Close,2.01,0.3974972391899438,0.0,0.4885496183206107,-0.09105237913066694,-0.201030549228213,L,-1.0,False
2022/23,2023-02-11,Fulham,Nott'm Forest,Home,Fulham,-0.5,-0.5 to -1.0,Pinnacle Close,1.97,0.5165008542635332,0.0,0.49744897959183665,0.019051874671696556,0.017506682899160353,W,0.97,True
2022/23,2023-02-11,Fulham,Nott'm Forest,Away,Nott'm Forest,0.5,+0.5 to +1.0,Pinnacle Close,1.95,0.48349914573646635,0.0,0.5025510204081632,-0.01905187467169689,-0.05717666581389064,L,-1.0,False
2022/23,2023-02-11,Southampton,Wolves,Home,Southampton,0.0,near pick'em,Pinnacle Close,1.83,0.42813807341840066,0.2829572507413395,0.5355329949238579,-0.10739492150545721,0.06644992509701264,L,-1.0,True
2022/23,2023-02-11,Southampton,Wolves,Away,Wolves,-0.0,near pick'em,Pinnacle Close,2.11,0.2889046758402597,0.2829572507413395,0.46446700507614214,-0.17556232923588244,-0.10745388323571259,W,1.1099999999999999,False
2022/23,2023-02-12,Leeds,Man United,Home,Leeds,0.5,+0.5 to +1.0,Pinnacle Close,1.94,0.5320747236816045,0.0,0.5051020408163266,0.026972682865277875,0.03222496394231267,L,-1.0,True
2022/23,2023-02-12,Leeds,Man United,Away,Man United,-0.5,-0.5 to -1.0,Pinnacle Close,1.98,0.4679252763183953,0.0,0.49489795918367346,-0.026972682865278153,-0.07350795288957729,W,0.98,False
2022/23,2023-02-13,Liverpool,Everton,Home,Liverpool,-1.0,-0.5 to -1.0,Pinnacle Close,1.98,0.5730054268684679,0.1959263766587853,0.4936061381074168,0.07939928876105107,0.33047712185835176,W,0.98,True
2022/23,2023-02-13,Liverpool,Everton,Away,Everton,1.0,+0.5 to +1.0,Pinnacle Close,1.93,0.2310681964727465,0.1959263766587853,0.5063938618925831,-0.27532566541983655,-0.35811200414881383,L,-1.0,False
2022/23,2023-02-18,Aston Villa,Arsenal,Home,Aston Villa,0.5,+0.5 to +1.0,Pinnacle Close,1.97,0.4757255110515772,0.0,0.49744897959183665,-0.021723468540259472,-0.06282074322839293,L,-1.0,False
2022/23,2023-02-18,Aston Villa,Arsenal,Away,Arsenal,-0.5,-0.5 to -1.0,Pinnacle Close,1.95,0.5242744889484227,0.0,0.5025510204081632,0.021723468540259416,0.022335253449424164,W,0.95,True
2022/23,2023-02-18,Brentford,Crystal Palace,Home,Brentford,-0.5,-0.5 to -1.0,Pinnacle Close,2.12,0.5136444027411665,0.0,0.4619289340101523,0.051715468731014236,0.08892613381127312,L,-1.0,True
2022/23,2023-02-18,Brentford,Crystal Palace,Away,Crystal Palace,0.5,+0.5 to +1.0,Pinnacle Close,1.82,0.4863555972588332,0.0,0.5380710659898477,-0.05171546873101446,-0.11483281298892362,W,0.8200000000000001,False
2022/23,2023-02-18,Newcastle,Liverpool,Home,Newcastle,0.0,near pick'em,Pinnacle Close,1.85,0.29881485822662107,0.23230376562314775,0.530456852791878,-0.23164199456525697,-0.21488874665760327,L,-1.0,False
2022/23,2023-02-18,Newcastle,Liverpool,Away,Liverpool,-0.0,near pick'em,Pinnacle Close,2.09,0.4688813761502314,0.23230376562314775,0.46954314720812185,-0.0006617710578904479,0.21226584177713131,W,1.0899999999999999,True
2022/23,2023-02-18,Nott'm Forest,Man City,Home,Nott'm Forest,1.5,+1.5 or more,Pinnacle Close,1.93,0.4757788454116201,0.0,0.5089058524173028,-0.03312700700568272,-0.08174682835557329,W,0.9299999999999999,False
2022/23,2023-02-18,Nott'm Forest,Man City,Away,Man City,-1.5,-1.5 or more,Pinnacle Close,2.0,0.5242211545883797,0.0,0.49109414758269715,0.03312700700568255,0.0484423091767594,L,-1.0,True
2022/23,2023-02-19,Man United,Leicester,Home,Man United,-1.0,-0.5 to -1.0,Pinnacle Close,1.93,0.36131707315504547,0.23498440756905226,0.5089058524173028,-0.14758877926225733,-0.06767364124170999,W,0.9299999999999999,False
2022/23,2023-02-19,Man United,Leicester,Away,Leicester,1.0,+0.5 to +1.0,Pinnacle Close,2.0,0.403698519275902,0.23498440756905226,0.49109414758269715,-0.08739562830679515,0.0423814461208562,L,-1.0,True
2022/23,2023-02-19,Tottenham,West Ham,Home,Tottenham,-0.5,-0.5 to -1.0,Pinnacle Close,1.88,0.5279362137021832,0.0,0.5204081632653061,0.007528050436877098,-0.007479918239895578,W,0.8799999999999999,False
2022/23,2023-02-19,Tottenham,West Ham,Away,West Ham,0.5,+0.5 to +1.0,Pinnacle Close,2.04,0.4720637862978162,0.0,0.47959183673469385,-0.0075280504368776535,-0.036989875952454954,L,-1.0,False
2022/23,2023-02-24,Fulham,Wolves,Home,Fulham,0.0,near pick'em,Pinnacle Close,1.85,0.47688005328932054,0.25361262616034336,0.530456852791878,-0.053576799502557504,0.13584072474558634,PUSH,0.0,True
2022/23,2023-02-24,Fulham,Wolves,Away,Wolves,-0.0,near pick'em,Pinnacle Close,2.09,0.26950732055033627,0.25361262616034336,0.46954314720812185,-0.20003582665778558,-0.18311707388945392,PUSH,0.0,False
2022/23,2023-02-25,Bournemouth,Man City,Home,Bournemouth,1.5,+1.5 or more,Pinnacle Close,2.07,0.4369676878962864,0.0,0.47328244274809167,-0.03631475485180524,-0.09547688605468713,L,-1.0,False
2022/23,2023-02-25,Bournemouth,Man City,Away,Man City,-1.5,-1.5 or more,Pinnacle Close,1.86,0.5630323121037136,0.0,0.5267175572519084,0.03631475485180524,0.04724010051290739,W,0.8600000000000001,True
2022/23,2023-02-25,Everton,Aston Villa,Home,Everton,0.0,near pick'em,Pinnacle Close,1.8,0.3935242621341261,0.2791246662137831,0.5443037974683544,-0.15077953533422833,-0.012531661944789774,L,-1.0,False
2022/23,2023-02-25,Everton,Aston Villa,Away,Aston Villa,-0.0,near pick'em,Pinnacle Close,2.15,0.32735107165209054,0.2791246662137831,0.45569620253164556,-0.128345130879555,-0.01707052973422224,W,1.15,False
2022/23,2023-02-25,Leeds,Southampton,Home,Leeds,-0.5,-0.5 to -1.0,Pinnacle Close,1.96,0.4742870144984209,0.0,0.5,-0.025712985501579078,-0.07039745158309502,W,0.96,False
2022/23,2023-02-25,Leeds,Southampton,Away,Southampton,0.5,+0.5 to +1.0,Pinnacle Close,1.96,0.5257129855015792,0.0,0.5,0.02571298550157919,0.030397451583095147,L,-1.0,True
2022/23,2023-02-26,Tottenham,Chelsea,Home,Tottenham,0.0,near pick'em,Pinnacle Close,2.16,0.4405704095386183,0.26497461232414965,0.4545454545454545,-0.013975045006836162,0.21660669692756518,W,1.1600000000000001,True
2022/23,2023-02-26,Tottenham,Chelsea,Away,Chelsea,-0.0,near pick'em,Pinnacle Close,1.8,0.29445497813723176,0.26497461232414965,0.5454545454545454,-0.25099956731731365,-0.20500642702883318,L,-1.0,False
2022/23,2023-03-01,Liverpool,Wolves,Home,Liverpool,-1.0,-0.5 to -1.0,Pinnacle Close,1.87,0.5351344376153725,0.21483617617416378,0.5241730279898218,0.0109614096255507,0.2155375745149104,W,0.8700000000000001,True
2022/23,2023-03-01,Liverpool,Wolves,Away,Wolves,1.0,+0.5 to +1.0,Pinnacle Close,2.06,0.2500293862104635,0.21483617617416378,0.47582697201017815,-0.22579758579971465,-0.2701032882322815,L,-1.0,False
2022/23,2023-03-04,Aston Villa,Crystal Palace,Home,Aston Villa,-0.5,-0.5 to -1.0,Pinnacle Close,1.84,0.382134757502506,0.0,0.5329949238578681,-0.1508601663553621,-0.29687204619538893,W,0.8400000000000001,False
2022/23,2023-03-04,Aston Villa,Crystal Palace,Away,Crystal Palace,0.5,+0.5 to +1.0,Pinnacle Close,2.1,0.6178652424974942,0.0,0.46700507614213205,0.15086016635536215,0.2975170092447379,L,-1.0,True
2022/23,2023-03-04,Southampton,Leicester,Home,Southampton,0.0,near pick'em,Pinnacle Close,2.12,0.41400010319695907,0.2679684526448863,0.46329113924050636,-0.04929103604354729,0.1456486714224396,W,1.12,True
2022/23,2023-03-04,Southampton,Leicester,Away,Leicester,-0.0,near pick'em,Pinnacle Close,1.83,0.3180314441581544,0.2679684526448863,0.5367088607594936,-0.21867741660133927,-0.15003400454569116,L,-1.0,False
2022/23,2023-03-05,Nott'm Forest,Everton,Home,Nott'm Forest,0.0,near pick'em,Pinnacle Close,2.13,0.3828202976474727,0.27240879144359126,0.4607594936708861,-0.07793919602341337,0.08781602543270811,PUSH,0.0,True
2022/23,2023-03-05,Nott'm Forest,Everton,Away,Everton,-0.0,near pick'em,Pinnacle Close,1.82,0.3447709109089359,0.27240879144359126,0.5392405063291139,-0.194469595420178,-0.1001081507021454,PUSH,0.0,False
2022/23,2023-03-06,Brentford,Fulham,Home,Brentford,-0.5,-0.5 to -1.0,Pinnacle Close,2.08,0.6010108030920949,0.0,0.4720812182741116,0.12892958481798328,0.2501024704315574,W,1.08,True
2022/23,2023-03-06,Brentford,Fulham,Away,Fulham,0.5,+0.5 to +1.0,Pinnacle Close,1.86,0.39898919690790585,0.0,0.5279187817258882,-0.1289295848179824,-0.2578800937512951,L,-1.0,False
2022/23,2023-03-11,Crystal Palace,Man City,Home,Crystal Palace,1.5,+1.5 or more,Pinnacle Close,1.84,0.6156506531984544,0.0,0.5318066157760813,0.08384403742237301,0.1327972018851561,W,0.8400000000000001,True
2022/23,2023-03-11,Crystal Palace,Man City,Away,Man City,-1.5,-1.5 or more,Pinnacle Close,2.09,0.3843493468015462,0.0,0.4681933842239186,-0.0838440374223724,-0.19670986518476852,L,-1.0,False
2022/23,2023-03-11,Everton,Brentford,Home,Everton,0.0,near pick'em,Pinnacle Close,1.86,0.29708318061423217,0.256434717991929,0.5267175572519084,-0.22963437663767622,-0.19099056606559905,W,0.8600000000000001,False
2022/23,2023-03-11,Everton,Brentford,Away,Brentford,-0.0,near pick'em,Pinnacle Close,2.07,0.4464821013938388,0.256434717991929,0.47328244274809167,-0.026800341354252855,0.18065266787717527,L,-1.0,True
2022/23,2023-03-11,Leeds,Brighton,Home,Leeds,0.5,+0.5 to +1.0,Pinnacle Close,2.08,0.5033385679942853,0.0,0.4707379134860051,0.03260065450828026,0.0469442214281135,W,1.08,True
2022/23,2023-03-11,Leeds,Brighton,Away,Brighton,-0.5,-0.5 to -1.0,Pinnacle Close,1.85,0.49666143200571433,0.0,0.5292620865139949,-0.032600654508280535,-0.08117635078942842,L,-1.0,False
2022/23,2023-03-11,Leicester,Chelsea,Home,Leicester,0.5,+0.5 to +1.0,Pinnacle Close,1.97,0.5149508468305554,0.0,0.49744897959183665,0.017501867238718716,0.014453168256194027,L,-1.0,True
2022/23,2023-03-11,Leicester,Chelsea,Away,Chelsea,-0.5,-0.5 to -1.0,Pinnacle Close,1.95,0.4850491531694446,0.0,0.5025510204081632,-0.01750186723871866,-0.05415415131958312,W,0.95,False
2022/23,2023-03-12,Fulham,Arsenal,Home,Fulham,1.0,+0.5 to +1.0,Pinnacle Close,1.96,0.4195606840707826,0.22247815399723,0.5,-0.08043931592921738,0.04481709477596396,L,-1.0,True
2022/23,2023-03-12,Fulham,Arsenal,Away,Arsenal,-1.0,-0.5 to -1.0,Pinnacle Close,1.96,0.3579611619319877,0.22247815399723,0.5,-0.14203883806801232,-0.07591796861607414,W,0.96,False
2022/23,2023-03-12,Man United,Southampton,Home,Man United,-1.5,-1.5 or more,Pinnacle Close,2.04,0.3877010974776198,0.0,0.47959183673469385,-0.09189073925707403,-0.20908976114565553,L,-1.0,False
2022/23,2023-03-12,Man United,Southampton,Away,Southampton,1.5,+1.5 or more,Pinnacle Close,1.88,0.6122989025223806,0.0,0.5204081632653061,0.09189073925707447,0.15112193674207552,W,0.8799999999999999,True
2022/23,2023-03-18,Brentford,Leicester,Home,Brentford,-0.5,-0.5 to -1.0,Pinnacle Close,1.9,0.5671093931998031,0.0,0.5153061224489797,0.05180327075082347,0.07750784707962588,L,-1.0,True
2022/23,2023-03-18,Brentford,Leicester,Away,Leicester,0.5,+0.5 to +1.0,Pinnacle Close,2.02,0.43289060680019703,0.0,0.48469387755102045,-0.051803270750823416,-0.12556097426360202,W,1.02,False
2022/23,2023-03-18,Chelsea,Everton,Home,Chelsea,-1.0,-0.5 to -1.0,Pinnacle Close,1.91,0.38742602162905154,0.2485818000787413,0.5139949109414759,-0.12656888931242433,-0.011434498609770305,L,-1.0,False
2022/23,2023-03-18,Chelsea,Everton,Away,Everton,1.0,+0.5 to +1.0,Pinnacle Close,2.02,0.3639921782922072,0.2485818000787413,0.48600508905852424,-0.12201291076631704,-0.016153999771000127,W,1.02,False
2022/23,2023-03-18,Southampton,Tottenham,Home,Southampton,0.5,+0.5 to +1.0,Pinnacle Close,1.82,0.48417618320106337,0.0,0.5368956743002545,-0.05271949109919116,-0.11879934657406466,W,0.8200000000000001,False
2022/23,2023-03-18,Southampton,Tottenham,Away,Tottenham,-0.5,-0.5 to -1.0,Pinnacle Close,2.11,0.5158238167989363,0.0,0.46310432569974563,0.05271949109919066,0.08838825344575552,L,-1.0,True
2022/23,2023-03-19,Arsenal,Crystal Palace,Home,Arsenal,-1.5,-1.5 or more,Pinnacle Close,1.83,0.3673173717971378,0.0,0.5307692307692307,-0.16345185897209286,-0.3278092096112377,W,0.8300000000000001,False
2022/23,2023-03-19,Arsenal,Crystal Palace,Away,Crystal Palace,1.5,+1.5 or more,Pinnacle Close,2.07,0.6326826282028619,0.0,0.46923076923076923,0.1634518589720927,0.309653040379924,L,-1.0,True
2022/23,2023-04-01,Arsenal,Leeds,Home,Arsenal,-1.5,-1.5 or more,Pinnacle Close,1.99,0.49407304738527935,0.0,0.49104859335038353,0.003024454034895818,-0.016794635703294092,W,0.99,False
2022/23,2023-04-01,Arsenal,Leeds,Away,Leeds,1.5,+1.5 or more,Pinnacle Close,1.92,0.5059269526147203,0.0,0.5089514066496164,-0.0030244540348960403,-0.028620250979737027,L,-1.0,False
2022/23,2023-04-01,Bournemouth,Fulham,Home,Bournemouth,0.0,near pick'em,Pinnacle Close,1.84,0.365773497070988,0.24512367865704807,0.5329949238578681,-0.16722142678688007,-0.08185308673233394,W,0.8400000000000001,False
2022/23,2023-04-01,Bournemouth,Fulham,Away,Fulham,-0.0,near pick'em,Pinnacle Close,2.1,0.38910282427196363,0.24512367865704807,0.46700507614213205,-0.07790225187016842,0.062239609628171766,L,-1.0,True
2022/23,2023-04-01,Crystal Palace,Leicester,Home,Crystal Palace,0.0,near pick'em,Pinnacle Close,2.03,0.44969202990235324,0.2739569731893754,0.4821428571428572,-0.032450827240503965,0.1868317938911524,W,1.0299999999999998,True
2022/23,2023-04-01,Crystal Palace,Leicester,Away,Leicester,-0.0,near pick'em,Pinnacle Close,1.89,0.2763509969082712,0.2739569731893754,0.5178571428571429,-0.2415061459488717,-0.20373964265399214,L,-1.0,False
2022/23,2023-04-01,Man City,Liverpool,Home,Man City,-1.0,-0.5 to -1.0,Pinnacle Close,1.85,0.4032342638409247,0.22158741261124162,0.5292620865139949,-0.12602782267307017,-0.032429199283047605,W,0.8500000000000001,False
2022/23,2023-04-01,Man City,Liverpool,Away,Liverpool,1.0,+0.5 to +1.0,Pinnacle Close,2.08,0.37517832354783337,0.22158741261124162,0.4707379134860051,-0.09555958993817171,0.0019583255907351105,L,-1.0,True
2022/23,2023-04-01,Nott'm Forest,Wolves,Home,Nott'm Forest,0.0,near pick'em,Pinnacle Close,1.89,0.36826746138926414,0.28591804556051753,0.5190839694656489,-0.1508165080763848,-0.018056452413773294,PUSH,0.0,False
2022/23,2023-04-01,Nott'm Forest,Wolves,Away,Wolves,-0.0,near pick'em,Pinnacle Close,2.04,0.34581449305021805,0.28591804556051753,0.4809160305343511,-0.13510153748413306,-0.008620388617037622,PUSH,0.0,False
2022/23,2023-04-04,Bournemouth,Brighton,Home,Bournemouth,1.0,+0.5 to +1.0,Pinnacle Close,1.93,0.4382185548220181,0.23892799226201458,0.5076530612244898,-0.06943450640247173,0.08468980306850948,L,-1.0,True
2022/23,2023-04-04,Bournemouth,Brighton,Away,Brighton,-1.0,-0.5 to -1.0,Pinnacle Close,1.99,0.3228534529159677,0.23892799226201458,0.49234693877551017,-0.1694934858595425,-0.11859363643520976,W,0.99,False
2022/23,2023-04-04,Leicester,Aston Villa,Home,Leicester,0.0,near pick'em,Pinnacle Close,1.98,0.4289629445062027,0.25761908798241345,0.49489795918367346,-0.06593501467747076,0.10696571810469474,L,-1.0,True
2022/23,2023-04-04,Leicester,Aston Villa,Away,Aston Villa,-0.0,near pick'em,Pinnacle Close,1.94,0.3134179675113839,0.25761908798241345,0.5051020408163266,-0.1916840733049427,-0.13435005504550174,W,0.94,False
2022/23,2023-04-08,Aston Villa,Nott'm Forest,Home,Aston Villa,-1.0,-0.5 to -1.0,Pinnacle Close,2.02,0.30739465501353247,0.24883574958179153,0.48600508905852424,-0.17861043404499177,-0.13022704729087287,W,1.02,False
2022/23,2023-04-08,Aston Villa,Nott'm Forest,Away,Nott'm Forest,1.0,+0.5 to +1.0,Pinnacle Close,1.91,0.4437695954046756,0.24883574958179153,0.5139949109414759,-0.07022531553680028,0.09643567680472193,L,-1.0,True
2022/23,2023-04-08,Fulham,West Ham,Home,Fulham,0.0,near pick'em,Pinnacle Close,2.03,0.3292159694665259,0.24485405596059087,0.4821428571428572,-0.15292688767633128,-0.08683752602236156,L,-1.0,False
2022/23,2023-04-08,Fulham,West Ham,Away,West Ham,-0.0,near pick'em,Pinnacle Close,1.89,0.4259299745728831,0.24485405596059087,0.5178571428571429,-0.09192716828425979,0.049861707903339825,W,0.8899999999999999,True
2022/23,2023-04-08,Leicester,Bournemouth,Home,Leicester,-0.5,-0.5 to -1.0,Pinnacle Close,2.48,0.5263017469195612,0.0,0.3936430317848411,0.1326587151347201,0.30522833236051183,L,-1.0,True
2022/23,2023-04-08,Leicester,Bournemouth,Away,Bournemouth,0.5,+0.5 to +1.0,Pinnacle Close,1.61,0.4736982530804384,0.0,0.6063569682151589,-0.13265871513472055,-0.2373458125404942,W,0.6100000000000001,False
2022/23,2023-04-08,Man United,Everton,Home,Man United,-1.0,-0.5 to -1.0,Pinnacle Close,2.05,0.374511110579683,0.2356587133687148,0.4783715012722647,-0.10386039069258168,0.0034064900570648926,W,1.0499999999999998,True
2022/23,2023-04-08,Man United,Everton,Away,Everton,1.0,+0.5 to +1.0,Pinnacle Close,1.88,0.38983017605160203,0.2356587133687148,0.5216284987277354,-0.1317983226761334,-0.03146055565427336,L,-1.0,False
2022/23,2023-04-08,Tottenham,Brighton,Home,Tottenham,0.0,near pick'em,Pinnacle Close,2.05,0.4407819860242511,0.252309314474849,0.4783715012722647,-0.03758951524801357,0.15591238582456368,W,1.0499999999999998,True
2022/23,2023-04-08,Tottenham,Brighton,Away,Brighton,-0.0,near pick'em,Pinnacle Close,1.88,0.3069086995008998,0.252309314474849,0.5216284987277354,-0.21471979922683565,-0.1707023304634594,L,-1.0,False
2022/23,2023-04-08,Wolves,Chelsea,Home,Wolves,0.5,+0.5 to +1.0,Pinnacle Close,1.88,0.49718918972076914,0.0,0.5216284987277354,-0.02443930900696628,-0.06528432332495399,W,0.8799999999999999,False
2022/23,2023-04-08,Wolves,Chelsea,Away,Chelsea,-0.5,-0.5 to -1.0,Pinnacle Close,2.05,0.502810810279231,0.0,0.4783715012722647,0.024439309006966337,0.030762161072423466,L,-1.0,True
2022/23,2023-04-15,Chelsea,Brighton,Home,Chelsea,0.0,near pick'em,Pinnacle Close,2.22,0.4279765232100575,0.26301720681911195,0.43939393939393945,-0.011417416183881923,0.2131250883454397,L,-1.0,True
2022/23,2023-04-15,Chelsea,Brighton,Away,Brighton,-0.0,near pick'em,Pinnacle Close,1.74,0.30900626997083047,0.26301720681911195,0.5606060606060607,-0.2515997906352302,-0.19931188343164302,W,0.74,False
2022/23,2023-04-15,Everton,Fulham,Home,Everton,-0.5,-0.5 to -1.0,Pinnacle Close,1.93,0.47387143799924736,0.0,0.5076530612244898,-0.033781623225242474,-0.08542812466145261,L,-1.0,False
2022/23,2023-04-15,Everton,Fulham,Away,Fulham,0.5,+0.5 to +1.0,Pinnacle Close,1.99,0.5261285620007529,0.0,0.49234693877551017,0.033781623225242696,0.046995838381498234,W,0.99,True
2022/23,2023-04-15,Southampton,Crystal Palace,Home,Southampton,0.0,near pick'em,Pinnacle Close,2.03,0.33525385667219343,0.2908682150338136,0.48346055979643765,-0.14820670312424422,-0.028566455921633815,L,-1.0,False
2022/23,2023-04-15,Southampton,Crystal Palace,Away,Crystal Palace,-0.0,near pick'em,Pinnacle Close,1.9,0.373877928293993,0.2908682150338136,0.5165394402035622,-0.14266151190956922,0.0012362787924002916,W,0.8999999999999999,True
2022/23,2023-04-15,Wolves,Brentford,Home,Wolves,0.0,near pick'em,Pinnacle Close,2.02,0.2925478725474218,0.2735810728845049,0.48600508905852424,-0.19345721651110243,-0.1354722245697031,W,1.02,False
2022/23,2023-04-15,Wolves,Brentford,Away,Brentford,-0.0,near pick'em,Pinnacle Close,1.91,0.43387105456807323,0.2735810728845049,0.5139949109414759,-0.08012385637340264,0.10227478710952481,L,-1.0,True
2022/23,2023-04-16,West Ham,Arsenal,Home,West Ham,1.0,+0.5 to +1.0,Pinnacle Close,1.88,0.5530377658067801,0.21932928091409135,0.5216284987277354,0.03140926707904468,0.25904028063083784,W,0.8799999999999999,True
2022/23,2023-04-16,West Ham,Arsenal,Away,Arsenal,-1.0,-0.5 to -1.0,Pinnacle Close,2.05,0.22763295327912822,0.21932928091409135,0.4783715012722647,-0.25073854799313644,-0.31402316486369586,L,-1.0,False
2022/23,2023-04-21,Arsenal,Southampton,Home,Arsenal,-2.0,-1.5 or more,Pinnacle Close,2.13,0.2660422623699756,0.20886353819674044,0.4566326530612245,-0.19059039069124895,-0.22446644295521156,L,-1.0,False
2022/23,2023-04-21,Arsenal,Southampton,Away,Southampton,2.0,+1.5 or more,Pinnacle Close,1.79,0.5250941994332843,0.20886353819674044,0.5433673469387755,-0.01827314750549125,0.1487821551823193,W,0.79,True
2022/23,2023-04-22,Brentford,Aston Villa,Home,Brentford,0.0,near pick'em,Pinnacle Close,1.93,0.5147552529993695,0.2444395152335228,0.5089058524173028,0.005849400582066733,0.23791715352230597,PUSH,0.0,True
2022/23,2023-04-22,Brentford,Aston Villa,Away,Aston Villa,-0.0,near pick'em,Pinnacle Close,2.0,0.24080523176710744,0.2444395152335228,0.49109414758269715,-0.2502889158155897,-0.2739500212322623,PUSH,0.0,False
2022/23,2023-04-22,Liverpool,Nott'm Forest,Home,Liverpool,-2.0,-1.5 or more,Pinnacle Close,1.85,0.44854526561833985,0.20696302000828798,0.5280612244897959,-0.07951595887145602,0.03677176140221672,L,-1.0,True
2022/23,2023-04-22,Liverpool,Nott'm Forest,Away,Nott'm Forest,2.0,+1.5 or more,Pinnacle Close,2.07,0.34449171437337195,0.20696302000828798,0.47193877551020413,-0.12744706113683218,-0.07993913123883217,W,1.0699999999999998,False
2022/23,2023-04-23,Bournemouth,West Ham,Home,Bournemouth,0.0,near pick'em,Pinnacle Close,1.78,0.3096237301706483,0.256381728015966,0.5482233502538072,-0.23859962008315888,-0.19248803228027994,L,-1.0,False
2022/23,2023-04-23,Bournemouth,West Ham,Away,West Ham,-0.0,near pick'em,Pinnacle Close,2.16,0.4339945418133858,0.256381728015966,0.4517766497461929,-0.0177821079328071,0.19380993833287935,W,1.1600000000000001,True
2022/23,2023-04-23,Newcastle,Tottenham,Home,Newcastle,-0.5,-0.5 to -1.0,Pinnacle Close,1.93,0.4044661598603875,0.0,0.5076530612244898,-0.10318690136410236,-0.2193803114694522,W,0.9299999999999999,False
2022/23,2023-04-23,Newcastle,Tottenham,Away,Tottenham,0.5,+0.5 to +1.0,Pinnacle Close,1.99,0.5955338401396124,0.0,0.49234693877551017,0.10318690136410225,0.18511234187782866,L,-1.0,True
2022/23,2023-04-26,Man City,Arsenal,Home,Man City,-1.0,-0.5 to -1.0,Pinnacle Close,1.87,0.42413533574039924,0.23014564615674923,0.5241730279898218,-0.10003769224942255,0.023278723991295824,W,0.8700000000000001,True
2022/23,2023-04-26,Man City,Arsenal,Away,Arsenal,1.0,+0.5 to +1.0,Pinnacle Close,2.06,0.3457190181028515,0.23014564615674923,0.47582697201017815,-0.13010795390732666,-0.057673176551376604,L,-1.0,False
2022/23,2023-04-26,Nott'm Forest,Brighton,Home,Nott'm Forest,1.0,+0.5 to +1.0,Pinnacle Close,1.93,0.3746724813679016,0.24782149480633728,0.5089058524173028,-0.1342333710494012,-0.02906061615361255,W,0.9299999999999999,False
2022/23,2023-04-26,Nott'm Forest,Brighton,Away,Brighton,-1.0,-0.5 to -1.0,Pinnacle Close,2.0,0.37750602382576115,0.24782149480633728,0.49109414758269715,-0.113588123756936,0.002833542457859606,L,-1.0,True
2022/23,2023-04-26,West Ham,Liverpool,Home,West Ham,0.5,+0.5 to +1.0,Pinnacle Close,1.89,0.5029486959290552,0.0,0.5190839694656489,-0.01613527353659372,-0.049426964694085695,L,-1.0,False
2022/23,2023-04-26,West Ham,Liverpool,Away,Liverpool,-0.5,-0.5 to -1.0,Pinnacle Close,2.04,0.4970513040709445,0.0,0.4809160305343511,0.016135273536593386,0.013984660304726892,W,1.04,True
2022/23,2023-04-27,Tottenham,Man United,Home,Tottenham,0.0,near pick'em,Pinnacle Close,1.88,0.46800132306818826,0.23697390027944717,0.5216284987277354,-0.053627175659547166,0.11681638764764113,PUSH,0.0,True
2022/23,2023-04-27,Tottenham,Man United,Away,Man United,-0.0,near pick'em,Pinnacle Close,2.05,0.2950247766523643,0.23697390027944717,0.4783715012722647,-0.18334672461990037,-0.15822530758320597,PUSH,0.0,False
2022/23,2023-04-29,Brighton,Wolves,Home,Brighton,-1.0,-0.5 to -1.0,Pinnacle Close,2.1,0.42622953963207727,0.24969957450199767,0.46700507614213205,-0.04077553651005478,0.14478160772935988,W,1.1,True
2022/23,2023-04-29,Brighton,Wolves,Away,Wolves,1.0,+0.5 to +1.0,Pinnacle Close,1.84,0.3240708858659253,0.24969957450199767,0.5329949238578681,-0.20892403799194276,-0.15400999550469968,L,-1.0,False
2022/23,2023-04-29,Crystal Palace,West Ham,Home,Crystal Palace,0.0,near pick'em,Pinnacle Close,1.79,0.395075527416661,0.2893947987171022,0.5468354430379747,-0.1517599156213137,-0.0034200072070744714,W,0.79,False
2022/23,2023-04-29,Crystal Palace,West Ham,Away,West Ham,-0.0,near pick'em,Pinnacle Close,2.16,0.3155296738662365,0.2893947987171022,0.4531645569620253,-0.1376348830957888,-0.029061105731826853,L,-1.0,False
2022/23,2023-04-30,Bournemouth,Leeds,Home,Bournemouth,0.0,near pick'em,Pinnacle Close,2.16,0.41005354332475014,0.24348609096511684,0.4545454545454545,-0.04449191122070434,0.12920174454657718,W,1.1600000000000001,True
2022/23,2023-04-30,Bournemouth,Leeds,Away,Leeds,-0.0,near pick'em,Pinnacle Close,1.8,0.34646036571013333,0.24348609096511684,0.5454545454545454,-0.19899417974441208,-0.1328852507566432,L,-1.0,False
2022/23,2023-04-30,Liverpool,Tottenham,Home,Liverpool,-1.0,-0.5 to -1.0,Pinnacle Close,1.85,0.3682113517108248,0.21827349573240853,0.530456852791878,-0.16224550108105323,-0.10053550360256563,PUSH,0.0,False
2022/23,2023-04-30,Liverpool,Tottenham,Away,Tottenham,1.0,+0.5 to +1.0,Pinnacle Close,2.09,0.4135151525567669,0.21827349573240853,0.46954314720812185,-0.05602799465135494,0.08252016457605121,PUSH,0.0,True
2022/23,2023-04-30,Newcastle,Southampton,Home,Newcastle,-1.5,-1.5 or more,Pinnacle Close,1.94,0.38656574102583224,0.0,0.5025641025641026,-0.11599836153827031,-0.2500624624098854,W,0.94,False
2022/23,2023-04-30,Newcastle,Southampton,Away,Southampton,1.5,+1.5 or more,Pinnacle Close,1.96,0.6134342589741678,0.0,0.4974358974358974,0.11599836153827042,0.20233114758936888,L,-1.0,True
2022/23,2023-05-01,Leicester,Everton,Home,Leicester,-0.5,-0.5 to -1.0,Pinnacle Close,2.06,0.5048462094698755,0.0,0.47582697201017815,0.02901923745969731,0.039983191507943494,L,-1.0,True
2022/23,2023-05-01,Leicester,Everton,Away,Everton,0.5,+0.5 to +1.0,Pinnacle Close,1.87,0.4951537905301243,0.0,0.5241730279898218,-0.029019237459697478,-0.07406241170866745,W,0.8700000000000001,False
2022/23,2023-05-02,Arsenal,Chelsea,Home,Arsenal,-1.0,-0.5 to -1.0,Pinnacle Close,2.09,0.2627735993249192,0.2312731594369893,0.46954314720812185,-0.20676954788320262,-0.21953001797392957,W,1.0899999999999999,False
2022/23,2023-05-02,Arsenal,Chelsea,Away,Chelsea,1.0,+0.5 to +1.0,Pinnacle Close,1.85,0.5059532412380912,0.2312731594369893,0.530456852791878,-0.024503611553786886,0.16728665572745804,L,-1.0,True
2022/23,2023-05-03,Man City,West Ham,Home,Man City,-2.0,-1.5 or more,Pinnacle Close,1.83,0.3199327308686396,0.2202322686517601,0.5331632653061223,-0.21323053443748274,-0.19429083385862939,W,0.8300000000000001,False
2022/23,2023-05-03,Man City,West Ham,Away,West Ham,2.0,+1.5 or more,Pinnacle Close,2.09,0.45983500047960024,0.2202322686517601,0.4668367346938776,-0.007001734214277355,0.1812874196541246,L,-1.0,True
2022/23,2023-05-04,Brighton,Man United,Home,Brighton,-0.5,-0.5 to -1.0,Pinnacle Close,1.97,0.5267251037781331,0.0,0.506265664160401,0.02045943961773211,0.0376484544429222,W,0.97,True
2022/23,2023-05-04,Brighton,Man United,Away,Man United,0.5,+0.5 to +1.0,Pinnacle Close,2.02,0.4732748962218669,0.0,0.493734335839599,-0.02045943961773211,-0.04398470963182882,L,-1.0,False
2022/23,2023-05-07,Newcastle,Arsenal,Home,Newcastle,0.0,near pick'em,Pinnacle Close,2.02,0.3992615392012729,0.23526536313864013,0.48600508905852424,-0.08674354985725136,0.041773672325211286,L,-1.0,True
2022/23,2023-05-07,Newcastle,Arsenal,Away,Arsenal,-0.0,near pick'em,Pinnacle Close,1.91,0.3654730976600869,0.23526536313864013,0.5139949109414759,-0.14852181328138897,-0.06668102033059398,W,0.9099999999999999,False
2022/23,2023-05-08,Brighton,Everton,Home,Brighton,-1.5,-1.5 or more,Pinnacle Close,2.0,0.48268599515677896,0.0,0.49109414758269715,-0.008408152425918192,-0.03462800968644203,L,-1.0,False
2022/23,2023-05-08,Brighton,Everton,Away,Everton,1.5,+1.5 or more,Pinnacle Close,1.93,0.5173140048432212,0.0,0.5089058524173028,0.008408152425918414,-0.0015839706525830888,W,0.9299999999999999,False
2022/23,2023-05-08,Fulham,Leicester,Home,Fulham,0.0,near pick'em,Pinnacle Close,1.96,0.39255993833977676,0.24096023524212218,0.5,-0.10744006166022324,0.010377714388084602,W,0.96,True
2022/23,2023-05-08,Fulham,Leicester,Away,Leicester,-0.0,near pick'em,Pinnacle Close,1.96,0.36647982641810123,0.24096023524212218,0.5,-0.13352017358189877,-0.04073930497839939,L,-1.0,False
2022/23,2023-05-13,Chelsea,Nott'm Forest,Home,Chelsea,-1.0,-0.5 to -1.0,Pinnacle Close,1.96,0.4544231526546207,0.24469630111524354,0.5,-0.04557684734537931,0.13536568031830015,L,-1.0,True
2022/23,2023-05-13,Chelsea,Nott'm Forest,Away,Nott'm Forest,1.0,+0.5 to +1.0,Pinnacle Close,1.96,0.30088054623013577,0.24469630111524354,0.5,-0.19911945376986423,-0.16557782827369033,W,0.96,False
2022/23,2023-05-13,Crystal Palace,Bournemouth,Home,Crystal Palace,-0.5,-0.5 to -1.0,Pinnacle Close,2.07,0.5304053520707507,0.0,0.47328244274809167,0.05712290932265901,0.0979390787864538,W,1.0699999999999998,True
2022/23,2023-05-13,Crystal Palace,Bournemouth,Away,Bournemouth,0.5,+0.5 to +1.0,Pinnacle Close,1.86,0.4695946479292498,0.0,0.5267175572519084,-0.057122909322658566,-0.1265539548515952,L,-1.0,False
2022/23,2023-05-13,Man United,Wolves,Home,Man United,-1.5,-1.5 or more,Pinnacle Close,1.83,0.3971400204531389,0.0,0.5319693094629157,-0.13482928900977675,-0.27323376257075577,W,0.8300000000000001,False
2022/23,2023-05-13,Man United,Wolves,Away,Wolves,1.5,+1.5 or more,Pinnacle Close,2.08,0.6028599795468612,0.0,0.46803069053708446,0.13482928900977675,0.25394875745747136,L,-1.0,True
2022/23,2023-05-13,Southampton,Fulham,Home,Southampton,0.0,near pick'em,Pinnacle Close,1.99,0.4692882126189304,0.2427615835580611,0.49234693877551017,-0.02305872615657978,0.1766451266697326,L,-1.0,True
2022/23,2023-05-13,Southampton,Fulham,Away,Fulham,-0.0,near pick'em,Pinnacle Close,1.93,0.2879502038230085,0.2427615835580611,0.5076530612244898,-0.21970285740148132,-0.2014945230635325,W,0.9299999999999999,False
2022/23,2023-05-14,Brentford,West Ham,Home,Brentford,-0.5,-0.5 to -1.0,Pinnacle Close,1.82,0.46057963587155815,0.0,0.5368956743002545,-0.07631603842869639,-0.16174506271376415,W,0.8200000000000001,False
2022/23,2023-05-14,Brentford,West Ham,Away,West Ham,0.5,+0.5 to +1.0,Pinnacle Close,2.11,0.5394203641284416,0.0,0.46310432569974563,0.076316038428696,0.13817696831101178,L,-1.0,True
2022/23,2023-05-14,Everton,Man City,Home,Everton,1.5,+1.5 or more,Pinnacle Close,1.81,0.46923932838280324,0.0,0.539440203562341,-0.07020087517953777,-0.1506768156271261,L,-1.0,False
2022/23,2023-05-14,Everton,Man City,Away,Man City,-1.5,-1.5 or more,Pinnacle Close,2.12,0.5307606716171968,0.0,0.460559796437659,0.07020087517953777,0.12521262382845721,W,1.12,True
2022/23,2023-05-15,Leicester,Liverpool,Home,Leicester,1.0,+0.5 to +1.0,Pinnacle Close,2.0,0.42196337411695445,0.21930205276560183,0.49109414758269715,-0.0691307734657427,0.06322880099951067,L,-1.0,True
2022/23,2023-05-15,Leicester,Liverpool,Away,Liverpool,-1.0,-0.5 to -1.0,Pinnacle Close,1.93,0.35873457311744356,0.21930205276560183,0.5089058524173028,-0.15017127929985924,-0.0883402211177321,W,0.9299999999999999,False
2022/23,2023-05-18,Newcastle,Brighton,Home,Newcastle,-0.5,-0.5 to -1.0,Pinnacle Close,2.02,0.41461890847174154,0.0,0.48600508905852424,-0.0713861805867827,-0.16246980488708207,W,1.02,False
2022/23,2023-05-18,Newcastle,Brighton,Away,Brighton,0.5,+0.5 to +1.0,Pinnacle Close,1.91,0.5853810915282586,0.0,0.5139949109414759,0.0713861805867827,0.11807788481897386,L,-1.0,True
2022/23,2023-05-20,Bournemouth,Man United,Home,Bournemouth,1.0,+0.5 to +1.0,Pinnacle Close,1.84,0.4815727965567803,0.22873420810483544,0.5306122448979592,-0.049039448341178904,0.11482815376931127,PUSH,0.0,True
2022/23,2023-05-20,Bournemouth,Man United,Away,Man United,-1.0,-0.5 to -1.0,Pinnacle Close,2.08,0.28969299533838466,0.22873420810483544,0.46938775510204084,-0.17969475976365618,-0.1687043615913244,PUSH,0.0,False
2022/23,2023-05-20,Nott'm Forest,Arsenal,Home,Nott'm Forest,1.0,+0.5 to +1.0,Pinnacle Close,1.81,0.37643778846019976,0.2344187955726786,0.5406091370558376,-0.1641713485956378,-0.08422880731435983,W,0.81,False
2022/23,2023-05-20,Nott'm Forest,Arsenal,Away,Arsenal,-1.0,-0.5 to -1.0,Pinnacle Close,2.13,0.38914341596712143,0.2344187955726786,0.4593908629441624,-0.070247446977041,0.06329427158264722,L,-1.0,True
2022/23,2023-05-20,Wolves,Everton,Home,Wolves,0.0,near pick'em,Pinnacle Close,1.93,0.3834530813829926,0.26573332622162005,0.5138539042821159,-0.13040082289912325,0.005797773290795782,PUSH,0.0,True
2022/23,2023-05-20,Wolves,Everton,Away,Everton,-0.0,near pick'em,Pinnacle Close,2.04,0.35081359239538756,0.26573332622162005,0.4861460957178841,-0.13533250332249652,-0.0186069452917893,PUSH,0.0,False
2022/23,2023-05-21,Brighton,Southampton,Home,Brighton,-2.0,-1.5 or more,Pinnacle Close,1.83,0.24876696800628031,0.20508601430106843,0.5319693094629157,-0.28320234145663536,-0.3396704342474386,PUSH,0.0,False
2022/23,2023-05-21,Brighton,Southampton,Away,Southampton,2.0,+1.5 or more,Pinnacle Close,2.08,0.5461470176926515,0.20508601430106843,0.46803069053708446,0.07811632715556704,0.34107181110178364,PUSH,0.0,True
2022/23,2023-05-21,West Ham,Leeds,Home,West Ham,0.0,near pick'em,Pinnacle Close,1.99,0.5522958943359624,0.2174453188163553,0.49234693877551017,0.05994895556045221,0.31651414854492044,W,0.99,True
2022/23,2023-05-21,West Ham,Leeds,Away,Leeds,-0.0,near pick'em,Pinnacle Close,1.93,0.23025878684768233,0.2174453188163553,0.5076530612244898,-0.2773942743768075,-0.3381552225676178,L,-1.0,False
2022/23,2023-05-22,Newcastle,Leicester,Home,Newcastle,-1.5,-1.5 or more,Pinnacle Close,1.9,0.40054765472231985,0.0,0.5165394402035622,-0.1159917854812424,-0.23895945602759228,L,-1.0,False
2022/23,2023-05-22,Newcastle,Leicester,Away,Leicester,1.5,+1.5 or more,Pinnacle Close,2.03,0.5994523452776802,0.0,0.48346055979643765,0.11599178548124256,0.21688826091369073,W,1.0299999999999998,True
2022/23,2023-05-25,Man United,Chelsea,Home,Man United,-1.0,-0.5 to -1.0,Pinnacle Close,1.9,0.22081596902671544,0.22188944932988144,0.5165394402035622,-0.29572347117684683,-0.3585602095193593,W,0.8999999999999999,False
2022/23,2023-05-25,Man United,Chelsea,Away,Chelsea,1.0,+0.5 to +1.0,Pinnacle Close,2.03,0.5572945816434032,0.22188944932988144,0.48346055979643765,0.07383402184696553,0.3531974500659898,L,-1.0,True
2022/23,2023-05-28,Arsenal,Wolves,Home,Arsenal,-1.5,-1.5 or more,Pinnacle Close,1.96,0.49210788188060206,0.0,0.4961439588688946,-0.0040360769882925585,-0.03546855151401995,W,0.96,False
2022/23,2023-05-28,Arsenal,Wolves,Away,Wolves,1.5,+1.5 or more,Pinnacle Close,1.93,0.507892118119398,0.0,0.5038560411311055,0.0040360769882925585,-0.019768212029561805,L,-1.0,False
2022/23,2023-05-28,Aston Villa,Brighton,Home,Aston Villa,-0.5,-0.5 to -1.0,Pinnacle Close,1.88,0.31104852558370083,0.0,0.5191815856777493,-0.20813306009404847,-0.4152287719026425,W,0.8799999999999999,False
2022/23,2023-05-28,Aston Villa,Brighton,Away,Brighton,0.5,+0.5 to +1.0,Pinnacle Close,2.03,0.6889514744162992,0.0,0.4808184143222507,0.20813306009404853,0.3985714930650873,L,-1.0,True
2022/23,2023-05-28,Brentford,Man City,Home,Brentford,0.5,+0.5 to +1.0,Pinnacle Close,2.05,0.421572966035705,0.0,0.4757033248081842,-0.05413035877247924,-0.13577541962680478,W,1.0499999999999998,False
2022/23,2023-05-28,Brentford,Man City,Away,Man City,-0.5,-0.5 to -1.0,Pinnacle Close,1.86,0.5784270339642947,0.0,0.5242966751918159,0.05413035877247885,0.07587428317358824,L,-1.0,True
2022/23,2023-05-28,Leicester,West Ham,Home,Leicester,-0.5,-0.5 to -1.0,Pinnacle Close,1.85,0.3983065488182823,0.0,0.526854219948849,-0.12854767113056664,-0.2631328846861777,W,0.8500000000000001,False
2022/23,2023-05-28,Leicester,West Ham,Away,West Ham,0.5,+0.5 to +1.0,Pinnacle Close,2.06,0.6016934511817174,0.0,0.4731457800511509,0.12854767113056648,0.23948850943433775,L,-1.0,True
2022/23,2023-05-28,Man United,Fulham,Home,Man United,-1.0,-0.5 to -1.0,Pinnacle Close,1.98,0.4688892241076921,0.21977829534454954,0.4936061381074168,-0.0247169139997247,0.14817895907777984,PUSH,0.0,True
2022/23,2023-05-28,Man United,Fulham,Away,Fulham,1.0,+0.5 to +1.0,Pinnacle Close,1.93,0.3113324805477583,0.21977829534454954,0.5063938618925831,-0.19506138134482476,-0.17935001719827698,PUSH,0.0,False
2022/23,2023-05-28,Southampton,Liverpool,Home,Southampton,1.5,+1.5 or more,Pinnacle Close,1.85,0.6129940449432735,0.0,0.5280612244897959,0.08493282045347761,0.13403898314505602,W,0.8500000000000001,True
2022/23,2023-05-28,Southampton,Liverpool,Away,Liverpool,-1.5,-1.5 or more,Pinnacle Close,2.07,0.38700595505672636,0.0,0.47193877551020413,-0.08493282045347778,-0.19889767303257644,L,-1.0,False
2023/24,2023-08-11,Burnley,Man City,Home,Burnley,1.5,+1.5 or more,Pinnacle Close,1.95,0.5447759879346261,0.0,0.5025510204081632,0.042224967526462875,0.06231317647252088,L,-1.0,True
2023/24,2023-08-11,Burnley,Man City,Away,Man City,-1.5,-1.5 or more,Pinnacle Close,1.97,0.4552240120653738,0.0,0.49744897959183665,-0.042224967526462875,-0.1032086962312137,W,0.97,False
2023/24,2023-08-12,Arsenal,Nott'm Forest,Home,Arsenal,-2.0,-1.5 or more,Pinnacle Close,1.93,0.3166387525948831,0.2141407341383766,0.5051282051282052,-0.1884894525333221,-0.17474647335349908,L,-1.0,False
2023/24,2023-08-12,Arsenal,Nott'm Forest,Away,Nott'm Forest,2.0,+1.5 or more,Pinnacle Close,1.97,0.4692205132667406,0.2141407341383766,0.49487179487179483,-0.025651281605054255,0.13850514527385555,W,0.97,True
2023/24,2023-08-12,Bournemouth,West Ham,Home,Bournemouth,0.0,near pick'em,Pinnacle Close,2.01,0.3261762603127335,0.25360779278612205,0.4885496183206107,-0.16237335800787722,-0.09077792398528367,PUSH,0.0,False
2023/24,2023-08-12,Bournemouth,West Ham,Away,West Ham,-0.0,near pick'em,Pinnacle Close,1.92,0.4202159469011444,0.25360779278612205,0.5114503816793893,-0.09123443477824489,0.060422410836319274,PUSH,0.0,True
2023/24,2023-08-12,Brighton,Luton,Home,Brighton,-1.5,-1.5 or more,Pinnacle Close,2.0,0.36513928925576566,0.0,0.48849104859335046,-0.1233517593375848,-0.26972142148846867,W,1.0,False
2023/24,2023-08-12,Brighton,Luton,Away,Luton,1.5,+1.5 or more,Pinnacle Close,1.91,0.6348607107442344,0.0,0.5115089514066496,0.1233517593375848,0.21258395752148773,L,-1.0,True
2023/24,2023-08-13,Brentford,Tottenham,Home,Brentford,0.0,near pick'em,Pinnacle Close,1.89,0.4202675625102059,0.2493282049793214,0.5178571428571429,-0.09758958034693699,0.043633898123610515,PUSH,0.0,True
2023/24,2023-08-13,Brentford,Tottenham,Away,Tottenham,-0.0,near pick'em,Pinnacle Close,2.03,0.3304042325104727,0.2493282049793214,0.4821428571428572,-0.15173862463238452,-0.0799512030244191,PUSH,0.0,False
2023/24,2023-08-14,Man United,Wolves,Home,Man United,-1.5,-1.5 or more,Pinnacle Close,1.82,0.4539498377305526,0.0,0.5333333333333333,-0.07938349560278074,-0.1738112953303942,L,-1.0,False
2023/24,2023-08-14,Man United,Wolves,Away,Wolves,1.5,+1.5 or more,Pinnacle Close,2.08,0.5460501622694475,0.0,0.4666666666666667,0.0793834956027808,0.13578433752045083,W,1.08,True
2023/24,2023-08-18,Nott'm Forest,Sheffield United,Home,Nott'm Forest,-0.5,-0.5 to -1.0,Pinnacle Close,1.94,0.7448650658783936,0.0,0.5051020408163266,0.23976302506206704,0.44503822780408364,W,0.94,True
2023/24,2023-08-18,Nott'm Forest,Sheffield United,Away,Sheffield United,0.5,+0.5 to +1.0,Pinnacle Close,1.98,0.2551349341216064,0.0,0.49489795918367346,-0.23976302506206704,-0.4948328304392192,L,-1.0,False
2023/24,2023-08-19,Fulham,Brentford,Home,Fulham,0.0,near pick'em,Pinnacle Close,2.0,0.29515189663635877,0.23624656413345993,0.48979591836734687,-0.1946440217309881,-0.17344964259382256,L,-1.0,False
2023/24,2023-08-19,Fulham,Brentford,Away,Brentford,-0.0,near pick'em,Pinnacle Close,1.92,0.4686015392301815,0.23624656413345993,0.5102040816326531,-0.041602542402471576,0.1359615194554083,W,0.9199999999999999,True
2023/24,2023-08-19,Liverpool,Bournemouth,Home,Liverpool,-2.0,-1.5 or more,Pinnacle Close,1.85,0.38758193995491924,0.20923595159253333,0.5292620865139949,-0.14168014655907563,-0.07373745949086608,PUSH,0.0,False
2023/24,2023-08-19,Liverpool,Bournemouth,Away,Bournemouth,2.0,+1.5 or more,Pinnacle Close,2.08,0.40318210845254776,0.20923595159253333,0.4707379134860051,-0.06755580503345732,0.04785473717383271,PUSH,0.0,True
2023/24,2023-08-19,Wolves,Brighton,Home,Wolves,0.5,+0.5 to +1.0,Pinnacle Close,1.87,0.4416398739505427,0.0,0.5241730279898218,-0.08253315403927908,-0.17413343571248507,L,-1.0,False
2023/24,2023-08-19,Wolves,Brighton,Away,Brighton,-0.5,-0.5 to -1.0,Pinnacle Close,2.06,0.5583601260494573,0.0,0.47582697201017815,0.08253315403927913,0.15022185966188206,W,1.06,True
2023/24,2023-08-20,West Ham,Chelsea,Home,West Ham,0.5,+0.5 to +1.0,Pinnacle Close,1.95,0.6193265485833257,0.0,0.5025510204081632,0.11677552817516246,0.20768676973748512,W,0.95,True
2023/24,2023-08-20,West Ham,Chelsea,Away,Chelsea,-0.5,-0.5 to -1.0,Pinnacle Close,1.97,0.380673451416674,0.0,0.49744897959183665,-0.11677552817516262,-0.2500733007091521,L,-1.0,False
2023/24,2023-08-21,Crystal Palace,Arsenal,Home,Crystal Palace,1.0,+0.5 to +1.0,Pinnacle Close,2.0,0.5698702600040197,0.2306958123719878,0.49109414758269715,0.0787761124213226,0.37043633238002727,PUSH,0.0,True
2023/24,2023-08-21,Crystal Palace,Arsenal,Away,Arsenal,-1.0,-0.5 to -1.0,Pinnacle Close,1.93,0.19943392762399195,0.2306958123719878,0.5089058524173028,-0.30947192479331087,-0.3843967073137078,PUSH,0.0,False
2023/24,2023-08-25,Chelsea,Luton,Home,Chelsea,-1.5,-1.5 or more,Pinnacle Close,2.1,0.5415625676080841,0.0,0.4629156010230179,0.0786469665850662,0.13728139197697664,W,1.1,True
2023/24,2023-08-25,Chelsea,Luton,Away,Luton,1.5,+1.5 or more,Pinnacle Close,1.81,0.458437432391916,0.0,0.5370843989769821,-0.07864696658506615,-0.17022824737063202,L,-1.0,False
2023/24,2023-08-26,Bournemouth,Tottenham,Home,Bournemouth,0.5,+0.5 to +1.0,Pinnacle Close,1.85,0.48775650391574754,0.0,0.530456852791878,-0.0427003488761305,-0.097650467755867,L,-1.0,False
2023/24,2023-08-26,Bournemouth,Tottenham,Away,Tottenham,-0.5,-0.5 to -1.0,Pinnacle Close,2.09,0.5122434960842523,0.0,0.46954314720812185,0.0427003488761305,0.07058890681608732,W,1.0899999999999999,True
2023/24,2023-08-26,Brighton,West Ham,Home,Brighton,-1.0,-0.5 to -1.0,Pinnacle Close,2.1,0.3598410113384722,0.22940617694484358,0.47103274559193953,-0.11119173425346734,-0.014927699244364767,L,-1.0,False
2023/24,2023-08-26,Brighton,West Ham,Away,West Ham,1.0,+0.5 to +1.0,Pinnacle Close,1.87,0.41075281171668426,0.22940617694484358,0.5289672544080604,-0.1182144426913761,-0.0024860651449567506,W,0.8700000000000001,False
2023/24,2023-08-26,Man United,Nott'm Forest,Home,Man United,-1.5,-1.5 or more,Pinnacle Close,2.06,0.4572851289183925,0.0,0.47715736040609136,-0.019872231487698844,-0.05799263442811137,L,-1.0,False
2023/24,2023-08-26,Man United,Nott'm Forest,Away,Nott'm Forest,1.5,+1.5 or more,Pinnacle Close,1.88,0.5427148710816081,0.0,0.5228426395939086,0.019872231487699454,0.020303957633423186,W,0.8799999999999999,True
2023/24,2023-08-27,Sheffield United,Man City,Home,Sheffield United,2.0,+1.5 or more,Pinnacle Close,2.08,0.26795254384479844,0.2139782126478528,0.46938775510204084,-0.2014352112572424,-0.22868049615496638,W,1.08,False
2023/24,2023-08-27,Sheffield United,Man City,Away,Man City,-2.0,-1.5 or more,Pinnacle Close,1.84,0.518069243507349,0.2139782126478528,0.5306122448979592,-0.012543001390610264,0.16722562070137487,L,-1.0,True
2023/24,2023-09-02,Brighton,Newcastle,Home,Brighton,0.0,near pick'em,Pinnacle Close,1.98,0.4340302997172993,0.22575070878492556,0.49489795918367346,-0.06086765946637418,0.08513070222517816,W,0.98,True
2023/24,2023-09-02,Brighton,Newcastle,Away,Newcastle,-0.0,near pick'em,Pinnacle Close,1.94,0.340218991497775,0.22575070878492556,0.5051020408163266,-0.16488304931855158,-0.11422444770939094,L,-1.0,False
2023/24,2023-09-02,Burnley,Tottenham,Home,Burnley,0.5,+0.5 to +1.0,Pinnacle Close,1.88,0.4732272387383833,0.0,0.5204081632653061,-0.04718092452692285,-0.11033279117183942,L,-1.0,False
2023/24,2023-09-02,Burnley,Tottenham,Away,Tottenham,-0.5,-0.5 to -1.0,Pinnacle Close,2.04,0.5267727612616164,0.0,0.47959183673469385,0.047180924526922574,0.07461643297369758,W,1.04,True
2023/24,2023-09-02,Sheffield United,Everton,Home,Sheffield United,0.0,near pick'em,Pinnacle Close,1.88,0.18813789959700325,0.20703259944434077,0.5216284987277354,-0.3334905991307322,-0.4392681493132931,PUSH,0.0,False
2023/24,2023-09-02,Sheffield United,Everton,Away,Everton,-0.0,near pick'em,Pinnacle Close,2.05,0.6048295009586562,0.20703259944434077,0.4783715012722647,0.1264579996863915,0.44693307640958585,PUSH,0.0,True
2023/24,2023-09-03,Crystal Palace,Wolves,Home,Crystal Palace,-0.5,-0.5 to -1.0,Pinnacle Close,1.9,0.53097894549621,0.0,0.5165394402035622,0.014439505292647814,0.008859996442799056,W,0.8999999999999999,True
2023/24,2023-09-03,Crystal Palace,Wolves,Away,Wolves,0.5,+0.5 to +1.0,Pinnacle Close,2.03,0.4690210545037897,0.0,0.48346055979643765,-0.014439505292647925,-0.04788725935730698,L,-1.0,False
2023/24,2023-09-03,Liverpool,Aston Villa,Home,Liverpool,-1.0,-0.5 to -1.0,Pinnacle Close,2.04,0.4322314249000332,0.22680300965984002,0.47959183673469385,-0.047360411834660665,0.10855511645590776,W,1.04,True
2023/24,2023-09-03,Liverpool,Aston Villa,Away,Aston Villa,1.0,+0.5 to +1.0,Pinnacle Close,1.88,0.3409655654401267,0.22680300965984002,0.5204081632653061,-0.17944259782517946,-0.13218172731272188,L,-1.0,False
2023/24,2023-09-16,Aston Villa,Crystal Palace,Home,Aston Villa,-0.5,-0.5 to -1.0,Pinnacle Close,1.98,0.4260557211585363,0.0,0.49489795918367346,-0.06884223802513717,-0.15640967210609813,W,0.98,False
2023/24,2023-09-16,Aston Villa,Crystal Palace,Away,Crystal Palace,0.5,+0.5 to +1.0,Pinnacle Close,1.94,0.5739442788414633,0.0,0.5051020408163266,0.06884223802513667,0.11345190095243873,L,-1.0,True
2023/24,2023-09-16,Newcastle,Brentford,Home,Newcastle,-1.0,-0.5 to -1.0,Pinnacle Close,2.11,0.28758002803250915,0.23332792636392494,0.46173469387755106,-0.1741546658450419,-0.15987821448748074,PUSH,0.0,False
2023/24,2023-09-16,Newcastle,Brentford,Away,Brentford,1.0,+0.5 to +1.0,Pinnacle Close,1.81,0.4790920456035658,0.23332792636392494,0.538265306122449,-0.059173260518883275,0.10048452890637904,PUSH,0.0,True
2023/24,2023-09-17,Everton,Arsenal,Home,Everton,1.0,+0.5 to +1.0,Pinnacle Close,1.94,0.44046484706824196,0.22955417092624375,0.5051020408163266,-0.06463719374808463,0.08405597423863315,PUSH,0.0,True
2023/24,2023-09-17,Everton,Arsenal,Away,Arsenal,-1.0,-0.5 to -1.0,Pinnacle Close,1.98,0.3299809820055145,0.22955417092624375,0.49489795918367346,-0.16491697717815895,-0.11708348470283753,PUSH,0.0,False
2023/24,2023-09-23,Crystal Palace,Fulham,Home,Crystal Palace,-0.5,-0.5 to -1.0,Pinnacle Close,2.1,0.5433900944874994,0.0,0.46700507614213205,0.07638501834536737,0.14111919842374887,L,-1.0,True
2023/24,2023-09-23,Crystal Palace,Fulham,Away,Fulham,0.5,+0.5 to +1.0,Pinnacle Close,1.84,0.4566099055125007,0.0,0.5329949238578681,-0.07638501834536737,-0.1598377738569987,W,0.8400000000000001,False
2023/24,2023-09-24,Brighton,Bournemouth,Home,Brighton,-1.5,-1.5 or more,Pinnacle Close,2.09,0.48998188385773533,0.0,0.46954314720812185,0.020438736649613487,0.024062137262666816,W,1.0899999999999999,True
2023/24,2023-09-24,Brighton,Bournemouth,Away,Bournemouth,1.5,+1.5 or more,Pinnacle Close,1.85,0.5100181161422646,0.0,0.530456852791878,-0.020438736649613487,-0.05646648513681052,L,-1.0,False
2023/24,2023-09-24,Chelsea,Aston Villa,Home,Chelsea,-0.5,-0.5 to -1.0,Pinnacle Close,1.91,0.5195211987133438,0.0,0.5139949109414759,0.0055262877718679215,-0.007714510457513424,L,-1.0,False
2023/24,2023-09-24,Chelsea,Aston Villa,Away,Aston Villa,0.5,+0.5 to +1.0,Pinnacle Close,2.02,0.48047880128665593,0.0,0.48600508905852424,-0.00552628777186831,-0.029432821400955045,W,1.02,False
2023/24,2023-09-24,Liverpool,West Ham,Home,Liverpool,-1.5,-1.5 or more,Pinnacle Close,2.01,0.4684513263594056,0.0,0.4872448979591837,-0.01879357159977807,-0.05841283401759473,W,1.0099999999999998,False
2023/24,2023-09-24,Liverpool,West Ham,Away,West Ham,1.5,+1.5 or more,Pinnacle Close,1.91,0.5315486736405944,0.0,0.5127551020408163,0.018793571599778125,0.015257966653535349,L,-1.0,True
2023/24,2023-09-30,Aston Villa,Brighton,Home,Aston Villa,0.0,near pick'em,Pinnacle Close,1.85,0.3507661769378843,0.23471541159151174,0.530456852791878,-0.17969067585399373,-0.11636716107340228,W,0.8500000000000001,False
2023/24,2023-09-30,Aston Villa,Brighton,Away,Brighton,-0.0,near pick'em,Pinnacle Close,2.09,0.41451841147060375,0.23471541159151174,0.46954314720812185,-0.05502473573751809,0.10105889156507353,L,-1.0,True
2023/24,2023-09-30,Bournemouth,Arsenal,Home,Bournemouth,1.0,+0.5 to +1.0,Pinnacle Close,2.04,0.41315643399345764,0.23585195640490977,0.4809160305343511,-0.06775959654089347,0.07869108175156342,L,-1.0,True
2023/24,2023-09-30,Bournemouth,Arsenal,Away,Arsenal,-1.0,-0.5 to -1.0,Pinnacle Close,1.89,0.35099160960163267,0.23585195640490977,0.5190839694656489,-0.16809235986401627,-0.10077390144800452,W,0.8899999999999999,False
2023/24,2023-09-30,Everton,Luton,Home,Everton,-1.0,-0.5 to -1.0,Pinnacle Close,1.87,0.31513331810792816,0.20435015102528312,0.5241730279898218,-0.20903970988189363,-0.20635054411289128,L,-1.0,False
2023/24,2023-09-30,Everton,Luton,Away,Luton,1.0,+0.5 to +1.0,Pinnacle Close,2.06,0.4805165308667885,0.20435015102528312,0.47582697201017815,0.004689558856610376,0.19421420461086747,W,1.06,True
2023/24,2023-09-30,Man United,Crystal Palace,Home,Man United,-1.0,-0.5 to -1.0,Pinnacle Close,1.98,0.28225153125686137,0.24648285916923668,0.49489795918367346,-0.2126464279268121,-0.19465910894217775,L,-1.0,False
2023/24,2023-09-30,Man United,Crystal Palace,Away,Crystal Palace,1.0,+0.5 to +1.0,Pinnacle Close,1.94,0.47126560957390173,0.24648285916923668,0.5051020408163266,-0.03383643124242486,0.16073814174260603,W,0.94,True
2023/24,2023-09-30,Newcastle,Burnley,Home,Newcastle,-1.5,-1.5 or more,Pinnacle Close,1.85,0.46247515878144424,0.0,0.530456852791878,-0.0679816940104338,-0.14442095625432816,W,0.8500000000000001,False
2023/24,2023-09-30,Newcastle,Burnley,Away,Burnley,1.5,+1.5 or more,Pinnacle Close,2.09,0.5375248412185557,0.0,0.46954314720812185,0.06798169401043386,0.1234269181467813,L,-1.0,True
2023/24,2023-09-30,Wolves,Man City,Home,Wolves,1.5,+1.5 or more,Pinnacle Close,2.05,0.4955777781611508,0.0,0.4783715012722647,0.017206276888886096,0.01593444523035903,W,1.0499999999999998,True
2023/24,2023-09-30,Wolves,Man City,Away,Man City,-1.5,-1.5 or more,Pinnacle Close,1.88,0.5044222218388493,0.0,0.5216284987277354,-0.017206276888886096,-0.05168622294296332,L,-1.0,False
2023/24,2023-10-01,Nott'm Forest,Brentford,Home,Nott'm Forest,0.0,near pick'em,Pinnacle Close,1.84,0.26320501014192565,0.24520765075924775,0.5329949238578681,-0.2697899137159424,-0.270495130579609,PUSH,0.0,False
2023/24,2023-10-01,Nott'm Forest,Brentford,Away,Brentford,-0.0,near pick'em,Pinnacle Close,2.1,0.49158733909882657,0.24520765075924775,0.46700507614213205,0.024582262956694523,0.2775410628667836,PUSH,0.0,True
2023/24,2023-10-02,Fulham,Chelsea,Home,Fulham,0.5,+0.5 to +1.0,Pinnacle Close,2.02,0.4957787878345078,0.0,0.48600508905852424,0.009773698775983553,0.0014731514257056988,L,-1.0,True
2023/24,2023-10-02,Fulham,Chelsea,Away,Chelsea,-0.5,-0.5 to -1.0,Pinnacle Close,1.91,0.5042212121654922,0.0,0.5139949109414759,-0.009773698775983664,-0.036937484763909956,W,0.9099999999999999,False
2023/24,2023-10-03,Luton,Burnley,Home,Luton,0.0,near pick'em,Pinnacle Close,2.06,0.4609905624745783,0.21192128489922157,0.47715736040609136,-0.016166797931513044,0.16156184359685288,L,-1.0,True
2023/24,2023-10-03,Luton,Burnley,Away,Burnley,-0.0,near pick'em,Pinnacle Close,1.88,0.3270881526262002,0.21192128489922157,0.5228426395939086,-0.19575448696770842,-0.1731529881635221,W,0.8799999999999999,False
2023/24,2023-10-07,Everton,Bournemouth,Home,Everton,-0.5,-0.5 to -1.0,Pinnacle Close,1.93,0.525811520446126,0.0,0.5089058524173028,0.016905668028823206,0.014816234461023148,W,0.9299999999999999,True
2023/24,2023-10-07,Everton,Bournemouth,Away,Bournemouth,0.5,+0.5 to +1.0,Pinnacle Close,2.0,0.47418847955387394,0.0,0.49109414758269715,-0.016905668028823206,-0.05162304089225206,L,-1.0,False
2023/24,2023-10-07,Fulham,Sheffield United,Home,Fulham,-1.0,-0.5 to -1.0,Pinnacle Close,1.85,0.522628891324996,0.21127239910208565,0.5292620865139949,-0.006633195188998853,0.17813584805332827,W,0.8500000000000001,True
2023/24,2023-10-07,Fulham,Sheffield United,Away,Sheffield United,1.0,+0.5 to +1.0,Pinnacle Close,2.08,0.26609870957291837,0.21127239910208565,0.4707379134860051,-0.2046392039130867,-0.23524228498624417,L,-1.0,False
2023/24,2023-10-21,Brentford,Burnley,Home,Brentford,-0.5,-0.5 to -1.0,Pinnacle Close,1.96,0.6388259570674417,0.0,0.5,0.13882595706744172,0.2520988758521857,W,0.96,True
2023/24,2023-10-21,Brentford,Burnley,Away,Burnley,0.5,+0.5 to +1.0,Pinnacle Close,1.96,0.3611740429325584,0.0,0.5,-0.1388259570674416,-0.2920988758521856,L,-1.0,False
2023/24,2023-10-21,Liverpool,Everton,Home,Liverpool,-1.5,-1.5 or more,Pinnacle Close,2.09,0.5502930037537284,0.0,0.4668367346938776,0.08345626905985076,0.1501123778452922,W,1.0899999999999999,True
2023/24,2023-10-21,Liverpool,Everton,Away,Everton,1.5,+1.5 or more,Pinnacle Close,1.83,0.4497069962462718,0.0,0.5331632653061223,-0.08345626905985054,-0.17703619686932248,L,-1.0,False
2023/24,2023-10-22,Aston Villa,West Ham,Home,Aston Villa,-0.5,-0.5 to -1.0,Pinnacle Close,2.02,0.4765817652973429,0.0,0.48600508905852424,-0.009423323761181324,-0.037304834099367246,W,1.02,False
2023/24,2023-10-22,Aston Villa,West Ham,Away,West Ham,0.5,+0.5 to +1.0,Pinnacle Close,1.91,0.5234182347026569,0.0,0.5139949109414759,0.009423323761181046,-0.0002711717179253448,L,-1.0,False
2023/24,2023-10-23,Tottenham,Fulham,Home,Tottenham,-1.0,-0.5 to -1.0,Pinnacle Close,1.85,0.44208684882646127,0.23273352948340303,0.530456852791878,-0.08837000396541678,0.050594199812356466,W,0.8500000000000001,True
2023/24,2023-10-23,Tottenham,Fulham,Away,Fulham,1.0,+0.5 to +1.0,Pinnacle Close,2.09,0.32517962169013603,0.23273352948340303,0.46954314720812185,-0.1443635255179858,-0.08764106118421272,L,-1.0,False
2023/24,2023-10-28,Arsenal,Sheffield United,Home,Arsenal,-2.5,-1.5 or more,Pinnacle Close,1.83,0.6030564009504645,0.0,0.5307692307692307,0.07228717018123387,0.10359321373935015,W,0.8300000000000001,True
2023/24,2023-10-28,Arsenal,Sheffield United,Away,Sheffield United,2.5,+1.5 or more,Pinnacle Close,2.07,0.39694359904953574,0.0,0.46923076923076923,-0.07228717018123348,-0.178326749967461,L,-1.0,False
2023/24,2023-10-29,Brighton,Fulham,Home,Brighton,-1.0,-0.5 to -1.0,Pinnacle Close,2.08,0.48321597440773284,0.21927844651585007,0.4707379134860051,0.012478060921727763,0.22436767328393448,L,-1.0,True
2023/24,2023-10-29,Brighton,Fulham,Away,Fulham,1.0,+0.5 to +1.0,Pinnacle Close,1.85,0.29750557907641706,0.21927844651585007,0.5292620865139949,-0.2317565074375778,-0.23033623219277838,W,0.8500000000000001,False
2023/24,2023-11-04,Burnley,Crystal Palace,Home,Burnley,0.0,near pick'em,Pinnacle Close,1.95,0.3026020852103624,0.28522061770503077,0.5025510204081632,-0.19994893519780083,-0.1247053161347626,L,-1.0,False
2023/24,2023-11-04,Burnley,Crystal Palace,Away,Crystal Palace,-0.0,near pick'em,Pinnacle Close,1.97,0.412177297084607,0.28522061770503077,0.49744897959183665,-0.08527168250722966,0.09720989296170646,W,0.97,True
2023/24,2023-11-04,Man City,Bournemouth,Home,Man City,-2.5,-1.5 or more,Pinnacle Close,1.88,0.4903758562199903,0.0,0.5216284987277354,-0.03125264250774512,-0.07809339030641832,W,0.8799999999999999,False
2023/24,2023-11-04,Man City,Bournemouth,Away,Bournemouth,2.5,+1.5 or more,Pinnacle Close,2.05,0.5096241437800098,0.0,0.4783715012722647,0.031252642507745065,0.04472949474901988,L,-1.0,True
2023/24,2023-11-04,Newcastle,Arsenal,Home,Newcastle,0.0,near pick'em,Pinnacle Close,2.0,0.4567939351023934,0.23004453513909615,0.49109414758269715,-0.03430021248030374,0.143632405343883,W,1.0,True
2023/24,2023-11-04,Newcastle,Arsenal,Away,Arsenal,-0.0,near pick'em,Pinnacle Close,1.93,0.3131615297585103,0.23004453513909615,0.5089058524173028,-0.1957443226587925,-0.16555371242697897,L,-1.0,False
2023/24,2023-11-04,Sheffield United,Wolves,Home,Sheffield United,0.5,+0.5 to +1.0,Pinnacle Close,2.05,0.46764168474954704,0.0,0.4783715012722647,-0.01072981652271765,-0.04133454626342864,W,1.0499999999999998,False
2023/24,2023-11-04,Sheffield United,Wolves,Away,Wolves,-0.5,-0.5 to -1.0,Pinnacle Close,1.88,0.5323583152504534,0.0,0.5216284987277354,0.010729816522717983,0.0008336326708523467,L,-1.0,True
2023/24,2023-11-05,Nott'm Forest,Aston Villa,Home,Nott'm Forest,0.5,+0.5 to +1.0,Pinnacle Close,1.96,0.5574626112076055,0.0,0.5,0.05746261120760554,0.0926267179669068,W,0.96,True
2023/24,2023-11-05,Nott'm Forest,Aston Villa,Away,Aston Villa,-0.5,-0.5 to -1.0,Pinnacle Close,1.96,0.44253738879239485,0.0,0.5,-0.05746261120760515,-0.13262671796690606,L,-1.0,False
2023/24,2023-11-11,Arsenal,Burnley,Home,Arsenal,-2.0,-1.5 or more,Pinnacle Close,2.06,0.2968732218742987,0.21720631318670244,0.4731457800511509,-0.17627255817685217,-0.17123484975224224,PUSH,0.0,False
2023/24,2023-11-11,Arsenal,Burnley,Away,Burnley,2.0,+1.5 or more,Pinnacle Close,1.85,0.48592046493899876,0.21720631318670244,0.526854219948849,-0.04093375500985019,0.11615917332385023,PUSH,0.0,True
2023/24,2023-11-11,Man United,Luton,Home,Man United,-1.5,-1.5 or more,Pinnacle Close,1.82,0.5819861788117859,0.0,0.5321336760925449,0.04985250271924102,0.059214845437450425,L,-1.0,True
2023/24,2023-11-11,Man United,Luton,Away,Luton,1.5,+1.5 or more,Pinnacle Close,2.07,0.41801382118821395,0.0,0.4678663239074551,-0.04985250271924113,-0.13471139014039718,W,1.0699999999999998,False
2023/24,2023-11-12,Aston Villa,Fulham,Home,Aston Villa,-1.0,-0.5 to -1.0,Pinnacle Close,2.12,0.33443233528018074,0.24547349142862387,0.46329113924050636,-0.12885880396032562,-0.04552995777739288,W,1.12,False
2023/24,2023-11-12,Aston Villa,Fulham,Away,Fulham,1.0,+0.5 to +1.0,Pinnacle Close,1.83,0.4200941732911953,0.24547349142862387,0.5367088607594936,-0.11661468746829834,0.014245828551511353,L,-1.0,True
2023/24,2023-11-12,West Ham,Nott'm Forest,Home,West Ham,-0.5,-0.5 to -1.0,Pinnacle Close,2.07,0.5500534922204205,0.0,0.47058823529411764,0.07946525692630291,0.13861072889627046,W,1.0699999999999998,True
2023/24,2023-11-12,West Ham,Nott'm Forest,Away,Nott'm Forest,0.5,+0.5 to +1.0,Pinnacle Close,1.84,0.44994650777957945,0.0,0.5294117647058822,-0.0794652569263028,-0.17209842568557376,L,-1.0,False
2023/24,2023-11-25,Newcastle,Chelsea,Home,Newcastle,0.0,near pick'em,Pinnacle Close,1.9,0.506486812541016,0.2242045882162058,0.5153061224489797,-0.008819309907963646,0.1865295320441362,W,0.8999999999999999,True
2023/24,2023-11-25,Newcastle,Chelsea,Away,Chelsea,-0.0,near pick'em,Pinnacle Close,2.02,0.2693085992427784,0.2242045882162058,0.48469387755102045,-0.21538527830824206,-0.23179204131338182,L,-1.0,False
2023/24,2023-11-26,Everton,Man United,Home,Everton,0.0,near pick'em,Pinnacle Close,1.93,0.3495374772317826,0.22405212071251912,0.5076530612244898,-0.15811558399270725,-0.1013405482301406,L,-1.0,False
2023/24,2023-11-26,Everton,Man United,Away,Man United,-0.0,near pick'em,Pinnacle Close,1.99,0.4264104020556984,0.22405212071251912,0.49234693877551017,-0.06593653671981176,0.07260882080335901,W,0.99,True
2023/24,2023-12-02,Arsenal,Wolves,Home,Arsenal,-1.5,-1.5 or more,Pinnacle Close,1.95,0.4931723977619964,0.0,0.5,-0.006827602238003605,-0.038313824364107074,L,-1.0,False
2023/24,2023-12-02,Arsenal,Wolves,Away,Wolves,1.5,+1.5 or more,Pinnacle Close,1.95,0.5068276022380035,0.0,0.5,0.006827602238003494,-0.011686175635893192,W,0.95,False
2023/24,2023-12-02,Newcastle,Man United,Home,Newcastle,-0.5,-0.5 to -1.0,Pinnacle Close,2.01,0.5732777165994652,0.0,0.4885496183206107,0.08472809827885452,0.15228821036492501,W,1.0099999999999998,True
2023/24,2023-12-02,Newcastle,Man United,Away,Man United,0.5,+0.5 to +1.0,Pinnacle Close,1.92,0.4267222834005349,0.0,0.5114503816793893,-0.08472809827885436,-0.18069321587097303,L,-1.0,False
2023/24,2023-12-02,Nott'm Forest,Everton,Home,Nott'm Forest,0.0,near pick'em,Pinnacle Close,2.01,0.38710263730346056,0.24378849280048603,0.4885496183206107,-0.10144698101715016,0.02186479378044165,L,-1.0,True
2023/24,2023-12-02,Nott'm Forest,Everton,Away,Everton,-0.0,near pick'em,Pinnacle Close,1.92,0.36910886989605335,0.24378849280048603,0.5114503816793893,-0.14234151178333593,-0.04752247699909151,W,0.9199999999999999,False
2023/24,2023-12-03,Bournemouth,Aston Villa,Home,Bournemouth,0.5,+0.5 to +1.0,Pinnacle Close,1.99,0.5448437492520947,0.0,0.49234693877551017,0.0524968104765845,0.08423906101166834,W,0.99,True
2023/24,2023-12-03,Bournemouth,Aston Villa,Away,Aston Villa,-0.5,-0.5 to -1.0,Pinnacle Close,1.93,0.45515625074790506,0.0,0.5076530612244898,-0.052496810476584777,-0.12154843605654331,L,-1.0,False
2023/24,2023-12-03,West Ham,Crystal Palace,Home,West Ham,-0.5,-0.5 to -1.0,Pinnacle Close,1.95,0.44397044255618073,0.0,0.5025510204081632,-0.05858057785198251,-0.13425763701544752,L,-1.0,False
2023/24,2023-12-03,West Ham,Crystal Palace,Away,Crystal Palace,0.5,+0.5 to +1.0,Pinnacle Close,1.97,0.5560295574438195,0.0,0.49744897959183665,0.058580577851982896,0.09537822816432451,W,0.97,True
2023/24,2023-12-05,Wolves,Burnley,Home,Wolves,-0.5,-0.5 to -1.0,Pinnacle Close,1.96,0.4545437748373798,0.0,0.5,-0.04545622516262021,-0.1090942013187357,W,0.96,False
2023/24,2023-12-05,Wolves,Burnley,Away,Burnley,0.5,+0.5 to +1.0,Pinnacle Close,1.96,0.5454562251626196,0.0,0.5,0.0454562251626196,0.06909420131873445,L,-1.0,True
2023/24,2023-12-06,Brighton,Brentford,Home,Brighton,-0.5,-0.5 to -1.0,Pinnacle Close,1.98,0.4732932185645352,0.0,0.49489795918367346,-0.021604740619138252,-0.06287942724222029,W,0.98,False
2023/24,2023-12-06,Brighton,Brentford,Away,Brentford,0.5,+0.5 to +1.0,Pinnacle Close,1.94,0.5267067814354646,0.0,0.5051020408163266,0.021604740619137974,0.02181115598480121,L,-1.0,True
2023/24,2023-12-06,Fulham,Nott'm Forest,Home,Fulham,-0.5,-0.5 to -1.0,Pinnacle Close,2.07,0.4569161089788804,0.0,0.47328244274809167,-0.01636633376921126,-0.054183654413717586,W,1.0699999999999998,False
2023/24,2023-12-06,Fulham,Nott'm Forest,Away,Nott'm Forest,0.5,+0.5 to +1.0,Pinnacle Close,1.86,0.5430838910211195,0.0,0.5267175572519084,0.01636633376921115,0.010136037299282363,L,-1.0,True
2023/24,2023-12-06,Sheffield United,Liverpool,Home,Sheffield United,2.0,+1.5 or more,Pinnacle Close,2.09,0.30704554530642836,0.201028419466959,0.46410256410256406,-0.1570570187961357,-0.15724639084260572,PUSH,0.0,False
2023/24,2023-12-06,Sheffield United,Liverpool,Away,Liverpool,-2.0,-1.5 or more,Pinnacle Close,1.81,0.49192603522661277,0.201028419466959,0.5358974358974359,-0.04397140067082311,0.09141454322712822,PUSH,0.0,True
2023/24,2023-12-09,Brighton,Burnley,Home,Brighton,-1.0,-0.5 to -1.0,Pinnacle Close,1.92,0.4544624239033808,0.23962175560200677,0.5114503816793893,-0.05698795777600846,0.11218960949649787,L,-1.0,True
2023/24,2023-12-09,Brighton,Burnley,Away,Burnley,1.0,+0.5 to +1.0,Pinnacle Close,2.01,0.3059158204946123,0.23962175560200677,0.4885496183206107,-0.18263379782599842,-0.14548744520382256,W,1.0099999999999998,False
2023/24,2023-12-09,Crystal Palace,Liverpool,Home,Crystal Palace,1.0,+0.5 to +1.0,Pinnacle Close,2.1,0.4802990163274702,0.24077301736831833,0.46700507614213205,0.013293940185338138,0.24940095165600573,PUSH,0.0,True
2023/24,2023-12-09,Crystal Palace,Liverpool,Away,Liverpool,-1.0,-0.5 to -1.0,Pinnacle Close,1.84,0.2789279663042116,0.24077301736831833,0.5329949238578681,-0.25406695755365644,-0.24599952463193217,PUSH,0.0,False
2023/24,2023-12-09,Man United,Bournemouth,Home,Man United,-1.0,-0.5 to -1.0,Pinnacle Close,2.11,0.40700910162753157,0.22484256489007992,0.46173469387755106,-0.054725592250019495,0.08363176932417149,L,-1.0,True
2023/24,2023-12-09,Man United,Bournemouth,Away,Bournemouth,1.0,+0.5 to +1.0,Pinnacle Close,1.81,0.36814833348238873,0.22484256489007992,0.538265306122449,-0.17011697264006032,-0.10880895150679643,W,0.81,False
2023/24,2023-12-09,Wolves,Nott'm Forest,Home,Wolves,-0.5,-0.5 to -1.0,Pinnacle Close,2.0,0.4371300713908151,0.0,0.49109414758269715,-0.05396407619188204,-0.12573985721836983,L,-1.0,False
2023/24,2023-12-09,Wolves,Nott'm Forest,Away,Nott'm Forest,0.5,+0.5 to +1.0,Pinnacle Close,1.93,0.562869928609185,0.0,0.5089058524173028,0.05396407619188226,0.08633896221572712,W,0.9299999999999999,True
2023/24,2023-12-16,Man City,Crystal Palace,Home,Man City,-2.0,-1.5 or more,Pinnacle Close,2.07,0.27107987467339156,0.22271361423703104,0.47193877551020413,-0.20085890083681257,-0.21615104518904843,L,-1.0,False
2023/24,2023-12-16,Man City,Crystal Palace,Away,Crystal Palace,2.0,+1.5 or more,Pinnacle Close,1.85,0.5062065110895771,0.22271361423703104,0.5280612244897959,-0.021854713400218717,0.15919565975274885,W,0.8500000000000001,True
2023/24,2023-12-16,Newcastle,Fulham,Home,Newcastle,-0.5,-0.5 to -1.0,Pinnacle Close,1.93,0.6942202864046844,0.0,0.5089058524173028,0.18531443398738157,0.33984515276104077,W,0.9299999999999999,True
2023/24,2023-12-16,Newcastle,Fulham,Away,Fulham,0.5,+0.5 to +1.0,Pinnacle Close,2.0,0.30577971359531536,0.0,0.49109414758269715,-0.1853144339873818,-0.38844057280936933,L,-1.0,False
2023/24,2023-12-17,Liverpool,Man United,Home,Liverpool,-1.5,-1.5 or more,Pinnacle Close,1.88,0.4348002583653942,0.0,0.5204081632653061,-0.08560790489991194,-0.1825755142730589,L,-1.0,False
2023/24,2023-12-17,Liverpool,Man United,Away,Man United,1.5,+1.5 or more,Pinnacle Close,2.04,0.5651997416346057,0.0,0.47959183673469385,0.08560790489991188,0.1530074729345957,W,1.04,True
2023/24,2023-12-23,Nott'm Forest,Bournemouth,Home,Nott'm Forest,0.0,near pick'em,Pinnacle Close,2.13,0.4148825375458707,0.24393978098769664,0.4607594936708861,-0.04587695612501541,0.12763958596040115,L,-1.0,True
2023/24,2023-12-23,Nott'm Forest,Bournemouth,Away,Bournemouth,-0.0,near pick'em,Pinnacle Close,1.82,0.3411776814664325,0.24393978098769664,0.5392405063291139,-0.1980628248626814,-0.1351168387433962,W,0.8200000000000001,False
2023/24,2023-12-23,West Ham,Man United,Home,West Ham,0.0,near pick'em,Pinnacle Close,1.85,0.4006714639481777,0.2250307762790172,0.530456852791878,-0.12978538884370033,-0.03372701541685408,W,0.8500000000000001,False
2023/24,2023-12-23,West Ham,Man United,Away,Man United,-0.0,near pick'em,Pinnacle Close,2.09,0.37429775977280527,0.2250307762790172,0.46954314720812185,-0.09524538743531658,0.007313094204180082,L,-1.0,True
2023/24,2023-12-24,Wolves,Chelsea,Home,Wolves,0.5,+0.5 to +1.0,Pinnacle Close,2.01,0.4811284037677955,0.0,0.4885496183206107,-0.007421214552815247,-0.03293190842673127,W,1.0099999999999998,False
2023/24,2023-12-24,Wolves,Chelsea,Away,Chelsea,-0.5,-0.5 to -1.0,Pinnacle Close,1.92,0.5188715962322046,0.0,0.5114503816793893,0.007421214552815303,-0.0037665352341672564,L,-1.0,False
2023/24,2023-12-26,Burnley,Liverpool,Home,Burnley,1.5,+1.5 or more,Pinnacle Close,1.83,0.5735038985820882,0.0,0.5319693094629157,0.041534589119172516,0.0495121344052214,L,-1.0,True
2023/24,2023-12-26,Burnley,Liverpool,Away,Liverpool,-1.5,-1.5 or more,Pinnacle Close,2.08,0.42649610141791133,0.0,0.46803069053708446,-0.041534589119173126,-0.11288810905074437,W,1.08,False
2023/24,2023-12-26,Man United,Aston Villa,Home,Man United,0.0,near pick'em,Pinnacle Close,2.06,0.47941715257873774,0.2244249213388599,0.47715736040609136,0.00225979217264638,0.21202425565105976,W,1.06,True
2023/24,2023-12-26,Man United,Aston Villa,Away,Aston Villa,-0.0,near pick'em,Pinnacle Close,1.88,0.2961579260824022,0.2244249213388599,0.5228426395939086,-0.22668471351150643,-0.21879817762622394,L,-1.0,False
2023/24,2023-12-26,Newcastle,Nott'm Forest,Home,Newcastle,-1.0,-0.5 to -1.0,Pinnacle Close,1.91,0.4895429454638087,0.23154767751115174,0.5139949109414759,-0.024451965477667148,0.16657470334702634,L,-1.0,True
2023/24,2023-12-26,Newcastle,Nott'm Forest,Away,Nott'm Forest,1.0,+0.5 to +1.0,Pinnacle Close,2.02,0.2789093770250397,0.23154767751115174,0.48600508905852424,-0.20709571203348454,-0.20505538089826802,W,1.02,False
2023/24,2023-12-27,Brentford,Wolves,Home,Brentford,-0.5,-0.5 to -1.0,Pinnacle Close,1.93,0.6436585351560705,0.0,0.5063938618925831,0.13726467326348746,0.24226097285121606,L,-1.0,True
2023/24,2023-12-27,Brentford,Wolves,Away,Wolves,0.5,+0.5 to +1.0,Pinnacle Close,1.98,0.3563414648439299,0.0,0.4936061381074168,-0.1372646732634869,-0.29444389960901873,W,0.98,False
2023/24,2023-12-27,Everton,Man City,Home,Everton,1.0,+0.5 to +1.0,Pinnacle Close,1.73,0.36466266065666714,0.24044856791164168,0.5631313131313131,-0.198468652474646,-0.1286850291523241,L,-1.0,False
2023/24,2023-12-27,Everton,Man City,Away,Man City,-1.0,-0.5 to -1.0,Pinnacle Close,2.23,0.3948887714316912,0.24044856791164168,0.43686868686868685,-0.04197991543699564,0.12105052820431311,W,1.23,True
2023/24,2023-12-28,Arsenal,West Ham,Home,Arsenal,-1.5,-1.5 or more,Pinnacle Close,1.83,0.4332476666121467,0.0,0.5319693094629157,-0.09872164285076895,-0.20715677009977146,L,-1.0,False
2023/24,2023-12-28,Arsenal,West Ham,Away,West Ham,1.5,+1.5 or more,Pinnacle Close,2.08,0.566752333387853,0.0,0.46803069053708446,0.09872164285076857,0.1788448534467343,W,1.08,True
2023/24,2023-12-28,Brighton,Tottenham,Home,Brighton,0.0,near pick'em,Pinnacle Close,1.88,0.5028769515846789,0.2136539641737375,0.5216284987277354,-0.01875154714305649,0.15906263315293384,W,0.8799999999999999,True
2023/24,2023-12-28,Brighton,Tottenham,Away,Tottenham,-0.0,near pick'em,Pinnacle Close,2.05,0.2834690842415835,0.2136539641737375,0.4783715012722647,-0.19490241703068117,-0.20523441313101642,L,-1.0,False
2023/24,2023-12-30,Aston Villa,Burnley,Home,Aston Villa,-1.5,-1.5 or more,Pinnacle Close,1.83,0.3829437088164105,0.0,0.5319693094629157,-0.14902560064650516,-0.2992130128659688,L,-1.0,False
2023/24,2023-12-30,Aston Villa,Burnley,Away,Burnley,1.5,+1.5 or more,Pinnacle Close,2.08,0.6170562911835896,0.0,0.46803069053708446,0.14902560064650516,0.28347708566186647,W,1.08,True
2023/24,2023-12-30,Luton,Chelsea,Home,Luton,1.0,+0.5 to +1.0,Pinnacle Close,1.96,0.33254923304031714,0.21912902645989604,0.5,-0.16745076695968286,-0.12907447678108236,PUSH,0.0,False
2023/24,2023-12-30,Luton,Chelsea,Away,Chelsea,-1.0,-0.5 to -1.0,Pinnacle Close,1.96,0.4483217404997869,0.21912902645989604,0.5,-0.0516782595002131,0.09783963783947841,PUSH,0.0,True
2023/24,2023-12-30,Wolves,Everton,Home,Wolves,0.0,near pick'em,Pinnacle Close,2.1,0.3603932223761332,0.24417130017506727,0.46835443037974683,-0.10796120800361364,0.0009970671649470741,W,1.1,True
2023/24,2023-12-30,Wolves,Everton,Away,Everton,-0.0,near pick'em,Pinnacle Close,1.85,0.39543547744879964,0.24417130017506727,0.5316455696202531,-0.13621009217145347,-0.024273066544653388,L,-1.0,False
2023/24,2023-12-31,Fulham,Arsenal,Home,Fulham,1.0,+0.5 to +1.0,Pinnacle Close,1.87,0.4177949361066374,0.23910766707902018,0.5241730279898218,-0.10637809188318437,0.02038419759843224,W,0.8700000000000001,True
2023/24,2023-12-31,Fulham,Arsenal,Away,Arsenal,-1.0,-0.5 to -1.0,Pinnacle Close,2.06,0.3430973968143423,0.23910766707902018,0.47582697201017815,-0.13272957519583584,-0.05411169548343464,L,-1.0,False
2023/24,2024-01-02,West Ham,Brighton,Home,West Ham,0.0,near pick'em,Pinnacle Close,1.94,0.3635255454381802,0.22827243946027473,0.5051020408163266,-0.14157649537814637,-0.06648800238965558,PUSH,0.0,False
2023/24,2024-01-02,West Ham,Brighton,Away,Brighton,-0.0,near pick'em,Pinnacle Close,1.98,0.40820201510154464,0.22827243946027473,0.49489795918367346,-0.08669594408212883,0.03651242936133314,PUSH,0.0,True
2023/24,2024-01-12,Burnley,Luton,Home,Burnley,-0.5,-0.5 to -1.0,Pinnacle Close,1.88,0.5214445746004338,0.0,0.5228426395939086,-0.0013980649934748346,-0.019684199751184517,L,-1.0,False
2023/24,2024-01-12,Burnley,Luton,Away,Luton,0.5,+0.5 to +1.0,Pinnacle Close,2.06,0.4785554253995661,0.0,0.47715736040609136,0.0013980649934747236,-0.01417582367689385,W,1.06,False
2023/24,2024-01-13,Chelsea,Fulham,Home,Chelsea,-1.0,-0.5 to -1.0,Pinnacle Close,2.12,0.423910085964152,0.2325505043984709,0.460559796437659,-0.03664971047350701,0.1312398866424732,PUSH,0.0,True
2023/24,2024-01-13,Chelsea,Fulham,Away,Fulham,1.0,+0.5 to +1.0,Pinnacle Close,1.81,0.34353940963737717,0.2325505043984709,0.539440203562341,-0.19590079392496385,-0.14564316415787637,PUSH,0.0,False
2023/24,2024-01-13,Newcastle,Man City,Home,Newcastle,1.0,+0.5 to +1.0,Pinnacle Close,2.06,0.4951151158030906,0.22530900821483799,0.47582697201017815,0.019288143792912438,0.24524614676920475,PUSH,0.0,True
2023/24,2024-01-13,Newcastle,Man City,Away,Man City,-1.0,-0.5 to -1.0,Pinnacle Close,1.87,0.2795758759820715,0.22530900821483799,0.5241730279898218,-0.24459715200775028,-0.2518841036986883,PUSH,0.0,False
2023/24,2024-01-20,Arsenal,Crystal Palace,Home,Arsenal,-1.5,-1.5 or more,Pinnacle Close,1.85,0.38591590664744213,0.0,0.5292620865139949,-0.14334617986655274,-0.28605557270223203,W,0.8500000000000001,False
2023/24,2024-01-20,Arsenal,Crystal Palace,Away,Crystal Palace,1.5,+1.5 or more,Pinnacle Close,2.08,0.6140840933525579,0.0,0.4707379134860051,0.1433461798665528,0.2772949141733204,L,-1.0,True
2023/24,2024-01-20,Brentford,Nott'm Forest,Home,Brentford,-0.5,-0.5 to -1.0,Pinnacle Close,2.01,0.6304335453032877,0.0,0.4885496183206107,0.14188392698267693,0.2671714260596081,W,1.0099999999999998,True
2023/24,2024-01-20,Brentford,Nott'm Forest,Away,Nott'm Forest,0.5,+0.5 to +1.0,Pinnacle Close,1.92,0.3695664546967122,0.0,0.5114503816793893,-0.1418839269826771,-0.2904324069823127,L,-1.0,False
2023/24,2024-01-22,Brighton,Wolves,Home,Brighton,-1.0,-0.5 to -1.0,Pinnacle Close,1.85,0.4434629231290288,0.23460711195421718,0.530456852791878,-0.08699392966284925,0.055013519742920514,L,-1.0,True
2023/24,2024-01-22,Brighton,Wolves,Away,Wolves,1.0,+0.5 to +1.0,Pinnacle Close,2.09,0.3219299649167538,0.23460711195421718,0.46954314720812185,-0.14761318229136805,-0.0925592613697675,W,1.0899999999999999,False
2023/24,2024-01-30,Aston Villa,Newcastle,Home,Aston Villa,-0.5,-0.5 to -1.0,Pinnacle Close,1.87,0.4136076045873674,0.0,0.5241730279898218,-0.1105654234024544,-0.22655377942162297,L,-1.0,False
2023/24,2024-01-30,Aston Villa,Newcastle,Away,Newcastle,0.5,+0.5 to +1.0,Pinnacle Close,2.06,0.5863923954126322,0.0,0.47582697201017815,0.11056542340245407,0.2079683345500224,W,1.06,True
2023/24,2024-01-31,Liverpool,Chelsea,Home,Liverpool,-1.0,-0.5 to -1.0,Pinnacle Close,2.1,0.3877497172260784,0.2232040448158622,0.46700507614213205,-0.07925535891605362,0.03747845099062691,W,1.1,True
2023/24,2024-01-31,Liverpool,Chelsea,Away,Chelsea,1.0,+0.5 to +1.0,Pinnacle Close,1.84,0.38904623795805937,0.2232040448158622,0.5329949238578681,-0.1439486858998087,-0.06095087734130855,L,-1.0,False
2023/24,2024-01-31,Man City,Burnley,Home,Man City,-2.5,-1.5 or more,Pinnacle Close,2.04,0.4463093758508781,0.0,0.4782608695652174,-0.03195149371433931,-0.08952887326420872,L,-1.0,False
2023/24,2024-01-31,Man City,Burnley,Away,Burnley,2.5,+1.5 or more,Pinnacle Close,1.87,0.5536906241491217,0.0,0.5217391304347826,0.03195149371433914,0.035401467158857725,W,0.8700000000000001,True
2023/24,2024-02-01,Wolves,Man United,Home,Wolves,0.0,near pick'em,Pinnacle Close,1.82,0.3244283848739868,0.24142034265260165,0.5392405063291139,-0.21481212145512713,-0.16811999687674234,L,-1.0,False
2023/24,2024-02-01,Wolves,Man United,Away,Man United,-0.0,near pick'em,Pinnacle Close,2.13,0.4341512724734117,0.24142034265260165,0.4607594936708861,-0.026608221197474413,0.1661625530209685,W,1.13,True
2023/24,2024-02-03,Sheffield United,Aston Villa,Home,Sheffield United,1.0,+0.5 to +1.0,Pinnacle Close,1.83,0.4403011609932019,0.24308357850189669,0.5355329949238579,-0.09523183393065598,0.0488347031194562,L,-1.0,True
2023/24,2024-02-03,Sheffield United,Aston Villa,Away,Aston Villa,-1.0,-0.5 to -1.0,Pinnacle Close,2.11,0.31661526050490113,0.24308357850189669,0.46446700507614214,-0.147851744571241,-0.08885822183276204,W,1.1099999999999999,False
2023/24,2024-02-04,Chelsea,Wolves,Home,Chelsea,-1.0,-0.5 to -1.0,Pinnacle Close,1.88,0.4107339263146583,0.2402849845867034,0.5204081632653061,-0.10967423695064782,0.012464766058261023,L,-1.0,True
2023/24,2024-02-04,Chelsea,Wolves,Away,Wolves,1.0,+0.5 to +1.0,Pinnacle Close,2.04,0.34898108909863823,0.2402849845867034,0.47959183673469385,-0.13061074763605562,-0.047793593652074584,W,1.04,False
2023/24,2024-02-10,Man City,Everton,Home,Man City,-2.0,-1.5 or more,Pinnacle Close,2.0,0.35491055583666786,0.21504944987168498,0.4871794871794872,-0.13226893134281936,-0.07512943845497932,PUSH,0.0,False
2023/24,2024-02-10,Man City,Everton,Away,Everton,2.0,+1.5 or more,Pinnacle Close,1.9,0.4300399942916467,0.21504944987168498,0.5128205128205129,-0.0827805185288662,0.03212543902581355,PUSH,0.0,True
2023/24,2024-02-11,West Ham,Arsenal,Home,West Ham,1.0,+0.5 to +1.0,Pinnacle Close,1.98,0.48075376481055276,0.23362501378264672,0.49489795918367346,-0.0141441943731207,0.18551746810754116,L,-1.0,True
2023/24,2024-02-11,West Ham,Arsenal,Away,Arsenal,-1.0,-0.5 to -1.0,Pinnacle Close,1.94,0.28562122140680046,0.23362501378264672,0.5051020408163266,-0.21948081940952613,-0.21226981668816042,W,0.94,False
2023/24,2024-02-12,Crystal Palace,Chelsea,Home,Crystal Palace,0.5,+0.5 to +1.0,Pinnacle Close,1.99,0.6054926418029121,0.0,0.49234693877551017,0.1131457030274019,0.20493035718779506,L,-1.0,True
2023/24,2024-02-12,Crystal Palace,Chelsea,Away,Chelsea,-0.5,-0.5 to -1.0,Pinnacle Close,1.93,0.39450735819708804,0.0,0.5076530612244898,-0.11314570302740179,-0.23860079867962009,W,0.9299999999999999,False
2023/24,2024-02-17,Brentford,Liverpool,Home,Brentford,1.0,+0.5 to +1.0,Pinnacle Close,1.79,0.5447505619966991,0.20989297014664074,0.5491183879093199,-0.004367825912620749,0.1849964761207322,L,-1.0,True
2023/24,2024-02-17,Brentford,Liverpool,Away,Liverpool,-1.0,-0.5 to -1.0,Pinnacle Close,2.18,0.2453564678566605,0.20989297014664074,0.45088161209068006,-0.20552514423401957,-0.25522992992583937,W,1.1800000000000002,False
2023/24,2024-02-17,Burnley,Arsenal,Home,Burnley,1.5,+1.5 or more,Pinnacle Close,2.06,0.6090753696626479,0.0,0.47043701799485865,0.1386383516677892,0.2546952615050546,L,-1.0,True
2023/24,2024-02-17,Burnley,Arsenal,Away,Arsenal,-1.5,-1.5 or more,Pinnacle Close,1.83,0.3909246303373519,0.0,0.5295629820051414,-0.13863835166778948,-0.28460792648264593,W,0.8300000000000001,False
2023/24,2024-02-17,Man City,Chelsea,Home,Man City,-1.5,-1.5 or more,Pinnacle Close,1.87,0.457060623104883,0.0,0.5241730279898218,-0.0671124048849388,-0.14529663479386873,L,-1.0,False
2023/24,2024-02-17,Man City,Chelsea,Away,Chelsea,1.5,+1.5 or more,Pinnacle Close,2.06,0.542939376895117,0.0,0.47582697201017815,0.0671124048849388,0.11845511640394091,W,1.06,True
2023/24,2024-02-17,Newcastle,Bournemouth,Home,Newcastle,-0.5,-0.5 to -1.0,Pinnacle Close,2.01,0.6384052400829195,0.0,0.4885496183206107,0.14985562176230882,0.28319453256666816,L,-1.0,True
2023/24,2024-02-17,Newcastle,Bournemouth,Away,Bournemouth,0.5,+0.5 to +1.0,Pinnacle Close,1.92,0.3615947599170802,0.0,0.5114503816793893,-0.1498556217623091,-0.30573806095920614,W,0.9199999999999999,False
2023/24,2024-02-17,Tottenham,Wolves,Home,Tottenham,-1.0,-0.5 to -1.0,Pinnacle Close,1.81,0.39868260940535927,0.2333217086195081,0.539440203562341,-0.14075759415698175,-0.04506276835679163,L,-1.0,False
2023/24,2024-02-17,Tottenham,Wolves,Away,Wolves,1.0,+0.5 to +1.0,Pinnacle Close,2.12,0.3679956819751327,0.2333217086195081,0.460559796437659,-0.09256411446252627,0.013472554406789405,W,1.12,True
2023/24,2024-02-18,Sheffield United,Brighton,Home,Sheffield United,1.0,+0.5 to +1.0,Pinnacle Close,2.06,0.3821728111358979,0.22964704741149067,0.47582697201017815,-0.09365416087428025,0.016923038351440434,L,-1.0,True
2023/24,2024-02-18,Sheffield United,Brighton,Away,Brighton,-1.0,-0.5 to -1.0,Pinnacle Close,1.87,0.3881801414526114,0.22964704741149067,0.5241730279898218,-0.13599288653721037,-0.04445608807212598,W,0.8700000000000001,False
2023/24,2024-02-20,Man City,Brentford,Home,Man City,-2.0,-1.5 or more,Pinnacle Close,1.89,0.2605493024045135,0.2075459862956442,0.5166240409207161,-0.2560747385162026,-0.3000158321598253,L,-1.0,False
2023/24,2024-02-20,Man City,Brentford,Away,Brentford,2.0,+1.5 or more,Pinnacle Close,2.02,0.5319047112998424,0.2075459862956442,0.48337595907928377,0.048528752220558635,0.2819935031213258,W,1.02,True
2023/24,2024-02-21,Liverpool,Luton,Home,Liverpool,-2.0,-1.5 or more,Pinnacle Close,1.95,0.5615490054805394,0.17524845960437463,0.5,0.06154900548053943,0.2702690202914265,W,0.95,True
2023/24,2024-02-21,Liverpool,Luton,Away,Luton,2.0,+1.5 or more,Pinnacle Close,1.95,0.2632025349150859,0.17524845960437463,0.5,-0.23679746508491412,-0.31150659731120783,L,-1.0,False
2023/24,2024-02-24,Arsenal,Newcastle,Home,Arsenal,-1.5,-1.5 or more,Pinnacle Close,2.02,0.38110877232777435,0.0,0.48600508905852424,-0.1048963167307499,-0.23016027989789578,W,1.02,False
2023/24,2024-02-24,Arsenal,Newcastle,Away,Newcastle,1.5,+1.5 or more,Pinnacle Close,1.91,0.6188912276722258,0.0,0.5139949109414759,0.10489631673074995,0.1820822448539513,L,-1.0,True
2023/24,2024-02-24,Aston Villa,Nott'm Forest,Home,Aston Villa,-1.0,-0.5 to -1.0,Pinnacle Close,2.0,0.32482829371530164,0.24817016600981964,0.48979591836734687,-0.16496762465204523,-0.10217324655957705,W,1.0,False
2023/24,2024-02-24,Aston Villa,Nott'm Forest,Away,Nott'm Forest,1.0,+0.5 to +1.0,Pinnacle Close,1.92,0.42700154027487863,0.24817016600981964,0.5102040816326531,-0.08320254135777444,0.06801312333758658,L,-1.0,True
2023/24,2024-02-24,Brighton,Everton,Home,Brighton,-0.5,-0.5 to -1.0,Pinnacle Close,1.88,0.5779958316231957,0.0,0.5216284987277354,0.056367332895460254,0.08663216345160785,L,-1.0,True
2023/24,2024-02-24,Brighton,Everton,Away,Everton,0.5,+0.5 to +1.0,Pinnacle Close,2.05,0.42200416837680443,0.0,0.4783715012722647,-0.056367332895460254,-0.134891454827551,W,1.0499999999999998,False
2023/24,2024-02-24,Crystal Palace,Burnley,Home,Crystal Palace,-0.5,-0.5 to -1.0,Pinnacle Close,1.99,0.526425349120391,0.0,0.49234693877551017,0.034078410344880794,0.04758644474957796,W,0.99,True
2023/24,2024-02-24,Crystal Palace,Burnley,Away,Burnley,0.5,+0.5 to +1.0,Pinnacle Close,1.93,0.4735746508796092,0.0,0.5076530612244898,-0.03407841034488063,-0.08600092380235419,L,-1.0,False
2023/24,2024-02-24,Man United,Fulham,Home,Man United,-1.0,-0.5 to -1.0,Pinnacle Close,1.83,0.3937254765888851,0.22473362468774916,0.5355329949238579,-0.14180751833497274,-0.054748753154591046,L,-1.0,False
2023/24,2024-02-24,Man United,Fulham,Away,Fulham,1.0,+0.5 to +1.0,Pinnacle Close,2.11,0.3815408987233657,0.22473362468774916,0.46446700507614214,-0.08292610635277642,0.02978492099405078,W,1.1099999999999999,True
2023/24,2024-02-26,West Ham,Brentford,Home,West Ham,0.0,near pick'em,Pinnacle Close,2.03,0.36775515339576875,0.2409655564178872,0.48346055979643765,-0.1157054064006689,-0.012491482188702274,W,1.0299999999999998,False
2023/24,2024-02-26,West Ham,Brentford,Away,Brentford,-0.0,near pick'em,Pinnacle Close,1.9,0.3912792901863443,0.2409655564178872,0.5165394402035622,-0.12526015001721796,-0.0156037922280588,L,-1.0,False
2023/24,2024-03-02,Fulham,Brighton,Home,Fulham,0.0,near pick'em,Pinnacle Close,1.89,0.2884607193576781,0.2250879785413712,0.5190839694656489,-0.23062325010797086,-0.22972126187261732,W,0.8899999999999999,False
2023/24,2024-03-02,Fulham,Brighton,Away,Brighton,-0.0,near pick'em,Pinnacle Close,2.04,0.48645130210095083,0.2250879785413712,0.4809160305343511,0.00553527156659972,0.21744863482731092,L,-1.0,True
2023/24,2024-03-02,Newcastle,Wolves,Home,Newcastle,-0.5,-0.5 to -1.0,Pinnacle Close,1.93,0.6648806081610534,0.0,0.5089058524173028,0.15597475574375064,0.28321957375083306,W,0.9299999999999999,True
2023/24,2024-03-02,Newcastle,Wolves,Away,Wolves,0.5,+0.5 to +1.0,Pinnacle Close,2.0,0.3351193918389472,0.0,0.49109414758269715,-0.15597475574374997,-0.3297612163221056,L,-1.0,False
2023/24,2024-03-02,Nott'm Forest,Liverpool,Home,Nott'm Forest,1.0,+0.5 to +1.0,Pinnacle Close,1.92,0.3949895402865544,0.23279778668152087,0.5114503816793893,-0.11646084139283486,-0.008822295968294702,PUSH,0.0,False
2023/24,2024-03-02,Nott'm Forest,Liverpool,Away,Liverpool,-1.0,-0.5 to -1.0,Pinnacle Close,2.01,0.3722126730319244,0.23279778668152087,0.4885496183206107,-0.11633694528868632,-0.019054740524311164,PUSH,0.0,False
2023/24,2024-03-03,Burnley,Bournemouth,Home,Burnley,0.5,+0.5 to +1.0,Pinnacle Close,1.93,0.5927005311074613,0.0,0.5089058524173028,0.08379467869015855,0.14391202503740042,L,-1.0,True
2023/24,2024-03-03,Burnley,Bournemouth,Away,Bournemouth,-0.5,-0.5 to -1.0,Pinnacle Close,2.0,0.40729946889253865,0.0,0.49109414758269715,-0.0837946786901585,-0.1854010622149227,W,1.0,False
2023/24,2024-03-04,Sheffield United,Arsenal,Home,Sheffield United,2.0,+1.5 or more,Pinnacle Close,1.91,0.47852930137762884,0.21518471579596385,0.5102564102564103,-0.031727108878781496,0.1291756814272349,L,-1.0,True
2023/24,2024-03-04,Sheffield United,Arsenal,Away,Arsenal,-2.0,-1.5 or more,Pinnacle Close,1.99,0.30628598282640734,0.21518471579596385,0.4897435897435898,-0.18345760691718244,-0.1753061783794856,W,0.99,False
2023/24,2024-03-09,Bournemouth,Sheffield United,Home,Bournemouth,-1.5,-1.5 or more,Pinnacle Close,1.93,0.43600828066938063,0.0,0.5063938618925831,-0.07038558122320243,-0.15850401830809546,L,-1.0,False
2023/24,2024-03-09,Bournemouth,Sheffield United,Away,Sheffield United,1.5,+1.5 or more,Pinnacle Close,1.98,0.5639917193306194,0.0,0.4936061381074168,0.0703855812232026,0.11670360427462645,W,0.98,True
2023/24,2024-03-09,Man United,Everton,Home,Man United,-0.5,-0.5 to -1.0,Pinnacle Close,1.96,0.5324331605204803,0.0,0.5,0.032433160520480286,0.0435689946201413,W,0.96,True
2023/24,2024-03-09,Man United,Everton,Away,Everton,0.5,+0.5 to +1.0,Pinnacle Close,1.96,0.4675668394795202,0.0,0.5,-0.03243316052047979,-0.08356899462014034,L,-1.0,False
2023/24,2024-03-09,Wolves,Fulham,Home,Wolves,0.0,near pick'em,Pinnacle Close,1.85,0.44450463147438063,0.24578401438226546,0.530456852791878,-0.08595222131749741,0.06811758260986966,W,0.8500000000000001,True
2023/24,2024-03-09,Wolves,Fulham,Away,Fulham,-0.0,near pick'em,Pinnacle Close,2.09,0.30971135414335405,0.24578401438226546,0.46954314720812185,-0.1598317930647678,-0.10691925545812458,L,-1.0,False
2023/24,2024-03-10,Aston Villa,Tottenham,Home,Aston Villa,0.0,near pick'em,Pinnacle Close,1.92,0.44908722420733554,0.22797246803317697,0.5114503816793893,-0.06236315747205373,0.0902199385112612,L,-1.0,True
2023/24,2024-03-10,Aston Villa,Tottenham,Away,Tottenham,-0.0,near pick'em,Pinnacle Close,2.01,0.3229403077594875,0.22797246803317697,0.4885496183206107,-0.1656093105611232,-0.1229175133702533,W,1.0099999999999998,False
2023/24,2024-03-11,Chelsea,Newcastle,Home,Chelsea,-0.5,-0.5 to -1.0,Pinnacle Close,2.07,0.4616511482970558,0.0,0.47058823529411764,-0.00893708699706186,-0.04438212302509459,W,1.0699999999999998,False
2023/24,2024-03-11,Chelsea,Newcastle,Away,Newcastle,0.5,+0.5 to +1.0,Pinnacle Close,1.84,0.5383488517029442,0.0,0.5294117647058822,0.008937086997061972,-0.009438112866582582,L,-1.0,False
2023/24,2024-03-16,Fulham,Tottenham,Home,Fulham,0.5,+0.5 to +1.0,Pinnacle Close,1.88,0.5555828034280613,0.0,0.5216284987277354,0.0339543047003259,0.04449567044475522,W,0.8799999999999999,True
2023/24,2024-03-16,Fulham,Tottenham,Away,Tottenham,-0.5,-0.5 to -1.0,Pinnacle Close,2.05,0.4444171965719382,0.0,0.4783715012722647,-0.03395430470032651,-0.08894474702752686,L,-1.0,False
2023/24,2024-03-17,West Ham,Aston Villa,Home,West Ham,0.0,near pick'em,Pinnacle Close,1.84,0.3962061508142515,0.24009248672776273,0.5329949238578681,-0.13678877304361658,-0.030888195774014526,PUSH,0.0,False
2023/24,2024-03-17,West Ham,Aston Villa,Away,Aston Villa,-0.0,near pick'em,Pinnacle Close,2.1,0.3637013624579856,0.24009248672776273,0.46700507614213205,-0.10330371368414643,0.003865347889532633,PUSH,0.0,True
2023/24,2024-03-30,Aston Villa,Wolves,Home,Aston Villa,-1.0,-0.5 to -1.0,Pinnacle Close,1.88,0.36122705123305077,0.2398727739494633,0.5228426395939086,-0.16161558836085788,-0.08102036973240134,W,0.8799999999999999,False
2023/24,2024-03-30,Aston Villa,Wolves,Away,Wolves,1.0,+0.5 to +1.0,Pinnacle Close,2.06,0.39890017481748613,0.2398727739494633,0.47715736040609136,-0.07825718558860523,0.06160713407348467,L,-1.0,True
2023/24,2024-03-30,Tottenham,Luton,Home,Tottenham,-2.0,-1.5 or more,Pinnacle Close,1.85,0.37051546615919567,0.1916885255339083,0.5280612244897959,-0.1575457583306002,-0.12285786207157973,L,-1.0,False
2023/24,2024-03-30,Tottenham,Luton,Away,Luton,2.0,+1.5 or more,Pinnacle Close,2.07,0.43779600830689613,0.1916885255339083,0.47193877551020413,-0.034142767203308,0.09792626272918326,W,1.0699999999999998,True
2023/24,2024-03-31,Liverpool,Brighton,Home,Liverpool,-1.5,-1.5 or more,Pinnacle Close,2.01,0.4044734049039049,0.0,0.4898477157360407,-0.08537431083213581,-0.1870084561431512,L,-1.0,False
2023/24,2024-03-31,Liverpool,Brighton,Away,Brighton,1.5,+1.5 or more,Pinnacle Close,1.93,0.5955265950960945,0.0,0.5101522842639594,0.08537431083213509,0.1493663285354624,W,0.9299999999999999,True
2023/24,2024-03-31,Man City,Arsenal,Home,Man City,-0.5,-0.5 to -1.0,Pinnacle Close,2.1,0.5235007375657352,0.0,0.46835443037974683,0.0551463071859884,0.09935154888804398,L,-1.0,True
2023/24,2024-03-31,Man City,Arsenal,Away,Arsenal,0.5,+0.5 to +1.0,Pinnacle Close,1.85,0.47649926243426494,0.0,0.5316455696202531,-0.055146307185988175,-0.11847636449660975,W,0.8500000000000001,False
2023/24,2024-04-02,Bournemouth,Crystal Palace,Home,Bournemouth,-0.5,-0.5 to -1.0,Pinnacle Close,1.9,0.4451453560239482,0.0,0.5165394402035622,-0.07139408417961401,-0.15422382355449843,W,0.8999999999999999,False
2023/24,2024-04-02,Bournemouth,Crystal Palace,Away,Crystal Palace,0.5,+0.5 to +1.0,Pinnacle Close,2.03,0.5548546439760521,0.0,0.48346055979643765,0.07139408417961446,0.12635492727138564,L,-1.0,True
2023/24,2024-04-02,Burnley,Wolves,Home,Burnley,0.0,near pick'em,Pinnacle Close,2.05,0.4093783282265625,0.2632604657341772,0.4783715012722647,-0.06899317304570218,0.10248603859863026,PUSH,0.0,True
2023/24,2024-04-02,Burnley,Wolves,Away,Wolves,-0.0,near pick'em,Pinnacle Close,1.88,0.3273612060392601,0.2632604657341772,0.5216284987277354,-0.1942672926884753,-0.1213004669120138,PUSH,0.0,False
2023/24,2024-04-02,Newcastle,Everton,Home,Newcastle,-0.5,-0.5 to -1.0,Pinnacle Close,2.04,0.607441844693183,0.0,0.48223350253807107,0.1252083421551119,0.23918136317409322,L,-1.0,True
2023/24,2024-04-02,Newcastle,Everton,Away,Everton,0.5,+0.5 to +1.0,Pinnacle Close,1.9,0.3925581553068166,0.0,0.5177664974619289,-0.12520834215511234,-0.2541395049170485,W,0.8999999999999999,False
2023/24,2024-04-02,Nott'm Forest,Fulham,Home,Nott'm Forest,0.0,near pick'em,Pinnacle Close,1.99,0.4561885223379486,0.2538653606447676,0.49363867684478374,-0.03745015450683514,0.16168052009728534,W,0.99,True
2023/24,2024-04-02,Nott'm Forest,Fulham,Away,Fulham,-0.0,near pick'em,Pinnacle Close,1.94,0.2899461170172838,0.2538653606447676,0.5063613231552164,-0.21641520613793264,-0.18363917234170185,L,-1.0,False
2023/24,2024-04-02,West Ham,Tottenham,Home,West Ham,0.5,+0.5 to +1.0,Pinnacle Close,1.93,0.5969111365813374,0.0,0.5089058524173028,0.08800528416403464,0.15203849360198118,W,0.9299999999999999,True
2023/24,2024-04-02,West Ham,Tottenham,Away,Tottenham,-0.5,-0.5 to -1.0,Pinnacle Close,2.0,0.40308886341866246,0.0,0.49109414758269715,-0.08800528416403469,-0.19382227316267508,L,-1.0,False
2023/24,2024-04-03,Arsenal,Luton,Home,Arsenal,-2.5,-1.5 or more,Pinnacle Close,2.01,0.5195098832538159,0.0,0.48593350383631717,0.03357637941749869,0.04421486534016983,L,-1.0,True
2023/24,2024-04-03,Arsenal,Luton,Away,Luton,2.5,+1.5 or more,Pinnacle Close,1.9,0.48049011674618397,0.0,0.5140664961636828,-0.03357637941749886,-0.08706877818225056,W,0.8999999999999999,False
2023/24,2024-04-03,Brentford,Brighton,Home,Brentford,0.0,near pick'em,Pinnacle Close,1.9,0.44516093210589047,0.2350507091231987,0.5165394402035622,-0.07137850809767177,0.08085648012439056,PUSH,0.0,True
2023/24,2024-04-03,Brentford,Brighton,Away,Brighton,-0.0,near pick'em,Pinnacle Close,2.03,0.31978835877091116,0.2350507091231987,0.48346055979643765,-0.1636722010255265,-0.11577892257185168,PUSH,0.0,False
2023/24,2024-04-03,Man City,Aston Villa,Home,Man City,-1.5,-1.5 or more,Pinnacle Close,1.81,0.5088895645383253,0.0,0.5370843989769821,-0.02819483443865678,-0.0789098881856311,W,0.81,False
2023/24,2024-04-03,Man City,Aston Villa,Away,Aston Villa,1.5,+1.5 or more,Pinnacle Close,2.1,0.49111043546167477,0.0,0.4629156010230179,0.02819483443865689,0.031331914469517,L,-1.0,True
2023/24,2024-04-04,Chelsea,Man United,Home,Chelsea,-0.5,-0.5 to -1.0,Pinnacle Close,2.04,0.5404291397346934,0.0,0.4809160305343511,0.05951310920034231,0.1024754450587746,W,1.04,True
2023/24,2024-04-04,Chelsea,Man United,Away,Man United,0.5,+0.5 to +1.0,Pinnacle Close,1.89,0.45957086026530714,0.0,0.5190839694656489,-0.05951310920034181,-0.13141107409856956,L,-1.0,False
2023/24,2024-04-06,Brighton,Arsenal,Home,Brighton,1.0,+0.5 to +1.0,Pinnacle Close,2.07,0.5698445903440209,0.21493035957130804,0.4746192893401016,0.0952253010039193,0.39450866158343123,L,-1.0,True
2023/24,2024-04-06,Brighton,Arsenal,Away,Arsenal,-1.0,-0.5 to -1.0,Pinnacle Close,1.87,0.21522505008467094,0.21493035957130804,0.5253807106598984,-0.3101556605752275,-0.38259879677035724,W,0.8700000000000001,False
2023/24,2024-04-06,Crystal Palace,Man City,Home,Crystal Palace,1.5,+1.5 or more,Pinnacle Close,1.78,0.66201713637372,0.0,0.5482233502538072,0.11379378611991275,0.1783905027452215,L,-1.0,True
2023/24,2024-04-06,Crystal Palace,Man City,Away,Man City,-1.5,-1.5 or more,Pinnacle Close,2.16,0.3379828636262799,0.0,0.4517766497461929,-0.11379378611991303,-0.2699570145672355,W,1.1600000000000001,False
2023/24,2024-04-06,Luton,Bournemouth,Home,Luton,0.5,+0.5 to +1.0,Pinnacle Close,2.0,0.5826210731328103,0.0,0.49109414758269715,0.09152692555011316,0.16524214626562062,W,1.0,True
2023/24,2024-04-06,Luton,Bournemouth,Away,Bournemouth,-0.5,-0.5 to -1.0,Pinnacle Close,1.93,0.41737892686718936,0.0,0.5089058524173028,-0.09152692555011344,-0.19445867114632454,L,-1.0,False
2023/24,2024-04-06,Wolves,West Ham,Home,Wolves,0.0,near pick'em,Pinnacle Close,2.1,0.39934149353779724,0.2546074448261693,0.46700507614213205,-0.0676635826043348,0.09322458125554356,L,-1.0,True
2023/24,2024-04-06,Wolves,West Ham,Away,West Ham,-0.0,near pick'em,Pinnacle Close,1.84,0.3460510616360335,0.2546074448261693,0.5329949238578681,-0.18694386222183457,-0.10865860176352904,W,0.8400000000000001,False
2023/24,2024-04-07,Man United,Liverpool,Home,Man United,1.0,+0.5 to +1.0,Pinnacle Close,2.01,0.4976704165802551,0.20673364266857605,0.4898477157360407,0.007822700844214436,0.20705117999488876,W,1.0099999999999998,True
2023/24,2024-04-07,Man United,Liverpool,Away,Liverpool,-1.0,-0.5 to -1.0,Pinnacle Close,1.93,0.295595940751169,0.20673364266857605,0.5101522842639594,-0.2145563435127904,-0.22276619168166772,L,-1.0,False
2023/24,2024-04-13,Bournemouth,Man United,Home,Bournemouth,0.0,near pick'em,Pinnacle Close,2.12,0.41333271656499077,0.23117137954984937,0.46329113924050636,-0.04995842267551559,0.10743673866762976,PUSH,0.0,True
2023/24,2024-04-13,Bournemouth,Man United,Away,Man United,-0.0,near pick'em,Pinnacle Close,1.83,0.35549590388515956,0.23117137954984937,0.5367088607594936,-0.18121295687433409,-0.11827111634030868,PUSH,0.0,False
2023/24,2024-04-13,Burnley,Brighton,Home,Burnley,0.5,+0.5 to +1.0,Pinnacle Close,2.04,0.4978962094997306,0.0,0.4809160305343511,0.01698017896537951,0.015708267379450414,W,1.04,True
2023/24,2024-04-13,Burnley,Brighton,Away,Brighton,-0.5,-0.5 to -1.0,Pinnacle Close,1.89,0.5021037905002694,0.0,0.5190839694656489,-0.01698017896537951,-0.05102383595449084,L,-1.0,False
2023/24,2024-04-13,Man City,Luton,Home,Man City,-2.5,-1.5 or more,Pinnacle Close,1.99,0.571156927242271,0.0,0.48711340206185555,0.08404352518041541,0.13660228521211926,W,0.99,True
2023/24,2024-04-13,Man City,Luton,Away,Luton,2.5,+1.5 or more,Pinnacle Close,1.89,0.42884307275772904,0.0,0.5128865979381443,-0.08404352518041525,-0.18948659248789218,L,-1.0,False
2023/24,2024-04-14,Liverpool,Crystal Palace,Home,Liverpool,-2.0,-1.5 or more,Pinnacle Close,1.87,0.2776497138620068,0.2114197509932578,0.5241730279898218,-0.24652331412781497,-0.26937528408478933,L,-1.0,False
2023/24,2024-04-14,Liverpool,Crystal Palace,Away,Crystal Palace,2.0,+1.5 or more,Pinnacle Close,2.06,0.5109305351447353,0.2114197509932578,0.47582697201017815,0.03510356313455715,0.2639366533914126,W,1.06,True
2023/24,2024-04-20,Sheffield United,Burnley,Home,Sheffield United,0.0,near pick'em,Pinnacle Close,1.95,0.3870775255435797,0.26334793132761636,0.5038167938931298,-0.11673926834955012,0.018149106137596738,L,-1.0,True
2023/24,2024-04-20,Sheffield United,Burnley,Away,Burnley,-0.0,near pick'em,Pinnacle Close,1.98,0.34957454312880404,0.26334793132761636,0.4961832061068702,-0.14660866297806618,-0.04449447327735173,W,0.98,False
2023/24,2024-04-21,Aston Villa,Bournemouth,Home,Aston Villa,-0.5,-0.5 to -1.0,Pinnacle Close,2.1,0.5269596842806766,0.0,0.4656488549618321,0.06131082931884452,0.10661533698942094,W,1.1,True
2023/24,2024-04-21,Aston Villa,Bournemouth,Away,Bournemouth,0.5,+0.5 to +1.0,Pinnacle Close,1.83,0.47304031571932326,0.0,0.5343511450381679,-0.061310829318844684,-0.1343362222336384,L,-1.0,False
2023/24,2024-04-21,Fulham,Liverpool,Home,Fulham,1.0,+0.5 to +1.0,Pinnacle Close,2.07,0.3868487594621942,0.21786960219605894,0.4746192893401016,-0.0877705298779074,0.018646534282800886,L,-1.0,True
2023/24,2024-04-21,Fulham,Liverpool,Away,Liverpool,-1.0,-0.5 to -1.0,Pinnacle Close,1.87,0.3952816383417468,0.21786960219605894,0.5253807106598984,-0.13009907231815165,-0.04295373410487452,W,0.8700000000000001,False
2023/24,2024-04-24,Crystal Palace,Newcastle,Home,Crystal Palace,0.0,near pick'em,Pinnacle Close,1.92,0.3324282338175365,0.2488883361213267,0.5126903553299492,-0.18026212151241272,-0.11284945494900328,W,0.9199999999999999,False
2023/24,2024-04-24,Crystal Palace,Newcastle,Away,Newcastle,-0.0,near pick'em,Pinnacle Close,2.02,0.41868343006113656,0.2488883361213267,0.48730964467005067,-0.0686262146089141,0.09462886484482258,L,-1.0,True
2023/24,2024-04-24,Man United,Sheffield United,Home,Man United,-1.5,-1.5 or more,Pinnacle Close,1.88,0.4894083082038606,0.0,0.5228426395939086,-0.03343433139004803,-0.0799123805767421,W,0.8799999999999999,False
2023/24,2024-04-24,Man United,Sheffield United,Away,Sheffield United,1.5,+1.5 or more,Pinnacle Close,2.06,0.5105916917961393,0.0,0.47715736040609136,0.03343433139004792,0.05181888510004695,L,-1.0,True
2023/24,2024-04-24,Wolves,Bournemouth,Home,Wolves,0.0,near pick'em,Pinnacle Close,1.77,0.3918415689251231,0.2509746883003888,0.550761421319797,-0.15891985239467388,-0.05546573470214322,L,-1.0,False
2023/24,2024-04-24,Wolves,Bournemouth,Away,Bournemouth,-0.0,near pick'em,Pinnacle Close,2.17,0.3571837427744883,0.2509746883003888,0.4492385786802031,-0.09205483590571484,0.026063410121028363,W,1.17,True
2023/24,2024-04-27,Newcastle,Sheffield United,Home,Newcastle,-2.0,-1.5 or more,Pinnacle Close,1.99,0.3878352997640133,0.20717674772741232,0.49104859335038353,-0.10321329358637021,-0.021031005742201125,W,0.99,False
2023/24,2024-04-27,Newcastle,Sheffield United,Away,Sheffield United,2.0,+1.5 or more,Pinnacle Close,1.92,0.40498795250857417,0.20717674772741232,0.5089514066496164,-0.10396345414104219,-0.015246383456125223,L,-1.0,False
2023/24,2024-04-27,West Ham,Liverpool,Home,West Ham,1.0,+0.5 to +1.0,Pinnacle Close,2.05,0.397496396362671,0.2182865638790376,0.4757033248081842,-0.07820692844551325,0.03315417642251306,W,1.0499999999999998,True
2023/24,2024-04-27,West Ham,Liverpool,Away,Liverpool,-1.0,-0.5 to -1.0,Pinnacle Close,1.86,0.3842170397582914,0.2182865638790376,0.5242966751918159,-0.14007963543352447,-0.0670697421705404,L,-1.0,False
2023/24,2024-04-27,Wolves,Luton,Home,Wolves,-0.5,-0.5 to -1.0,Pinnacle Close,1.95,0.5337500308919021,0.0,0.5038167938931298,0.02993323699877226,0.040812560239209095,W,0.95,True
2023/24,2024-04-27,Wolves,Luton,Away,Luton,0.5,+0.5 to +1.0,Pinnacle Close,1.98,0.4662499691080981,0.0,0.4961832061068702,-0.02993323699877215,-0.07682506116596577,L,-1.0,False
2023/24,2024-04-28,Nott'm Forest,Man City,Home,Nott'm Forest,1.5,+1.5 or more,Pinnacle Close,2.04,0.6139897029377482,0.0,0.48223350253807107,0.13175620039967717,0.2525389939930064,L,-1.0,True
2023/24,2024-04-28,Nott'm Forest,Man City,Away,Man City,-1.5,-1.5 or more,Pinnacle Close,1.9,0.38601029706225165,0.0,0.5177664974619289,-0.13175620039967728,-0.2665804355817219,W,0.8999999999999999,False
2023/24,2024-05-03,Luton,Everton,Home,Luton,0.0,near pick'em,Pinnacle Close,2.07,0.3263730061812518,0.2204136113268148,0.4746192893401016,-0.1482462831588498,-0.10399426587799404,PUSH,0.0,False
2023/24,2024-05-03,Luton,Everton,Away,Everton,-0.0,near pick'em,Pinnacle Close,1.87,0.45321338249193366,0.2204136113268148,0.5253807106598984,-0.07216732816796478,0.06792263658673081,PUSH,0.0,True
2023/24,2024-05-04,Arsenal,Bournemouth,Home,Arsenal,-2.0,-1.5 or more,Pinnacle Close,1.85,0.2879365879680774,0.20987599354303918,0.5292620865139949,-0.24132549854591745,-0.25744131871601755,W,0.8500000000000001,False
2023/24,2024-05-04,Arsenal,Bournemouth,Away,Bournemouth,2.0,+1.5 or more,Pinnacle Close,2.08,0.5021874184888832,0.20987599354303918,0.4707379134860051,0.031449505002878075,0.2544258239999162,L,-1.0,True
2023/24,2024-05-04,Man City,Wolves,Home,Man City,-2.5,-1.5 or more,Pinnacle Close,1.89,0.40311516353842086,0.0,0.5178571428571429,-0.11474197931872204,-0.23811234091238453,W,0.8899999999999999,False
2023/24,2024-05-04,Man City,Wolves,Away,Wolves,2.5,+1.5 or more,Pinnacle Close,2.03,0.5968848364615794,0.0,0.4821428571428572,0.11474197931872221,0.2116762180170061,L,-1.0,True
2023/24,2024-05-05,Brighton,Aston Villa,Home,Brighton,0.0,near pick'em,Pinnacle Close,1.8,0.5135910647133429,0.22721063131077712,0.5419847328244275,-0.02839366811108457,0.1516745477947944,W,0.8,True
2023/24,2024-05-05,Brighton,Aston Villa,Away,Aston Villa,-0.0,near pick'em,Pinnacle Close,2.13,0.2591983039758804,0.22721063131077712,0.45801526717557256,-0.19881696319969216,-0.22069698122059767,L,-1.0,False
2023/24,2024-05-05,Chelsea,West Ham,Home,Chelsea,-1.0,-0.5 to -1.0,Pinnacle Close,2.0,0.4205472347171948,0.22068484620836704,0.49109414758269715,-0.07054691286550235,0.06177931564275663,W,1.0,True
2023/24,2024-05-05,Chelsea,West Ham,Away,West Ham,1.0,+0.5 to +1.0,Pinnacle Close,1.93,0.3587679190744382,0.22068484620836704,0.5089058524173028,-0.15013793334286457,-0.08689306997796725,L,-1.0,False
2023/24,2024-05-11,Bournemouth,Brentford,Home,Bournemouth,-0.5,-0.5 to -1.0,Pinnacle Close,1.9,0.39207683772388874,0.0,0.5165394402035622,-0.1244626024796735,-0.2550540083246114,L,-1.0,False
2023/24,2024-05-11,Bournemouth,Brentford,Away,Brentford,0.5,+0.5 to +1.0,Pinnacle Close,2.03,0.6079231622761114,0.0,0.48346055979643765,0.12446260247967378,0.23408401942050605,W,1.0299999999999998,True
2023/24,2024-05-11,Fulham,Man City,Home,Fulham,2.0,+1.5 or more,Pinnacle Close,1.76,0.5853984165692254,0.19615692003388308,0.5521628498727736,0.03323556669645178,0.22645813319571984,L,-1.0,True
2023/24,2024-05-11,Fulham,Man City,Away,Man City,-2.0,-1.5 or more,Pinnacle Close,2.17,0.21844466339689197,0.19615692003388308,0.44783715012722647,-0.2293924867303345,-0.3298181603948614,W,1.17,False
2023/24,2024-05-11,Newcastle,Brighton,Home,Newcastle,-1.0,-0.5 to -1.0,Pinnacle Close,1.96,0.3160611220707948,0.21490450952035767,0.5,-0.1839388779292052,-0.1656156912208846,L,-1.0,False
2023/24,2024-05-11,Newcastle,Brighton,Away,Brighton,1.0,+0.5 to +1.0,Pinnacle Close,1.96,0.4690343684088473,0.21490450952035767,0.5,-0.030965631591152676,0.13421187160169845,W,0.96,True
2023/24,2024-05-11,Nott'm Forest,Chelsea,Home,Nott'm Forest,0.5,+0.5 to +1.0,Pinnacle Close,2.04,0.567819723880387,0.0,0.48223350253807107,0.08558622134231597,0.15835223671598964,L,-1.0,True
2023/24,2024-05-11,Nott'm Forest,Chelsea,Away,Chelsea,-0.5,-0.5 to -1.0,Pinnacle Close,1.9,0.4321802761196133,0.0,0.5177664974619289,-0.08558622134231564,-0.17885747537273478,W,0.8999999999999999,False
2023/24,2024-05-11,Tottenham,Burnley,Home,Tottenham,-1.5,-1.5 or more,Pinnacle Close,1.79,0.4489115513290027,0.0,0.541025641025641,-0.09211408969663831,-0.19644832312108512,L,-1.0,False
2023/24,2024-05-11,Tottenham,Burnley,Away,Burnley,1.5,+1.5 or more,Pinnacle Close,2.11,0.5510884486709973,0.0,0.45897435897435895,0.09211408969663831,0.1627966266958042,W,1.1099999999999999,True
2023/24,2024-05-11,Wolves,Crystal Palace,Home,Wolves,0.0,near pick'em,Pinnacle Close,1.99,0.34422980717615276,0.2786332099477489,0.49234693877551017,-0.1481171315993574,-0.036349473771707164,L,-1.0,False
2023/24,2024-05-11,Wolves,Crystal Palace,Away,Crystal Palace,-0.0,near pick'em,Pinnacle Close,1.93,0.3771369828760982,0.2786332099477489,0.5076530612244898,-0.13051607834839163,0.0065075868986184116,W,0.9299999999999999,True
2023/24,2024-05-12,Man United,Arsenal,Home,Man United,1.5,+1.5 or more,Pinnacle Close,1.99,0.6906515223039129,0.0,0.49234693877551017,0.19830458352840274,0.37439652938478674,W,0.99,True
2023/24,2024-05-12,Man United,Arsenal,Away,Arsenal,-1.5,-1.5 or more,Pinnacle Close,1.93,0.30934847769608737,0.0,0.5076530612244898,-0.19830458352840247,-0.4029574380465515,L,-1.0,False
2023/24,2024-05-14,Tottenham,Man City,Home,Tottenham,1.5,+1.5 or more,Pinnacle Close,1.88,0.6698602405134035,0.0,0.5216284987277354,0.14823174178566811,0.25933725216519854,L,-1.0,True
2023/24,2024-05-14,Tottenham,Man City,Away,Man City,-1.5,-1.5 or more,Pinnacle Close,2.05,0.33013975948659696,0.0,0.4783715012722647,-0.14823174178566773,-0.3232134930524763,W,1.0499999999999998,False
2023/24,2024-05-15,Brighton,Chelsea,Home,Brighton,0.5,+0.5 to +1.0,Pinnacle Close,1.83,0.6751386388568243,0.0,0.5331632653061223,0.141975373550702,0.23550370910798857,L,-1.0,True
2023/24,2024-05-15,Brighton,Chelsea,Away,Chelsea,-0.5,-0.5 to -1.0,Pinnacle Close,2.09,0.3248613611431757,0.0,0.4668367346938776,-0.1419753735507019,-0.3210397552107629,W,1.0899999999999999,False
2023/24,2024-05-19,Arsenal,Everton,Home,Arsenal,-2.0,-1.5 or more,Pinnacle Close,2.02,0.28062401244468327,0.21235310193800677,0.48337595907928377,-0.2027519466346005,-0.2207863929237331,L,-1.0,False
2023/24,2024-05-19,Arsenal,Everton,Away,Everton,2.0,+1.5 or more,Pinnacle Close,1.89,0.5070228856173097,0.21235310193800677,0.5166240409207161,-0.009601155303406439,0.17062635575472201,W,0.8899999999999999,True
2023/24,2024-05-19,Crystal Palace,Aston Villa,Home,Crystal Palace,-0.5,-0.5 to -1.0,Pinnacle Close,1.78,0.4337478686302592,0.0,0.5482233502538072,-0.11447548162354798,-0.22792879383813863,W,0.78,False
2023/24,2024-05-19,Crystal Palace,Aston Villa,Away,Aston Villa,0.5,+0.5 to +1.0,Pinnacle Close,2.16,0.5662521313697407,0.0,0.4517766497461929,0.11447548162354781,0.22310460375864005,L,-1.0,True
2023/24,2024-05-19,Sheffield United,Tottenham,Home,Sheffield United,1.5,+1.5 or more,Pinnacle Close,2.05,0.6645519955254794,0.0,0.4783715012722647,0.1861804942532147,0.36233159082723265,L,-1.0,True
2023/24,2024-05-19,Sheffield United,Tottenham,Away,Tottenham,-1.5,-1.5 or more,Pinnacle Close,1.88,0.3354480044745204,0.0,0.5216284987277354,-0.18618049425321503,-0.3693577515879017,W,0.8799999999999999,False
2024/25,2024-08-16,Man United,Fulham,Home,Man United,-1.0,-0.5 to -1.0,Pinnacle Close,1.83,0.34145671110798015,0.2212944815138354,0.5355329949238579,-0.19407628381587771,-0.15383973715856092,PUSH,0.0,False
2024/25,2024-08-16,Man United,Fulham,Away,Fulham,1.0,+0.5 to +1.0,Pinnacle Close,2.11,0.4372488073781846,0.2212944815138354,0.46446700507614214,-0.027218197697957525,0.1438894650818049,PUSH,0.0,True
2024/25,2024-08-17,Arsenal,Wolves,Home,Arsenal,-2.0,-1.5 or more,Pinnacle Close,2.0,0.37763830819162725,0.22157461668682507,0.4871794871794872,-0.10954117898785998,-0.023148766929920406,PUSH,0.0,False
2024/25,2024-08-17,Arsenal,Wolves,Away,Wolves,2.0,+1.5 or more,Pinnacle Close,1.9,0.40078707512154754,0.22157461668682507,0.5128205128205129,-0.11203343769896534,-0.016929940582234626,PUSH,0.0,False
2024/25,2024-08-17,Everton,Brighton,Home,Everton,0.0,near pick'em,Pinnacle Close,1.86,0.3795085262271804,0.2402021482874184,0.5267175572519084,-0.147209031024728,-0.05391199293002602,L,-1.0,False
2024/25,2024-08-17,Everton,Brighton,Away,Brighton,-0.0,near pick'em,Pinnacle Close,2.07,0.38028932548540106,0.2402021482874184,0.47328244274809167,-0.0929931172626906,0.027401052042198504,W,1.0699999999999998,True
2024/25,2024-08-17,Ipswich Town,Liverpool,Home,Ipswich Town,1.5,+1.5 or more,Pinnacle Close,2.04,0.6692927913073308,0.0,0.48223350253807107,0.1870592887692597,0.36535729426695485,L,-1.0,True
2024/25,2024-08-17,Ipswich Town,Liverpool,Away,Liverpool,-1.5,-1.5 or more,Pinnacle Close,1.9,0.3307072086926696,0.0,0.5177664974619289,-0.1870592887692593,-0.3716563034839277,W,0.8999999999999999,False
2024/25,2024-08-17,Newcastle,Southampton,Home,Newcastle,-1.5,-1.5 or more,Pinnacle Close,1.88,0.4769256941380474,0.0,0.5228426395939086,-0.045916945455861224,-0.1033796950204709,L,-1.0,False
2024/25,2024-08-17,Newcastle,Southampton,Away,Southampton,1.5,+1.5 or more,Pinnacle Close,2.06,0.5230743058619522,0.0,0.47715736040609136,0.04591694545586089,0.07753307007562171,W,1.06,True
2024/25,2024-08-17,Nott'm Forest,Bournemouth,Home,Nott'm Forest,0.0,near pick'em,Pinnacle Close,1.94,0.4436692895783571,0.24620189748111232,0.5051020408163266,-0.061432751237969485,0.10692031926312512,PUSH,0.0,True
2024/25,2024-08-17,Nott'm Forest,Bournemouth,Away,Bournemouth,-0.0,near pick'em,Pinnacle Close,1.98,0.31012881294053063,0.24620189748111232,0.49489795918367346,-0.18476914624314283,-0.13974305289663702,PUSH,0.0,False
2024/25,2024-08-18,Chelsea,Man City,Home,Chelsea,0.5,+0.5 to +1.0,Pinnacle Close,1.96,0.47489227569160913,0.0,0.5012722646310432,-0.026379988939434107,-0.06921113964444608,L,-1.0,False
2024/25,2024-08-18,Chelsea,Man City,Away,Man City,-0.5,-0.5 to -1.0,Pinnacle Close,1.97,0.5251077243083914,0.0,0.49872773536895665,0.026379988939434718,0.03446221688753093,W,0.97,True
2024/25,2024-08-19,Leicester,Tottenham,Home,Leicester,1.0,+0.5 to +1.0,Pinnacle Close,2.02,0.6020087764638972,0.19941529043981474,0.48600508905852424,0.11600368740537292,0.41547301889688704,W,1.02,True
2024/25,2024-08-19,Leicester,Tottenham,Away,Tottenham,-1.0,-0.5 to -1.0,Pinnacle Close,1.91,0.19857593309628804,0.19941529043981474,0.5139949109414759,-0.3154189778451878,-0.4213046773462751,L,-1.0,False
2024/25,2024-08-24,Brighton,Man United,Home,Brighton,0.0,near pick'em,Pinnacle Close,2.12,0.5445701213219162,0.21107918068489614,0.46329113924050636,0.08127898208140982,0.3655678378873586,W,1.12,True
2024/25,2024-08-24,Brighton,Man United,Away,Man United,-0.0,near pick'em,Pinnacle Close,1.83,0.2443506979931872,0.21107918068489614,0.5367088607594936,-0.29235816276630644,-0.34175904198757123,L,-1.0,False
2024/25,2024-08-24,Southampton,Nott'm Forest,Home,Southampton,0.0,near pick'em,Pinnacle Close,2.03,0.41589626539630326,0.2715492703931579,0.4808184143222507,-0.06492214892594744,0.11581868914765336,L,-1.0,True
2024/25,2024-08-24,Southampton,Nott'm Forest,Away,Nott'm Forest,-0.0,near pick'em,Pinnacle Close,1.88,0.31255446421053895,0.2715492703931579,0.5191815856777493,-0.20662712146721035,-0.14084833689102894,W,0.8799999999999999,False
2024/25,2024-08-31,Arsenal,Brighton,Home,Arsenal,-1.5,-1.5 or more,Pinnacle Close,2.09,0.4002471298215711,0.0,0.46954314720812185,-0.06929601738655072,-0.16348349867291645,L,-1.0,False
2024/25,2024-08-31,Arsenal,Brighton,Away,Brighton,1.5,+1.5 or more,Pinnacle Close,1.85,0.5997528701784289,0.0,0.530456852791878,0.06929601738655089,0.10954280983009357,W,0.8500000000000001,True
2024/25,2024-08-31,Everton,Bournemouth,Home,Everton,0.0,near pick'em,Pinnacle Close,1.87,0.4487047545112839,0.23376154499965346,0.5241730279898218,-0.0754682734785379,0.07283943593575437,L,-1.0,True
2024/25,2024-08-31,Everton,Bournemouth,Away,Bournemouth,-0.0,near pick'em,Pinnacle Close,2.06,0.3175337004890624,0.23376154499965346,0.47582697201017815,-0.15829327152111577,-0.11211903199287804,W,1.06,False
2024/25,2024-08-31,Nott'm Forest,Wolves,Home,Nott'm Forest,-0.5,-0.5 to -1.0,Pinnacle Close,2.01,0.5402843455600147,0.0,0.4885496183206107,0.05173472723940398,0.08597153457562945,L,-1.0,True
2024/25,2024-08-31,Nott'm Forest,Wolves,Away,Wolves,0.5,+0.5 to +1.0,Pinnacle Close,1.92,0.45971565443998547,0.0,0.5114503816793893,-0.05173472723940381,-0.11734594347522798,W,0.9199999999999999,False
2024/25,2024-08-31,West Ham,Man City,Home,West Ham,1.5,+1.5 or more,Pinnacle Close,1.99,0.5630502751084183,0.0,0.49234693877551017,0.07070333633290815,0.1204700474657524,L,-1.0,True
2024/25,2024-08-31,West Ham,Man City,Away,Man City,-1.5,-1.5 or more,Pinnacle Close,1.93,0.4369497248915816,0.0,0.5076530612244898,-0.0707033363329082,-0.1566870309592474,W,0.9299999999999999,False
2024/25,2024-09-01,Chelsea,Crystal Palace,Home,Chelsea,-1.0,-0.5 to -1.0,Pinnacle Close,1.85,0.3115592693343476,0.2367769128490263,0.5292620865139949,-0.2177028171796473,-0.18683843888243062,L,-1.0,False
2024/25,2024-09-01,Chelsea,Crystal Palace,Away,Crystal Palace,1.0,+0.5 to +1.0,Pinnacle Close,2.08,0.4516638178166261,0.2367769128490263,0.4707379134860051,-0.019074095669378954,0.17623765390760865,W,1.08,True
2024/25,2024-09-01,Man United,Liverpool,Home,Man United,0.5,+0.5 to +1.0,Pinnacle Close,1.92,0.4495923098583776,0.0,0.5114503816793893,-0.06185807182101166,-0.136782765071915,L,-1.0,False
2024/25,2024-09-01,Man United,Liverpool,Away,Liverpool,-0.5,-0.5 to -1.0,Pinnacle Close,2.01,0.5504076901416224,0.0,0.4885496183206107,0.06185807182101166,0.10631945718466085,W,1.0099999999999998,True
2024/25,2024-09-01,Newcastle,Tottenham,Home,Newcastle,0.0,near pick'em,Pinnacle Close,1.92,0.5284622132043811,0.20441674819430386,0.5114503816793893,0.01701183152499186,0.21906419754671563,W,0.9199999999999999,True
2024/25,2024-09-01,Newcastle,Tottenham,Away,Tottenham,-0.0,near pick'em,Pinnacle Close,2.01,0.2671210386013152,0.20441674819430386,0.4885496183206107,-0.22142857971929553,-0.25866996421705263,L,-1.0,False
2024/25,2024-09-14,Aston Villa,Everton,Home,Aston Villa,-1.0,-0.5 to -1.0,Pinnacle Close,1.87,0.30379825665605487,0.22563339021042061,0.5241730279898218,-0.22037477133376693,-0.20626386984275674,PUSH,0.0,False
2024/25,2024-09-14,Aston Villa,Everton,Away,Everton,1.0,+0.5 to +1.0,Pinnacle Close,2.06,0.4705683531335245,0.22563339021042061,0.47582697201017815,-0.005258618876653631,0.19500419766548116,PUSH,0.0,True
2024/25,2024-09-14,Bournemouth,Chelsea,Home,Bournemouth,0.5,+0.5 to +1.0,Pinnacle Close,1.97,0.5897434235570259,0.0,0.49744897959183665,0.09229444396518927,0.1617945444073411,L,-1.0,True
2024/25,2024-09-14,Bournemouth,Chelsea,Away,Chelsea,-0.5,-0.5 to -1.0,Pinnacle Close,1.95,0.4102565764429734,0.0,0.5025510204081632,-0.09229444396518982,-0.19999967593620183,W,0.95,False
2024/25,2024-09-14,Brighton,Ipswich Town,Home,Brighton,-1.5,-1.5 or more,Pinnacle Close,1.89,0.618306666099636,0.0,0.5190839694656489,0.09922269663398708,0.168599598928312,L,-1.0,True
2024/25,2024-09-14,Brighton,Ipswich Town,Away,Ipswich Town,1.5,+1.5 or more,Pinnacle Close,2.04,0.38169333390036386,0.0,0.4809160305343511,-0.09922269663398725,-0.22134559884325772,W,1.04,False
2024/25,2024-09-14,Crystal Palace,Leicester,Home,Crystal Palace,-1.0,-0.5 to -1.0,Pinnacle Close,1.87,0.25123629596241137,0.24295571854909534,0.5253807106598984,-0.27414441469748707,-0.2872324080011953,L,-1.0,False
2024/25,2024-09-14,Crystal Palace,Leicester,Away,Leicester,1.0,+0.5 to +1.0,Pinnacle Close,2.07,0.505807985488493,0.24295571854909534,0.4746192893401016,0.031188696148391426,0.28997824851027587,W,1.0699999999999998,True
2024/25,2024-09-14,Liverpool,Nott'm Forest,Home,Liverpool,-2.0,-1.5 or more,Pinnacle Close,1.85,0.31754006652083655,0.20897145105599274,0.5280612244897959,-0.21052115796895932,-0.20357942588045963,L,-1.0,False
2024/25,2024-09-14,Liverpool,Nott'm Forest,Away,Nott'm Forest,2.0,+1.5 or more,Pinnacle Close,2.07,0.4734884824231707,0.20897145105599274,0.47193877551020413,0.0015497069129665753,0.189092609671956,W,1.0699999999999998,True
2024/25,2024-09-14,Man City,Brentford,Home,Man City,-2.0,-1.5 or more,Pinnacle Close,2.09,0.29018548909012515,0.21147507403957305,0.46410256410256406,-0.17391707501243892,-0.18203725376206537,L,-1.0,False
2024/25,2024-09-14,Man City,Brentford,Away,Brentford,2.0,+1.5 or more,Pinnacle Close,1.81,0.49833943687030197,0.21147507403957305,0.5358974358974359,-0.037557999027133915,0.11346945477481968,W,0.81,True
2024/25,2024-09-21,Aston Villa,Wolves,Home,Aston Villa,-1.0,-0.5 to -1.0,Pinnacle Close,1.85,0.37930352949105817,0.2354787518927861,0.5292620865139949,-0.1499585570229367,-0.06280971854875622,W,0.8500000000000001,False
2024/25,2024-09-21,Aston Villa,Wolves,Away,Wolves,1.0,+0.5 to +1.0,Pinnacle Close,2.08,0.38521771861615556,0.2354787518927861,0.4707379134860051,-0.08552019486984952,0.036731606614389734,L,-1.0,True
2024/25,2024-09-21,Leicester,Everton,Home,Leicester,0.0,near pick'em,Pinnacle Close,1.81,0.43836072736239956,0.24308666700668685,0.538265306122449,-0.09990457876004949,0.03651958353263002,PUSH,0.0,True
2024/25,2024-09-21,Leicester,Everton,Away,Everton,-0.0,near pick'em,Pinnacle Close,2.11,0.3185526056309136,0.24308666700668685,0.46173469387755106,-0.14318208824663747,-0.0847673351120855,PUSH,0.0,False
2024/25,2024-09-21,Tottenham,Brentford,Home,Tottenham,-1.0,-0.5 to -1.0,Pinnacle Close,2.01,0.28527989183146724,0.21854660405603676,0.4872448979591837,-0.20196500612771645,-0.20804081336271418,W,1.0099999999999998,False
2024/25,2024-09-21,Tottenham,Brentford,Away,Brentford,1.0,+0.5 to +1.0,Pinnacle Close,1.91,0.49617350411249594,0.21854660405603676,0.5127551020408163,-0.01658159792832037,0.16623799691090396,L,-1.0,True
2024/25,2024-09-21,West Ham,Chelsea,Home,West Ham,0.5,+0.5 to +1.0,Pinnacle Close,1.9,0.5296562118703034,0.0,0.5153061224489797,0.014350089421323764,0.006346802553576447,L,-1.0,True
2024/25,2024-09-21,West Ham,Chelsea,Away,Chelsea,-0.5,-0.5 to -1.0,Pinnacle Close,2.02,0.47034378812969646,0.0,0.48469387755102045,-0.014350089421323986,-0.049905547978013165,W,1.02,False
2024/25,2024-09-28,Arsenal,Leicester,Home,Arsenal,-2.0,-1.5 or more,Pinnacle Close,1.85,0.31952568757695693,0.21832739359336997,0.5280612244897959,-0.20853553691283894,-0.19055008438925963,PUSH,0.0,False
2024/25,2024-09-28,Arsenal,Leicester,Away,Leicester,2.0,+1.5 or more,Pinnacle Close,2.07,0.46214691882967307,0.21832739359336997,0.47193877551020413,-0.009791856680531064,0.1749715155707931,PUSH,0.0,True
2024/25,2024-09-28,Everton,Crystal Palace,Home,Everton,0.0,near pick'em,Pinnacle Close,1.99,0.4253699105297164,0.2564297093872049,0.49234693877551017,-0.06697702824579377,0.10291583134134052,W,0.99,True
2024/25,2024-09-28,Everton,Crystal Palace,Away,Crystal Palace,-0.0,near pick'em,Pinnacle Close,1.93,0.3182003800830788,0.2564297093872049,0.5076530612244898,-0.189452681141411,-0.12944355705245297,L,-1.0,False
2024/25,2024-09-28,Newcastle,Man City,Home,Newcastle,1.0,+0.5 to +1.0,Pinnacle Close,2.04,0.47457116557701245,0.22110197455336147,0.47959183673469385,-0.0050206711576814,0.18922715233046683,W,1.04,True
2024/25,2024-09-28,Newcastle,Man City,Away,Man City,-1.0,-0.5 to -1.0,Pinnacle Close,1.88,0.30432685986962604,0.22110197455336147,0.5204081632653061,-0.2160813033956801,-0.2067635288917416,L,-1.0,False
2024/25,2024-09-28,Wolves,Liverpool,Home,Wolves,1.5,+1.5 or more,Pinnacle Close,2.01,0.5659816935700359,0.0,0.4885496183206107,0.07743207524942519,0.1376232040757721,W,1.0099999999999998,True
2024/25,2024-09-28,Wolves,Liverpool,Away,Liverpool,-1.5,-1.5 or more,Pinnacle Close,1.92,0.43401830642996414,0.0,0.5114503816793893,-0.07743207524942514,-0.16668485165446895,L,-1.0,False
2024/25,2024-09-29,Ipswich Town,Aston Villa,Home,Ipswich Town,0.5,+0.5 to +1.0,Pinnacle Close,1.83,0.41151251380150944,0.0,0.5355329949238579,-0.12402048112234842,-0.2469320997432377,W,0.8300000000000001,False
2024/25,2024-09-29,Ipswich Town,Aston Villa,Away,Aston Villa,-0.5,-0.5 to -1.0,Pinnacle Close,2.11,0.5884874861984909,0.0,0.46446700507614214,0.12402048112234876,0.24170859587881577,L,-1.0,True
2024/25,2024-10-05,Crystal Palace,Liverpool,Home,Crystal Palace,1.0,+0.5 to +1.0,Pinnacle Close,2.05,0.4630511959706211,0.23288507244060214,0.4783715012722647,-0.015320305301643578,0.1821400241803754,PUSH,0.0,True
2024/25,2024-10-05,Crystal Palace,Liverpool,Away,Liverpool,-1.0,-0.5 to -1.0,Pinnacle Close,1.88,0.3040637315887768,0.23288507244060214,0.5216284987277354,-0.21756476713895861,-0.19547511217249747,PUSH,0.0,False
2024/25,2024-10-19,Newcastle,Brighton,Home,Newcastle,-0.5,-0.5 to -1.0,Pinnacle Close,1.96,0.5194403194425233,0.0,0.5,0.019440319442523335,0.01810302610734571,L,-1.0,True
2024/25,2024-10-19,Newcastle,Brighton,Away,Brighton,0.5,+0.5 to +1.0,Pinnacle Close,1.96,0.48055968055747644,0.0,0.5,-0.019440319442523557,-0.05810302610734619,W,0.96,False
2024/25,2024-10-20,Liverpool,Chelsea,Home,Liverpool,-1.0,-0.5 to -1.0,Pinnacle Close,1.92,0.42124918081307305,0.21407012296487504,0.5114503816793893,-0.09020120086631622,0.022868550125975273,PUSH,0.0,True
2024/25,2024-10-20,Liverpool,Chelsea,Away,Chelsea,1.0,+0.5 to +1.0,Pinnacle Close,2.01,0.36468069622205207,0.21407012296487504,0.4885496183206107,-0.12386892209855865,-0.052921677628800345,PUSH,0.0,False
2024/25,2024-10-20,Wolves,Man City,Home,Wolves,1.5,+1.5 or more,Pinnacle Close,1.85,0.5313274014004352,0.0,0.530456852791878,0.0008705486085571756,-0.017044307409194825,W,0.8500000000000001,False
2024/25,2024-10-20,Wolves,Man City,Away,Man City,-1.5,-1.5 or more,Pinnacle Close,2.09,0.4686725985995644,0.0,0.46954314720812185,-0.0008705486085574532,-0.02047426892691051,L,-1.0,False
2024/25,2024-10-26,Aston Villa,Bournemouth,Home,Aston Villa,-0.5,-0.5 to -1.0,Pinnacle Close,2.03,0.48140592415424505,0.0,0.48346055979643765,-0.0020546356421926038,-0.022745973966882715,L,-1.0,False
2024/25,2024-10-26,Aston Villa,Bournemouth,Away,Bournemouth,0.5,+0.5 to +1.0,Pinnacle Close,1.9,0.5185940758457551,0.0,0.5165394402035622,0.0020546356421928813,-0.014671255893065338,W,0.8999999999999999,False
2024/25,2024-10-26,Brighton,Wolves,Home,Brighton,-1.0,-0.5 to -1.0,Pinnacle Close,1.96,0.43074619631609107,0.23439740514384796,0.5,-0.06925380368390893,0.07865994992338643,L,-1.0,True
2024/25,2024-10-26,Brighton,Wolves,Away,Wolves,1.0,+0.5 to +1.0,Pinnacle Close,1.96,0.3348563985400609,0.23439740514384796,0.5,-0.16514360145993912,-0.10928405371763267,W,0.96,False
2024/25,2024-10-26,Everton,Fulham,Home,Everton,0.0,near pick'em,Pinnacle Close,1.95,0.4358705483199127,0.23928223354278777,0.5025510204081632,-0.06668047208825056,0.08922980276661746,PUSH,0.0,True
2024/25,2024-10-26,Everton,Fulham,Away,Fulham,-0.0,near pick'em,Pinnacle Close,1.97,0.32484721813729966,0.23928223354278777,0.49744897959183665,-0.17260176145453698,-0.12076874672673188,PUSH,0.0,False
2024/25,2024-10-26,Man City,Southampton,Home,Man City,-2.5,-1.5 or more,Pinnacle Close,1.97,0.4451486793765295,0.0,0.49487179487179483,-0.04972311549526531,-0.1230571016282368,L,-1.0,False
2024/25,2024-10-26,Man City,Southampton,Away,Southampton,2.5,+1.5 or more,Pinnacle Close,1.93,0.5548513206234704,0.0,0.5051282051282052,0.0497231154952652,0.07086304880329786,W,0.9299999999999999,True
2024/25,2024-10-27,Arsenal,Liverpool,Home,Arsenal,0.0,near pick'em,Pinnacle Close,1.96,0.4864443123025343,0.22818500881361448,0.5,-0.01355568769746568,0.18161586092658177,PUSH,0.0,True
2024/25,2024-10-27,Arsenal,Liverpool,Away,Liverpool,-0.0,near pick'em,Pinnacle Close,1.96,0.285370678883851,0.22818500881361448,0.5,-0.21462932111614902,-0.21248846057403753,PUSH,0.0,False
2024/25,2024-10-27,Crystal Palace,Tottenham,Home,Crystal Palace,0.5,+0.5 to +1.0,Pinnacle Close,1.96,0.5949244973180532,0.0,0.5,0.09492449731805319,0.16605201474338427,W,0.96,True
2024/25,2024-10-27,Crystal Palace,Tottenham,Away,Tottenham,-0.5,-0.5 to -1.0,Pinnacle Close,1.96,0.40507550268194625,0.0,0.5,-0.09492449731805375,-0.20605201474338536,L,-1.0,False
2024/25,2024-11-02,Bournemouth,Man City,Home,Bournemouth,1.0,+0.5 to +1.0,Pinnacle Close,1.99,0.4164414052545366,0.2352264472705009,0.49234693877551017,-0.07590553352097357,0.0639448437270288,W,0.99,True
2024/25,2024-11-02,Bournemouth,Man City,Away,Man City,-1.0,-0.5 to -1.0,Pinnacle Close,1.93,0.3483321474749626,0.2352264472705009,0.5076530612244898,-0.15932091374952723,-0.09249250810282134,L,-1.0,False
2024/25,2024-11-02,Liverpool,Brighton,Home,Liverpool,-1.5,-1.5 or more,Pinnacle Close,2.0,0.4447021186336825,0.0,0.49109414758269715,-0.046392028949014674,-0.11059576273263505,L,-1.0,False
2024/25,2024-11-02,Liverpool,Brighton,Away,Brighton,1.5,+1.5 or more,Pinnacle Close,1.93,0.5552978813663174,0.0,0.5089058524173028,0.04639202894901462,0.07172491103699252,W,0.9299999999999999,True
2024/25,2024-11-02,Newcastle,Arsenal,Home,Newcastle,0.5,+0.5 to +1.0,Pinnacle Close,1.95,0.5569933773167535,0.0,0.5025510204081632,0.05444235690859023,0.08613708576766921,W,0.95,True
2024/25,2024-11-02,Newcastle,Arsenal,Away,Arsenal,-0.5,-0.5 to -1.0,Pinnacle Close,1.97,0.4430066226832466,0.0,0.49744897959183665,-0.05444235690859006,-0.1272769533140043,L,-1.0,False
2024/25,2024-11-02,Southampton,Everton,Home,Southampton,0.0,near pick'em,Pinnacle Close,1.93,0.3837137235000141,0.2435061851658373,0.5076530612244898,-0.12393933772447574,-0.0159263284791355,W,0.9299999999999999,False
2024/25,2024-11-02,Southampton,Everton,Away,Everton,-0.0,near pick'em,Pinnacle Close,1.99,0.3727800913341489,0.2435061851658373,0.49234693877551017,-0.11956684744136126,-0.014661433079206365,L,-1.0,False
2024/25,2024-11-02,Wolves,Crystal Palace,Home,Wolves,0.0,near pick'em,Pinnacle Close,2.11,0.3459046721250926,0.26757914557813234,0.46446700507614214,-0.11856233295104951,-0.0025619962379221928,PUSH,0.0,False
2024/25,2024-11-02,Wolves,Crystal Palace,Away,Crystal Palace,-0.0,near pick'em,Pinnacle Close,1.83,0.38651618229677537,0.26757914557813234,0.5355329949238579,-0.1490168126270825,-0.025096240818768767,PUSH,0.0,False
2024/25,2024-11-03,Man United,Chelsea,Home,Man United,0.0,near pick'em,Pinnacle Close,2.01,0.38595161178342835,0.21389149886216746,0.4885496183206107,-0.10259800653718237,-0.0103457614531417,PUSH,0.0,False
2024/25,2024-11-03,Man United,Chelsea,Away,Chelsea,-0.0,near pick'em,Pinnacle Close,1.92,0.4001568893544045,0.21389149886216746,0.5114503816793893,-0.11129349232498476,-0.01780727357737588,PUSH,0.0,False
2024/25,2024-11-03,Tottenham,Aston Villa,Home,Tottenham,-0.5,-0.5 to -1.0,Pinnacle Close,2.0,0.5597372146964723,0.0,0.49109414758269715,0.06864306711377516,0.11947442939294461,W,1.0,True
2024/25,2024-11-03,Tottenham,Aston Villa,Away,Aston Villa,0.5,+0.5 to +1.0,Pinnacle Close,1.93,0.4402627853035274,0.0,0.5089058524173028,-0.06864306711377538,-0.15029282436419206,L,-1.0,False
2024/25,2024-11-04,Fulham,Brentford,Home,Fulham,-0.5,-0.5 to -1.0,Pinnacle Close,2.03,0.4172017607414677,0.0,0.4860759493670887,-0.068874188625621,-0.1530804256948206,W,1.0299999999999998,False
2024/25,2024-11-04,Fulham,Brentford,Away,Brentford,0.5,+0.5 to +1.0,Pinnacle Close,1.92,0.5827982392585321,0.0,0.5139240506329115,0.06887418862562067,0.1189726193763817,L,-1.0,True
2024/25,2024-11-09,Brentford,Bournemouth,Home,Brentford,0.0,near pick'em,Pinnacle Close,1.93,0.5042639718768377,0.22073096307606377,0.5089058524173028,-0.004641880540465104,0.1939604287983605,W,0.9299999999999999,True
2024/25,2024-11-09,Brentford,Bournemouth,Away,Bournemouth,-0.0,near pick'em,Pinnacle Close,2.0,0.2750050650470987,0.22073096307606377,0.49109414758269715,-0.21608908253559844,-0.22925890682973876,L,-1.0,False
2024/25,2024-11-09,Crystal Palace,Fulham,Home,Crystal Palace,0.0,near pick'em,Pinnacle Close,1.93,0.44884990462268864,0.2513753371391854,0.5089058524173028,-0.06005594779461415,0.11765565306097442,L,-1.0,True
2024/25,2024-11-09,Crystal Palace,Fulham,Away,Fulham,-0.0,near pick'em,Pinnacle Close,2.0,0.2997747582381259,0.2513753371391854,0.49109414758269715,-0.19131938934457127,-0.14907514638456287,W,1.0,False
2024/25,2024-11-09,Wolves,Southampton,Home,Wolves,-0.5,-0.5 to -1.0,Pinnacle Close,1.96,0.4738100101804719,0.0,0.5,-0.02618998981952808,-0.07133238004627512,W,0.96,False
2024/25,2024-11-09,Wolves,Southampton,Away,Southampton,0.5,+0.5 to +1.0,Pinnacle Close,1.96,0.5261899898195284,0.0,0.5,0.02618998981952836,0.03133238004627559,L,-1.0,True
2024/25,2024-11-10,Chelsea,Arsenal,Home,Chelsea,0.0,near pick'em,Pinnacle Close,1.77,0.31868763462894445,0.23316492374276182,0.548469387755102,-0.22978175312615756,-0.2027579629640065,PUSH,0.0,False
2024/25,2024-11-10,Chelsea,Arsenal,Away,Arsenal,-0.0,near pick'em,Pinnacle Close,2.15,0.4481474416282935,0.23316492374276182,0.45153061224489793,-0.003383170616604425,0.19668192324359285,PUSH,0.0,True
2024/25,2024-11-10,Man United,Leicester,Home,Man United,-1.5,-1.5 or more,Pinnacle Close,1.96,0.4108911462244209,0.0,0.5,-0.08910885377557909,-0.194653353400135,W,0.96,False
2024/25,2024-11-10,Man United,Leicester,Away,Leicester,1.5,+1.5 or more,Pinnacle Close,1.96,0.5891088537755789,0.0,0.5,0.08910885377557887,0.15465335340013453,L,-1.0,True
2024/25,2024-11-10,Nott'm Forest,Newcastle,Home,Nott'm Forest,0.0,near pick'em,Pinnacle Close,2.0,0.3560694705155408,0.23894791137372193,0.49109414758269715,-0.13502467706715637,-0.04891314759519655,L,-1.0,False
2024/25,2024-11-10,Nott'm Forest,Newcastle,Away,Newcastle,-0.0,near pick'em,Pinnacle Close,1.93,0.4049826181107374,0.23894791137372193,0.5089058524173028,-0.10392323430656542,0.020564364327445128,W,0.9299999999999999,True
2024/25,2024-11-23,Aston Villa,Crystal Palace,Home,Aston Villa,-1.0,-0.5 to -1.0,Pinnacle Close,1.99,0.27375239767902954,0.2342991279104529,0.49234693877551017,-0.21859454109648063,-0.22093360070827833,L,-1.0,False
2024/25,2024-11-23,Aston Villa,Crystal Palace,Away,Crystal Palace,1.0,+0.5 to +1.0,Pinnacle Close,1.93,0.49194847441051776,0.2342991279104529,0.5076530612244898,-0.015704586813972077,0.18375968352275224,W,0.9299999999999999,True
2024/25,2024-11-24,Ipswich Town,Man United,Home,Ipswich Town,1.0,+0.5 to +1.0,Pinnacle Close,2.06,0.45639825448703214,0.20898364282860102,0.47582697201017815,-0.01942871752314601,0.14916404707188735,W,1.06,True
2024/25,2024-11-24,Ipswich Town,Man United,Away,Man United,-1.0,-0.5 to -1.0,Pinnacle Close,1.87,0.3346181026843668,0.20898364282860102,0.5241730279898218,-0.18955492530545498,-0.1652805051516329,L,-1.0,False
2024/25,2024-11-25,Newcastle,West Ham,Home,Newcastle,-1.0,-0.5 to -1.0,Pinnacle Close,2.05,0.4524593636184877,0.2146241359725474,0.4783715012722647,-0.02591213765377698,0.14216583139044708,L,-1.0,True
2024/25,2024-11-25,Newcastle,West Ham,Away,West Ham,1.0,+0.5 to +1.0,Pinnacle Close,1.88,0.3329165004089649,0.2146241359725474,0.5216284987277354,-0.1887119983187705,-0.15949284325859864,W,0.8799999999999999,False
2024/25,2024-11-29,Brighton,Southampton,Home,Brighton,-1.5,-1.5 or more,Pinnacle Close,2.01,0.45309038696457643,0.0,0.48593350383631717,-0.03284311687174074,-0.08928832220120153,L,-1.0,False
2024/25,2024-11-29,Brighton,Southampton,Away,Southampton,1.5,+1.5 or more,Pinnacle Close,1.9,0.5469096130354232,0.0,0.5140664961636828,0.03284311687174035,0.03912826476730402,W,0.8999999999999999,True
2024/25,2024-11-30,Wolves,Bournemouth,Home,Wolves,0.0,near pick'em,Pinnacle Close,1.99,0.31667189501521703,0.23981830853900912,0.49234693877551017,-0.17567504376029314,-0.1300046203807091,L,-1.0,False
2024/25,2024-11-30,Wolves,Bournemouth,Away,Bournemouth,-0.0,near pick'em,Pinnacle Close,1.93,0.4435097964457738,0.23981830853900912,0.5076530612244898,-0.06414326477871601,0.09579221567935253,W,0.9299999999999999,True
2024/25,2024-12-01,Man United,Everton,Home,Man United,-1.0,-0.5 to -1.0,Pinnacle Close,2.07,0.300373764462183,0.22123071867422164,0.47328244274809167,-0.17290867828590867,-0.15699558888905962,W,1.0699999999999998,False
2024/25,2024-12-01,Man United,Everton,Away,Everton,1.0,+0.5 to +1.0,Pinnacle Close,1.86,0.4783955168635953,0.22123071867422164,0.5267175572519084,-0.04832204038831306,0.11104638004050904,L,-1.0,True
2024/25,2024-12-04,Man City,Nott'm Forest,Home,Man City,-1.5,-1.5 or more,Pinnacle Close,1.88,0.4658292834517222,0.0,0.5216284987277354,-0.055799215276013225,-0.12424094711076239,W,0.8799999999999999,False
2024/25,2024-12-04,Man City,Nott'm Forest,Away,Nott'm Forest,1.5,+1.5 or more,Pinnacle Close,2.05,0.5341707165482781,0.0,0.4783715012722647,0.05579921527601339,0.09504996892397,L,-1.0,True
2024/25,2024-12-04,Southampton,Chelsea,Home,Southampton,1.5,+1.5 or more,Pinnacle Close,2.07,0.6733346903199815,0.0,0.4746192893401016,0.19871540097987989,0.39380280896236164,L,-1.0,True
2024/25,2024-12-04,Southampton,Chelsea,Away,Chelsea,-1.5,-1.5 or more,Pinnacle Close,1.87,0.3266653096800184,0.0,0.5253807106598984,-0.19871540097988005,-0.3891358708983656,W,0.8700000000000001,False
2024/25,2024-12-05,Bournemouth,Tottenham,Home,Bournemouth,0.0,near pick'em,Pinnacle Close,1.95,0.41270728814677815,0.22310895758537103,0.5025510204081632,-0.08984373226138509,0.027888169471588398,W,0.95,True
2024/25,2024-12-05,Bournemouth,Tottenham,Away,Tottenham,-0.0,near pick'em,Pinnacle Close,1.97,0.3641837542678509,0.22310895758537103,0.49744897959183665,-0.13326522532398577,-0.059449046506962755,L,-1.0,False
2024/25,2024-12-07,Aston Villa,Southampton,Home,Aston Villa,-1.5,-1.5 or more,Pinnacle Close,1.9,0.4559373945238947,0.0,0.5165394402035622,-0.06060204567966754,-0.13371895040460013,L,-1.0,False
2024/25,2024-12-07,Aston Villa,Southampton,Away,Southampton,1.5,+1.5 or more,Pinnacle Close,2.03,0.5440626054761051,0.0,0.48346055979643765,0.06060204567966743,0.10444708911649325,W,1.0299999999999998,True
2024/25,2024-12-07,Crystal Palace,Man City,Home,Crystal Palace,1.0,+0.5 to +1.0,Pinnacle Close,1.95,0.4525106936668586,0.2374951747086812,0.5025510204081632,-0.05004032674130465,0.11989102735905544,W,0.95,True
2024/25,2024-12-07,Crystal Palace,Man City,Away,Man City,-1.0,-0.5 to -1.0,Pinnacle Close,1.97,0.30999413162446027,0.2374951747086812,0.49744897959183665,-0.18745484796737638,-0.151816385991132,L,-1.0,False
2024/25,2024-12-08,Fulham,Arsenal,Home,Fulham,1.0,+0.5 to +1.0,Pinnacle Close,1.83,0.4407195516139561,0.2406132728190653,0.5367088607594936,-0.09598930914553755,0.04713005227260503,W,0.8300000000000001,True
2024/25,2024-12-08,Fulham,Arsenal,Away,Arsenal,-1.0,-0.5 to -1.0,Pinnacle Close,2.12,0.3186671755669789,0.2406132728190653,0.46329113924050636,-0.14462396367352748,-0.08381231497893943,L,-1.0,False
2024/25,2024-12-08,Ipswich Town,Bournemouth,Home,Ipswich Town,0.5,+0.5 to +1.0,Pinnacle Close,1.96,0.43605453222782725,0.0,0.5,-0.06394546777217275,-0.14533311683345856,L,-1.0,False
2024/25,2024-12-08,Ipswich Town,Bournemouth,Away,Bournemouth,-0.5,-0.5 to -1.0,Pinnacle Close,1.96,0.5639454677721731,0.0,0.5,0.06394546777217314,0.10533311683345936,W,0.96,True
2024/25,2024-12-08,Tottenham,Chelsea,Home,Tottenham,0.5,+0.5 to +1.0,Pinnacle Close,1.93,0.6593751824099918,0.0,0.5089058524173028,0.15046932999268903,0.2725941020512842,L,-1.0,True
2024/25,2024-12-08,Tottenham,Chelsea,Away,Chelsea,-0.5,-0.5 to -1.0,Pinnacle Close,2.0,0.3406248175900082,0.0,0.49109414758269715,-0.15046932999268897,-0.31875036481998364,W,1.0,False
2024/25,2024-12-09,West Ham,Wolves,Home,West Ham,-0.5,-0.5 to -1.0,Pinnacle Close,2.06,0.532051525661798,0.0,0.47582697201017815,0.05622455365161988,0.09602614286330402,W,1.06,True
2024/25,2024-12-09,West Ham,Wolves,Away,Wolves,0.5,+0.5 to +1.0,Pinnacle Close,1.87,0.4679484743382019,0.0,0.5241730279898218,-0.05622455365161988,-0.12493635298756245,L,-1.0,False
2024/25,2024-12-14,Liverpool,Fulham,Home,Liverpool,-1.5,-1.5 or more,Pinnacle Close,2.02,0.524290141069168,0.0,0.48337595907928377,0.04091418198988428,0.059066084959719434,L,-1.0,True
2024/25,2024-12-14,Liverpool,Fulham,Away,Fulham,1.5,+1.5 or more,Pinnacle Close,1.89,0.4757098589308319,0.0,0.5166240409207161,-0.040914181989884224,-0.10090836662072772,W,0.8899999999999999,False
2024/25,2024-12-14,Newcastle,Leicester,Home,Newcastle,-1.5,-1.5 or more,Pinnacle Close,1.98,0.49465016889299407,0.0,0.4923076923076923,0.0023424765853017893,-0.02059266559187173,W,0.98,False
2024/25,2024-12-14,Newcastle,Leicester,Away,Leicester,1.5,+1.5 or more,Pinnacle Close,1.92,0.5053498311070057,0.0,0.5076923076923077,-0.002342476585301956,-0.02972832427454908,L,-1.0,False
2024/25,2024-12-14,Nott'm Forest,Aston Villa,Home,Nott'm Forest,0.0,near pick'em,Pinnacle Close,1.93,0.3936348918515828,0.2533353283479726,0.5076530612244898,-0.11401816937290704,0.013050669621527455,W,0.9299999999999999,True
2024/25,2024-12-14,Nott'm Forest,Aston Villa,Away,Aston Villa,-0.0,near pick'em,Pinnacle Close,1.99,0.35302977980044464,0.2533353283479726,0.49234693877551017,-0.13931715897506552,-0.04413540984914249,L,-1.0,False
2024/25,2024-12-14,Wolves,Ipswich Town,Home,Wolves,-0.5,-0.5 to -1.0,Pinnacle Close,2.01,0.5546786189132537,0.0,0.4885496183206107,0.06612900059264293,0.1149040240156397,L,-1.0,True
2024/25,2024-12-14,Wolves,Ipswich Town,Away,Ipswich Town,0.5,+0.5 to +1.0,Pinnacle Close,1.92,0.44532138108674635,0.0,0.5114503816793893,-0.06612900059264293,-0.14498294831344705,W,0.9199999999999999,False
2024/25,2024-12-15,Brighton,Crystal Palace,Home,Brighton,-0.5,-0.5 to -1.0,Pinnacle Close,1.93,0.5233672447136268,0.0,0.5089058524173028,0.014461392296324038,0.010098782297299769,L,-1.0,True
2024/25,2024-12-15,Brighton,Crystal Palace,Away,Crystal Palace,0.5,+0.5 to +1.0,Pinnacle Close,2.0,0.47663275528637294,0.0,0.49109414758269715,-0.014461392296324205,-0.04673448942725411,W,1.0,False
2024/25,2024-12-15,Chelsea,Brentford,Home,Chelsea,-1.5,-1.5 or more,Pinnacle Close,1.88,0.3576190536301947,0.0,0.5204081632653061,-0.16278910963511145,-0.32767617917523406,L,-1.0,False
2024/25,2024-12-15,Chelsea,Brentford,Away,Brentford,1.5,+1.5 or more,Pinnacle Close,2.04,0.6423809463698049,0.0,0.47959183673469385,0.16278910963511106,0.31045713059440205,W,1.04,True
2024/25,2024-12-15,Man City,Man United,Home,Man City,-1.0,-0.5 to -1.0,Pinnacle Close,2.11,0.5224659693719809,0.20701625668145923,0.46173469387755106,0.060731275494429804,0.30941945205633875,L,-1.0,True
2024/25,2024-12-15,Man City,Man United,Away,Man United,1.0,+0.5 to +1.0,Pinnacle Close,1.81,0.2705177739465595,0.20701625668145923,0.538265306122449,-0.26774753217588954,-0.3033465724752681,W,0.81,False
2024/25,2024-12-21,Crystal Palace,Arsenal,Home,Crystal Palace,1.0,+0.5 to +1.0,Pinnacle Close,2.15,0.4560296083365464,0.24701116128685616,0.4529262086513995,0.0031033996851468904,0.2274748192104309,L,-1.0,True
2024/25,2024-12-21,Crystal Palace,Arsenal,Away,Arsenal,-1.0,-0.5 to -1.0,Pinnacle Close,1.78,0.29695923037659716,0.24701116128685616,0.5470737913486006,-0.2501145609720034,-0.22440140864280092,W,0.78,False
2024/25,2024-12-22,Leicester,Wolves,Home,Leicester,0.0,near pick'em,Pinnacle Close,1.85,0.4542195469305809,0.24388286021140934,0.530456852791878,-0.07623730586129712,0.08418902203298417,L,-1.0,True
2024/25,2024-12-22,Leicester,Wolves,Away,Wolves,-0.0,near pick'em,Pinnacle Close,2.09,0.30189759285800993,0.24388286021140934,0.46954314720812185,-0.1676455543501119,-0.12515117071534998,W,1.0899999999999999,False
2024/25,2024-12-22,Man United,Bournemouth,Home,Man United,-0.5,-0.5 to -1.0,Pinnacle Close,1.87,0.4469871270353236,0.0,0.5253807106598984,-0.07839358362457483,-0.1641340724439448,L,-1.0,False
2024/25,2024-12-22,Man United,Bournemouth,Away,Bournemouth,0.5,+0.5 to +1.0,Pinnacle Close,2.07,0.5530128729646767,0.0,0.4746192893401016,0.0783935836245751,0.14473664703688072,W,1.0699999999999998,True
2024/25,2024-12-26,Bournemouth,Crystal Palace,Home,Bournemouth,-0.5,-0.5 to -1.0,Pinnacle Close,1.85,0.4952996575703998,0.0,0.5292620865139949,-0.03396242894359508,-0.08369563349476028,L,-1.0,False
2024/25,2024-12-26,Bournemouth,Crystal Palace,Away,Crystal Palace,0.5,+0.5 to +1.0,Pinnacle Close,2.08,0.5047003424296004,0.0,0.4707379134860051,0.0339624289435953,0.04977671225356883,W,1.08,True
2024/25,2024-12-26,Man City,Everton,Home,Man City,-1.5,-1.5 or more,Pinnacle Close,2.01,0.49853451777910956,0.0,0.4872448979591837,0.011289619819925878,0.002054380736010164,L,-1.0,True
2024/25,2024-12-26,Man City,Everton,Away,Everton,1.5,+1.5 or more,Pinnacle Close,1.91,0.5014654822208906,0.0,0.5127551020408163,-0.011289619819925711,-0.042200928958099015,W,0.9099999999999999,False
2024/25,2024-12-26,Newcastle,Aston Villa,Home,Newcastle,-0.5,-0.5 to -1.0,Pinnacle Close,1.95,0.5421174303816214,0.0,0.5025510204081632,0.03956640997345817,0.057128989244161765,W,0.95,True
2024/25,2024-12-26,Newcastle,Aston Villa,Away,Aston Villa,0.5,+0.5 to +1.0,Pinnacle Close,1.97,0.4578825696183786,0.0,0.49744897959183665,-0.03956640997345806,-0.09797133785179418,L,-1.0,False
2024/25,2024-12-26,Wolves,Man United,Home,Wolves,0.5,+0.5 to +1.0,Pinnacle Close,1.88,0.5473027372694443,0.0,0.5204081632653061,0.026894574004138194,0.028929146066555278,W,0.8799999999999999,True
2024/25,2024-12-26,Wolves,Man United,Away,Man United,-0.5,-0.5 to -1.0,Pinnacle Close,2.04,0.45269726273055644,0.0,0.47959183673469385,-0.026894574004137417,-0.07649758402966483,L,-1.0,False
2024/25,2024-12-27,Brighton,Brentford,Home,Brighton,-1.0,-0.5 to -1.0,Pinnacle Close,2.04,0.279381800283416,0.2186661214897043,0.4809160305343511,-0.2015342302509351,-0.2113950059321269,L,-1.0,False
2024/25,2024-12-27,Brighton,Brentford,Away,Brentford,1.0,+0.5 to +1.0,Pinnacle Close,1.89,0.50195207822688,0.2186661214897043,0.5190839694656489,-0.017131891238768904,0.16735554933850755,W,0.8899999999999999,True
2024/25,2024-12-29,Crystal Palace,Southampton,Home,Crystal Palace,-1.0,-0.5 to -1.0,Pinnacle Close,1.88,0.3874699290923595,0.23684150542841842,0.5204081632653061,-0.13293823417294665,-0.034715027877945726,PUSH,0.0,False
2024/25,2024-12-29,Crystal Palace,Southampton,Away,Southampton,1.0,+0.5 to +1.0,Pinnacle Close,2.04,0.375688565479222,0.23684150542841842,0.47959183673469385,-0.10390327125547183,0.003246179006031358,PUSH,0.0,True
2024/25,2024-12-29,Everton,Nott'm Forest,Home,Everton,0.0,near pick'em,Pinnacle Close,1.86,0.3949638625739353,0.27157251525807763,0.5267175572519084,-0.1317536946779731,0.006205299645597351,L,-1.0,True
2024/25,2024-12-29,Everton,Nott'm Forest,Away,Nott'm Forest,-0.0,near pick'em,Pinnacle Close,2.07,0.33346362216798725,0.27157251525807763,0.47328244274809167,-0.13981882058010442,-0.03815778685418886,W,1.0699999999999998,False
2024/25,2024-12-29,Leicester,Man City,Home,Leicester,1.5,+1.5 or more,Pinnacle Close,1.98,0.5452030957083219,0.0,0.4936061381074168,0.0515969576009051,0.07950212950247737,L,-1.0,True
2024/25,2024-12-29,Leicester,Man City,Away,Man City,-1.5,-1.5 or more,Pinnacle Close,1.93,0.45479690429167813,0.0,0.5063938618925831,-0.051596957600904936,-0.12224197471706116,W,0.9299999999999999,False
2024/25,2024-12-29,Tottenham,Wolves,Home,Tottenham,-1.0,-0.5 to -1.0,Pinnacle Close,1.83,0.44731351488605636,0.2225004485939253,0.5331632653061223,-0.08584975042006598,0.04108418083540838,L,-1.0,True
2024/25,2024-12-29,Tottenham,Wolves,Away,Wolves,1.0,+0.5 to +1.0,Pinnacle Close,2.09,0.33018603652001843,0.2225004485939253,0.4668367346938776,-0.13665069817385916,-0.08741073507923625,W,1.0899999999999999,False
2024/25,2024-12-29,West Ham,Liverpool,Home,West Ham,1.5,+1.5 or more,Pinnacle Close,1.87,0.5598260247676591,0.0,0.5241730279898218,0.03565299677783729,0.04687466631552256,L,-1.0,True
2024/25,2024-12-29,West Ham,Liverpool,Away,Liverpool,-1.5,-1.5 or more,Pinnacle Close,2.06,0.44017397523234125,0.0,0.47582697201017815,-0.0356529967778369,-0.09324161102137701,W,1.06,False
2024/25,2024-12-30,Aston Villa,Brighton,Home,Aston Villa,-0.5,-0.5 to -1.0,Pinnacle Close,1.87,0.44545832808458363,0.0,0.5241730279898218,-0.07871469990523816,-0.16699292648182856,L,-1.0,False
2024/25,2024-12-30,Aston Villa,Brighton,Away,Brighton,0.5,+0.5 to +1.0,Pinnacle Close,2.06,0.5545416719154158,0.0,0.47582697201017815,0.07871469990523766,0.14235584414575664,W,1.06,True
2024/25,2024-12-30,Man United,Newcastle,Home,Man United,0.0,near pick'em,Pinnacle Close,2.01,0.3571435965644895,0.22457639352131528,0.4872448979591837,-0.13010130139469417,-0.0575649773840608,L,-1.0,False
2024/25,2024-12-30,Man United,Newcastle,Away,Newcastle,-0.0,near pick'em,Pinnacle Close,1.91,0.4182800099141955,0.22457639352131528,0.5127551020408163,-0.09447509212662081,0.023491212457428634,W,0.9099999999999999,True
2024/25,2025-01-04,Aston Villa,Leicester,Home,Aston Villa,-1.5,-1.5 or more,Pinnacle Close,1.95,0.41102291122893975,0.0,0.5025510204081632,-0.0915281091792235,-0.1985053231035675,L,-1.0,False
2024/25,2025-01-04,Aston Villa,Leicester,Away,Leicester,1.5,+1.5 or more,Pinnacle Close,1.97,0.5889770887710605,0.0,0.49744897959183665,0.09152810917922383,0.16028486487898908,W,0.97,True
2024/25,2025-01-04,Crystal Palace,Chelsea,Home,Crystal Palace,0.5,+0.5 to +1.0,Pinnacle Close,1.93,0.602851026507419,0.0,0.5101522842639594,0.09269874224345953,0.16350248115931854,W,0.9299999999999999,True
2024/25,2025-01-04,Crystal Palace,Chelsea,Away,Chelsea,-0.5,-0.5 to -1.0,Pinnacle Close,2.01,0.3971489734925809,0.0,0.4898477157360407,-0.09269874224345981,-0.20173056327991257,L,-1.0,False
2024/25,2025-01-04,Man City,West Ham,Home,Man City,-1.5,-1.5 or more,Pinnacle Close,2.01,0.574089574833391,0.0,0.48593350383631717,0.08815607099707379,0.15392004541511572,W,1.0099999999999998,True
2024/25,2025-01-04,Man City,West Ham,Away,West Ham,1.5,+1.5 or more,Pinnacle Close,1.9,0.42591042516660865,0.0,0.5140664961636828,-0.08815607099707418,-0.19077019218344365,L,-1.0,False
2024/25,2025-01-05,Fulham,Ipswich Town,Home,Fulham,-1.0,-0.5 to -1.0,Pinnacle Close,1.96,0.4180260431679858,0.2282274140145401,0.5,-0.0819739568320142,0.04755845862379232,L,-1.0,True
2024/25,2025-01-05,Fulham,Ipswich Town,Away,Ipswich Town,1.0,+0.5 to +1.0,Pinnacle Close,1.96,0.3537465428174738,0.2282274140145401,0.5,-0.1462534571825262,-0.07842936206321127,W,0.96,False
2024/25,2025-01-14,Brentford,Man City,Home,Brentford,1.0,+0.5 to +1.0,Pinnacle Close,1.93,0.5088850663991537,0.21590564897093736,0.5089058524173028,-2.0786018149143715e-05,0.19805382712130387,W,0.9299999999999999,True
2024/25,2025-01-14,Brentford,Man City,Away,Man City,-1.0,-0.5 to -1.0,Pinnacle Close,2.0,0.27520928462990907,0.21590564897093736,0.49109414758269715,-0.21588486295278808,-0.23367578176924458,L,-1.0,False
2024/25,2025-01-14,Nott'm Forest,Liverpool,Home,Nott'm Forest,1.0,+0.5 to +1.0,Pinnacle Close,1.88,0.4512136331431952,0.23144998059615923,0.5204081632653061,-0.06919453012211096,0.07973161090536612,W,0.8799999999999999,True
2024/25,2025-01-14,Nott'm Forest,Liverpool,Away,Liverpool,-1.0,-0.5 to -1.0,Pinnacle Close,2.04,0.31733638626064553,0.23144998059615923,0.47959183673469385,-0.16225545047404832,-0.12118379143212388,L,-1.0,False
2024/25,2025-01-15,Leicester,Crystal Palace,Home,Leicester,0.5,+0.5 to +1.0,Pinnacle Close,1.94,0.5664385145221108,0.0,0.5051020408163266,0.06133647370578421,0.09889071817289496,L,-1.0,True
2024/25,2025-01-15,Leicester,Crystal Palace,Away,Crystal Palace,-0.5,-0.5 to -1.0,Pinnacle Close,1.98,0.4335614854778893,0.0,0.49489795918367346,-0.061336473705784156,-0.1415482587537792,W,0.98,False
2024/25,2025-01-15,Newcastle,Wolves,Home,Newcastle,-1.5,-1.5 or more,Pinnacle Close,2.09,0.5006457866026782,0.0,0.46954314720812185,0.031102639394556375,0.04634969399959743,W,1.0899999999999999,True
2024/25,2025-01-15,Newcastle,Wolves,Away,Wolves,1.5,+1.5 or more,Pinnacle Close,1.85,0.4993542133973215,0.0,0.530456852791878,-0.03110263939455654,-0.07619470521495525,L,-1.0,False
2024/25,2025-01-16,Ipswich Town,Brighton,Home,Ipswich Town,0.5,+0.5 to +1.0,Pinnacle Close,1.94,0.43029143490395916,0.0,0.5051020408163266,-0.07481060591236743,-0.16523461628631925,L,-1.0,False
2024/25,2025-01-16,Ipswich Town,Brighton,Away,Brighton,-0.5,-0.5 to -1.0,Pinnacle Close,1.98,0.5697085650960412,0.0,0.49489795918367346,0.07481060591236771,0.12802295889016146,W,0.98,True
2024/25,2025-01-16,Man United,Southampton,Home,Man United,-1.5,-1.5 or more,Pinnacle Close,2.04,0.47762830793776817,0.0,0.4782608695652174,-0.0006325616274492352,-0.02563825180695295,W,1.04,False
2024/25,2025-01-16,Man United,Southampton,Away,Southampton,1.5,+1.5 or more,Pinnacle Close,1.87,0.5223716920622316,0.0,0.5217391304347826,0.0006325616274489576,-0.023164935843626944,L,-1.0,False
2024/25,2025-01-18,Arsenal,Aston Villa,Home,Arsenal,-1.0,-0.5 to -1.0,Pinnacle Close,1.98,0.44262020611621405,0.23335942619169436,0.49489795918367346,-0.05227775306745941,0.10974743430179823,L,-1.0,True
2024/25,2025-01-18,Arsenal,Aston Villa,Away,Aston Villa,1.0,+0.5 to +1.0,Pinnacle Close,1.94,0.3240203676920915,0.23335942619169436,0.5051020408163266,-0.18108167312423507,-0.13804106048564807,W,0.94,False
2024/25,2025-01-18,Leicester,Fulham,Home,Leicester,0.5,+0.5 to +1.0,Pinnacle Close,1.87,0.5728358875018932,0.0,0.5241730279898218,0.04866285951207139,0.07120310962854032,L,-1.0,True
2024/25,2025-01-18,Leicester,Fulham,Away,Fulham,-0.5,-0.5 to -1.0,Pinnacle Close,2.06,0.427164112498107,0.0,0.47582697201017815,-0.048662859512071166,-0.12004192825389964,W,1.06,False
2024/25,2025-01-18,West Ham,Crystal Palace,Home,West Ham,0.0,near pick'em,Pinnacle Close,2.04,0.3695516980007984,0.2453848290382224,0.4809160305343511,-0.11136433253355271,-0.0007297070401487971,L,-1.0,False
2024/25,2025-01-18,West Ham,Crystal Palace,Away,Crystal Palace,-0.0,near pick'em,Pinnacle Close,1.89,0.38506347296097926,0.2453848290382224,0.5190839694656489,-0.13402049650466968,-0.0268452070655269,W,0.8899999999999999,False
2024/25,2025-01-19,Ipswich Town,Man City,Home,Ipswich Town,1.5,+1.5 or more,Pinnacle Close,1.86,0.46858417380486916,0.0,0.5267175572519084,-0.05813338344703922,-0.12843343672294333,L,-1.0,False
2024/25,2025-01-19,Ipswich Town,Man City,Away,Man City,-1.5,-1.5 or more,Pinnacle Close,2.07,0.5314158261951306,0.0,0.47328244274809167,0.058133383447038944,0.10003076022392032,W,1.0699999999999998,True
2024/25,2025-01-20,Chelsea,Wolves,Home,Chelsea,-1.5,-1.5 or more,Pinnacle Close,1.94,0.476395147346655,0.0,0.5051020408163266,-0.02870689346967159,-0.0757934141474893,W,0.94,False
2024/25,2025-01-20,Chelsea,Wolves,Away,Wolves,1.5,+1.5 or more,Pinnacle Close,1.98,0.5236048526533457,0.0,0.49489795918367346,0.0287068934696722,0.036737608253624376,L,-1.0,True
2024/25,2025-01-25,Liverpool,Ipswich Town,Home,Liverpool,-2.5,-1.5 or more,Pinnacle Close,1.91,0.5829934837557111,0.0,0.5115089514066496,0.07148453234906149,0.11351755397340824,W,0.9099999999999999,True
2024/25,2025-01-25,Liverpool,Ipswich Town,Away,Ipswich Town,2.5,+1.5 or more,Pinnacle Close,2.0,0.417006516244289,0.0,0.48849104859335046,-0.07148453234906144,-0.1659869675114219,L,-1.0,False
2024/25,2025-01-25,Man City,Chelsea,Home,Man City,-0.5,-0.5 to -1.0,Pinnacle Close,2.1,0.5902378390701974,0.0,0.46700507614213205,0.1232327629280654,0.23949946204741468,W,1.1,True
2024/25,2025-01-25,Man City,Chelsea,Away,Chelsea,0.5,+0.5 to +1.0,Pinnacle Close,1.84,0.4097621609298023,0.0,0.5329949238578681,-0.12323276292806579,-0.24603762388916373,L,-1.0,False
2024/25,2025-01-26,Aston Villa,West Ham,Home,Aston Villa,-1.0,-0.5 to -1.0,Pinnacle Close,2.04,0.37236166046287505,0.22317837097449622,0.4809160305343511,-0.10855437007147606,-0.01720384168123873,L,-1.0,False
2024/25,2025-01-26,Aston Villa,West Ham,Away,West Ham,1.0,+0.5 to +1.0,Pinnacle Close,1.89,0.40445996856262867,0.22317837097449622,0.5190839694656489,-0.11462400090302027,-0.012392288442135635,W,0.8899999999999999,False
2024/25,2025-01-26,Crystal Palace,Brentford,Home,Crystal Palace,-0.5,-0.5 to -1.0,Pinnacle Close,1.98,0.42661027109681865,0.0,0.49489795918367346,-0.06828768808685481,-0.15531166322829904,L,-1.0,False
2024/25,2025-01-26,Crystal Palace,Brentford,Away,Brentford,0.5,+0.5 to +1.0,Pinnacle Close,1.94,0.5733897289031816,0.0,0.5051020408163266,0.06828768808685504,0.11237607407217232,W,0.94,True
2024/25,2025-02-01,Ipswich Town,Southampton,Home,Ipswich Town,-0.5,-0.5 to -1.0,Pinnacle Close,1.92,0.4682696674237172,0.0,0.5102040816326531,-0.0419344142089359,-0.10092223854646298,L,-1.0,False
2024/25,2025-02-01,Ipswich Town,Southampton,Away,Southampton,0.5,+0.5 to +1.0,Pinnacle Close,2.0,0.5317303325762825,0.0,0.48979591836734687,0.04193441420893568,0.0634606651525651,W,1.0,True
2024/25,2025-02-02,Arsenal,Man City,Home,Arsenal,-0.5,-0.5 to -1.0,Pinnacle Close,1.92,0.5034205169514376,0.0,0.5114503816793893,-0.008029864727951641,-0.03343260745323978,W,0.9199999999999999,False
2024/25,2025-02-02,Arsenal,Man City,Away,Man City,0.5,+0.5 to +1.0,Pinnacle Close,2.01,0.49657948304856225,0.0,0.4885496183206107,0.00802986472795153,-0.001875239072389956,L,-1.0,False
2024/25,2025-02-02,Man United,Crystal Palace,Home,Man United,-0.5,-0.5 to -1.0,Pinnacle Close,2.03,0.4470270491272594,0.0,0.48346055979643765,-0.03643351066917827,-0.09253509027166351,L,-1.0,False
2024/25,2025-02-02,Man United,Crystal Palace,Away,Crystal Palace,0.5,+0.5 to +1.0,Pinnacle Close,1.9,0.5529729508727405,0.0,0.5165394402035622,0.036433510669178215,0.05064860665820681,W,0.8999999999999999,True
2024/25,2025-02-03,Chelsea,West Ham,Home,Chelsea,-1.5,-1.5 or more,Pinnacle Close,1.96,0.4599790112086234,0.0,0.4974358974358974,-0.037456886227274,-0.09844113803109816,L,-1.0,False
2024/25,2025-02-03,Chelsea,West Ham,Away,West Ham,1.5,+1.5 or more,Pinnacle Close,1.94,0.5400209887913766,0.0,0.5025641025641026,0.037456886227274055,0.04764071825527061,W,0.94,True
2024/25,2025-02-15,Crystal Palace,Everton,Home,Crystal Palace,-0.5,-0.5 to -1.0,Pinnacle Close,2.01,0.4795429215548786,0.0,0.4885496183206107,-0.009006696765732125,-0.03611872767469415,L,-1.0,False
2024/25,2025-02-15,Crystal Palace,Everton,Away,Everton,0.5,+0.5 to +1.0,Pinnacle Close,1.92,0.5204570784451212,0.0,0.5114503816793893,0.009006696765731959,-0.0007224093853672731,W,0.9199999999999999,False
2024/25,2025-02-15,Leicester,Arsenal,Home,Leicester,1.5,+1.5 or more,Pinnacle Close,1.91,0.5278183574310279,0.0,0.5139949109414759,0.013823446489552027,0.008133062693263249,L,-1.0,True
2024/25,2025-02-15,Leicester,Arsenal,Away,Arsenal,-1.5,-1.5 or more,Pinnacle Close,2.02,0.472181642568972,0.0,0.48600508905852424,-0.013823446489552249,-0.04619308201067657,W,1.02,False
2024/25,2025-02-15,Man City,Newcastle,Home,Man City,-0.5,-0.5 to -1.0,Pinnacle Close,1.85,0.5707526658564269,0.0,0.530456852791878,0.04029581306454888,0.055892431834389855,W,0.8500000000000001,True
2024/25,2025-02-15,Man City,Newcastle,Away,Newcastle,0.5,+0.5 to +1.0,Pinnacle Close,2.09,0.42924733414357275,0.0,0.46954314720812185,-0.0402958130645491,-0.10287307163993303,L,-1.0,False
2024/25,2025-02-15,Southampton,Bournemouth,Home,Southampton,1.0,+0.5 to +1.0,Pinnacle Close,1.86,0.3938495243723534,0.2181965723985008,0.5267175572519084,-0.132868032879555,-0.04924331226892187,L,-1.0,False
2024/25,2025-02-15,Southampton,Bournemouth,Away,Bournemouth,-1.0,-0.5 to -1.0,Pinnacle Close,2.07,0.38795390322914547,0.2181965723985008,0.47328244274809167,-0.0853285395189462,0.021261152082831802,W,1.0699999999999998,True
2024/25,2025-02-15,West Ham,Brentford,Home,West Ham,0.0,near pick'em,Pinnacle Close,2.1,0.3481715755190012,0.22900004780007813,0.46700507614213205,-0.11883350062313086,-0.03983964361001946,L,-1.0,False
2024/25,2025-02-15,West Ham,Brentford,Away,Brentford,-0.0,near pick'em,Pinnacle Close,1.84,0.4228283766809209,0.22900004780007813,0.5329949238578681,-0.11016654717694718,0.007004260892972569,W,0.8400000000000001,True
2024/25,2025-02-16,Liverpool,Wolves,Home,Liverpool,-2.0,-1.5 or more,Pinnacle Close,1.85,0.4198457565666189,0.21046434690421162,0.5256410256410255,-0.10579526907440667,-0.012821003447543389,L,-1.0,False
2024/25,2025-02-16,Liverpool,Wolves,Away,Wolves,2.0,+1.5 or more,Pinnacle Close,2.05,0.36968989652916934,0.21046434690421162,0.4743589743589744,-0.10466907782980506,-0.03167136521099134,W,1.0499999999999998,False
2024/25,2025-02-16,Tottenham,Man United,Home,Tottenham,0.0,near pick'em,Pinnacle Close,1.94,0.5269680247240365,0.2083858696190111,0.5051020408163266,0.021865983907709885,0.23070383758364182,W,0.94,True
2024/25,2025-02-16,Tottenham,Man United,Away,Man United,-0.0,near pick'em,Pinnacle Close,1.98,0.26464610565695296,0.2083858696190111,0.49489795918367346,-0.2302518535267205,-0.26761484118022216,L,-1.0,False
2024/25,2025-02-19,Aston Villa,Liverpool,Home,Aston Villa,0.5,+0.5 to +1.0,Pinnacle Close,2.03,0.46139995889665364,0.0,0.4821428571428572,-0.020742898246203567,-0.06335808343979321,W,1.0299999999999998,False
2024/25,2025-02-19,Aston Villa,Liverpool,Away,Liverpool,-0.5,-0.5 to -1.0,Pinnacle Close,1.89,0.5386000411033467,0.0,0.5178571428571429,0.02074289824620379,0.017954077685325198,L,-1.0,True
2024/25,2025-02-21,Leicester,Brentford,Home,Leicester,0.5,+0.5 to +1.0,Pinnacle Close,1.93,0.500232449432229,0.0,0.5089058524173028,-0.008673402985073797,-0.03455137259579805,L,-1.0,False
2024/25,2025-02-21,Leicester,Brentford,Away,Brentford,-0.5,-0.5 to -1.0,Pinnacle Close,2.0,0.49976755056777056,0.0,0.49109414758269715,0.008673402985073408,-0.00046489886445888473,W,1.0,False
2024/25,2025-02-22,Aston Villa,Chelsea,Home,Aston Villa,0.0,near pick'em,Pinnacle Close,1.97,0.3982781316909738,0.22726516234798394,0.49744897959183665,-0.09917084790086284,0.011873081779202321,W,0.97,True
2024/25,2025-02-22,Aston Villa,Chelsea,Away,Chelsea,-0.0,near pick'em,Pinnacle Close,1.95,0.37445670596104197,0.22726516234798394,0.5025510204081632,-0.12809431444712127,-0.042544261027984254,L,-1.0,False
2024/25,2025-02-22,Bournemouth,Wolves,Home,Bournemouth,-1.0,-0.5 to -1.0,Pinnacle Close,1.84,0.4010343801359842,0.23048669192213617,0.5329949238578681,-0.13196054372188387,-0.03161004862765293,L,-1.0,False
2024/25,2025-02-22,Bournemouth,Wolves,Away,Wolves,1.0,+0.5 to +1.0,Pinnacle Close,2.1,0.3684789279418796,0.23048669192213617,0.46700507614213205,-0.09852614820025246,0.00429244060008338,W,1.1,True
2024/25,2025-02-22,Everton,Man United,Home,Everton,0.0,near pick'em,Pinnacle Close,1.86,0.40957058190716317,0.24468368603772764,0.5267175572519084,-0.11714697534474522,0.006484968385051082,PUSH,0.0,True
2024/25,2025-02-22,Everton,Man United,Away,Man United,-0.0,near pick'em,Pinnacle Close,2.07,0.3457457320551091,0.24468368603772764,0.47328244274809167,-0.12753671069298256,-0.03962264860819653,PUSH,0.0,False
2024/25,2025-02-22,Fulham,Crystal Palace,Home,Fulham,-0.5,-0.5 to -1.0,Pinnacle Close,1.81,0.4359449397718299,0.0,0.539440203562341,-0.1034952637905111,-0.21093965901298783,L,-1.0,False
2024/25,2025-02-22,Fulham,Crystal Palace,Away,Crystal Palace,0.5,+0.5 to +1.0,Pinnacle Close,2.12,0.5640550602281703,0.0,0.460559796437659,0.10349526379051133,0.19579672768372114,W,1.12,True
2024/25,2025-02-22,Ipswich Town,Tottenham,Home,Ipswich Town,0.5,+0.5 to +1.0,Pinnacle Close,1.82,0.41235656864303527,0.0,0.5345268542199487,-0.12217028557691345,-0.2495110450696758,L,-1.0,False
2024/25,2025-02-22,Ipswich Town,Tottenham,Away,Tottenham,-0.5,-0.5 to -1.0,Pinnacle Close,2.09,0.5876434313569647,0.0,0.46547314578005117,0.12217028557691356,0.22817477153605625,W,1.0899999999999999,True
2024/25,2025-02-22,Southampton,Brighton,Home,Southampton,1.0,+0.5 to +1.0,Pinnacle Close,2.01,0.41478063771786,0.22379867044542592,0.4885496183206107,-0.07376898060275072,0.057507752258324385,L,-1.0,True
2024/25,2025-02-22,Southampton,Brighton,Away,Brighton,-1.0,-0.5 to -1.0,Pinnacle Close,1.92,0.3614206918367137,0.22379867044542592,0.5114503816793893,-0.15002968984267556,-0.08227360122808375,W,0.9199999999999999,False
2024/25,2025-02-25,Crystal Palace,Aston Villa,Home,Crystal Palace,0.0,near pick'em,Pinnacle Close,1.97,0.42645661715363925,0.24658681619183687,0.49744897959183665,-0.0709923624381974,0.08670635198450616,W,0.97,True
2024/25,2025-02-25,Crystal Palace,Aston Villa,Away,Aston Villa,-0.0,near pick'em,Pinnacle Close,1.95,0.32695656665452394,0.24658681619183687,0.5025510204081632,-0.1755944537536393,-0.11584787883184139,L,-1.0,False
2024/25,2025-02-25,Wolves,Fulham,Home,Wolves,0.0,near pick'em,Pinnacle Close,2.08,0.3253451900973139,0.261460650468279,0.4720812182741116,-0.1467360281767977,-0.061821354129308115,L,-1.0,False
2024/25,2025-02-25,Wolves,Fulham,Away,Fulham,-0.0,near pick'em,Pinnacle Close,1.86,0.4131941594344072,0.261460650468279,0.5279187817258882,-0.11472462229148106,0.03000178701627637,W,0.8600000000000001,True
2024/25,2025-02-26,Brentford,Everton,Home,Brentford,-0.5,-0.5 to -1.0,Pinnacle Close,2.04,0.522563292533057,0.0,0.4809160305343511,0.04164726199870589,0.06602911676743628,L,-1.0,True
2024/25,2025-02-26,Brentford,Everton,Away,Everton,0.5,+0.5 to +1.0,Pinnacle Close,1.89,0.477436707466943,0.0,0.5190839694656489,-0.04164726199870594,-0.09764462288747777,W,0.8899999999999999,False
2024/25,2025-02-26,Liverpool,Newcastle,Home,Liverpool,-1.0,-0.5 to -1.0,Pinnacle Close,2.02,0.41844313576645464,0.21305210814449543,0.48469387755102045,-0.0662507417845658,0.05830724239273383,W,1.02,True
2024/25,2025-02-26,Liverpool,Newcastle,Away,Newcastle,1.0,+0.5 to +1.0,Pinnacle Close,1.9,0.3685047560890497,0.21305210814449543,0.5153061224489797,-0.14680136635992996,-0.08678885528631008,L,-1.0,False
2024/25,2025-02-26,Man United,Ipswich Town,Home,Man United,-1.0,-0.5 to -1.0,Pinnacle Close,1.87,0.4440074185792712,0.22138994513300445,0.5289672544080604,-0.08495983582878919,0.0516838178762416,PUSH,0.0,True
2024/25,2025-02-26,Man United,Ipswich Town,Away,Ipswich Town,1.0,+0.5 to +1.0,Pinnacle Close,2.1,0.3346026362877243,0.22138994513300445,0.47103274559193953,-0.13643010930421523,-0.07594451866277441,PUSH,0.0,False
2024/25,2025-02-26,Nott'm Forest,Arsenal,Home,Nott'm Forest,0.5,+0.5 to +1.0,Pinnacle Close,1.95,0.4485391034581578,0.0,0.5025510204081632,-0.054011916950005456,-0.1253487482565923,W,0.95,False
2024/25,2025-02-26,Nott'm Forest,Arsenal,Away,Arsenal,-0.5,-0.5 to -1.0,Pinnacle Close,1.97,0.551460896541842,0.0,0.49744897959183665,0.0540119169500054,0.08637796618742877,L,-1.0,True
2024/25,2025-02-26,Tottenham,Man City,Home,Tottenham,0.5,+0.5 to +1.0,Pinnacle Close,2.07,0.5040262611097855,0.0,0.47328244274809167,0.030743818361693875,0.04333436049725603,L,-1.0,True
2024/25,2025-02-26,Tottenham,Man City,Away,Man City,-0.5,-0.5 to -1.0,Pinnacle Close,1.86,0.4959737388902146,0.0,0.5267175572519084,-0.030743818361693764,-0.07748884566420083,W,0.8600000000000001,False
2024/25,2025-02-27,West Ham,Leicester,Home,West Ham,-1.0,-0.5 to -1.0,Pinnacle Close,2.03,0.30946556617456245,0.22462164337495946,0.4821428571428572,-0.17267729096829476,-0.1471632572906788,W,1.0299999999999998,False
2024/25,2025-02-27,West Ham,Leicester,Away,Leicester,1.0,+0.5 to +1.0,Pinnacle Close,1.89,0.46591279045047795,0.22462164337495946,0.5178571428571429,-0.05194435240666495,0.10519681732636277,L,-1.0,True
2024/25,2025-03-08,Brighton,Fulham,Home,Brighton,-0.5,-0.5 to -1.0,Pinnacle Close,2.02,0.49851758303394444,0.0,0.48600508905852424,0.012512493975420202,0.007005517728567834,W,1.02,True
2024/25,2025-03-08,Brighton,Fulham,Away,Fulham,0.5,+0.5 to +1.0,Pinnacle Close,1.91,0.5014824169660556,0.0,0.5139949109414759,-0.012512493975420313,-0.04216858359483394,L,-1.0,False
2024/25,2025-03-08,Liverpool,Southampton,Home,Liverpool,-2.5,-1.5 or more,Pinnacle Close,2.04,0.6081803978541264,0.0,0.4728682170542636,0.1353121807998628,0.24068801162241782,L,-1.0,True
2024/25,2025-03-08,Liverpool,Southampton,Away,Southampton,2.5,+1.5 or more,Pinnacle Close,1.83,0.3918196021458737,0.0,0.5271317829457364,-0.13531218079986268,-0.28297012807305105,W,0.8300000000000001,False
2024/25,2025-03-08,Nott'm Forest,Man City,Home,Nott'm Forest,0.5,+0.5 to +1.0,Pinnacle Close,1.97,0.47471085420719494,0.0,0.49744897959183665,-0.022738125384641705,-0.064819617211826,W,0.97,False
2024/25,2025-03-08,Nott'm Forest,Man City,Away,Man City,-0.5,-0.5 to -1.0,Pinnacle Close,1.95,0.5252891457928051,0.0,0.5025510204081632,0.022738125384641816,0.02431383429596984,L,-1.0,True
2024/25,2025-03-08,Wolves,Everton,Home,Wolves,0.0,near pick'em,Pinnacle Close,1.96,0.35640578782917104,0.26397574956285536,0.5,-0.14359421217082896,-0.03746890629196936,PUSH,0.0,False
2024/25,2025-03-08,Wolves,Everton,Away,Everton,-0.0,near pick'em,Pinnacle Close,1.96,0.3796184626079739,0.26397574956285536,0.5,-0.12038153739202612,0.008027936274484226,PUSH,0.0,True
2024/25,2025-03-09,Chelsea,Leicester,Home,Chelsea,-2.0,-1.5 or more,Pinnacle Close,1.85,0.3138338297433581,0.20237596928854865,0.526854219948849,-0.21302039020549085,-0.2170314456862389,L,-1.0,False
2024/25,2025-03-09,Chelsea,Leicester,Away,Leicester,2.0,+1.5 or more,Pinnacle Close,2.06,0.48379020096809344,0.20237596928854865,0.4731457800511509,0.010644420916942565,0.19898378328282118,W,1.06,True
2024/25,2025-03-09,Tottenham,Bournemouth,Home,Tottenham,0.0,near pick'em,Pinnacle Close,1.83,0.4663636025322289,0.2141047633946388,0.5355329949238579,-0.06916939239162895,0.06755015602861769,PUSH,0.0,True
2024/25,2025-03-09,Tottenham,Bournemouth,Away,Bournemouth,-0.0,near pick'em,Pinnacle Close,2.11,0.3195316340731322,0.2141047633946388,0.46446700507614214,-0.14493537100300996,-0.11168348871105227,PUSH,0.0,False
2024/25,2025-03-15,Ipswich Town,Nott'm Forest,Home,Ipswich Town,0.5,+0.5 to +1.0,Pinnacle Close,1.91,0.49814528251003837,0.0,0.5127551020408163,-0.014609819530777945,-0.0485425104058268,L,-1.0,False
2024/25,2025-03-15,Ipswich Town,Nott'm Forest,Away,Nott'm Forest,-0.5,-0.5 to -1.0,Pinnacle Close,2.01,0.5018547174899619,0.0,0.4872448979591837,0.014609819530778223,0.008727982154823288,W,1.0099999999999998,True
2024/25,2025-03-15,Southampton,Wolves,Home,Southampton,0.5,+0.5 to +1.0,Pinnacle Close,1.85,0.5582176716464381,0.0,0.5292620865139949,0.02895558513244323,0.03270269254591052,L,-1.0,True
2024/25,2025-03-15,Southampton,Wolves,Away,Wolves,-0.5,-0.5 to -1.0,Pinnacle Close,2.08,0.44178232835356157,0.0,0.4707379134860051,-0.028955585132443507,-0.0810927570245919,W,1.08,False
2024/25,2025-03-16,Fulham,Tottenham,Home,Fulham,-0.5,-0.5 to -1.0,Pinnacle Close,1.85,0.42007122549194403,0.0,0.5292620865139949,-0.10919086102205083,-0.22286823283990342,W,0.8500000000000001,False
2024/25,2025-03-16,Fulham,Tottenham,Away,Tottenham,0.5,+0.5 to +1.0,Pinnacle Close,2.08,0.5799287745080564,0.0,0.4707379134860051,0.10919086102205128,0.20625185097675724,L,-1.0,True
2024/25,2025-03-16,Leicester,Man United,Home,Leicester,0.5,+0.5 to +1.0,Pinnacle Close,1.85,0.5303383560554982,0.0,0.5292620865139949,0.0010762695415033052,-0.018874041297328337,L,-1.0,False
2024/25,2025-03-16,Leicester,Man United,Away,Man United,-0.5,-0.5 to -1.0,Pinnacle Close,2.08,0.4696616439445019,0.0,0.4707379134860051,-0.0010762695415031942,-0.023103780595436052,W,1.08,False
2024/25,2025-04-01,Arsenal,Fulham,Home,Arsenal,-1.0,-0.5 to -1.0,Pinnacle Close,1.88,0.4284437207881282,0.24827085783975306,0.5204081632653061,-0.09196444247717794,0.053745052921434056,PUSH,0.0,True
2024/25,2025-04-01,Arsenal,Fulham,Away,Fulham,1.0,+0.5 to +1.0,Pinnacle Close,2.04,0.3232854213721186,0.24827085783975306,0.47959183673469385,-0.15630641536257528,-0.09222688256112505,PUSH,0.0,False
2024/25,2025-04-01,Wolves,West Ham,Home,Wolves,0.0,near pick'em,Pinnacle Close,2.05,0.39921421126085044,0.2496654318881864,0.4783715012722647,-0.07915729001141425,0.06805456497292972,W,1.0499999999999998,True
2024/25,2025-04-01,Wolves,West Ham,Away,West Ham,-0.0,near pick'em,Pinnacle Close,1.88,0.3511203568509633,0.2496654318881864,0.5216284987277354,-0.1705081418767721,-0.0902282972320026,L,-1.0,False
2024/25,2025-04-02,Bournemouth,Ipswich Town,Home,Bournemouth,-1.5,-1.5 or more,Pinnacle Close,1.89,0.5051866289788546,0.0,0.5190839694656489,-0.013897340486794363,-0.04519727122996492,L,-1.0,False
2024/25,2025-04-02,Bournemouth,Ipswich Town,Away,Ipswich Town,1.5,+1.5 or more,Pinnacle Close,2.04,0.49481337102114564,0.0,0.4809160305343511,0.01389734048679453,0.009419276883137151,W,1.04,True
2024/25,2025-04-02,Man City,Leicester,Home,Man City,-2.0,-1.5 or more,Pinnacle Close,2.0,0.3904929741603534,0.21383658591000787,0.48849104859335046,-0.09799807443299707,-0.005177465769285405,PUSH,0.0,False
2024/25,2025-04-02,Man City,Leicester,Away,Leicester,2.0,+1.5 or more,Pinnacle Close,1.91,0.39567043992963885,0.21383658591000787,0.5115089514066496,-0.1158385114770108,-0.030432873824381923,PUSH,0.0,False
2024/25,2025-04-02,Southampton,Crystal Palace,Home,Southampton,1.0,+0.5 to +1.0,Pinnacle Close,1.85,0.4018132254693559,0.23138100420870503,0.5292620865139949,-0.12744886104463898,-0.02526452867298662,W,0.8500000000000001,False
2024/25,2025-04-02,Southampton,Crystal Palace,Away,Crystal Palace,-1.0,-0.5 to -1.0,Pinnacle Close,2.08,0.36680577032193906,0.23138100420870503,0.4707379134860051,-0.10393214316406602,-0.005662993521661719,L,-1.0,False
2024/25,2025-04-03,Chelsea,Tottenham,Home,Chelsea,-1.0,-0.5 to -1.0,Pinnacle Close,1.84,0.3300340243472707,0.20661193779436504,0.5329949238578681,-0.20296089951059737,-0.18612545740665687,PUSH,0.0,False
2024/25,2025-04-03,Chelsea,Tottenham,Away,Tottenham,1.0,+0.5 to +1.0,Pinnacle Close,2.1,0.46335403785836404,0.20661193779436504,0.46700507614213205,-0.0036510382837680044,0.17965541729692958,PUSH,0.0,True
2024/25,2025-04-05,Aston Villa,Nott'm Forest,Home,Aston Villa,-0.5,-0.5 to -1.0,Pinnacle Close,1.85,0.4803812453951955,0.0,0.5292620865139949,-0.04888084111879937,-0.11129469601888836,W,0.8500000000000001,False
2024/25,2025-04-05,Aston Villa,Nott'm Forest,Away,Nott'm Forest,0.5,+0.5 to +1.0,Pinnacle Close,2.08,0.5196187546048047,0.0,0.4707379134860051,0.04888084111879959,0.0808070095779937,L,-1.0,True
2024/25,2025-04-05,Ipswich Town,Wolves,Home,Ipswich Town,0.0,near pick'em,Pinnacle Close,2.02,0.37042526433883366,0.25150742635296564,0.48600508905852424,-0.11557982471969058,-0.00023353968259032243,L,-1.0,False
2024/25,2025-04-05,Ipswich Town,Wolves,Away,Wolves,-0.0,near pick'em,Pinnacle Close,1.91,0.3780673093082005,0.25150742635296564,0.5139949109414759,-0.13592760163327539,-0.026384012868371443,W,0.9099999999999999,False
2024/25,2025-04-06,Fulham,Liverpool,Home,Fulham,0.5,+0.5 to +1.0,Pinnacle Close,1.97,0.4267724382223778,0.0,0.49744897959183665,-0.07067654136945883,-0.15925829670191566,W,0.97,False
2024/25,2025-04-06,Fulham,Liverpool,Away,Liverpool,-0.5,-0.5 to -1.0,Pinnacle Close,1.95,0.5732275617776222,0.0,0.5025510204081632,0.070676541369459,0.11779374546636334,L,-1.0,True
2024/25,2025-04-06,Tottenham,Southampton,Home,Tottenham,-1.5,-1.5 or more,Pinnacle Close,1.97,0.5664367962361618,0.0,0.49487179487179483,0.071565001364367,0.1158804885852388,W,0.97,True
2024/25,2025-04-06,Tottenham,Southampton,Away,Southampton,1.5,+1.5 or more,Pinnacle Close,1.93,0.43356320376383806,0.0,0.5051282051282052,-0.07156500136436716,-0.1632230167357926,L,-1.0,False
2024/25,2025-04-12,Arsenal,Brentford,Home,Arsenal,-1.0,-0.5 to -1.0,Pinnacle Close,1.78,0.43173782957913936,0.23533268833377874,0.5482233502538072,-0.11648552067466783,0.003826024984646903,L,-1.0,True
2024/25,2025-04-12,Arsenal,Brentford,Away,Brentford,1.0,+0.5 to +1.0,Pinnacle Close,2.16,0.3329294820870818,0.23533268833377874,0.4517766497461929,-0.11884716765911113,-0.04553963035812453,W,1.1600000000000001,False
2024/25,2025-04-12,Brighton,Leicester,Home,Brighton,-1.5,-1.5 or more,Pinnacle Close,2.05,0.45855762899874286,0.0,0.4757033248081842,-0.017145695809441364,-0.05995686055257721,L,-1.0,False
2024/25,2025-04-12,Brighton,Leicester,Away,Leicester,1.5,+1.5 or more,Pinnacle Close,1.86,0.5414423710012574,0.0,0.5242966751918159,0.017145695809441475,0.00708281006233874,W,0.8600000000000001,True
2024/25,2025-04-12,Man City,Crystal Palace,Home,Man City,-1.0,-0.5 to -1.0,Pinnacle Close,2.11,0.39015628095118554,0.23563665851426843,0.46446700507614214,-0.0743107241249566,0.05886641132126991,W,1.1099999999999999,True
2024/25,2025-04-12,Man City,Crystal Palace,Away,Crystal Palace,1.0,+0.5 to +1.0,Pinnacle Close,1.83,0.3742070605345464,0.23563665851426843,0.5355329949238579,-0.16132593438931148,-0.07956442070751163,L,-1.0,False
2024/25,2025-04-12,Southampton,Aston Villa,Home,Southampton,1.0,+0.5 to +1.0,Pinnacle Close,2.1,0.3871448096670262,0.22447009872358348,0.46700507614213205,-0.07986026647510586,0.03747419902433857,L,-1.0,True
2024/25,2025-04-12,Southampton,Aston Villa,Away,Aston Villa,-1.0,-0.5 to -1.0,Pinnacle Close,1.84,0.3883850916093902,0.22447009872358348,0.5329949238578681,-0.14460983224847784,-0.06090133271513842,W,0.8400000000000001,False
2024/25,2025-04-13,Liverpool,West Ham,Home,Liverpool,-1.5,-1.5 or more,Pinnacle Close,2.05,0.594334685536177,0.0,0.4757033248081842,0.11863136072799274,0.2183861053491627,L,-1.0,True
2024/25,2025-04-13,Liverpool,West Ham,Away,West Ham,1.5,+1.5 or more,Pinnacle Close,1.86,0.4056653144638231,0.0,0.5242966751918159,-0.1186313607279928,-0.24546251509728895,W,0.8600000000000001,False
2024/25,2025-04-19,Brentford,Brighton,Home,Brentford,0.0,near pick'em,Pinnacle Close,2.0,0.41523980718445286,0.23218222569932567,0.49109414758269715,-0.07585434039824429,0.06266184006823139,W,1.0,True
2024/25,2025-04-19,Brentford,Brighton,Away,Brighton,-0.0,near pick'em,Pinnacle Close,1.93,0.3525779671162215,0.23218222569932567,0.5089058524173028,-0.15632788530108127,-0.08734229776636687,L,-1.0,False
2024/25,2025-04-19,Crystal Palace,Bournemouth,Home,Crystal Palace,0.0,near pick'em,Pinnacle Close,1.89,0.4181112174991176,0.23485383405620436,0.5190839694656489,-0.10097275196653133,0.025084035129536608,PUSH,0.0,True
2024/25,2025-04-19,Crystal Palace,Bournemouth,Away,Bournemouth,-0.0,near pick'em,Pinnacle Close,2.04,0.3470349484446778,0.23485383405620436,0.4809160305343511,-0.1338810820896733,-0.057194871116652946,PUSH,0.0,False
2024/25,2025-04-19,Everton,Man City,Home,Everton,0.5,+0.5 to +1.0,Pinnacle Close,1.99,0.4621861313888298,0.0,0.49234693877551017,-0.030160807386680366,-0.0802495985362287,L,-1.0,False
2024/25,2025-04-19,Everton,Man City,Away,Man City,-0.5,-0.5 to -1.0,Pinnacle Close,1.93,0.53781386861117,0.0,0.5076530612244898,0.030160807386680144,0.037980766419558054,W,0.9299999999999999,True
2024/25,2025-04-19,West Ham,Southampton,Home,West Ham,-1.0,-0.5 to -1.0,Pinnacle Close,2.08,0.4195148441997032,0.22574159222471604,0.4707379134860051,-0.05122306928630188,0.09833246816009872,L,-1.0,True
2024/25,2025-04-19,West Ham,Southampton,Away,Southampton,1.0,+0.5 to +1.0,Pinnacle Close,1.85,0.3547435635755808,0.22574159222471604,0.5292620865139949,-0.17451852293841408,-0.1179828151604595,W,0.8500000000000001,False
2024/25,2025-04-20,Man United,Wolves,Home,Man United,-0.5,-0.5 to -1.0,Pinnacle Close,1.88,0.5495968988798551,0.0,0.5204081632653061,0.029188735614548933,0.03324216989412748,L,-1.0,True
2024/25,2025-04-20,Man United,Wolves,Away,Wolves,0.5,+0.5 to +1.0,Pinnacle Close,2.04,0.4504031011201452,0.0,0.47959183673469385,-0.029188735614548655,-0.0811776737149037,W,1.04,False
2024/25,2025-04-21,Tottenham,Nott'm Forest,Home,Tottenham,0.0,near pick'em,Pinnacle Close,2.08,0.5019940148330579,0.2279796376963198,0.4707379134860051,0.03125610134705287,0.27212718854908036,L,-1.0,True
2024/25,2025-04-21,Tottenham,Nott'm Forest,Away,Nott'm Forest,-0.0,near pick'em,Pinnacle Close,1.85,0.27002634747062243,0.2279796376963198,0.5292620865139949,-0.25923573904337244,-0.2724716194830288,W,0.8500000000000001,False
2024/25,2025-04-22,Man City,Aston Villa,Home,Man City,-0.5,-0.5 to -1.0,Pinnacle Close,1.91,0.6256565929421319,0.0,0.5139949109414759,0.11166168200065607,0.19500409251947193,W,0.9099999999999999,True
2024/25,2025-04-22,Man City,Aston Villa,Away,Aston Villa,0.5,+0.5 to +1.0,Pinnacle Close,2.02,0.3743434070578682,0.0,0.48600508905852424,-0.11166168200065602,-0.24382631774310626,L,-1.0,False
2024/25,2025-04-26,Chelsea,Everton,Home,Chelsea,-1.0,-0.5 to -1.0,Pinnacle Close,2.0,0.3273168191060072,0.22869605418487401,0.49109414758269715,-0.16377732847668997,-0.11667030760311159,PUSH,0.0,False
2024/25,2025-04-26,Chelsea,Everton,Away,Everton,1.0,+0.5 to +1.0,Pinnacle Close,1.93,0.44398712670911866,0.22869605418487401,0.5089058524173028,-0.06491872570818413,0.08559120873347303,PUSH,0.0,True
2024/25,2025-04-26,Newcastle,Ipswich Town,Home,Newcastle,-2.0,-1.5 or more,Pinnacle Close,1.88,0.39408622055601,0.20364960462076512,0.5191815856777493,-0.1250953651217393,-0.055468300733936104,W,0.8799999999999999,False
2024/25,2025-04-26,Newcastle,Ipswich Town,Away,Ipswich Town,2.0,+1.5 or more,Pinnacle Close,2.03,0.40226417482322446,0.20364960462076512,0.4808184143222507,-0.07855423949902623,0.020245879511910703,L,-1.0,True
2024/25,2025-04-26,Southampton,Fulham,Home,Southampton,1.0,+0.5 to +1.0,Pinnacle Close,2.05,0.4308596358757775,0.23617973336675957,0.4783715012722647,-0.04751186539648716,0.11944198691210334,PUSH,0.0,True
2024/25,2025-04-26,Southampton,Fulham,Away,Fulham,-1.0,-0.5 to -1.0,Pinnacle Close,1.88,0.3329606307574629,0.23617973336675957,0.5216284987277354,-0.18866786797027252,-0.13785428080921025,PUSH,0.0,False
2024/25,2025-04-26,Wolves,Leicester,Home,Wolves,-1.0,-0.5 to -1.0,Pinnacle Close,1.93,0.2714733497695789,0.23450161534025532,0.5076530612244898,-0.23617971145491096,-0.2415548196044574,W,0.9299999999999999,False
2024/25,2025-04-26,Wolves,Leicester,Away,Leicester,1.0,+0.5 to +1.0,Pinnacle Close,1.99,0.4940250348901652,0.23450161534025532,0.49234693877551017,0.0016780961146550255,0.217611434771684,L,-1.0,True
2024/25,2025-05-03,Everton,Ipswich Town,Home,Everton,-1.0,-0.5 to -1.0,Pinnacle Close,1.96,0.4037464873080011,0.23748964823637414,0.5,-0.09625351269199889,0.0288327633600563,L,-1.0,True
2024/25,2025-05-03,Everton,Ipswich Town,Away,Ipswich Town,1.0,+0.5 to +1.0,Pinnacle Close,1.96,0.3587638644556247,0.23748964823637414,0.5,-0.1412361355443753,-0.05933317743060146,W,0.96,False
2024/25,2025-05-10,Bournemouth,Aston Villa,Home,Bournemouth,0.0,near pick'em,Pinnacle Close,1.93,0.44008475221100307,0.2322514082912479,0.5089058524173028,-0.06882110020629972,0.08161498005848383,L,-1.0,True
2024/25,2025-05-10,Bournemouth,Aston Villa,Away,Aston Villa,-0.0,near pick'em,Pinnacle Close,2.0,0.32766383949774897,0.2322514082912479,0.49109414758269715,-0.16343030808494818,-0.11242091271325422,W,1.0,False
2024/25,2025-05-10,Fulham,Everton,Home,Fulham,-0.5,-0.5 to -1.0,Pinnacle Close,2.01,0.44462326181157297,0.0,0.4885496183206107,-0.043926356509037756,-0.10630724375873846,L,-1.0,False
2024/25,2025-05-10,Fulham,Everton,Away,Everton,0.5,+0.5 to +1.0,Pinnacle Close,1.92,0.5553767381884275,0.0,0.5114503816793893,0.0439263565090382,0.06632333732178075,W,0.9199999999999999,True
2024/25,2025-05-10,Ipswich Town,Brentford,Home,Ipswich Town,1.0,+0.5 to +1.0,Pinnacle Close,1.84,0.4065872007246137,0.22407431512748072,0.5329949238578681,-0.12640772313325438,-0.027805235539230144,PUSH,0.0,False
2024/25,2025-05-10,Ipswich Town,Brentford,Away,Brentford,-1.0,-0.5 to -1.0,Pinnacle Close,2.1,0.36933848414790543,0.22407431512748072,0.46700507614213205,-0.09766659199422661,-0.00031486816191778066,PUSH,0.0,False
2024/25,2025-05-10,Southampton,Man City,Home,Southampton,2.0,+1.5 or more,Pinnacle Close,1.88,0.4233374566028092,0.21081008495864179,0.5191815856777493,-0.09584412907494011,0.006684503371923001,W,0.8799999999999999,True
2024/25,2025-05-10,Southampton,Man City,Away,Man City,-2.0,-1.5 or more,Pinnacle Close,2.03,0.3658524584385493,0.21081008495864179,0.4808184143222507,-0.1149659558837014,-0.04650942441110323,L,-1.0,False
2024/25,2025-05-10,Wolves,Brighton,Home,Wolves,0.0,near pick'em,Pinnacle Close,1.83,0.2883115666213909,0.24779772636252795,0.5355329949238579,-0.24722142830246696,-0.22459210672032667,L,-1.0,False
2024/25,2025-05-10,Wolves,Brighton,Away,Brighton,-0.0,near pick'em,Pinnacle Close,2.11,0.463890707016081,0.24779772636252795,0.46446700507614214,-0.0005762980600611534,0.22660711816645873,W,1.1099999999999999,True
2024/25,2025-05-11,Liverpool,Arsenal,Home,Liverpool,-0.5,-0.5 to -1.0,Pinnacle Close,1.96,0.4327348006760045,0.0,0.5,-0.0672651993239955,-0.15183979067503112,L,-1.0,False
2024/25,2025-05-11,Liverpool,Arsenal,Away,Arsenal,0.5,+0.5 to +1.0,Pinnacle Close,1.96,0.5672651993239959,0.0,0.5,0.06726519932399588,0.11183979067503191,W,0.96,True
2024/25,2025-05-11,Man United,West Ham,Home,Man United,-0.5,-0.5 to -1.0,Pinnacle Close,2.03,0.5171368652315967,0.0,0.48346055979643765,0.03367630543515909,0.049787836420141285,L,-1.0,True
2024/25,2025-05-11,Man United,West Ham,Away,West Ham,0.5,+0.5 to +1.0,Pinnacle Close,1.9,0.48286313476840326,0.0,0.5165394402035622,-0.03367630543515898,-0.08256004394003386,W,0.8999999999999999,False
2024/25,2025-05-11,Nott'm Forest,Leicester,Home,Nott'm Forest,-1.5,-1.5 or more,Pinnacle Close,1.88,0.3419223497218225,0.0,0.5216284987277354,-0.17970614900591292,-0.3571859825229738,L,-1.0,False
2024/25,2025-05-11,Nott'm Forest,Leicester,Away,Leicester,1.5,+1.5 or more,Pinnacle Close,2.05,0.6580776502781773,0.0,0.4783715012722647,0.17970614900591264,0.3490591830702634,W,1.0499999999999998,True
2024/25,2025-05-11,Tottenham,Crystal Palace,Home,Tottenham,0.0,near pick'em,Pinnacle Close,1.95,0.4582999549331259,0.23125216826746176,0.5025510204081632,-0.04425106547503732,0.12493708038705725,L,-1.0,True
2024/25,2025-05-11,Tottenham,Crystal Palace,Away,Crystal Palace,-0.0,near pick'em,Pinnacle Close,1.97,0.31044787679941255,0.23125216826746176,0.49744897959183665,-0.1870011027924241,-0.15716551443769555,W,0.97,False
2024/25,2025-05-16,Aston Villa,Tottenham,Home,Aston Villa,-1.5,-1.5 or more,Pinnacle Close,1.91,0.28606998081746376,0.0,0.5127551020408163,-0.22668512122335255,-0.4536063366386442,W,0.9099999999999999,False
2024/25,2025-05-16,Aston Villa,Tottenham,Away,Tottenham,1.5,+1.5 or more,Pinnacle Close,2.01,0.7139300191825364,0.0,0.4872448979591837,0.22668512122335271,0.434999338556898,L,-1.0,True
2024/25,2025-05-18,Arsenal,Newcastle,Home,Arsenal,-0.5,-0.5 to -1.0,Pinnacle Close,1.95,0.564907506232948,0.0,0.5025510204081632,0.06235648582478481,0.10156963715424872,W,0.95,True
2024/25,2025-05-18,Arsenal,Newcastle,Away,Newcastle,0.5,+0.5 to +1.0,Pinnacle Close,1.97,0.4350924937670516,0.0,0.49744897959183665,-0.062356485824785035,-0.1428677872789083,L,-1.0,False
2024/25,2025-05-18,Brentford,Fulham,Home,Brentford,-0.5,-0.5 to -1.0,Pinnacle Close,2.08,0.4823761554961565,0.0,0.4720812182741116,0.010294937222044886,0.0033424034320055362,L,-1.0,True
2024/25,2025-05-18,Brentford,Fulham,Away,Fulham,0.5,+0.5 to +1.0,Pinnacle Close,1.86,0.5176238445038438,0.0,0.5279187817258882,-0.010294937222044442,-0.03721964922285048,W,0.8600000000000001,False
2024/25,2025-05-18,West Ham,Nott'm Forest,Home,West Ham,0.0,near pick'em,Pinnacle Close,1.83,0.3967848925175047,0.2608466392678495,0.5355329949238579,-0.13874810240635316,-0.013037007425116875,L,-1.0,False
2024/25,2025-05-18,West Ham,Nott'm Forest,Away,Nott'm Forest,-0.0,near pick'em,Pinnacle Close,2.11,0.3423684682146459,0.2608466392678495,0.46446700507614214,-0.12209853686149624,-0.016755892799247663,W,1.1099999999999999,False
2024/25,2025-05-19,Brighton,Liverpool,Home,Brighton,0.0,near pick'em,Pinnacle Close,1.94,0.2624613745126504,0.21722460199626323,0.5051020408163266,-0.2426406663036762,-0.273600331449195,W,0.94,False
2024/25,2025-05-19,Brighton,Liverpool,Away,Liverpool,-0.0,near pick'em,Pinnacle Close,1.98,0.520314023491086,0.21722460199626323,0.49489795918367346,0.025416064307412556,0.24744636850861357,L,-1.0,True
2024/25,2025-05-20,Man City,Bournemouth,Home,Man City,-1.0,-0.5 to -1.0,Pinnacle Close,1.96,0.3870484077428404,0.22358858166084544,0.5,-0.11295159225715962,-0.017796539163187353,W,0.96,False
2024/25,2025-05-20,Man City,Bournemouth,Away,Bournemouth,1.0,+0.5 to +1.0,Pinnacle Close,1.96,0.38936301059631423,0.22358858166084544,0.5,-0.11063698940368577,-0.013259917570378754,L,-1.0,False
2024/25,2025-05-25,Bournemouth,Leicester,Home,Bournemouth,-1.5,-1.5 or more,Pinnacle Close,1.96,0.4662545264864524,0.0,0.5,-0.03374547351354762,-0.08614112808655333,W,0.96,False
2024/25,2025-05-25,Bournemouth,Leicester,Away,Leicester,1.5,+1.5 or more,Pinnacle Close,1.96,0.5337454735135478,0.0,0.5,0.03374547351354784,0.046141128086553795,L,-1.0,True
2024/25,2025-05-25,Fulham,Man City,Home,Fulham,1.0,+0.5 to +1.0,Pinnacle Close,2.1,0.49140904762897086,0.22974769125186598,0.46700507614213205,0.024403971486838816,0.26170669127270485,L,-1.0,True
2024/25,2025-05-25,Fulham,Man City,Away,Man City,-1.0,-0.5 to -1.0,Pinnacle Close,1.84,0.278843261119163,0.22974769125186598,0.5329949238578681,-0.25415166273870504,-0.257180708288874,W,0.8400000000000001,False
2024/25,2025-05-25,Liverpool,Crystal Palace,Home,Liverpool,-1.5,-1.5 or more,Pinnacle Close,1.95,0.4470530307725086,0.0,0.5025510204081632,-0.055497989635654665,-0.12824658999360827,L,-1.0,False
2024/25,2025-05-25,Liverpool,Crystal Palace,Away,Crystal Palace,1.5,+1.5 or more,Pinnacle Close,1.97,0.5529469692274914,0.0,0.49744897959183665,0.055497989635654776,0.08930552937815806,W,0.97,True
2024/25,2025-05-25,Newcastle,Everton,Home,Newcastle,-1.5,-1.5 or more,Pinnacle Close,2.01,0.3656865134921047,0.0,0.48593350383631717,-0.12024699034421249,-0.26497010788086967,L,-1.0,False
2024/25,2025-05-25,Newcastle,Everton,Away,Everton,1.5,+1.5 or more,Pinnacle Close,1.9,0.6343134865078954,0.0,0.5140664961636828,0.1202469903442126,0.20519562436500127,W,0.8999999999999999,True
2024/25,2025-05-25,Southampton,Arsenal,Home,Southampton,1.5,+1.5 or more,Pinnacle Close,2.04,0.4206661203629751,0.0,0.4782608695652174,-0.05759474920224228,-0.14184111445953074,W,1.04,False
2024/25,2025-05-25,Southampton,Arsenal,Away,Arsenal,-1.5,-1.5 or more,Pinnacle Close,1.87,0.5793338796370248,0.0,0.5217391304347826,0.05759474920224217,0.08335435492123633,L,-1.0,True
2024/25,2025-05-25,Wolves,Brentford,Home,Wolves,0.0,near pick'em,Pinnacle Close,1.9,0.29164513323605584,0.246168134073452,0.5165394402035622,-0.2248943069675064,-0.19970611277804184,PUSH,0.0,False
2024/25,2025-05-25,Wolves,Brentford,Away,Brentford,-0.0,near pick'em,Pinnacle Close,2.03,0.46218673269049215,0.246168134073452,0.48346055979643765,-0.021273827105945498,0.184407201435151,PUSH,0.0,True
2025/26,2025-08-15,Liverpool,Bournemouth,Home,Liverpool,-1.5,-1.5 or more,Pinnacle Close,2.07,0.4463823100386287,0.0,0.47193877551020413,-0.025556465471575418,-0.0759886182200386,W,1.0699999999999998,False
2025/26,2025-08-15,Liverpool,Bournemouth,Away,Bournemouth,1.5,+1.5 or more,Pinnacle Close,1.85,0.5536176899613707,0.0,0.5280612244897959,0.025556465471574863,0.02419272642853587,L,-1.0,True
2025/26,2025-08-16,Brighton,Fulham,Home,Brighton,-0.5,-0.5 to -1.0,Pinnacle Close,1.93,0.49548144866863886,0.0,0.5089058524173028,-0.013424403748663938,-0.04372080406952705,L,-1.0,False
2025/26,2025-08-16,Brighton,Fulham,Away,Fulham,0.5,+0.5 to +1.0,Pinnacle Close,2.0,0.5045185513313608,0.0,0.49109414758269715,0.01342440374866366,0.009037102662721619,W,1.0,True
2025/26,2025-08-17,Man United,Arsenal,Home,Man United,0.5,+0.5 to +1.0,Pinnacle Close,1.91,0.4532603091855597,0.0,0.5127551020408163,-0.059494792855256606,-0.134272809455581,L,-1.0,False
2025/26,2025-08-17,Man United,Arsenal,Away,Arsenal,-0.5,-0.5 to -1.0,Pinnacle Close,2.01,0.5467396908144402,0.0,0.4872448979591837,0.059494792855256495,0.0989467785370246,W,1.0099999999999998,True
2025/26,2025-08-30,Chelsea,Fulham,Home,Chelsea,-1.0,-0.5 to -1.0,Pinnacle Close,2.16,0.3209363736869372,0.22379804266499856,0.4517766497461929,-0.1308402760592557,-0.08297939017121692,W,1.1600000000000001,False
2025/26,2025-08-30,Chelsea,Fulham,Away,Fulham,1.0,+0.5 to +1.0,Pinnacle Close,1.78,0.45526558364806424,0.22379804266499856,0.5482233502538072,-0.09295776660574295,0.034170781558552965,L,-1.0,True
2025/26,2025-08-30,Man United,Burnley,Home,Man United,-1.5,-1.5 or more,Pinnacle Close,1.89,0.3772905620702274,0.0,0.5178571428571429,-0.14056658078691553,-0.2869208376872703,L,-1.0,False
2025/26,2025-08-30,Man United,Burnley,Away,Burnley,1.5,+1.5 or more,Pinnacle Close,2.03,0.6227094379297728,0.0,0.4821428571428572,0.14056658078691564,0.26410015899743877,W,1.0299999999999998,True
2025/26,2025-08-30,Sunderland,Brentford,Home,Sunderland,0.0,near pick'em,Pinnacle Close,1.81,0.3037074426532436,0.31749046176357926,0.5429292929292929,-0.2392218502760493,-0.13279906703404984,W,0.81,False
2025/26,2025-08-30,Sunderland,Brentford,Away,Brentford,-0.0,near pick'em,Pinnacle Close,2.15,0.37880209558317707,0.31749046176357926,0.457070707070707,-0.07826861148752995,0.13191496726740987,L,-1.0,True
2025/26,2025-08-30,Wolves,Everton,Home,Wolves,0.0,near pick'em,Pinnacle Close,1.83,0.33727506852419376,0.27737037555579447,0.5355329949238579,-0.1982579263996641,-0.10541624904493091,L,-1.0,False
2025/26,2025-08-30,Wolves,Everton,Away,Everton,-0.0,near pick'em,Pinnacle Close,2.11,0.38535455592001167,0.27737037555579447,0.46446700507614214,-0.07911244915613047,0.09046848854701905,W,1.1099999999999999,True
2025/26,2025-08-31,Aston Villa,Crystal Palace,Home,Aston Villa,-0.5,-0.5 to -1.0,Pinnacle Close,1.75,0.44566655131472066,0.0,0.5580808080808081,-0.1124142567660874,-0.22008353519923884,L,-1.0,False
2025/26,2025-08-31,Aston Villa,Crystal Palace,Away,Crystal Palace,0.5,+0.5 to +1.0,Pinnacle Close,2.21,0.5543334486852796,0.0,0.44191919191919193,0.11241425676608763,0.2250769215944678,W,1.21,True
2025/26,2025-08-31,Brighton,Man City,Home,Brighton,0.5,+0.5 to +1.0,Pinnacle Close,1.92,0.54372320668187,0.0,0.5114503816793893,0.03227282500248074,0.04394855682919041,W,0.9199999999999999,True
2025/26,2025-08-31,Brighton,Man City,Away,Man City,-0.5,-0.5 to -1.0,Pinnacle Close,2.01,0.4562767933181306,0.0,0.4885496183206107,-0.03227282500248013,-0.08288364543055754,L,-1.0,False
2025/26,2025-09-13,Fulham,Leeds,Home,Fulham,-0.5,-0.5 to -1.0,Pinnacle Close,1.8,0.4794638482296918,0.0,0.5408163265306123,-0.0613524783009205,-0.13696507318655476,W,0.8,False
2025/26,2025-09-13,Fulham,Leeds,Away,Leeds,0.5,+0.5 to +1.0,Pinnacle Close,2.12,0.5205361517703081,0.0,0.45918367346938777,0.06135247830092033,0.10353664175305322,L,-1.0,True
2025/26,2025-09-14,Burnley,Liverpool,Home,Burnley,1.5,+1.5 or more,Pinnacle Close,1.95,0.465078414593289,0.0,0.5025510204081632,-0.037472605814874216,-0.09309709154308643,W,0.95,False
2025/26,2025-09-14,Burnley,Liverpool,Away,Liverpool,-1.5,-1.5 or more,Pinnacle Close,1.97,0.534921585406711,0.0,0.49744897959183665,0.03747260581487433,0.05379552325122061,L,-1.0,True
2025/26,2025-09-20,Fulham,Brentford,Home,Fulham,-0.5,-0.5 to -1.0,Pinnacle Close,1.88,0.37853611316102076,0.0,0.5228426395939086,-0.14430652643288788,-0.288352107257281,W,0.8799999999999999,False
2025/26,2025-09-20,Fulham,Brentford,Away,Brentford,0.5,+0.5 to +1.0,Pinnacle Close,2.06,0.6214638868389794,0.0,0.47715736040609136,0.144306526432888,0.2802156068882975,L,-1.0,True
2025/26,2025-09-20,Man United,Chelsea,Home,Man United,0.0,near pick'em,Pinnacle Close,2.01,0.35188281105369923,0.23150077980785047,0.4885496183206107,-0.1366668072669115,-0.061214769974214156,W,1.0099999999999998,False
2025/26,2025-09-20,Man United,Chelsea,Away,Chelsea,-0.0,near pick'em,Pinnacle Close,1.92,0.4166164091384501,0.23150077980785047,0.5114503816793893,-0.09483397254093917,0.03140428535367462,L,-1.0,True
2025/26,2025-09-20,Wolves,Leeds,Home,Wolves,0.0,near pick'em,Pinnacle Close,1.99,0.3702477444599815,0.2833635219708369,0.49234693877551017,-0.12209919431552868,0.020156533446199998,L,-1.0,True
2025/26,2025-09-20,Wolves,Leeds,Away,Leeds,-0.0,near pick'em,Pinnacle Close,1.93,0.34638873356918143,0.2833635219708369,0.5076530612244898,-0.1612643276553084,-0.048106222240642926,W,0.9299999999999999,False
2025/26,2025-09-21,Arsenal,Man City,Home,Arsenal,-0.5,-0.5 to -1.0,Pinnacle Close,2.06,0.4906540000630044,0.0,0.47715736040609136,0.013496639656913056,0.010747240129789115,L,-1.0,True
2025/26,2025-09-21,Arsenal,Man City,Away,Man City,0.5,+0.5 to +1.0,Pinnacle Close,1.88,0.5093459999369955,0.0,0.5228426395939086,-0.013496639656913167,-0.04242952011844858,W,0.8799999999999999,False
2025/26,2025-09-21,Bournemouth,Newcastle,Home,Bournemouth,0.0,near pick'em,Pinnacle Close,2.17,0.3712007584787622,0.2400665547818451,0.450632911392405,-0.0794321529136428,0.04557220068075912,PUSH,0.0,True
2025/26,2025-09-21,Bournemouth,Newcastle,Away,Newcastle,-0.0,near pick'em,Pinnacle Close,1.78,0.38873268673939315,0.2400665547818451,0.549367088607595,-0.16063440186820183,-0.06798926282203499,PUSH,0.0,False
2025/26,2025-09-27,Brentford,Man United,Home,Brentford,0.5,+0.5 to +1.0,Pinnacle Close,1.81,0.7056431026129282,0.0,0.539440203562341,0.16620289905058716,0.2772140157294001,W,0.81,True
2025/26,2025-09-27,Brentford,Man United,Away,Man United,-0.5,-0.5 to -1.0,Pinnacle Close,2.12,0.29435689738707177,0.0,0.460559796437659,-0.16620289905058722,-0.3759633775394078,L,-1.0,False
2025/26,2025-09-27,Chelsea,Brighton,Home,Chelsea,-0.5,-0.5 to -1.0,Pinnacle Close,1.92,0.5013244539222174,0.0,0.5114503816793893,-0.010125927757171915,-0.037457048469342724,L,-1.0,False
2025/26,2025-09-27,Chelsea,Brighton,Away,Brighton,0.5,+0.5 to +1.0,Pinnacle Close,2.01,0.4986755460777827,0.0,0.4885496183206107,0.01012592775717197,0.002337847616343147,W,1.0099999999999998,True
2025/26,2025-09-27,Crystal Palace,Liverpool,Home,Crystal Palace,0.5,+0.5 to +1.0,Pinnacle Close,2.02,0.5008209166510863,0.0,0.48600508905852424,0.014815827592562059,0.011658251635194294,W,1.02,True
2025/26,2025-09-27,Crystal Palace,Liverpool,Away,Liverpool,-0.5,-0.5 to -1.0,Pinnacle Close,1.91,0.49917908334891337,0.0,0.5139949109414759,-0.014815827592562503,-0.04656795080357551,L,-1.0,False
2025/26,2025-09-27,Man City,Burnley,Home,Man City,-2.0,-1.5 or more,Pinnacle Close,2.03,0.38166914647082784,0.21334521878170476,0.4808184143222507,-0.09914926785142286,-0.011866413882514804,W,1.0299999999999998,False
2025/26,2025-09-27,Man City,Burnley,Away,Burnley,2.0,+1.5 or more,Pinnacle Close,1.88,0.40498563474746774,0.21334521878170476,0.5191815856777493,-0.11419595093028156,-0.025281787893055963,L,-1.0,False
2025/26,2025-10-03,Bournemouth,Fulham,Home,Bournemouth,-0.5,-0.5 to -1.0,Pinnacle Close,2.03,0.4938796911320179,0.0,0.48346055979643765,0.010419131335580256,0.002575772997996273,W,1.0299999999999998,True
2025/26,2025-10-03,Bournemouth,Fulham,Away,Fulham,0.5,+0.5 to +1.0,Pinnacle Close,1.9,0.506120308867982,0.0,0.5165394402035622,-0.010419131335580256,-0.038371413150834255,L,-1.0,False
2025/26,2025-10-04,Arsenal,West Ham,Home,Arsenal,-2.0,-1.5 or more,Pinnacle Close,2.08,0.30548353335575723,0.21714925730738036,0.46938775510204084,-0.1639042217462836,-0.14744499331264455,PUSH,0.0,False
2025/26,2025-10-04,Arsenal,West Ham,Away,West Ham,2.0,+1.5 or more,Pinnacle Close,1.84,0.47736720933686233,0.21714925730738036,0.5306122448979592,-0.05324503556109689,0.0955049224872071,PUSH,0.0,True
2025/26,2025-10-04,Leeds,Tottenham,Home,Leeds,0.0,near pick'em,Pinnacle Close,2.01,0.3645943951798136,0.25953006897602776,0.4885496183206107,-0.1239552231407971,-0.007635196712546921,L,-1.0,False
2025/26,2025-10-04,Leeds,Tottenham,Away,Tottenham,-0.0,near pick'em,Pinnacle Close,1.92,0.37587553584415834,0.25953006897602776,0.5114503816793893,-0.13557484583523094,-0.01878890220318824,W,0.9199999999999999,False
2025/26,2025-10-04,Man United,Sunderland,Home,Man United,-1.0,-0.5 to -1.0,Pinnacle Close,1.72,0.2436580435923275,0.23139802637704693,0.5656565656565657,-0.32199852206423824,-0.34951013864414976,W,0.72,False
2025/26,2025-10-04,Man United,Sunderland,Away,Sunderland,1.0,+0.5 to +1.0,Pinnacle Close,2.24,0.5249439300306253,0.23139802637704693,0.43434343434343436,0.09060049568719097,0.40727242964564775,L,-1.0,True
2025/26,2025-10-05,Aston Villa,Burnley,Home,Aston Villa,-1.0,-0.5 to -1.0,Pinnacle Close,2.15,0.43267911712723445,0.22572296716158533,0.4529262086513995,-0.02024709152416504,0.1559830689851393,PUSH,0.0,True
2025/26,2025-10-05,Aston Villa,Burnley,Away,Burnley,1.0,+0.5 to +1.0,Pinnacle Close,1.78,0.3415979157111802,0.22572296716158533,0.5470737913486006,-0.20547587563742037,-0.16623274287251394,PUSH,0.0,False
2025/26,2025-10-05,Everton,Crystal Palace,Home,Everton,0.0,near pick'em,Pinnacle Close,1.83,0.35756740763113676,0.27070203265967063,0.5355329949238579,-0.1779655872927211,-0.074949611375349,W,0.8300000000000001,False
2025/26,2025-10-05,Everton,Crystal Palace,Away,Crystal Palace,-0.0,near pick'em,Pinnacle Close,2.11,0.3717305597091926,0.27070203265967063,0.46446700507614214,-0.09273644536694953,0.05505351364606703,L,-1.0,True
2025/26,2025-10-05,Newcastle,Nott'm Forest,Home,Newcastle,-1.0,-0.5 to -1.0,Pinnacle Close,1.96,0.3771454814733076,0.23000595967295318,0.5,-0.12285451852669238,-0.030788896639363905,W,0.96,False
2025/26,2025-10-05,Newcastle,Nott'm Forest,Away,Nott'm Forest,1.0,+0.5 to +1.0,Pinnacle Close,1.96,0.39284855885373937,0.23000595967295318,0.5,-0.10715144114626063,-1.0864973717661375e-05,L,-1.0,False
2025/26,2025-10-05,Wolves,Brighton,Home,Wolves,0.5,+0.5 to +1.0,Pinnacle Close,2.2,0.5300678363536303,0.0,0.4444444444444444,0.08562339190918589,0.1661492399779868,W,1.2000000000000002,True
2025/26,2025-10-05,Wolves,Brighton,Away,Brighton,-0.5,-0.5 to -1.0,Pinnacle Close,1.76,0.4699321636463694,0.0,0.5555555555555556,-0.08562339190918616,-0.17291939198238987,L,-1.0,False
2025/26,2025-10-18,Brighton,Newcastle,Home,Brighton,0.0,near pick'em,Pinnacle Close,1.76,0.35836101731958775,0.2408567061071125,0.5544303797468354,-0.19606936242724765,-0.1284279034104131,W,0.76,False
2025/26,2025-10-18,Brighton,Newcastle,Away,Newcastle,-0.0,near pick'em,Pinnacle Close,2.19,0.40078227657329957,0.2408567061071125,0.44556962025316454,-0.04478734367986498,0.11856989180263855,L,-1.0,True
2025/26,2025-10-18,Fulham,Arsenal,Home,Fulham,1.0,+0.5 to +1.0,Pinnacle Close,1.99,0.4618157440520938,0.24053163344481845,0.49234693877551017,-0.030531194723416366,0.15954496410848507,PUSH,0.0,True
2025/26,2025-10-18,Fulham,Arsenal,Away,Arsenal,-1.0,-0.5 to -1.0,Pinnacle Close,1.93,0.2976526225030877,0.24053163344481845,0.5076530612244898,-0.21000043872140212,-0.18499880512422223,PUSH,0.0,False
2025/26,2025-10-18,Nott'm Forest,Chelsea,Home,Nott'm Forest,0.5,+0.5 to +1.0,Pinnacle Close,1.93,0.5367134249721021,0.0,0.5089058524173028,0.027807572554799265,0.035856910196156944,L,-1.0,True
2025/26,2025-10-18,Nott'm Forest,Chelsea,Away,Chelsea,-0.5,-0.5 to -1.0,Pinnacle Close,2.0,0.4632865750278981,0.0,0.49109414758269715,-0.027807572554799043,-0.07342684994420384,W,1.0,False
2025/26,2025-10-19,Liverpool,Man United,Home,Liverpool,-1.0,-0.5 to -1.0,Pinnacle Close,1.78,0.4734305631553426,0.20470786918455697,0.5470737913486006,-0.07364322819325797,0.047414271601066815,L,-1.0,True
2025/26,2025-10-19,Liverpool,Man United,Away,Man United,1.0,+0.5 to +1.0,Pinnacle Close,2.15,0.3218615676601009,0.20470786918455697,0.4529262086513995,-0.1310646409912986,-0.10328976034622617,W,1.15,False
2025/26,2025-10-19,Tottenham,Aston Villa,Home,Tottenham,-0.5,-0.5 to -1.0,Pinnacle Close,2.0,0.40959011380800087,0.0,0.49109414758269715,-0.08150403377469628,-0.1808197723839982,L,-1.0,False
2025/26,2025-10-19,Tottenham,Aston Villa,Away,Aston Villa,0.5,+0.5 to +1.0,Pinnacle Close,1.93,0.5904098861919995,0.0,0.5089058524173028,0.08150403377469673,0.13949108035055902,W,0.9299999999999999,True
2025/26,2025-10-20,West Ham,Brentford,Home,West Ham,0.0,near pick'em,Pinnacle Close,1.87,0.3032940817580714,0.24525153742572683,0.5241730279898218,-0.22087894623175042,-0.18758852968667966,L,-1.0,False
2025/26,2025-10-20,West Ham,Brentford,Away,Brentford,-0.0,near pick'em,Pinnacle Close,2.06,0.451454380816202,0.24525153742572683,0.47582697201017815,-0.024372591193976167,0.17524756190710283,W,1.06,True
2025/26,2025-10-24,Leeds,West Ham,Home,Leeds,-0.5,-0.5 to -1.0,Pinnacle Close,2.07,0.5097627808704998,0.0,0.47328244274809167,0.036480338122408085,0.05520895640193446,W,1.0699999999999998,True
2025/26,2025-10-24,Leeds,West Ham,Away,West Ham,0.5,+0.5 to +1.0,Pinnacle Close,1.86,0.49023721912949986,0.0,0.5267175572519084,-0.03648033812240853,-0.08815877241913017,L,-1.0,False
2025/26,2025-10-25,Chelsea,Sunderland,Home,Chelsea,-1.5,-1.5 or more,Pinnacle Close,2.06,0.33009461342450136,0.0,0.47582697201017815,-0.1457323585856768,-0.32000509634552726,L,-1.0,False
2025/26,2025-10-25,Chelsea,Sunderland,Away,Sunderland,1.5,+1.5 or more,Pinnacle Close,1.87,0.6699053865754987,0.0,0.5241730279898218,0.1457323585856769,0.2527230728961827,W,0.8700000000000001,True
2025/26,2025-10-25,Man United,Brighton,Home,Man United,-0.5,-0.5 to -1.0,Pinnacle Close,2.04,0.4116446160462061,0.0,0.47959183673469385,-0.06794722068848774,-0.16024498326573944,W,1.04,False
2025/26,2025-10-25,Man United,Brighton,Away,Brighton,0.5,+0.5 to +1.0,Pinnacle Close,1.88,0.5883553839537936,0.0,0.5204081632653061,0.06794722068848746,0.1061081218331319,L,-1.0,True
2025/26,2025-10-26,Aston Villa,Man City,Home,Aston Villa,0.5,+0.5 to +1.0,Pinnacle Close,2.03,0.5235317560906935,0.0,0.4821428571428572,0.04138889894783626,0.06276946486410762,W,1.0299999999999998,True
2025/26,2025-10-26,Aston Villa,Man City,Away,Man City,-0.5,-0.5 to -1.0,Pinnacle Close,1.89,0.476468243909307,0.0,0.5178571428571429,-0.04138889894783593,-0.09947501901140987,L,-1.0,False
2025/26,2025-10-26,Wolves,Burnley,Home,Wolves,-0.5,-0.5 to -1.0,Pinnacle Close,1.94,0.5118408513399982,0.0,0.5051020408163266,0.006738810523671646,-0.007028748400403462,L,-1.0,False
2025/26,2025-10-26,Wolves,Burnley,Away,Burnley,0.5,+0.5 to +1.0,Pinnacle Close,1.98,0.48815914866000165,0.0,0.49489795918367346,-0.006738810523671812,-0.033444885653196754,W,0.98,False
2025/26,2025-11-01,Brighton,Leeds,Home,Brighton,-0.5,-0.5 to -1.0,Pinnacle Close,2.04,0.4736165691722278,0.0,0.47959183673469385,-0.00597526756246608,-0.033822198888655286,W,1.04,False
2025/26,2025-11-01,Brighton,Leeds,Away,Leeds,0.5,+0.5 to +1.0,Pinnacle Close,1.88,0.5263834308277721,0.0,0.5204081632653061,0.0059752675624659135,-0.010399150043788608,L,-1.0,False
2025/26,2025-11-01,Burnley,Arsenal,Home,Burnley,1.5,+1.5 or more,Pinnacle Close,1.83,0.4893501706659225,0.0,0.5331632653061223,-0.043813094640199834,-0.10448918768136184,L,-1.0,False
2025/26,2025-11-01,Burnley,Arsenal,Away,Arsenal,-1.5,-1.5 or more,Pinnacle Close,2.09,0.5106498293340779,0.0,0.4668367346938776,0.04381309464020028,0.06725814330822266,W,1.0899999999999999,True
2025/26,2025-11-01,Crystal Palace,Brentford,Home,Crystal Palace,-0.5,-0.5 to -1.0,Pinnacle Close,2.08,0.4511593680765059,0.0,0.4707379134860051,-0.01957854540949916,-0.061588514400867655,W,1.08,False
2025/26,2025-11-01,Crystal Palace,Brentford,Away,Brentford,0.5,+0.5 to +1.0,Pinnacle Close,1.85,0.5488406319234945,0.0,0.5292620865139949,0.01957854540949966,0.015355169058464901,L,-1.0,True
2025/26,2025-11-01,Fulham,Wolves,Home,Fulham,-0.5,-0.5 to -1.0,Pinnacle Close,2.05,0.5118570145235278,0.0,0.4783715012722647,0.033485513251263144,0.049306879773232004,W,1.0499999999999998,True
2025/26,2025-11-01,Fulham,Wolves,Away,Wolves,0.5,+0.5 to +1.0,Pinnacle Close,1.88,0.4881429854764724,0.0,0.5216284987277354,-0.03348551325126303,-0.08229118730423196,L,-1.0,False
2025/26,2025-11-01,Liverpool,Aston Villa,Home,Liverpool,-1.0,-0.5 to -1.0,Pinnacle Close,2.12,0.4270053268412716,0.21437800652955225,0.45918367346938777,-0.03217834662811614,0.11962929943304818,W,1.12,True
2025/26,2025-11-01,Liverpool,Aston Villa,Away,Aston Villa,1.0,+0.5 to +1.0,Pinnacle Close,1.8,0.35861666662917624,0.21437800652955225,0.5408163265306123,-0.18219965990143605,-0.14011199353793052,L,-1.0,False
2025/26,2025-11-01,Nott'm Forest,Man United,Home,Nott'm Forest,0.5,+0.5 to +1.0,Pinnacle Close,2.1,0.6064814492866325,0.0,0.46700507614213205,0.13947637314450045,0.27361104350192833,W,1.1,True
2025/26,2025-11-01,Nott'm Forest,Man United,Away,Man United,-0.5,-0.5 to -1.0,Pinnacle Close,1.84,0.3935185507133673,0.0,0.5329949238578681,-0.1394763731445008,-0.27592586668740415,L,-1.0,False
2025/26,2025-11-01,Tottenham,Chelsea,Home,Tottenham,0.0,near pick'em,Pinnacle Close,1.75,0.36073243966193513,0.23111961089175045,0.5580808080808081,-0.19734836841887293,-0.13759861969986303,L,-1.0,False
2025/26,2025-11-01,Tottenham,Chelsea,Away,Chelsea,-0.0,near pick'em,Pinnacle Close,2.21,0.4081479494463146,0.23111961089175045,0.44191919191919193,-0.03377124247287733,0.13312657916810577,W,1.21,True
2025/26,2025-11-03,Sunderland,Everton,Home,Sunderland,0.0,near pick'em,Pinnacle Close,1.87,0.38055046606415477,0.30705922679785974,0.5241730279898218,-0.14362256192566702,0.01868859833782921,PUSH,0.0,True
2025/26,2025-11-03,Sunderland,Everton,Away,Everton,-0.0,near pick'em,Pinnacle Close,2.06,0.3123903071379855,0.30705922679785974,0.47582697201017815,-0.16343666487219266,-0.04941674049789019,PUSH,0.0,False
2025/26,2025-11-08,Tottenham,Man United,Home,Tottenham,0.0,near pick'em,Pinnacle Close,1.84,0.4161573916996038,0.23225608302542414,0.5329949238578681,-0.11683753215826426,-0.0020143162473049148,PUSH,0.0,False
2025/26,2025-11-08,Tottenham,Man United,Away,Man United,-0.0,near pick'em,Pinnacle Close,2.1,0.35158652527497225,0.23225608302542414,0.46700507614213205,-0.1154185508671598,-0.02941221389713411,PUSH,0.0,False
2025/26,2025-11-08,West Ham,Burnley,Home,West Ham,-0.5,-0.5 to -1.0,Pinnacle Close,1.89,0.5406686201139048,0.0,0.5178571428571429,0.022811477256761914,0.021863692015280045,W,0.8899999999999999,True
2025/26,2025-11-08,West Ham,Burnley,Away,Burnley,0.5,+0.5 to +1.0,Pinnacle Close,2.03,0.4593313798860954,0.0,0.4821428571428572,-0.022811477256761803,-0.06755729883122641,L,-1.0,False
2025/26,2025-11-09,Brentford,Newcastle,Home,Brentford,0.0,near pick'em,Pinnacle Close,2.14,0.3720583920166756,0.24309118944475383,0.4582278481012658,-0.0861694560845902,0.03929614836043965,W,1.1400000000000001,True
2025/26,2025-11-09,Brentford,Newcastle,Away,Newcastle,-0.0,near pick'em,Pinnacle Close,1.81,0.3848504185385704,0.24309118944475383,0.5417721518987342,-0.1569217333601638,-0.060329553000433744,L,-1.0,False
2025/26,2025-11-09,Man City,Liverpool,Home,Man City,-0.5,-0.5 to -1.0,Pinnacle Close,1.94,0.4345156147227857,0.0,0.5051020408163266,-0.07058642609354088,-0.15703970743779566,W,0.94,False
2025/26,2025-11-09,Man City,Liverpool,Away,Liverpool,0.5,+0.5 to +1.0,Pinnacle Close,1.98,0.5654843852772146,0.0,0.49489795918367346,0.0705864260935411,0.11965908284888482,L,-1.0,True
2025/26,2025-11-22,Brighton,Brentford,Home,Brighton,-0.5,-0.5 to -1.0,Pinnacle Close,1.87,0.43009586114396015,0.0,0.5241730279898218,-0.09407716684586165,-0.1957207396607945,W,0.8700000000000001,False
2025/26,2025-11-22,Brighton,Brentford,Away,Brentford,0.5,+0.5 to +1.0,Pinnacle Close,2.06,0.5699041388560396,0.0,0.47582697201017815,0.09407716684586148,0.17400252604344169,L,-1.0,True
2025/26,2025-11-22,Burnley,Chelsea,Home,Burnley,1.0,+0.5 to +1.0,Pinnacle Close,1.87,0.3442715177902673,0.2151405529149807,0.5241730279898218,-0.17990151019955447,-0.14107170881721937,L,-1.0,False
2025/26,2025-11-22,Burnley,Chelsea,Away,Chelsea,-1.0,-0.5 to -1.0,Pinnacle Close,2.06,0.440587929294752,0.2151405529149807,0.47582697201017815,-0.03523904271542616,0.12275168726216978,W,1.06,True
2025/26,2025-11-22,Newcastle,Man City,Home,Newcastle,0.5,+0.5 to +1.0,Pinnacle Close,1.99,0.6169632107427716,0.0,0.49234693877551017,0.12461627196726144,0.2277567893781155,W,0.99,True
2025/26,2025-11-22,Newcastle,Man City,Away,Man City,-0.5,-0.5 to -1.0,Pinnacle Close,1.93,0.38303678925722867,0.0,0.5076530612244898,-0.12461627196726116,-0.2607389967335487,L,-1.0,False
2025/26,2025-11-22,Wolves,Crystal Palace,Home,Wolves,0.5,+0.5 to +1.0,Pinnacle Close,1.85,0.5081146691217331,0.0,0.530456852791878,-0.022342183670144955,-0.059987862124793734,L,-1.0,False
2025/26,2025-11-22,Wolves,Crystal Palace,Away,Crystal Palace,-0.5,-0.5 to -1.0,Pinnacle Close,2.09,0.49188533087826675,0.0,0.46954314720812185,0.0223421836701449,0.02804034153557733,W,1.0899999999999999,True
2025/26,2025-11-29,Everton,Newcastle,Home,Everton,0.0,near pick'em,Pinnacle Close,1.97,0.30175212824304914,0.2555905894236488,0.49744897959183665,-0.1956968513487875,-0.14995771793754442,L,-1.0,False
2025/26,2025-11-29,Everton,Newcastle,Away,Newcastle,-0.0,near pick'em,Pinnacle Close,1.95,0.44265728233330176,0.2555905894236488,0.5025510204081632,-0.05989373807486148,0.11877228997358719,W,0.95,True
2025/26,2025-11-30,Aston Villa,Wolves,Home,Aston Villa,-1.0,-0.5 to -1.0,Pinnacle Close,2.12,0.332594229731957,0.23813415543203448,0.4619289340101523,-0.12933470427819527,-0.05676607753621654,PUSH,0.0,False
2025/26,2025-11-30,Aston Villa,Wolves,Away,Wolves,1.0,+0.5 to +1.0,Pinnacle Close,1.82,0.42927161483600845,0.23813415543203448,0.5380710659898477,-0.10879945115383921,0.019408494433569956,PUSH,0.0,True
2025/26,2025-11-30,Nott'm Forest,Brighton,Home,Nott'm Forest,0.0,near pick'em,Pinnacle Close,2.11,0.3467276100730218,0.2622330907080529,0.46446700507614214,-0.11773939500312036,-0.006171652037871178,L,-1.0,False
2025/26,2025-11-30,Nott'm Forest,Brighton,Away,Brighton,-0.0,near pick'em,Pinnacle Close,1.83,0.3910392992189251,0.2622330907080529,0.5355329949238579,-0.14449369570493276,-0.022164991721314142,W,0.8300000000000001,False
2025/26,2025-12-02,Newcastle,Tottenham,Home,Newcastle,-0.5,-0.5 to -1.0,Pinnacle Close,1.86,0.599869097536951,0.0,0.5267175572519084,0.07315154028504256,0.11575652141872883,L,-1.0,True
2025/26,2025-12-02,Newcastle,Tottenham,Away,Tottenham,0.5,+0.5 to +1.0,Pinnacle Close,2.07,0.40013090246304905,0.0,0.47328244274809167,-0.07315154028504262,-0.17172903190148853,W,1.0699999999999998,False
2025/26,2025-12-03,Arsenal,Brentford,Home,Arsenal,-1.5,-1.5 or more,Pinnacle Close,2.11,0.3700742421306108,0.0,0.46446700507614214,-0.09439276294553134,-0.21914334910441124,W,1.1099999999999999,False
2025/26,2025-12-03,Arsenal,Brentford,Away,Brentford,1.5,+1.5 or more,Pinnacle Close,1.83,0.6299257578693892,0.0,0.5355329949238579,0.09439276294553134,0.15276413690098234,L,-1.0,True
2025/26,2025-12-03,Liverpool,Sunderland,Home,Liverpool,-1.5,-1.5 or more,Pinnacle Close,2.08,0.5097232832244162,0.0,0.4707379134860051,0.0389853697384111,0.060224429106785715,L,-1.0,True
2025/26,2025-12-03,Liverpool,Sunderland,Away,Sunderland,1.5,+1.5 or more,Pinnacle Close,1.85,0.49027671677558377,0.0,0.5292620865139949,-0.0389853697384111,-0.09298807396517006,W,0.8500000000000001,False
2025/26,2025-12-06,Aston Villa,Arsenal,Home,Aston Villa,0.5,+0.5 to +1.0,Pinnacle Close,2.0,0.4762143528955001,0.0,0.49109414758269715,-0.014879794687197023,-0.047571294208999804,W,1.0,False
2025/26,2025-12-06,Aston Villa,Arsenal,Away,Arsenal,-0.5,-0.5 to -1.0,Pinnacle Close,1.93,0.5237856471045003,0.0,0.5089058524173028,0.014879794687197467,0.010906298911685486,L,-1.0,True
2025/26,2025-12-06,Leeds,Liverpool,Home,Leeds,0.5,+0.5 to +1.0,Pinnacle Close,1.93,0.4493910304668559,0.0,0.5089058524173028,-0.05951482195044688,-0.13267531119896814,W,0.9299999999999999,False
2025/26,2025-12-06,Leeds,Liverpool,Away,Liverpool,-0.5,-0.5 to -1.0,Pinnacle Close,2.0,0.5506089695331442,0.0,0.49109414758269715,0.05951482195044705,0.1012179390662884,L,-1.0,True
2025/26,2025-12-07,Brighton,West Ham,Home,Brighton,-1.0,-0.5 to -1.0,Pinnacle Close,2.07,0.3999810754161989,0.2204722652470751,0.4746192893401016,-0.07463821392390274,0.048433091358606684,L,-1.0,True
2025/26,2025-12-07,Brighton,West Ham,Away,West Ham,1.0,+0.5 to +1.0,Pinnacle Close,1.87,0.3795466593367259,0.2204722652470751,0.5253807106598984,-0.14583405132317256,-0.06977548179324755,W,0.8700000000000001,False
2025/26,2025-12-07,Fulham,Crystal Palace,Home,Fulham,0.0,near pick'em,Pinnacle Close,1.82,0.37168913320504016,0.26740928486569926,0.5392405063291139,-0.16755137312407375,-0.05611649270112762,L,-1.0,False
2025/26,2025-12-07,Fulham,Crystal Palace,Away,Crystal Palace,-0.0,near pick'em,Pinnacle Close,2.13,0.36090158192926053,0.26740928486569926,0.4607594936708861,-0.09985791174162556,0.03612965437502408,W,1.13,True
2025/26,2025-12-13,Burnley,Fulham,Home,Burnley,0.5,+0.5 to +1.0,Pinnacle Close,1.91,0.5192264898357061,0.0,0.5139949109414759,0.005231578894230204,-0.008277404413801426,L,-1.0,False
2025/26,2025-12-13,Burnley,Fulham,Away,Fulham,-0.5,-0.5 to -1.0,Pinnacle Close,2.02,0.4807735101642944,0.0,0.48600508905852424,-0.005231578894229816,-0.02883750946812519,W,1.02,False
2025/26,2025-12-14,Brentford,Leeds,Home,Brentford,-0.5,-0.5 to -1.0,Pinnacle Close,1.91,0.5311952464896363,0.0,0.5139949109414759,0.017200335548160472,0.014582920795205345,L,-1.0,True
2025/26,2025-12-14,Brentford,Leeds,Away,Leeds,0.5,+0.5 to +1.0,Pinnacle Close,2.02,0.46880475351036416,0.0,0.48600508905852424,-0.017200335548160084,-0.053014397909064426,W,1.02,False
2025/26,2025-12-14,Crystal Palace,Man City,Home,Crystal Palace,0.5,+0.5 to +1.0,Pinnacle Close,2.02,0.560845417643787,0.0,0.48469387755102045,0.07615154009276659,0.13290774364044977,L,-1.0,True
2025/26,2025-12-14,Crystal Palace,Man City,Away,Man City,-0.5,-0.5 to -1.0,Pinnacle Close,1.9,0.4391545823562126,0.0,0.5153061224489797,-0.07615154009276709,-0.1656062935231961,W,0.8999999999999999,False
2025/26,2025-12-14,Nott'm Forest,Tottenham,Home,Nott'm Forest,0.0,near pick'em,Pinnacle Close,1.96,0.3875693356070324,0.265770661123659,0.5,-0.11243066439296762,0.025406558913442512,W,0.96,True
2025/26,2025-12-14,Nott'm Forest,Tottenham,Away,Tottenham,-0.0,near pick'em,Pinnacle Close,1.96,0.34666000326930907,0.265770661123659,0.5,-0.15333999673069093,-0.05477573246849532,L,-1.0,False
2025/26,2025-12-14,West Ham,Aston Villa,Home,West Ham,0.5,+0.5 to +1.0,Pinnacle Close,1.99,0.5474335773039894,0.0,0.49234693877551017,0.05508663852847928,0.08939281883493899,L,-1.0,True
2025/26,2025-12-14,West Ham,Aston Villa,Away,Aston Villa,-0.5,-0.5 to -1.0,Pinnacle Close,1.93,0.45256642269601055,0.0,0.5076530612244898,-0.05508663852847928,-0.12654680419669967,W,0.9299999999999999,False
2025/26,2025-12-15,Man United,Bournemouth,Home,Man United,-0.5,-0.5 to -1.0,Pinnacle Close,2.04,0.42577411772844764,0.0,0.47959183673469385,-0.05381771900624621,-0.13142079983396682,L,-1.0,False
2025/26,2025-12-15,Man United,Bournemouth,Away,Bournemouth,0.5,+0.5 to +1.0,Pinnacle Close,1.88,0.5742258822715524,0.0,0.5204081632653061,0.05381771900624621,0.07954465867051841,W,0.8799999999999999,True
2025/26,2025-12-20,Everton,Arsenal,Home,Everton,1.0,+0.5 to +1.0,Pinnacle Close,1.95,0.46264371879191446,0.24137958587680922,0.5025510204081632,-0.03990730161624878,0.14353483752104235,PUSH,0.0,True
2025/26,2025-12-20,Everton,Arsenal,Away,Arsenal,-1.0,-0.5 to -1.0,Pinnacle Close,1.97,0.2959766953312762,0.24137958587680922,0.49744897959183665,-0.20147228426056046,-0.17554632432057676,PUSH,0.0,False
2025/26,2025-12-20,Leeds,Crystal Palace,Home,Leeds,0.0,near pick'em,Pinnacle Close,2.03,0.3715546553904603,0.26835606873486934,0.4821428571428572,-0.11058820175239692,0.02261201917750366,W,1.0299999999999998,True
2025/26,2025-12-20,Leeds,Crystal Palace,Away,Crystal Palace,-0.0,near pick'em,Pinnacle Close,1.89,0.3600892758746706,0.26835606873486934,0.5178571428571429,-0.1577678669824723,-0.05107519986200332,L,-1.0,False
2025/26,2025-12-20,Man City,West Ham,Home,Man City,-2.0,-1.5 or more,Pinnacle Close,1.97,0.32951045642279486,0.21034400665861683,0.49487179487179483,-0.16536133844899997,-0.14052039418847728,W,0.97,False
2025/26,2025-12-20,Man City,West Ham,Away,West Ham,2.0,+1.5 or more,Pinnacle Close,1.93,0.4601455369185884,0.21034400665861683,0.5051282051282052,-0.04498266820961683,0.09842489291149242,L,-1.0,True
2025/26,2025-12-20,Newcastle,Chelsea,Home,Newcastle,0.0,near pick'em,Pinnacle Close,2.1,0.4625056338020745,0.23640562691623682,0.46700507614213205,-0.004499442340057558,0.20766745790059327,PUSH,0.0,True
2025/26,2025-12-20,Newcastle,Chelsea,Away,Chelsea,-0.0,near pick'em,Pinnacle Close,1.84,0.3010887392816888,0.23640562691623682,0.5329949238578681,-0.2319061845761793,-0.20959109280545585,PUSH,0.0,False
2025/26,2025-12-20,Tottenham,Liverpool,Home,Tottenham,0.5,+0.5 to +1.0,Pinnacle Close,1.87,0.4620010221230951,0.0,0.5241730279898218,-0.06217200586672672,-0.13605808862981222,L,-1.0,False
2025/26,2025-12-20,Tottenham,Liverpool,Away,Liverpool,-0.5,-0.5 to -1.0,Pinnacle Close,2.06,0.5379989778769054,0.0,0.47582697201017815,0.062172005866727276,0.10827789442642521,W,1.06,True
2025/26,2025-12-20,Wolves,Brentford,Home,Wolves,0.5,+0.5 to +1.0,Pinnacle Close,2.01,0.5061584149150918,0.0,0.4872448979591837,0.01891351695590815,0.017378413979334484,L,-1.0,True
2025/26,2025-12-20,Wolves,Brentford,Away,Brentford,-0.5,-0.5 to -1.0,Pinnacle Close,1.91,0.49384158508490805,0.0,0.5127551020408163,-0.01891351695590826,-0.05676257248782568,W,0.9099999999999999,False
2025/26,2025-12-26,Man United,Newcastle,Home,Man United,0.0,near pick'em,Pinnacle Close,1.88,0.3698182014062343,0.23762939703288571,0.5216284987277354,-0.15181029732150114,-0.06711238432339384,W,0.8799999999999999,False
2025/26,2025-12-26,Man United,Newcastle,Away,Newcastle,-0.0,near pick'em,Pinnacle Close,2.05,0.3925524015608803,0.23762939703288571,0.4783715012722647,-0.0858190997113844,0.04236182023269025,L,-1.0,True
2025/26,2025-12-27,Burnley,Everton,Home,Burnley,0.5,+0.5 to +1.0,Pinnacle Close,2.04,0.5419241340113959,0.0,0.47959183673469385,0.06233229727670209,0.10552523338324771,W,1.04,True
2025/26,2025-12-27,Burnley,Everton,Away,Everton,-0.5,-0.5 to -1.0,Pinnacle Close,1.88,0.458075865988604,0.0,0.5204081632653061,-0.06233229727670214,-0.13881737194142457,L,-1.0,False
2025/26,2025-12-27,Chelsea,Aston Villa,Home,Chelsea,-0.5,-0.5 to -1.0,Pinnacle Close,2.03,0.5253603789598928,0.0,0.48346055979643765,0.0418998191634552,0.0664815692885824,L,-1.0,True
2025/26,2025-12-27,Chelsea,Aston Villa,Away,Aston Villa,0.5,+0.5 to +1.0,Pinnacle Close,1.9,0.4746396210401073,0.0,0.5165394402035622,-0.04189981916345492,-0.09818472002379608,W,0.8999999999999999,False
2025/26,2025-12-27,Nott'm Forest,Man City,Home,Nott'm Forest,1.0,+0.5 to +1.0,Pinnacle Close,1.81,0.46637177990832773,0.2292919840186998,0.539440203562341,-0.07306842365401328,0.07342490565277304,PUSH,0.0,True
2025/26,2025-12-27,Nott'm Forest,Man City,Away,Man City,-1.0,-0.5 to -1.0,Pinnacle Close,2.12,0.3043362360729724,0.2292919840186998,0.460559796437659,-0.1562235603646866,-0.12551519550659868,PUSH,0.0,False
2025/26,2025-12-27,West Ham,Fulham,Home,West Ham,0.0,near pick'em,Pinnacle Close,1.82,0.3368183316127851,0.26692303000000894,0.5392405063291139,-0.20242217471632878,-0.12006760646472214,L,-1.0,False
2025/26,2025-12-27,West Ham,Fulham,Away,Fulham,-0.0,near pick'em,Pinnacle Close,2.13,0.39625863838720615,0.26692303000000894,0.4607594936708861,-0.06450085528367994,0.11095392976475804,W,1.13,True
2025/26,2025-12-28,Sunderland,Leeds,Home,Sunderland,0.0,near pick'em,Pinnacle Close,2.1,0.33650565456867315,0.3047639618870335,0.46700507614213205,-0.1304994215734589,0.011425836481247065,PUSH,0.0,True
2025/26,2025-12-28,Sunderland,Leeds,Away,Leeds,-0.0,near pick'em,Pinnacle Close,1.84,0.35873038354429343,0.3047639618870335,0.5329949238578681,-0.17426454031357463,-0.035172132391466604,PUSH,0.0,False
2025/26,2025-12-30,Burnley,Newcastle,Home,Burnley,1.0,+0.5 to +1.0,Pinnacle Close,1.91,0.3805791323249833,0.22370153515287425,0.5127551020408163,-0.132175969715833,-0.04939232210640765,L,-1.0,False
2025/26,2025-12-30,Burnley,Newcastle,Away,Newcastle,-1.0,-0.5 to -1.0,Pinnacle Close,2.01,0.39571933252214225,0.22370153515287425,0.4872448979591837,-0.09152556543704143,0.019097393522380046,W,1.0099999999999998,True
2025/26,2025-12-30,Chelsea,Bournemouth,Home,Chelsea,-1.0,-0.5 to -1.0,Pinnacle Close,1.98,0.29215388811112936,0.2060760844439403,0.49489795918367346,-0.2027440710725441,-0.2154592170960235,L,-1.0,False
2025/26,2025-12-30,Chelsea,Bournemouth,Away,Bournemouth,1.0,+0.5 to +1.0,Pinnacle Close,1.94,0.5017700274449307,0.2060760844439403,0.5051020408163266,-0.003332013371395881,0.17950993768710588,W,0.94,True
2025/26,2025-12-30,West Ham,Brighton,Home,West Ham,0.5,+0.5 to +1.0,Pinnacle Close,2.09,0.5389650724770164,0.0,0.46954314720812185,0.06942192526889457,0.12643700147696424,W,1.0899999999999999,True
2025/26,2025-12-30,West Ham,Brighton,Away,Brighton,-0.5,-0.5 to -1.0,Pinnacle Close,1.85,0.46103492752298353,0.0,0.530456852791878,-0.06942192526889451,-0.1470853840824805,L,-1.0,False
2025/26,2026-01-01,Liverpool,Leeds,Home,Liverpool,-1.0,-0.5 to -1.0,Pinnacle Close,1.82,0.3922158491897823,0.2193975192874749,0.5392405063291139,-0.1470246571393316,-0.06676963518712137,L,-1.0,False
2025/26,2026-01-01,Liverpool,Leeds,Away,Leeds,1.0,+0.5 to +1.0,Pinnacle Close,2.13,0.3883866315227427,0.2193975192874749,0.4607594936708861,-0.07237286214814337,0.04666104443091679,W,1.13,True
2025/26,2026-01-03,Brighton,Burnley,Home,Brighton,-1.0,-0.5 to -1.0,Pinnacle Close,2.08,0.4657872115730722,0.2140116512026484,0.4707379134860051,-0.004950701912932898,0.18284905127463857,W,1.08,True
2025/26,2026-01-03,Brighton,Burnley,Away,Burnley,1.0,+0.5 to +1.0,Pinnacle Close,1.85,0.32020113722427923,0.2140116512026484,0.5292620865139949,-0.20906094928971564,-0.19361624493243496,L,-1.0,False
2025/26,2026-01-03,Wolves,West Ham,Home,Wolves,0.0,near pick'em,Pinnacle Close,1.96,0.41052718079018924,0.2752394682670662,0.5,-0.08947281920981076,0.0798727426158371,W,0.96,True
2025/26,2026-01-03,Wolves,West Ham,Away,West Ham,-0.0,near pick'em,Pinnacle Close,1.96,0.31423335094274446,0.2752394682670662,0.5,-0.18576664905725554,-0.10886316388515471,L,-1.0,False
2025/26,2026-01-04,Fulham,Liverpool,Home,Fulham,0.5,+0.5 to +1.0,Pinnacle Close,2.01,0.48512274739045586,0.0,0.4872448979591837,-0.002122150568727832,-0.024903277745183916,W,1.0099999999999998,False
2025/26,2026-01-04,Fulham,Liverpool,Away,Liverpool,-0.5,-0.5 to -1.0,Pinnacle Close,1.91,0.5148772526095442,0.0,0.5127551020408163,0.0021221505687278874,-0.016584447515770595,L,-1.0,False
2025/26,2026-01-04,Leeds,Man United,Home,Leeds,0.0,near pick'em,Pinnacle Close,1.99,0.4472551665027427,0.25164270370607417,0.49234693877551017,-0.04509177227276745,0.14168048504653213,PUSH,0.0,True
2025/26,2026-01-04,Leeds,Man United,Away,Man United,-0.0,near pick'em,Pinnacle Close,1.93,0.3011021297911833,0.25164270370607417,0.5076530612244898,-0.20655093143330655,-0.16723018579694204,PUSH,0.0,False
2025/26,2026-01-04,Tottenham,Sunderland,Home,Tottenham,-0.5,-0.5 to -1.0,Pinnacle Close,2.01,0.5015461408392069,0.0,0.4885496183206107,0.012996522518596176,0.00810774308680573,L,-1.0,True
2025/26,2026-01-04,Tottenham,Sunderland,Away,Sunderland,0.5,+0.5 to +1.0,Pinnacle Close,1.92,0.49845385916079343,0.0,0.5114503816793893,-0.012996522518595843,-0.04296859041127665,W,0.9199999999999999,False
2025/26,2026-01-07,Brentford,Sunderland,Home,Brentford,-0.5,-0.5 to -1.0,Pinnacle Close,2.09,0.5784807317996188,0.0,0.46954314720812185,0.10893758459149694,0.2090247294612032,W,1.0899999999999999,True
2025/26,2026-01-07,Brentford,Sunderland,Away,Sunderland,0.5,+0.5 to +1.0,Pinnacle Close,1.85,0.42151926820038116,0.0,0.530456852791878,-0.10893758459149688,-0.22018935382929478,L,-1.0,False
2025/26,2026-01-07,Fulham,Chelsea,Home,Fulham,0.5,+0.5 to +1.0,Pinnacle Close,1.84,0.5892662423577218,0.0,0.5329949238578681,0.056271318499853784,0.08424988593820826,W,0.8400000000000001,True
2025/26,2026-01-07,Fulham,Chelsea,Away,Chelsea,-0.5,-0.5 to -1.0,Pinnacle Close,2.1,0.4107337576422779,0.0,0.46700507614213205,-0.05627131849985417,-0.1374591089512165,L,-1.0,False
2025/26,2026-01-08,Arsenal,Liverpool,Home,Arsenal,-1.0,-0.5 to -1.0,Pinnacle Close,2.05,0.26424112907138114,0.21547895048632426,0.4783715012722647,-0.21413037220088355,-0.24282673491734452,L,-1.0,False
2025/26,2026-01-08,Arsenal,Liverpool,Away,Liverpool,1.0,+0.5 to +1.0,Pinnacle Close,1.88,0.5202799204422948,0.21547895048632426,0.5216284987277354,-0.0013485782854406603,0.19360520091783834,W,0.8799999999999999,True
2025/26,2026-01-17,Man United,Man City,Home,Man United,0.5,+0.5 to +1.0,Bet365,1.93,0.5295890105188731,0.0,0.5,0.029589010518873082,0.02210679030142504,W,0.9299999999999999,True
2025/26,2026-01-17,Man United,Man City,Away,Man City,-0.5,-0.5 to -1.0,Bet365,1.93,0.4704109894811272,0.0,0.5,-0.029589010518872805,-0.09210679030142449,L,-1.0,False
2025/26,2026-01-17,Nott'm Forest,Arsenal,Home,Nott'm Forest,1.0,+0.5 to +1.0,Bet365,1.93,0.4260861996298132,0.24351951772687655,0.5,-0.0739138003701868,0.06586588301241597,W,0.9299999999999999,True
2025/26,2026-01-17,Nott'm Forest,Arsenal,Away,Arsenal,-1.0,-0.5 to -1.0,Bet365,1.93,0.3303942826433104,0.24351951772687655,0.5,-0.1696057173566896,-0.11881951677153446,L,-1.0,False
2025/26,2026-01-17,Sunderland,Crystal Palace,Home,Sunderland,0.0,near pick'em,Bet365,1.93,0.26798934059262386,0.27797053880044403,0.5,-0.23201065940737614,-0.20481003385579188,W,0.9299999999999999,False
2025/26,2026-01-17,Sunderland,Crystal Palace,Away,Crystal Palace,-0.0,near pick'em,Bet365,1.93,0.45404012060693194,0.27797053880044403,0.5,-0.04595987939306806,0.1542679715718227,L,-1.0,True
2025/26,2026-01-19,Brighton,Bournemouth,Home,Brighton,-0.5,-0.5 to -1.0,Bet365,1.88,0.41859620720530527,0.0,0.5129533678756476,-0.09435716067034233,-0.21303913045402606,L,-1.0,False
2025/26,2026-01-19,Brighton,Bournemouth,Away,Bournemouth,0.5,+0.5 to +1.0,Bet365,1.98,0.5814037927946945,0.0,0.4870466321243523,0.09435716067034217,0.15117950973349503,W,0.98,True
2025/26,2026-01-24,Bournemouth,Liverpool,Home,Bournemouth,0.5,+0.5 to +1.0,Bet365,1.95,0.5379054278774386,0.0,0.49350649350649356,0.044398934370945,0.04891558436100518,W,0.95,True
2025/26,2026-01-24,Bournemouth,Liverpool,Away,Liverpool,-0.5,-0.5 to -1.0,Bet365,1.9,0.4620945721225616,0.0,0.5064935064935064,-0.04439893437094483,-0.12202031296713306,L,-1.0,False
2025/26,2026-01-24,Burnley,Tottenham,Home,Burnley,0.5,+0.5 to +1.0,Bet365,1.8,0.49712043595637706,0.0,0.5324675324675325,-0.035347096511155474,-0.10518321527852131,W,0.8,False
2025/26,2026-01-24,Burnley,Tottenham,Away,Tottenham,-0.5,-0.5 to -1.0,Bet365,2.05,0.5028795640436224,0.0,0.4675324675324676,0.03534709651115486,0.03090310628942594,L,-1.0,True
2025/26,2026-01-24,Fulham,Brighton,Home,Fulham,0.0,near pick'em,Bet365,1.88,0.3749746265561257,0.26631713884625724,0.5129533678756476,-0.13797874131952192,-0.028730563228226536,W,0.8799999999999999,False
2025/26,2026-01-24,Fulham,Brighton,Away,Brighton,-0.0,near pick'em,Bet365,1.98,0.3587082345976168,0.26631713884625724,0.4870466321243523,-0.12833839752673548,-0.02344055665046152,L,-1.0,False
2025/26,2026-01-24,West Ham,Sunderland,Home,West Ham,0.0,near pick'em,Bet365,1.8,0.4089650982884172,0.2822942034990783,0.5324675324675325,-0.12350243417911533,0.018431380418229282,W,0.8,True
2025/26,2026-01-24,West Ham,Sunderland,Away,Sunderland,-0.0,near pick'em,Bet365,2.05,0.30874069821250455,0.2822942034990783,0.4675324675324676,-0.15879176931996303,-0.08478736516528751,L,-1.0,False
2025/26,2026-01-25,Arsenal,Man United,Home,Arsenal,-1.0,-0.5 to -1.0,Bet365,1.93,0.41714757908033245,0.22667384458028766,0.5,-0.08285242091966755,0.03176867220532931,L,-1.0,True
2025/26,2026-01-25,Arsenal,Man United,Away,Man United,1.0,+0.5 to +1.0,Bet365,1.93,0.3561785763393795,0.22667384458028766,0.5,-0.1438214236606205,-0.08590150308471001,W,0.9299999999999999,False
2025/26,2026-01-25,Brentford,Nott'm Forest,Home,Brentford,-0.5,-0.5 to -1.0,Bet365,1.9,0.559255338586779,0.0,0.5064935064935064,0.052761832093272565,0.06258514331488008,L,-1.0,True
2025/26,2026-01-25,Brentford,Nott'm Forest,Away,Nott'm Forest,0.5,+0.5 to +1.0,Bet365,1.95,0.4407446614132205,0.0,0.49350649350649356,-0.052761832093273064,-0.1405479102442201,W,0.95,False
2025/26,2026-01-25,Crystal Palace,Chelsea,Home,Crystal Palace,0.5,+0.5 to +1.0,Bet365,1.85,0.6358366956035174,0.0,0.5194805194805195,0.11635617612299787,0.17629788686650727,L,-1.0,True
2025/26,2026-01-25,Crystal Palace,Chelsea,Away,Chelsea,-0.5,-0.5 to -1.0,Bet365,2.0,0.36416330439648287,0.0,0.4805194805194806,-0.11635617612299776,-0.2716733912070342,W,1.0,False
2025/26,2026-01-25,Newcastle,Aston Villa,Home,Newcastle,-0.5,-0.5 to -1.0,Bet365,1.98,0.5260777747636926,0.0,0.4870466321243523,0.039031142639340266,0.04163399403211121,L,-1.0,True
2025/26,2026-01-25,Newcastle,Aston Villa,Away,Aston Villa,0.5,+0.5 to +1.0,Bet365,1.88,0.4739222252363073,0.0,0.5129533678756476,-0.03903114263934032,-0.1090262165557423,W,0.8799999999999999,False
2025/26,2026-01-31,Brighton,Everton,Home,Brighton,-0.5,-0.5 to -1.0,Bet365,1.88,0.49495032687313467,0.0,0.5129533678756476,-0.01800304100251293,-0.06949338547850686,L,-1.0,False
2025/26,2026-01-31,Brighton,Everton,Away,Everton,0.5,+0.5 to +1.0,Bet365,1.98,0.5050496731268652,0.0,0.4870466321243523,0.01800304100251293,-1.6472088068542057e-06,W,0.98,False
2025/26,2026-01-31,Leeds,Arsenal,Home,Leeds,1.0,+0.5 to +1.0,Bet365,1.88,0.5009064185644612,0.2289266449255868,0.5129533678756476,-0.012046949311186439,0.1706307118267737,L,-1.0,True
2025/26,2026-01-31,Leeds,Arsenal,Away,Arsenal,-1.0,-0.5 to -1.0,Bet365,1.98,0.27016693650995244,0.2289266449255868,0.4870466321243523,-0.21687969561439985,-0.23614282078470744,W,0.98,False
2025/26,2026-02-01,Man United,Fulham,Home,Man United,-1.0,-0.5 to -1.0,Bet365,1.98,0.2937702218791298,0.2203352680442328,0.4870466321243523,-0.19327641024522246,-0.19799969263509015,PUSH,0.0,False
2025/26,2026-02-01,Man United,Fulham,Away,Fulham,1.0,+0.5 to +1.0,Bet365,1.88,0.4858945100766373,0.2203352680442328,0.5129533678756476,-0.027058857799010294,0.13381694698831093,PUSH,0.0,True
2025/26,2026-02-01,Nott'm Forest,Crystal Palace,Home,Nott'm Forest,-0.5,-0.5 to -1.0,Bet365,1.98,0.3369965882924881,0.0,0.4870466321243523,-0.1500500438318642,-0.33274675518087354,L,-1.0,False
2025/26,2026-02-01,Nott'm Forest,Crystal Palace,Away,Crystal Palace,0.5,+0.5 to +1.0,Bet365,1.88,0.6630034117075122,0.0,0.5129533678756476,0.1500500438318646,0.2464464140101229,W,0.8799999999999999,True
2025/26,2026-02-07,Bournemouth,Aston Villa,Home,Bournemouth,0.0,near pick'em,Bet365,2.0,0.46951112793822225,0.24439881582484962,0.4805194805194806,-0.011008352581258374,0.18342107170129412,PUSH,0.0,True
2025/26,2026-02-07,Bournemouth,Aston Villa,Away,Aston Villa,-0.0,near pick'em,Bet365,1.85,0.2860900562369282,0.24439881582484962,0.5194805194805195,-0.23339046324359136,-0.22633458013683322,PUSH,0.0,False
2025/26,2026-02-07,Man United,Tottenham,Home,Man United,-1.0,-0.5 to -1.0,Bet365,1.93,0.2956094429693569,0.20931999677650764,0.5,-0.20439055703064313,-0.2201537782926336,W,0.9299999999999999,False
2025/26,2026-02-07,Man United,Tottenham,Away,Tottenham,1.0,+0.5 to +1.0,Bet365,1.93,0.4950705602541353,0.20931999677650764,0.5,-0.004929439745864683,0.16480617806698877,L,-1.0,True
2025/26,2026-02-08,Brighton,Crystal Palace,Home,Brighton,-0.5,-0.5 to -1.0,Bet365,1.98,0.4297188373014717,0.0,0.4870466321243523,-0.057327794822880584,-0.14915670214308596,L,-1.0,False
2025/26,2026-02-08,Brighton,Crystal Palace,Away,Crystal Palace,0.5,+0.5 to +1.0,Bet365,1.88,0.5702811626985282,0.0,0.5129533678756476,0.05732779482288064,0.07212858587323301,W,0.8799999999999999,True
2025/26,2026-02-10,Chelsea,Leeds,Home,Chelsea,-1.0,-0.5 to -1.0,Bet365,1.9,0.32023992857626415,0.20571353620431762,0.5064935064935064,-0.18625357791724229,-0.1858305995007805,L,-1.0,False
2025/26,2026-02-10,Chelsea,Leeds,Away,Leeds,1.0,+0.5 to +1.0,Bet365,1.95,0.4740465352194184,0.20571353620431762,0.49350649350649356,-0.01945995828707514,0.13010427988218354,W,0.95,True
2025/26,2026-02-10,Everton,Bournemouth,Home,Everton,0.0,near pick'em,Bet365,1.7,0.32922640798994796,0.26574025937863,0.5526315789473685,-0.22340517095742052,-0.1745748470384585,L,-1.0,False
2025/26,2026-02-10,Everton,Bournemouth,Away,Bournemouth,-0.0,near pick'em,Bet365,2.1,0.40503333263142216,0.26574025937863,0.4473684210526316,-0.04233508842120942,0.11631025790461658,W,1.1,True
2025/26,2026-02-11,Aston Villa,Brighton,Home,Aston Villa,-0.5,-0.5 to -1.0,Bet365,1.93,0.4545222448293661,0.0,0.5,-0.045477755170633904,-0.12277206747932345,W,0.9299999999999999,False
2025/26,2026-02-11,Aston Villa,Brighton,Away,Brighton,0.5,+0.5 to +1.0,Bet365,1.93,0.5454777551706337,0.0,0.5,0.04547775517063368,0.05277206747932295,L,-1.0,True
2025/26,2026-02-11,Crystal Palace,Burnley,Home,Crystal Palace,-1.0,-0.5 to -1.0,Bet365,1.98,0.48073789567846903,0.2170336392482274,0.4870466321243523,-0.006308736445883256,0.16889467269159603,L,-1.0,True
2025/26,2026-02-11,Crystal Palace,Burnley,Away,Burnley,1.0,+0.5 to +1.0,Bet365,1.88,0.30222846507330364,0.2170336392482274,0.5129533678756476,-0.21072490280234396,-0.21477684641396183,W,0.8799999999999999,False
2025/26,2026-02-11,Man City,Fulham,Home,Man City,-1.5,-1.5 or more,Bet365,2.0,0.40643011578213717,0.0,0.4805194805194806,-0.07408936473734345,-0.18713976843572566,W,1.0,False
2025/26,2026-02-11,Man City,Fulham,Away,Fulham,1.5,+1.5 or more,Bet365,1.85,0.5935698842178627,0.0,0.5194805194805195,0.07408936473734318,0.09810428580304609,L,-1.0,True
2025/26,2026-02-18,Wolves,Arsenal,Home,Wolves,1.5,+1.5 or more,Bet365,2.0,0.599097094558512,0.0,0.4805194805194806,0.11857761403903139,0.19819418911702402,W,1.0,True
2025/26,2026-02-18,Wolves,Arsenal,Away,Arsenal,-1.5,-1.5 or more,Bet365,1.85,0.40090290544148854,0.0,0.5194805194805195,-0.118577614039031,-0.2583296249332462,L,-1.0,False
2025/26,2026-02-21,Aston Villa,Leeds,Home,Aston Villa,-0.5,-0.5 to -1.0,Bet365,1.85,0.45430664006518984,0.0,0.5194805194805195,-0.0651738794153297,-0.15953271587939877,L,-1.0,False
2025/26,2026-02-21,Aston Villa,Leeds,Away,Leeds,0.5,+0.5 to +1.0,Bet365,2.0,0.54569335993481,0.0,0.4805194805194806,0.06517387941532943,0.0913867198696201,W,1.0,True
2025/26,2026-02-21,Brentford,Brighton,Home,Brentford,-0.5,-0.5 to -1.0,Bet365,2.03,0.4848938174152985,0.0,0.47409326424870474,0.010800553166593785,-0.015665550646944026,L,-1.0,False
2025/26,2026-02-21,Brentford,Brighton,Away,Brighton,0.5,+0.5 to +1.0,Bet365,1.83,0.5151061825847016,0.0,0.5259067357512953,-0.010800553166593674,-0.057355685869995954,W,0.8300000000000001,False
2025/26,2026-02-21,Chelsea,Burnley,Home,Chelsea,-2.0,-1.5 or more,Bet365,2.03,0.37504537926910997,0.2068488127084312,0.47409326424870474,-0.09904788497959477,-0.03180906737527567,L,-1.0,False
2025/26,2026-02-21,Chelsea,Burnley,Away,Burnley,2.0,+1.5 or more,Bet365,1.83,0.41810580802245895,0.2068488127084312,0.5259067357512953,-0.10780092772883637,-0.02801755861046895,W,0.8300000000000001,False
2025/26,2026-02-21,West Ham,Bournemouth,Home,West Ham,0.0,near pick'em,Bet365,1.85,0.2710443322444595,0.23960922133961865,0.5194805194805195,-0.24843618723606004,-0.25895876400813117,PUSH,0.0,False
2025/26,2026-02-21,West Ham,Bournemouth,Away,Bournemouth,-0.0,near pick'em,Bet365,2.0,0.4893464464159218,0.23960922133961865,0.4805194805194806,0.008826965896441163,0.21830211417146228,PUSH,0.0,True
2025/26,2026-02-22,Sunderland,Fulham,Home,Sunderland,0.0,near pick'em,Bet365,1.93,0.32793541422968875,0.305938065086034,0.5,-0.17206458577031125,-0.06114658545066676,L,-1.0,False
2025/26,2026-02-22,Sunderland,Fulham,Away,Fulham,-0.0,near pick'em,Bet365,1.93,0.3661265206842771,0.305938065086034,0.5,-0.1338734793157229,0.012562250006688758,W,0.9299999999999999,True
2025/26,2026-02-22,Tottenham,Arsenal,Home,Tottenham,1.0,+0.5 to +1.0,Bet365,1.88,0.4338206905397928,0.23235120217427907,0.5129533678756476,-0.07913267733585483,0.04793410038908946,L,-1.0,True
2025/26,2026-02-22,Tottenham,Arsenal,Away,Arsenal,-1.0,-0.5 to -1.0,Bet365,1.98,0.3338281072859281,0.23235120217427907,0.4870466321243523,-0.15321852483842419,-0.10666914539958322,W,0.98,False
2025/26,2026-02-23,Everton,Man United,Home,Everton,0.5,+0.5 to +1.0,Bet365,1.9,0.6222446256754435,0.0,0.5064935064935064,0.11575111918193703,0.1822647887833425,L,-1.0,True
2025/26,2026-02-23,Everton,Man United,Away,Man United,-0.5,-0.5 to -1.0,Bet365,1.95,0.3777553743245568,0.0,0.49350649350649356,-0.11575111918193676,-0.26337702006711433,W,0.95,False
2025/26,2026-02-27,Wolves,Aston Villa,Home,Wolves,0.5,+0.5 to +1.0,Bet365,2.03,0.5426297233292984,0.0,0.47409326424870474,0.06853645908059364,0.10153833835847559,W,1.0299999999999998,True
2025/26,2026-02-27,Wolves,Aston Villa,Away,Aston Villa,-0.5,-0.5 to -1.0,Bet365,1.83,0.4573702766707015,0.0,0.5259067357512953,-0.0685364590805938,-0.16301239369261622,L,-1.0,False
2025/26,2026-02-28,Leeds,Man City,Home,Leeds,1.0,+0.5 to +1.0,Bet365,1.8,0.544668291305621,0.2046924541557942,0.5324675324675325,0.012200758838088466,0.185095378505912,PUSH,0.0,True
2025/26,2026-02-28,Leeds,Man City,Away,Man City,-1.0,-0.5 to -1.0,Bet365,2.05,0.25063925453858515,0.2046924541557942,0.4675324675324676,-0.21689321299388242,-0.2814970740401063,PUSH,0.0,False
2025/26,2026-03-01,Brighton,Nott'm Forest,Home,Brighton,-0.5,-0.5 to -1.0,Bet365,2.03,0.5044533344224446,0.0,0.47409326424870474,0.030360070173739817,0.024040268877562387,W,1.0299999999999998,True
2025/26,2026-03-01,Brighton,Nott'm Forest,Away,Nott'm Forest,0.5,+0.5 to +1.0,Bet365,1.83,0.4955466655775555,0.0,0.5259067357512953,-0.030360070173739817,-0.09314960199307332,L,-1.0,False
2025/26,2026-03-01,Man United,Crystal Palace,Home,Man United,-1.0,-0.5 to -1.0,Bet365,1.9,0.25401674308462274,0.20167869758709928,0.5064935064935064,-0.2524767634088837,-0.3156894905521176,PUSH,0.0,False
2025/26,2026-03-01,Man United,Crystal Palace,Away,Crystal Palace,1.0,+0.5 to +1.0,Bet365,1.95,0.5443045593282781,0.20167869758709928,0.49350649350649356,0.05079806582178459,0.2630725882772416,PUSH,0.0,True
2025/26,2026-03-03,Bournemouth,Brentford,Home,Bournemouth,0.0,near pick'em,Bet365,1.85,0.4395119023930914,0.24073692767854696,0.5194805194805195,-0.07996861708742814,0.053833947105766,PUSH,0.0,True
2025/26,2026-03-03,Bournemouth,Brentford,Away,Brentford,-0.0,near pick'em,Bet365,2.0,0.31975116992836156,0.24073692767854696,0.4805194805194806,-0.16076831059111907,-0.11976073246473001,PUSH,0.0,False
2025/26,2026-03-03,Everton,Burnley,Home,Everton,-1.0,-0.5 to -1.0,Bet365,2.0,0.37036810270240195,0.2374781066668865,0.4805194805194806,-0.11015137781707868,-0.021785687928309594,W,1.0,False
2025/26,2026-03-03,Everton,Burnley,Away,Burnley,1.0,+0.5 to +1.0,Bet365,1.85,0.3921537906307116,0.2374781066668865,0.5194805194805195,-0.12732672884980795,-0.03703738066629708,L,-1.0,False
2025/26,2026-03-03,Leeds,Sunderland,Home,Leeds,-0.5,-0.5 to -1.0,Bet365,1.9,0.55600750140125,0.0,0.5064935064935064,0.04951399490774355,0.056414252662374986,L,-1.0,True
2025/26,2026-03-03,Leeds,Sunderland,Away,Sunderland,0.5,+0.5 to +1.0,Bet365,1.95,0.4439924985987499,0.0,0.49350649350649356,-0.049513994907743664,-0.1342146277324377,W,0.95,False
2025/26,2026-03-04,Aston Villa,Chelsea,Home,Aston Villa,0.0,near pick'em,Bet365,2.0,0.37155289464516184,0.24313414908818493,0.4805194805194806,-0.10896658587431879,-0.013760061621491404,L,-1.0,False
2025/26,2026-03-04,Aston Villa,Chelsea,Away,Chelsea,-0.0,near pick'em,Bet365,1.85,0.3853129562666533,0.24313414908818493,0.5194805194805195,-0.13416756321386625,-0.04403688181850646,W,0.8500000000000001,False
2025/26,2026-03-04,Fulham,West Ham,Home,Fulham,-0.5,-0.5 to -1.0,Bet365,2.03,0.5082392603971846,0.0,0.47409326424870474,0.03414599614847985,0.0317256986062846,L,-1.0,True
2025/26,2026-03-04,Fulham,West Ham,Away,West Ham,0.5,+0.5 to +1.0,Bet365,1.83,0.4917607396028152,0.0,0.5259067357512953,-0.03414599614848013,-0.10007784652684815,W,0.8300000000000001,False
2025/26,2026-03-04,Newcastle,Man United,Home,Newcastle,0.0,near pick'em,Bet365,1.98,0.48316689981574584,0.2371478477680383,0.4870466321243523,-0.003879732308606443,0.19381830940321515,W,0.98,True
2025/26,2026-03-04,Newcastle,Man United,Away,Man United,-0.0,near pick'em,Bet365,1.88,0.27968525241621606,0.2371478477680383,0.5129533678756476,-0.23326811545943155,-0.23704387768947546,L,-1.0,False
2025/26,2026-03-14,Burnley,Bournemouth,Home,Burnley,0.5,+0.5 to +1.0,Bet365,2.03,0.408932844760902,0.0,0.47409326424870474,-0.06516041948780271,-0.16986632513536903,W,1.0299999999999998,False
2025/26,2026-03-14,Burnley,Bournemouth,Away,Bournemouth,-0.5,-0.5 to -1.0,Bet365,1.83,0.5910671552390976,0.0,0.5259067357512953,0.06516041948780227,0.08165289408754861,L,-1.0,True
2025/26,2026-03-15,Crystal Palace,Leeds,Home,Crystal Palace,0.0,near pick'em,Bet365,1.8,0.45607169637177525,0.243939034749452,0.5324675324675325,-0.07639583609575729,0.06486808821864748,PUSH,0.0,True
2025/26,2026-03-15,Crystal Palace,Leeds,Away,Leeds,-0.0,near pick'em,Bet365,2.05,0.2999892688787727,0.243939034749452,0.4675324675324676,-0.16754319865369488,-0.14108296404906406,PUSH,0.0,False
2025/26,2026-03-15,Liverpool,Tottenham,Home,Liverpool,-1.5,-1.5 or more,Bet365,1.78,0.4752537976804286,0.0,0.5328083989501312,-0.05755460126970263,-0.15404824012883717,L,-1.0,False
2025/26,2026-03-15,Liverpool,Tottenham,Away,Tottenham,1.5,+1.5 or more,Bet365,2.03,0.5247462023195713,0.0,0.4671916010498688,0.057554601269702466,0.0652347907087295,W,1.0299999999999998,True
2025/26,2026-03-16,Brentford,Wolves,Home,Brentford,-1.0,-0.5 to -1.0,Bet365,1.93,0.3935446160022064,0.22964101834322231,0.5,-0.10645538399779358,-0.010817872772519277,L,-1.0,False
2025/26,2026-03-16,Brentford,Wolves,Away,Wolves,1.0,+0.5 to +1.0,Bet365,1.93,0.37681436565457105,0.22964101834322231,0.5,-0.12318563434542895,-0.0431072559434556,W,0.9299999999999999,False
2025/26,2026-03-21,Fulham,Burnley,Home,Fulham,-1.0,-0.5 to -1.0,Bet365,1.88,0.36849999315131277,0.23673296089487175,0.5129533678756476,-0.14445337472433484,-0.0704870519806603,W,0.8799999999999999,False
2025/26,2026-03-21,Fulham,Burnley,Away,Burnley,1.0,+0.5 to +1.0,Bet365,1.98,0.3947670459538157,0.23673296089487175,0.4870466321243523,-0.09227958617053661,0.01837171188342679,L,-1.0,True
2025/26,2026-03-21,Leeds,Brentford,Home,Leeds,0.0,near pick'em,Bet365,1.78,0.408846921005813,0.24497442534288508,0.5412371134020618,-0.13239019239624883,-0.027278055266767798,PUSH,0.0,False
2025/26,2026-03-21,Leeds,Brentford,Away,Brentford,-0.0,near pick'em,Bet365,2.1,0.34617865365130196,0.24497442534288508,0.45876288659793807,-0.11258423294663611,-0.028050401989380802,PUSH,0.0,False
2025/26,2026-03-22,Aston Villa,West Ham,Home,Aston Villa,-0.5,-0.5 to -1.0,Bet365,1.98,0.5552888479688729,0.0,0.4870466321243523,0.06824221584452062,0.09947191897836838,W,0.98,True
2025/26,2026-03-22,Aston Villa,West Ham,Away,West Ham,0.5,+0.5 to +1.0,Bet365,1.88,0.44471115203112677,0.0,0.5129533678756476,-0.06824221584452084,-0.1639430341814817,L,-1.0,False
2025/26,2026-04-10,West Ham,Wolves,Home,West Ham,-0.5,-0.5 to -1.0,Bet365,1.75,0.4574781809362706,0.0,0.5394736842105263,-0.08199550327425575,-0.19941318336152647,W,0.75,False
2025/26,2026-04-10,West Ham,Wolves,Away,Wolves,0.5,+0.5 to +1.0,Bet365,2.05,0.5425218190637289,0.0,0.46052631578947373,0.08199550327425514,0.11216972908064404,L,-1.0,True
2025/26,2026-04-12,Nott'm Forest,Aston Villa,Home,Nott'm Forest,0.0,near pick'em,Bet365,1.93,0.3551600701014959,0.27150849370019337,0.5,-0.14483992989850408,-0.043032571003919606,PUSH,0.0,False
2025/26,2026-04-12,Nott'm Forest,Aston Villa,Away,Aston Villa,-0.0,near pick'em,Bet365,1.93,0.3733314361983105,0.27150849370019337,0.5,-0.1266685638016895,-0.007961834437067439,PUSH,0.0,False
2025/26,2026-04-12,Sunderland,Tottenham,Home,Sunderland,0.0,near pick'em,Bet365,1.93,0.36307438985817636,0.2814279671931494,0.5,-0.13692561014182364,-0.017838460380570298,W,0.9299999999999999,False
2025/26,2026-04-12,Sunderland,Tottenham,Away,Tottenham,-0.0,near pick'em,Bet365,1.93,0.3554976429486745,0.2814279671931494,0.5,-0.14450235705132553,-0.03246158191590892,L,-1.0,False
2025/26,2026-04-13,Man United,Leeds,Home,Man United,-1.0,-0.5 to -1.0,Bet365,2.05,0.2539625975806982,0.21039895551006563,0.4675324675324676,-0.21356986995176935,-0.26897771944950305,L,-1.0,False
2025/26,2026-04-13,Man United,Leeds,Away,Leeds,1.0,+0.5 to +1.0,Bet365,1.8,0.535638446909236,0.21039895551006563,0.5324675324675325,0.0031709144417034762,0.17454815994669043,W,0.8,True
2025/26,2026-04-18,Leeds,Wolves,Home,Leeds,-1.0,-0.5 to -1.0,Bet365,2.1,0.3654380604808832,0.23623229697748072,0.45876288659793807,-0.0933248261170549,0.0036522239873353346,W,1.1,True
2025/26,2026-04-18,Leeds,Wolves,Away,Wolves,1.0,+0.5 to +1.0,Bet365,1.78,0.39832964254163605,0.23623229697748072,0.5412371134020618,-0.14290747086042577,-0.05474093929840712,L,-1.0,False
2025/26,2026-04-18,Newcastle,Bournemouth,Home,Newcastle,-0.5,-0.5 to -1.0,Bet365,2.03,0.4647539301140008,0.0,0.47409326424870474,-0.009339334134703947,-0.05654952186857848,L,-1.0,False
2025/26,2026-04-18,Newcastle,Bournemouth,Away,Bournemouth,0.5,+0.5 to +1.0,Bet365,1.83,0.535246069885999,0.0,0.5259067357512953,0.00933933413470367,-0.020499692108621792,W,0.8300000000000001,False
2025/26,2026-04-18,Tottenham,Brighton,Home,Tottenham,0.0,near pick'em,Bet365,2.05,0.3694861772755166,0.256145896452702,0.4675324675324676,-0.098046290256951,0.013592559867510956,PUSH,0.0,True
2025/26,2026-04-18,Tottenham,Brighton,Away,Brighton,-0.0,near pick'em,Bet365,1.8,0.37436792627178134,0.256145896452702,0.5324675324675325,-0.1580996061957512,-0.06999183625809152,PUSH,0.0,False
2025/26,2026-04-19,Man City,Arsenal,Home,Man City,-0.5,-0.5 to -1.0,Bet365,1.83,0.3411617168936129,0.0,0.5259067357512953,-0.1847450188576824,-0.3756740580846883,W,0.8300000000000001,False
2025/26,2026-04-19,Man City,Arsenal,Away,Arsenal,0.5,+0.5 to +1.0,Bet365,2.03,0.6588382831063873,0.0,0.47409326424870474,0.18474501885768252,0.33744171470596596,L,-1.0,True
2025/26,2026-04-19,Nott'm Forest,Burnley,Home,Nott'm Forest,-1.0,-0.5 to -1.0,Bet365,1.83,0.3425824410441878,0.234428734856329,0.5259067357512953,-0.18332429470710754,-0.13864539803280734,W,0.8300000000000001,False
2025/26,2026-04-19,Nott'm Forest,Burnley,Away,Burnley,1.0,+0.5 to +1.0,Bet365,2.03,0.4229888240994831,0.234428734856329,0.47409326424870474,-0.051104440149221664,0.09309604777827946,L,-1.0,True
2025/26,2026-04-22,Bournemouth,Leeds,Home,Bournemouth,-0.5,-0.5 to -1.0,Bet365,2.03,0.446669931447918,0.0,0.47409326424870474,-0.027423332800786737,-0.09326003916072656,L,-1.0,False
2025/26,2026-04-22,Bournemouth,Leeds,Away,Leeds,0.5,+0.5 to +1.0,Bet365,1.83,0.553330068552082,0.0,0.5259067357512953,0.02742333280078668,0.012594025450310076,W,0.8300000000000001,True
2025/26,2026-04-22,Burnley,Man City,Home,Burnley,2.5,+1.5 or more,Bet365,1.83,0.7223606102701149,0.0,0.5259067357512953,0.19645387451881957,0.3219199167943103,W,0.8300000000000001,True
2025/26,2026-04-22,Burnley,Man City,Away,Man City,-2.5,-1.5 or more,Bet365,2.03,0.2776393897298855,0.0,0.47409326424870474,-0.19645387451881924,-0.43639203884833255,L,-1.0,False
2025/26,2026-04-24,Sunderland,Nott'm Forest,Home,Sunderland,0.0,near pick'em,Bet365,1.95,0.37784356926102347,0.2936903467276819,0.49350649350649356,-0.11566292424547009,0.030485306786677657,L,-1.0,True
2025/26,2026-04-24,Sunderland,Nott'm Forest,Away,Nott'm Forest,-0.0,near pick'em,Bet365,1.9,0.32846608401129435,0.2936903467276819,0.5064935064935064,-0.1780274224822121,-0.08222409365085892,W,0.8999999999999999,False
2025/26,2026-04-25,Fulham,Aston Villa,Home,Fulham,0.0,near pick'em,Bet365,2.03,0.376194826317144,0.2672744187007225,0.47409326424870474,-0.09789843793156072,0.03094991612452469,W,1.0299999999999998,True
2025/26,2026-04-25,Fulham,Aston Villa,Away,Aston Villa,-0.0,near pick'em,Bet365,1.83,0.35653075498213305,0.2672744187007225,0.5259067357512953,-0.16937598076916227,-0.08027429968197403,L,-1.0,False
2025/26,2026-04-27,Man United,Brentford,Home,Man United,-0.5,-0.5 to -1.0,Bet365,1.83,0.43200269651401846,0.0,0.5259067357512953,-0.09390403923727686,-0.2094350653793462,W,0.8300000000000001,False
2025/26,2026-04-27,Man United,Brentford,Away,Brentford,0.5,+0.5 to +1.0,Bet365,2.03,0.5679973034859819,0.0,0.47409326424870474,0.09390403923727714,0.1530345260765431,L,-1.0,True
2025/26,2026-05-02,Brentford,West Ham,Home,Brentford,-0.5,-0.5 to -1.0,Bet365,1.93,0.5999053484902407,0.0,0.5,0.09990534849024069,0.15781732258616443,W,0.9299999999999999,True
2025/26,2026-05-02,Brentford,West Ham,Away,West Ham,0.5,+0.5 to +1.0,Bet365,1.93,0.4000946515097591,0.0,0.5,-0.09990534849024091,-0.227817322586165,L,-1.0,False
2025/26,2026-05-02,Newcastle,Brighton,Home,Newcastle,0.0,near pick'em,Bet365,1.88,0.46993714777577655,0.24322843654789653,0.5129533678756476,-0.04301622009987105,0.12671027436635635,W,0.8799999999999999,True
2025/26,2026-05-02,Newcastle,Brighton,Away,Brighton,-0.0,near pick'em,Bet365,1.98,0.2868344156763266,0.24322843654789653,0.4870466321243523,-0.20021221644802567,-0.1888394204129768,L,-1.0,False
2025/26,2026-05-03,Bournemouth,Crystal Palace,Home,Bournemouth,-1.0,-0.5 to -1.0,Bet365,2.03,0.26739355773358414,0.20364062349049003,0.47409326424870474,-0.2066997065151206,-0.25355045431033413,W,1.0299999999999998,False
2025/26,2026-05-03,Bournemouth,Crystal Palace,Away,Crystal Palace,1.0,+0.5 to +1.0,Bet365,1.83,0.5289658187759263,0.20364062349049003,0.5259067357512953,0.003059083024630982,0.17164807185043524,L,-1.0,True
2025/26,2026-05-09,Fulham,Bournemouth,Home,Fulham,0.0,near pick'em,Bet365,2.05,0.33991057278047093,0.2543070041646044,0.4675324675324676,-0.12762189475199665,-0.04887632163543021,L,-1.0,False
2025/26,2026-05-09,Fulham,Bournemouth,Away,Bournemouth,-0.0,near pick'em,Bet365,1.8,0.4057824230549248,0.2543070041646044,0.5324675324675325,-0.12668510941260774,-0.015284634336531044,W,0.8,False
2025/26,2026-05-09,Liverpool,Chelsea,Home,Liverpool,-0.5,-0.5 to -1.0,Bet365,1.83,0.5303094332373489,0.0,0.5259067357512953,0.004402697486053597,-0.029533737175651442,L,-1.0,False
2025/26,2026-05-09,Liverpool,Chelsea,Away,Chelsea,0.5,+0.5 to +1.0,Bet365,2.03,0.4696905667626514,0.0,0.47409326424870474,-0.00440269748605332,-0.046528149471817715,W,1.0299999999999998,False
2025/26,2026-05-09,Man City,Brentford,Home,Man City,-1.5,-1.5 or more,Bet365,1.98,0.3603535499645964,0.0,0.4870466321243523,-0.1266930821597559,-0.28649997107009906,W,0.98,False
2025/26,2026-05-09,Man City,Brentford,Away,Brentford,1.5,+1.5 or more,Bet365,1.88,0.6396464500354039,0.0,0.5129533678756476,0.12669308215975628,0.20253532606655922,L,-1.0,True
2025/26,2026-05-09,Sunderland,Man United,Home,Sunderland,0.5,+0.5 to +1.0,Bet365,1.98,0.5417114935024167,0.0,0.4870466321243523,0.05466486137806437,0.07258875713478496,W,0.98,True
2025/26,2026-05-09,Sunderland,Man United,Away,Man United,-0.5,-0.5 to -1.0,Bet365,1.88,0.4582885064975831,0.0,0.5129533678756476,-0.05466486137806448,-0.13841760778454376,L,-1.0,False
2025/26,2026-05-10,Burnley,Aston Villa,Home,Burnley,1.0,+0.5 to +1.0,Bet365,1.8,0.45538737166386356,0.22546247617948026,0.5324675324675325,-0.07708016080366897,0.04515974517443466,W,0.8,True
2025/26,2026-05-10,Burnley,Aston Villa,Away,Aston Villa,-1.0,-0.5 to -1.0,Bet365,2.05,0.31915015215665615,0.22546247617948026,0.4675324675324676,-0.14838231537581142,-0.12027971189937464,L,-1.0,False
2025/26,2026-05-10,Crystal Palace,Everton,Home,Crystal Palace,0.0,near pick'em,Bet365,1.98,0.48601065457858805,0.2587959331308932,0.4870466321243523,-0.0010359775457642328,0.22109702919649754,PUSH,0.0,True
2025/26,2026-05-10,Crystal Palace,Everton,Away,Everton,-0.0,near pick'em,Bet365,1.88,0.2551934122905191,0.2587959331308932,0.5129533678756476,-0.2577599555851285,-0.26144045176293096,PUSH,0.0,False
2025/26,2026-05-10,Nott'm Forest,Newcastle,Home,Nott'm Forest,0.0,near pick'em,Bet365,1.95,0.32737792568631824,0.2577259090338848,0.49350649350649356,-0.16612856782017532,-0.10388713587779458,PUSH,0.0,False
2025/26,2026-05-10,Nott'm Forest,Newcastle,Away,Newcastle,-0.0,near pick'em,Bet365,1.9,0.41489616527979695,0.2577259090338848,0.5064935064935064,-0.0915973412137095,0.04602862306549893,PUSH,0.0,True
2025/26,2026-05-10,West Ham,Arsenal,Home,West Ham,1.0,+0.5 to +1.0,Bet365,1.85,0.35844624758475047,0.23446451258867965,0.5194805194805195,-0.16103427189576908,-0.10240992937953192,PUSH,0.0,False
2025/26,2026-05-10,West Ham,Arsenal,Away,Arsenal,-1.0,-0.5 to -1.0,Bet365,2.0,0.4070892398265698,0.23446451258867965,0.4805194805194806,-0.07343024069291082,0.04864299224181917,PUSH,0.0,True
2025/26,2026-05-11,Tottenham,Leeds,Home,Tottenham,-0.5,-0.5 to -1.0,Bet365,1.83,0.3505774538487409,0.0,0.5259067357512953,-0.17532928190255442,-0.3584432594568041,L,-1.0,False
2025/26,2026-05-11,Tottenham,Leeds,Away,Leeds,0.5,+0.5 to +1.0,Bet365,2.03,0.6494225461512588,0.0,0.47409326424870474,0.1753292819025541,0.31832776868705526,W,1.0299999999999998,True
2025/26,2026-05-13,Man City,Crystal Palace,Home,Man City,-2.0,-1.5 or more,Bet365,1.93,0.20988074067144769,0.18319623869670135,0.5,-0.2901192593285523,-0.4117339318074047,W,0.9299999999999999,False
2025/26,2026-05-13,Man City,Crystal Palace,Away,Crystal Palace,2.0,+1.5 or more,Bet365,1.93,0.6069230206318506,0.18319623869670135,0.5,0.10692302063185055,0.3545576685161729,L,-1.0,True
2025/26,2026-05-15,Aston Villa,Liverpool,Home,Aston Villa,0.0,near pick'em,Bet365,2.05,0.30961117666079563,0.24586105739434982,0.4675324675324676,-0.15792129087167195,-0.11943603045101919,W,1.0499999999999998,False
2025/26,2026-05-15,Aston Villa,Liverpool,Away,Liverpool,-0.0,near pick'em,Bet365,1.8,0.44452776594485444,0.24586105739434982,0.5324675324675325,-0.0879397665226781,0.04601103609508783,L,-1.0,True
2025/26,2026-05-17,Everton,Sunderland,Home,Everton,-0.5,-0.5 to -1.0,Bet365,1.83,0.4858573362178777,0.0,0.5259067357512953,-0.04004939953341763,-0.11088107472128372,L,-1.0,False
2025/26,2026-05-17,Everton,Sunderland,Away,Sunderland,0.5,+0.5 to +1.0,Bet365,2.03,0.5141426637821225,0.0,0.47409326424870474,0.04004939953341774,0.04370960747770858,W,1.0299999999999998,True
2025/26,2026-05-17,Man United,Nott'm Forest,Home,Man United,-1.0,-0.5 to -1.0,Bet365,2.0,0.3046309728465827,0.22466138923563272,0.4805194805194806,-0.17588850767289793,-0.1660766650712019,PUSH,0.0,False
2025/26,2026-05-17,Man United,Nott'm Forest,Away,Nott'm Forest,1.0,+0.5 to +1.0,Bet365,1.85,0.47070763791778425,0.22466138923563272,0.5194805194805195,-0.04877288156273529,0.09547051938353363,PUSH,0.0,True
2025/26,2026-05-17,Wolves,Fulham,Home,Wolves,0.5,+0.5 to +1.0,Bet365,1.95,0.5960179149808782,0.0,0.49350649350649356,0.10251142147438463,0.1622349342127124,W,0.95,True
2025/26,2026-05-17,Wolves,Fulham,Away,Fulham,-0.5,-0.5 to -1.0,Bet365,1.9,0.403982085019122,0.0,0.5064935064935064,-0.10251142147438447,-0.23243403846366822,L,-1.0,False
2025/26,2026-05-18,Arsenal,Burnley,Home,Arsenal,-2.5,-1.5 or more,Bet365,1.85,0.4344766597308357,0.0,0.5194805194805195,-0.08500385974968383,-0.1962181794979539,L,-1.0,False
2025/26,2026-05-18,Arsenal,Burnley,Away,Burnley,2.5,+1.5 or more,Bet365,2.0,0.5655233402691646,0.0,0.4805194805194806,0.085003859749684,0.13104668053832924,W,1.0,True
2025/26,2026-05-19,Chelsea,Tottenham,Home,Chelsea,-0.5,-0.5 to -1.0,Bet365,1.93,0.5898234558266787,0.0,0.5,0.08982345582667872,0.13835926974548984,W,0.9299999999999999,True
2025/26,2026-05-19,Chelsea,Tottenham,Away,Tottenham,0.5,+0.5 to +1.0,Bet365,1.93,0.4101765441733218,0.0,0.5,-0.08982345582667822,-0.20835926974548896,L,-1.0,False
2025/26,2026-05-24,Brighton,Man United,Home,Brighton,-0.5,-0.5 to -1.0,Bet365,1.85,0.43290794290040097,0.0,0.5194805194805195,-0.08657257658011858,-0.19912030563425814,L,-1.0,False
2025/26,2026-05-24,Brighton,Man United,Away,Man United,0.5,+0.5 to +1.0,Bet365,2.0,0.5670920570995985,0.0,0.4805194805194806,0.08657257658011791,0.13418411419919707,W,1.0,True
2025/26,2026-05-24,Sunderland,Chelsea,Home,Sunderland,0.5,+0.5 to +1.0,Bet365,1.85,0.5115393968142975,0.0,0.5194805194805195,-0.007941122666222045,-0.05365211589354957,W,0.8500000000000001,False
2025/26,2026-05-24,Sunderland,Chelsea,Away,Chelsea,-0.5,-0.5 to -1.0,Bet365,2.0,0.4884606031857021,0.0,0.4805194805194806,0.00794112266622149,-0.023078793628595717,L,-1.0,False
2025/26,2026-05-24,Tottenham,Everton,Home,Tottenham,-0.5,-0.5 to -1.0,Bet365,1.88,0.4340853788945359,0.0,0.5129533678756476,-0.07886798898111169,-0.18391948767827254,W,0.8799999999999999,False
2025/26,2026-05-24,Tottenham,Everton,Away,Everton,0.5,+0.5 to +1.0,Bet365,1.98,0.5659146211054639,0.0,0.4870466321243523,0.07886798898111158,0.12051094978881849,L,-1.0,True
2025/26,2026-05-24,West Ham,Leeds,Home,West Ham,-0.5,-0.5 to -1.0,Bet365,1.85,0.30114758661719715,0.0,0.5194805194805195,-0.2183329328633224,-0.4428769647581853,W,0.8500000000000001,False
2025/26,2026-05-24,West Ham,Leeds,Away,Leeds,0.5,+0.5 to +1.0,Bet365,2.0,0.6988524133828029,0.0,0.4805194805194806,0.21833293286332228,0.3977048267656058,L,-1.0,True
