Season,Date,HomeTeam,AwayTeam,Side,Team,OddsSource,DecimalOdds,OddsBucket,ModelProbability,MarketNoVigProbability,ModelMinusMarketProbability,ModelExpectedReturn,Won,FlatBetReturn,PositiveModelEdge,PositiveModelEV
2021/22,2022-01-18,Brighton,Chelsea,Home,Brighton,Pinnacle,4.75,+300 and longer,0.2441132952464045,0.20317615205534323,0.04093714319106126,0.15953815242042135,0,-1.0,True,True
2021/22,2022-01-19,Brentford,Man United,Home,Brentford,Pinnacle,4.68,+300 and longer,0.4623793610375707,0.20652781305562612,0.2558515479819446,1.163935409655831,0,-1.0,True,True
2021/22,2022-01-19,Leicester,Tottenham,Home,Leicester,Pinnacle,3.12,+200 to +299,0.30348686031983063,0.30999289550277687,-0.006506035182946235,-0.05312099580212837,0,-1.0,False,False
2021/22,2022-01-19,Leicester,Tottenham,Away,Tottenham,Pinnacle,2.38,+100 to +149,0.45909994266663184,0.40637724116330415,0.052722701503327696,0.09265786354658379,1,1.38,True,True
2021/22,2022-01-21,Watford,Norwich,Home,Watford,Pinnacle,2.09,+100 to +149,0.5179078439643671,0.46229814398019103,0.05560969998417603,0.08242739388552711,0,-1.0,True,True
2021/22,2022-01-21,Watford,Norwich,Away,Norwich,Pinnacle,3.66,+200 to +299,0.2298624809853757,0.2639899237482511,-0.03412744276287538,-0.1587033195935249,1,2.66,False,False
2021/22,2022-01-22,Brentford,Wolves,Home,Brentford,Pinnacle,3.15,+200 to +299,0.4513744147821188,0.30740672999466867,0.14396768478745015,0.4218294065636743,0,-1.0,True,True
2021/22,2022-01-22,Brentford,Wolves,Away,Wolves,Pinnacle,2.54,+150 to +199,0.2649890740509287,0.3812327557020497,-0.11624368165112098,-0.32692775191064105,1,1.54,False,False
2021/22,2022-01-22,Everton,Aston Villa,Home,Everton,Pinnacle,2.82,+150 to +199,0.4424758817475087,0.3433904672458324,0.0990854145016763,0.24778198652797445,0,-1.0,True,True
2021/22,2022-01-22,Everton,Aston Villa,Away,Aston Villa,Pinnacle,2.7,+150 to +199,0.29103618807715453,0.3586522657900916,-0.06761607771293704,-0.21420229219168274,1,1.7000000000000002,False,False
2021/22,2022-01-22,Leeds,Newcastle,Home,Leeds,Pinnacle,2.03,+100 to +149,0.6030373990413104,0.47645537636847785,0.12658202267283253,0.22416592005385994,0,-1.0,True,True
2021/22,2022-01-22,Leeds,Newcastle,Away,Newcastle,Pinnacle,3.67,+200 to +299,0.18738835944252583,0.26354343706485284,-0.07615507762232701,-0.3122847208459303,1,2.67,False,False
2021/22,2022-01-22,Man United,West Ham,Away,West Ham,Pinnacle,3.9,+200 to +299,0.3986094173396525,0.2479105847026441,0.1506988326370084,0.5545767276246447,0,-1.0,True,True
2021/22,2022-01-22,Southampton,Man City,Home,Southampton,Pinnacle,10.23,+300 and longer,0.09088892778089076,0.09336668962588372,-0.0024777618449929595,-0.0702062688014875,0,-1.0,False,False
2021/22,2022-01-23,Arsenal,Burnley,Away,Burnley,Pinnacle,9.18,+300 and longer,0.16035546517105498,0.10516772438803267,0.05518774078302231,0.47206317027028466,0,-1.0,True,True
2021/22,2022-01-23,Chelsea,Tottenham,Away,Tottenham,Pinnacle,4.82,+300 and longer,0.21449687005837523,0.20035384824093336,0.01414302181744187,0.033874913681368746,0,-1.0,True,True
2021/22,2022-01-23,Crystal Palace,Liverpool,Home,Crystal Palace,Pinnacle,5.75,+300 and longer,0.1913804641029449,0.16777629826897472,0.02360416583397018,0.10043766859193326,0,-1.0,True,True
2021/22,2022-01-23,Leicester,Brighton,Home,Leicester,Pinnacle,2.66,+150 to +199,0.34868847381165485,0.36383466026829536,-0.015146186456640509,-0.07248865966099804,0,-1.0,False,False
2021/22,2022-01-23,Leicester,Brighton,Away,Brighton,Pinnacle,2.78,+150 to +199,0.40725426240309176,0.34812956701930425,0.05912469538378751,0.13216684948059498,0,-1.0,True,True
2021/22,2022-02-05,Burnley,Watford,Home,Burnley,Pinnacle,2.19,+100 to +149,0.4706936184906737,0.4418482022212702,0.028845416269403512,0.03081902449457541,0,-1.0,True,True
2021/22,2022-02-05,Burnley,Watford,Away,Watford,Pinnacle,3.69,+200 to +299,0.27114134552219443,0.26223511188742055,0.008906233634773886,0.0005115649768974162,0,-1.0,True,True
2021/22,2022-02-08,Burnley,Man United,Home,Burnley,Pinnacle,6.09,+300 and longer,0.3049863107607353,0.16041488343990737,0.14457142732082792,0.8573666325328779,0,-1.0,True,True
2021/22,2022-02-08,Newcastle,Everton,Home,Newcastle,Pinnacle,2.57,+150 to +199,0.2893363683763232,0.3808636363636364,-0.0915272679873132,-0.25640553327284943,1,1.5699999999999998,False,False
2021/22,2022-02-08,Newcastle,Everton,Away,Everton,Pinnacle,2.94,+150 to +199,0.4567560286292793,0.33293181818181816,0.12382421044746111,0.342862724170081,0,-1.0,True,True
2021/22,2022-02-08,West Ham,Watford,Away,Watford,Pinnacle,6.7,+300 and longer,0.14268777063868293,0.14563489006992048,-0.0029471194312375437,-0.043991936720824354,0,-1.0,False,False
2021/22,2022-02-09,Aston Villa,Leeds,Away,Leeds,Pinnacle,4.4,+300 and longer,0.2862172254866363,0.22200655101298072,0.06421067447365558,0.25935579214119975,0,-1.0,True,True
2021/22,2022-02-09,Man City,Brentford,Away,Brentford,Pinnacle,25.77,+300 and longer,0.06749332837573693,0.03767138706661617,0.02982194130912076,0.7393030722427407,0,-1.0,True,True
2021/22,2022-02-09,Norwich,Crystal Palace,Home,Norwich,Pinnacle,3.66,+200 to +299,0.1731146219615851,0.26745485012102027,-0.09434022815943516,-0.3664004836205984,0,-1.0,False,False
2021/22,2022-02-09,Norwich,Crystal Palace,Away,Crystal Palace,Pinnacle,2.21,+100 to +149,0.5760146697904237,0.442934276671011,0.13308039311941272,0.27299242023683634,0,-1.0,True,True
2021/22,2022-02-09,Tottenham,Southampton,Away,Southampton,Pinnacle,6.03,+300 and longer,0.16636221967821357,0.1616950184444354,0.004667201233778173,0.0031641846596279777,1,5.03,True,True
2021/22,2022-02-10,Liverpool,Leicester,Away,Leicester,Pinnacle,11.21,+300 and longer,0.04851292503811446,0.08668730650154798,-0.038174381463433514,-0.4561701103227368,0,-1.0,False,False
2021/22,2022-02-10,Wolves,Arsenal,Home,Wolves,Pinnacle,3.72,+200 to +299,0.3192465092659279,0.26299817342403886,0.05624833584188904,0.1875970144692518,0,-1.0,True,True
2021/22,2022-02-10,Wolves,Arsenal,Away,Arsenal,Pinnacle,2.23,+100 to +149,0.4072905280551281,0.43872341037552676,-0.03143288232039865,-0.09174212243706437,1,1.23,False,False
2021/22,2022-02-12,Brentford,Crystal Palace,Home,Brentford,Pinnacle,2.77,+150 to +199,0.35527392023417026,0.3534966839466043,0.0017772362875659864,-0.015891240951348418,0,-1.0,True,False
2021/22,2022-02-12,Brentford,Crystal Palace,Away,Crystal Palace,Pinnacle,2.98,+150 to +199,0.35766308348097825,0.32858584380271605,0.0290772396782622,0.06583598877331509,0,-1.0,True,True
2021/22,2022-02-12,Everton,Leeds,Home,Everton,Pinnacle,2.37,+100 to +149,0.44390102006534,0.4129455868325902,0.030955433232749796,0.05204541755485592,1,1.37,True,True
2021/22,2022-02-12,Everton,Leeds,Away,Leeds,Pinnacle,3.12,+200 to +299,0.3254210790104898,0.3136798207670637,0.01174125824342609,0.015313766512728089,0,-1.0,True,True
2021/22,2022-02-12,Man United,Southampton,Away,Southampton,Pinnacle,5.53,+300 and longer,0.2675623985037516,0.1762819469722194,0.09128045153153216,0.47962006372574617,0,-1.0,True,True
2021/22,2022-02-12,Norwich,Man City,Home,Norwich,Pinnacle,18.96,+300 and longer,0.04051614851678008,0.05139880318886311,-0.010882654672083034,-0.2318138241218497,0,-1.0,False,False
2021/22,2022-02-12,Watford,Brighton,Home,Watford,Pinnacle,3.85,+200 to +299,0.26281850897011433,0.25392835577773715,0.008890153192377181,0.011851259534940262,0,-1.0,True,True
2021/22,2022-02-12,Watford,Brighton,Away,Brighton,Pinnacle,2.14,+100 to +149,0.4664212884156641,0.4568337241795739,0.009587564236090196,-0.0018584427904787537,1,1.1400000000000001,True,False
2021/22,2022-02-13,Burnley,Liverpool,Home,Burnley,Pinnacle,10.82,+300 and longer,0.08371556740678175,0.08942977267475348,-0.005714205267971728,-0.0941975606586214,0,-1.0,False,False
2021/22,2022-02-13,Leicester,West Ham,Home,Leicester,Pinnacle,3.05,+200 to +299,0.3583131962133372,0.3206472391160131,0.037665957097324065,0.09285524845067838,0,-1.0,True,True
2021/22,2022-02-13,Leicester,West Ham,Away,West Ham,Pinnacle,2.39,+100 to +149,0.4115214138735124,0.40919417544093717,0.002327238432575207,-0.016463820842305354,0,-1.0,True,False
2021/22,2022-02-13,Newcastle,Aston Villa,Home,Newcastle,Pinnacle,2.78,+150 to +199,0.33361785852381665,0.35210659148268575,-0.018488732958869103,-0.07254235330378977,1,1.7799999999999998,False,False
2021/22,2022-02-13,Newcastle,Aston Villa,Away,Aston Villa,Pinnacle,2.67,+150 to +199,0.38748910175935347,0.3666128555512608,0.020876246208092697,0.03459590169747373,0,-1.0,True,True
2021/22,2022-02-13,Tottenham,Wolves,Away,Wolves,Pinnacle,5.86,+300 and longer,0.17772017894242575,0.16662537037610595,0.011094808566319808,0.04144024860261508,1,4.86,True,True
2021/22,2022-02-15,Man United,Brighton,Away,Brighton,Pinnacle,4.87,+300 and longer,0.3168187944877455,0.20084485294333496,0.11597394154441057,0.5429075291553207,0,-1.0,True,True
2021/22,2022-02-19,Arsenal,Brentford,Away,Brentford,Pinnacle,8.32,+300 and longer,0.2519473835551096,0.11729744622838312,0.13464993732672648,1.0962022311785118,0,-1.0,True,True
2021/22,2022-02-19,Aston Villa,Watford,Away,Watford,Pinnacle,5.62,+300 and longer,0.23693834738932787,0.1733696305314474,0.06356871685788046,0.3315935123280227,1,4.62,True,True
2021/22,2022-02-19,Brighton,Burnley,Away,Burnley,Pinnacle,6.18,+300 and longer,0.1844167341265643,0.1578402544407105,0.026576479685853804,0.13969541690216736,1,5.18,True,True
2021/22,2022-02-19,Crystal Palace,Chelsea,Home,Crystal Palace,Pinnacle,5.86,+300 and longer,0.26090945876240157,0.16670022450191782,0.09420923426048375,0.5289294283476733,0,-1.0,True,True
2021/22,2022-02-19,Liverpool,Norwich,Away,Norwich,Pinnacle,26.49,+300 and longer,0.018407111791340712,0.03690474515292657,-0.018497633361585858,-0.5123956086473846,0,-1.0,False,False
2021/22,2022-02-19,Man City,Tottenham,Away,Tottenham,Pinnacle,11.91,+300 and longer,0.08922214850473305,0.081959466058416,0.007262682446317045,0.06263578869137065,1,10.91,True,True
2021/22,2022-02-19,Southampton,Everton,Home,Southampton,Pinnacle,2.1,+100 to +149,0.44749748897711844,0.4656024140364539,-0.018104925059335475,-0.060255273148051236,1,1.1,False,False
2021/22,2022-02-19,Southampton,Everton,Away,Everton,Pinnacle,3.71,+200 to +299,0.30160039656048926,0.2635485362470494,0.03805186031343988,0.11893747123941512,0,-1.0,True,True
2021/22,2022-02-19,West Ham,Newcastle,Away,Newcastle,Pinnacle,5.4,+300 and longer,0.13968568076613241,0.18078973603224827,-0.04110405526611585,-0.2456973238628849,0,-1.0,False,False
2021/22,2022-02-20,Leeds,Man United,Home,Leeds,Pinnacle,4.12,+300 and longer,0.32178476923474597,0.23766338716504828,0.08412138206969769,0.32575324924715354,0,-1.0,True,True
2021/22,2022-02-20,Wolves,Leicester,Home,Wolves,Pinnacle,2.34,+100 to +149,0.453955861159016,0.4182711459301553,0.035684715228860686,0.062256715112097405,1,1.3399999999999999,True,True
2021/22,2022-02-20,Wolves,Leicester,Away,Leicester,Pinnacle,3.5,+200 to +299,0.29264182788708504,0.2796441375647324,0.01299769032235265,0.024246397604797743,0,-1.0,True,True
2021/22,2022-02-23,Burnley,Tottenham,Home,Burnley,Pinnacle,4.94,+300 and longer,0.23303617869819576,0.1973688816288431,0.03566729706935265,0.1511987227690872,1,3.9400000000000004,True,True
2021/22,2022-02-23,Liverpool,Leeds,Away,Leeds,Pinnacle,17.91,+300 and longer,0.04477492289192906,0.05417464124279655,-0.00939971835086749,-0.19808113100555058,0,-1.0,False,False
2021/22,2022-02-23,Watford,Crystal Palace,Home,Watford,Pinnacle,3.24,+200 to +299,0.25174102939953136,0.30195599022004893,-0.050214960820517573,-0.18435906474551833,0,-1.0,False,False
2021/22,2022-02-23,Watford,Crystal Palace,Away,Crystal Palace,Pinnacle,2.47,+100 to +149,0.49121140391135903,0.39608801955990225,0.09512338435145679,0.21329216766105685,1,1.4700000000000002,True,True
2021/22,2022-02-24,Arsenal,Wolves,Away,Wolves,Pinnacle,6.08,+300 and longer,0.20373465744580152,0.16015829164488912,0.0435763658009124,0.23870671727047332,0,-1.0,True,True
2021/22,2022-02-25,Southampton,Norwich,Away,Norwich,Pinnacle,6.55,+300 and longer,0.14363081545724635,0.1491543305528997,-0.005523515095653353,-0.05921815875503644,0,-1.0,False,False
2021/22,2022-02-26,Brentford,Newcastle,Home,Brentford,Pinnacle,2.55,+150 to +199,0.6022621949262599,0.383671139023694,0.2185910559025659,0.5357685970619626,0,-1.0,True,True
2021/22,2022-02-26,Brentford,Newcastle,Away,Newcastle,Pinnacle,3.15,+200 to +299,0.16783108975464395,0.31059092206679983,-0.1427598323121559,-0.4713320672728716,1,2.15,False,False
2021/22,2022-02-26,Brighton,Aston Villa,Home,Brighton,Pinnacle,2.24,+100 to +149,0.5198914103995282,0.43642691415313223,0.08346449624639601,0.1645567592949433,0,-1.0,True,True
2021/22,2022-02-26,Brighton,Aston Villa,Away,Aston Villa,Pinnacle,3.52,+200 to +299,0.21112063517935561,0.27772621809744785,-0.06660558291809224,-0.2568553641686683,1,2.52,False,False
2021/22,2022-02-26,Crystal Palace,Burnley,Home,Crystal Palace,Pinnacle,2.0,+100 to +149,0.5316658002922479,0.488377634226411,0.04328816606583685,0.06333160058449572,0,-1.0,True,True
2021/22,2022-02-26,Crystal Palace,Burnley,Away,Burnley,Pinnacle,4.29,+300 and longer,0.20091051804235835,0.22768188075823356,-0.026771362715875213,-0.13809387759828262,0,-1.0,False,False
2021/22,2022-02-26,Everton,Man City,Home,Everton,Pinnacle,10.59,+300 and longer,0.08798204005963373,0.09152755210112157,-0.0035455120414878416,-0.06827019576847881,0,-1.0,False,False
2021/22,2022-02-26,Leeds,Tottenham,Home,Leeds,Pinnacle,4.14,+300 and longer,0.25850427892244576,0.23578237975602362,0.022721899166422144,0.07020771473892529,0,-1.0,True,True
2021/22,2022-02-26,Man United,Watford,Away,Watford,Pinnacle,8.94,+300 and longer,0.16202037991026774,0.10928664359390812,0.05273373631635962,0.4484621963977935,0,-1.0,True,True
2021/22,2022-02-27,West Ham,Wolves,Home,West Ham,Pinnacle,2.15,+100 to +149,0.499414336421424,0.45472456761184804,0.04468976880957598,0.07374082330606169,1,1.15,True,True
2021/22,2022-02-27,West Ham,Wolves,Away,Wolves,Pinnacle,4.03,+300 and longer,0.23551908625705684,0.24259499264651943,-0.007075906389462594,-0.050858082384060865,0,-1.0,False,False
2021/22,2022-03-01,Burnley,Leicester,Home,Burnley,Pinnacle,2.98,+150 to +199,0.3657604807956191,0.3281180610118539,0.0376424197837652,0.08996623277094495,0,-1.0,True,True
2021/22,2022-03-01,Burnley,Leicester,Away,Leicester,Pinnacle,2.55,+150 to +199,0.37093213313815365,0.3834477732609117,-0.01251564012275802,-0.05412306049770821,1,1.5499999999999998,False,False
2021/22,2022-03-05,Aston Villa,Southampton,Home,Aston Villa,Pinnacle,2.42,+100 to +149,0.3635815293568355,0.4041947487185618,-0.040613219361726294,-0.12013269895645806,1,1.42,False,False
2021/22,2022-03-05,Aston Villa,Southampton,Away,Southampton,Pinnacle,3.1,+200 to +299,0.3627321376825213,0.3155326748061031,0.04719946287641824,0.12446962681581608,0,-1.0,True,True
2021/22,2022-03-05,Burnley,Chelsea,Home,Burnley,Pinnacle,7.69,+300 and longer,0.1543923226908924,0.12666994174471494,0.02772238094617746,0.18727696149296258,0,-1.0,True,True
2021/22,2022-03-05,Leicester,Leeds,Away,Leeds,Pinnacle,4.21,+300 and longer,0.23302925608171354,0.2321015644078374,0.0009276916738761298,-0.018946831895986005,0,-1.0,True,False
2021/22,2022-03-05,Liverpool,West Ham,Away,West Ham,Pinnacle,10.58,+300 and longer,0.0922658985502597,0.09170325218570999,0.0005626463645497098,-0.02382679333825244,0,-1.0,True,False
2021/22,2022-03-05,Newcastle,Brighton,Home,Newcastle,Pinnacle,2.82,+150 to +199,0.2995423333582379,0.3471971622275285,-0.04765482886929062,-0.15529061992976922,1,1.8199999999999998,False,False
2021/22,2022-03-05,Newcastle,Brighton,Away,Brighton,Pinnacle,2.8,+150 to +199,0.4201559952917414,0.34967714195772515,0.07047885333401627,0.1764367868168759,0,-1.0,True,True
2021/22,2022-03-05,Norwich,Brentford,Home,Norwich,Pinnacle,3.04,+200 to +299,0.20756211429204013,0.32211376640861666,-0.11455165211657653,-0.36901117255219795,0,-1.0,False,False
2021/22,2022-03-05,Norwich,Brentford,Away,Brentford,Pinnacle,2.64,+150 to +199,0.5265680792370212,0.3709188825311343,0.1556491967058869,0.39013972918573603,1,1.6400000000000001,True,True
2021/22,2022-03-05,Wolves,Crystal Palace,Home,Wolves,Pinnacle,2.43,+100 to +149,0.33377457792111603,0.40269860362951726,-0.06892402570840123,-0.18892777565168795,0,-1.0,False,False
2021/22,2022-03-05,Wolves,Crystal Palace,Away,Crystal Palace,Pinnacle,3.5,+200 to +299,0.3619126644771016,0.27958788766277914,0.08232477681432243,0.2666943256698555,1,2.5,True,True
2021/22,2022-03-06,Man City,Man United,Away,Man United,Pinnacle,8.34,+300 and longer,0.08594645567074753,0.11717548060843623,-0.0312290249376887,-0.28320655970596564,0,-1.0,False,False
2021/22,2022-03-06,Watford,Arsenal,Home,Watford,Pinnacle,6.29,+300 and longer,0.22878424933805802,0.1551949147908936,0.07358933454716443,0.4390529283363849,0,-1.0,True,True
2021/22,2022-03-07,Tottenham,Everton,Away,Everton,Pinnacle,5.97,+300 and longer,0.17888684088475285,0.16376794677249912,0.015118894112253728,0.06795444008197449,0,-1.0,True,True
2021/22,2022-03-10,Leeds,Aston Villa,Home,Leeds,Pinnacle,2.75,+150 to +199,0.4243548084024631,0.35598154969105844,0.06837325871140465,0.16697572310677344,0,-1.0,True,True
2021/22,2022-03-10,Leeds,Aston Villa,Away,Aston Villa,Pinnacle,2.61,+150 to +199,0.3331181363151767,0.37507634545992746,-0.041958209144750735,-0.1305616642173888,1,1.6099999999999999,False,False
2021/22,2022-03-10,Norwich,Chelsea,Home,Norwich,Pinnacle,14.15,+300 and longer,0.0761539301565405,0.06895227656960932,0.007201653586931173,0.07757811171504803,0,-1.0,True,True
2021/22,2022-03-10,Southampton,Newcastle,Away,Newcastle,Pinnacle,3.89,+200 to +299,0.22586108887343756,0.2510119295903896,-0.025150840716952033,-0.12140036428232781,1,2.89,False,False
2021/22,2022-03-10,Wolves,Watford,Away,Watford,Pinnacle,5.02,+300 and longer,0.2565699780588129,0.19461412307180379,0.06195585498700909,0.2879812898552405,0,-1.0,True,True
2021/22,2022-03-12,Brentford,Burnley,Home,Brentford,Pinnacle,2.25,+100 to +149,0.5111778880677529,0.4350922628682421,0.07608562519951079,0.15015024815244393,1,1.25,True,True
2021/22,2022-03-12,Brentford,Burnley,Away,Burnley,Pinnacle,3.78,+200 to +299,0.2179174425759054,0.2589834898025251,-0.04106604722661972,-0.17627206706307763,0,-1.0,False,False
2021/22,2022-03-12,Brighton,Liverpool,Home,Brighton,Pinnacle,6.65,+300 and longer,0.16116272664996312,0.14671513112439546,0.014447595525567652,0.07173213222225483,0,-1.0,True,True
2021/22,2022-03-12,Man United,Tottenham,Home,Man United,Pinnacle,2.22,+100 to +149,0.40132910793855336,0.44067540757353574,-0.039346299634982373,-0.10904938037641143,1,1.2200000000000002,False,False
2021/22,2022-03-12,Man United,Tottenham,Away,Tottenham,Pinnacle,3.35,+200 to +299,0.37441241643993145,0.2920296730785819,0.08238274336134954,0.25428159507377046,0,-1.0,True,True
2021/22,2022-03-13,Arsenal,Leicester,Away,Leicester,Pinnacle,6.22,+300 and longer,0.20272731618617992,0.15661016949152542,0.0461171466946545,0.26096390667803915,0,-1.0,True,True
2021/22,2022-03-13,Chelsea,Newcastle,Away,Newcastle,Pinnacle,10.18,+300 and longer,0.0774520501495671,0.0946425936753753,-0.01719054352580819,-0.2115381294774069,0,-1.0,False,False
2021/22,2022-03-13,Everton,Wolves,Home,Everton,Pinnacle,2.37,+100 to +149,0.3947194873146761,0.412939972411338,-0.01822048509666191,-0.06451481506421763,0,-1.0,False,False
2021/22,2022-03-13,Everton,Wolves,Away,Wolves,Pinnacle,3.48,+200 to +299,0.3313627903737179,0.28122636052151473,0.05013642985220318,0.1531425105005384,1,2.48,True,True
2021/22,2022-03-13,Leeds,Norwich,Away,Norwich,Pinnacle,5.7,+300 and longer,0.1750912458049416,0.17129034696500114,0.0038008988399404475,-0.0019798989118329224,0,-1.0,True,False
2021/22,2022-03-13,Southampton,Watford,Away,Watford,Pinnacle,5.82,+300 and longer,0.2205925378489021,0.16781289342618694,0.052779644422715155,0.28384857028061017,1,4.82,True,True
2021/22,2022-03-13,West Ham,Aston Villa,Home,West Ham,Pinnacle,2.41,+100 to +149,0.5229988254589656,0.4056697823984888,0.11732904306047681,0.2604271693561071,1,1.4100000000000001,True,True
2021/22,2022-03-13,West Ham,Aston Villa,Away,Aston Villa,Pinnacle,3.28,+200 to +299,0.23013528102627734,0.2980683462135238,-0.06793306518724646,-0.24515627823381037,0,-1.0,False,False
2021/22,2022-03-14,Crystal Palace,Man City,Home,Crystal Palace,Pinnacle,9.58,+300 and longer,0.15915143892106864,0.10172986047106335,0.0574215784500053,0.5246707848638377,0,-1.0,True,True
2021/22,2022-03-16,Arsenal,Liverpool,Home,Arsenal,Pinnacle,3.78,+200 to +299,0.2209932602176882,0.2579962752185227,-0.0370030150008345,-0.16464547637713867,0,-1.0,False,False
2021/22,2022-03-16,Brighton,Tottenham,Home,Brighton,Pinnacle,3.38,+200 to +299,0.31836401315202467,0.28955199663693254,0.02881201651509213,0.07607036445384341,0,-1.0,True,True
2021/22,2022-03-16,Brighton,Tottenham,Away,Tottenham,Pinnacle,2.33,+100 to +149,0.4253092378849131,0.4200368019883399,0.005272435896573169,-0.009029475728152492,1,1.33,True,False
2021/22,2022-03-17,Everton,Newcastle,Home,Everton,Pinnacle,2.4,+100 to +149,0.460122915381513,0.4072654881827299,0.05285742719878311,0.10429499691563127,1,1.4,True,True
2021/22,2022-03-17,Everton,Newcastle,Away,Newcastle,Pinnacle,3.22,+200 to +299,0.28549792200978075,0.3035519166579353,-0.018053994648154548,-0.08069669112850597,0,-1.0,False,False
2021/22,2022-03-18,Wolves,Leeds,Home,Wolves,Pinnacle,2.17,+100 to +149,0.4673144117172194,0.4509565260591694,0.016357885658049964,0.014072273426366078,0,-1.0,True,True
2021/22,2022-03-18,Wolves,Leeds,Away,Leeds,Pinnacle,3.6,+200 to +299,0.28562069721958144,0.2718265726523327,0.013794124567248767,0.02823450999049326,1,2.6,True,True
2021/22,2022-03-19,Aston Villa,Arsenal,Home,Aston Villa,Pinnacle,3.06,+200 to +299,0.29202918650039406,0.3196634647830293,-0.02763427828263526,-0.10639068930879414,0,-1.0,False,False
2021/22,2022-03-19,Aston Villa,Arsenal,Away,Arsenal,Pinnacle,2.45,+100 to +149,0.45211682902624956,0.3992531437698243,0.052863685256425264,0.10768623111431141,1,1.4500000000000002,True,True
2021/22,2022-03-20,Leicester,Brentford,Home,Leicester,Pinnacle,2.25,+100 to +149,0.3810868182008294,0.4346548925771676,-0.053568074376338204,-0.1425546590481338,1,1.25,False,False
2021/22,2022-03-20,Leicester,Brentford,Away,Brentford,Pinnacle,3.43,+200 to +299,0.3755617933813114,0.2851234718071799,0.09043832157413151,0.2881769512978982,0,-1.0,True,True
2021/22,2022-03-20,Tottenham,West Ham,Away,West Ham,Pinnacle,4.92,+300 and longer,0.2504991084985131,0.19885355220760123,0.05164555629091186,0.23245561381268431,0,-1.0,True,True
2021/22,2022-04-02,Brighton,Norwich,Away,Norwich,Pinnacle,7.94,+300 and longer,0.13764672601826317,0.12291624824261899,0.01473047777564418,0.09291500458500956,0,-1.0,True,True
2021/22,2022-04-02,Burnley,Man City,Home,Burnley,Pinnacle,15.0,+300 and longer,0.07857485894167358,0.06469324080222189,0.013881618139451699,0.17862288412510385,0,-1.0,True,True
2021/22,2022-04-02,Chelsea,Brentford,Away,Brentford,Pinnacle,10.7,+300 and longer,0.14962116256440483,0.09097887177352207,0.05864229079088276,0.6009464394391315,1,9.7,True,True
2021/22,2022-04-02,Leeds,Southampton,Home,Leeds,Pinnacle,2.39,+100 to +149,0.412603784590145,0.409547970309625,0.0030558142805200417,-0.013876954829553312,0,-1.0,True,False
2021/22,2022-04-02,Leeds,Southampton,Away,Southampton,Pinnacle,3.01,+200 to +299,0.3653845245066263,0.32518925217275874,0.04019527233386755,0.09980741876494514,0,-1.0,True,True
2021/22,2022-04-02,Liverpool,Watford,Away,Watford,Pinnacle,23.62,+300 and longer,0.040490224860115276,0.04115532480120092,-0.0006650999410856423,-0.04362088880407711,0,-1.0,False,False
2021/22,2022-04-02,Man United,Leicester,Away,Leicester,Pinnacle,6.41,+300 and longer,0.21852574047513107,0.15202097954070093,0.06650476093443014,0.4007499964455903,0,-1.0,True,True
2021/22,2022-04-02,Wolves,Aston Villa,Home,Wolves,Pinnacle,3.11,+200 to +299,0.3881812368039305,0.314849591707942,0.0733316450959885,0.20724364646022386,1,2.11,True,True
2021/22,2022-04-02,Wolves,Aston Villa,Away,Aston Villa,Pinnacle,2.63,+150 to +199,0.31674700936779004,0.3723126350614828,-0.05556562569369278,-0.16695536536271227,0,-1.0,False,False
2021/22,2022-04-03,Tottenham,Newcastle,Away,Newcastle,Pinnacle,6.87,+300 and longer,0.12830317286113005,0.14195482282410876,-0.013651649962978712,-0.11855720244403656,0,-1.0,False,False
2021/22,2022-04-03,West Ham,Everton,Away,Everton,Pinnacle,4.77,+300 and longer,0.2039853119590112,0.20502110563436368,-0.0010357936753524755,-0.026990061955516675,0,-1.0,False,False
2021/22,2022-04-04,Crystal Palace,Arsenal,Home,Crystal Palace,Pinnacle,4.15,+300 and longer,0.36954578853664144,0.235459615326852,0.13408617320978944,0.5336150224270622,1,3.1500000000000004,True,True
2021/22,2022-04-04,Crystal Palace,Arsenal,Away,Arsenal,Pinnacle,2.01,+100 to +149,0.36337002932422074,0.4861479619932518,-0.12277793266903103,-0.26962624105831634,0,-1.0,False,False
2021/22,2022-04-06,Burnley,Everton,Home,Burnley,Pinnacle,2.54,+150 to +199,0.39676371476909356,0.384929352771633,0.011834361997460574,0.0077798355134977015,1,1.54,True,True
2021/22,2022-04-06,Burnley,Everton,Away,Everton,Pinnacle,3.13,+200 to +299,0.3145499094851391,0.3123707846772996,0.0021791248078394942,-0.015458783311514623,0,-1.0,True,False
2021/22,2022-04-08,Newcastle,Wolves,Home,Newcastle,Pinnacle,2.34,+100 to +149,0.35523864437119584,0.41812456777952717,-0.06288592340833132,-0.16874157217140173,1,1.3399999999999999,False,False
2021/22,2022-04-08,Newcastle,Wolves,Away,Wolves,Pinnacle,3.62,+200 to +299,0.35919758150662556,0.2702794167414623,0.08891816476516329,0.30029524505398464,0,-1.0,True,True
2021/22,2022-04-09,Arsenal,Brighton,Away,Brighton,Pinnacle,5.85,+300 and longer,0.22336651164977658,0.16711211318986152,0.05625439845991506,0.306694093151193,1,4.85,True,True
2021/22,2022-04-09,Aston Villa,Tottenham,Home,Aston Villa,Pinnacle,3.23,+200 to +299,0.25412352617681633,0.30288619819292534,-0.04876267201610901,-0.17918101044888324,0,-1.0,False,False
2021/22,2022-04-09,Aston Villa,Tottenham,Away,Tottenham,Pinnacle,2.3,+100 to +149,0.5036731546147473,0.4253575739839778,0.07831558063076949,0.15844825561391862,1,1.2999999999999998,True,True
2021/22,2022-04-09,Everton,Man United,Home,Everton,Pinnacle,4.52,+300 and longer,0.3008138346156886,0.21589416827656485,0.08491966633912376,0.35967853246291237,1,3.5199999999999996,True,True
2021/22,2022-04-09,Southampton,Chelsea,Home,Southampton,Pinnacle,4.08,+300 and longer,0.2226434259118011,0.23938254192132888,-0.016739116009527766,-0.0916148222798514,0,-1.0,False,False
2021/22,2022-04-09,Watford,Leeds,Home,Watford,Pinnacle,2.75,+150 to +199,0.40610317854166256,0.3559331591511437,0.05017001939051885,0.116783740989572,0,-1.0,True,True
2021/22,2022-04-09,Watford,Leeds,Away,Leeds,Pinnacle,2.63,+150 to +199,0.360804602831491,0.3721734553861769,-0.011368852554685893,-0.05108389455317863,1,1.63,False,False
2021/22,2022-04-10,Brentford,West Ham,Home,Brentford,Pinnacle,2.72,+150 to +199,0.4264034423450592,0.359853289523955,0.06655015282110421,0.1598173631785611,1,1.7200000000000002,True,True
2021/22,2022-04-10,Brentford,West Ham,Away,West Ham,Pinnacle,2.82,+150 to +199,0.3192395327057461,0.3470925345762971,-0.027853001870550953,-0.09974451776979598,0,-1.0,False,False
2021/22,2022-04-10,Leicester,Crystal Palace,Home,Leicester,Pinnacle,2.46,+100 to +149,0.3311732508326685,0.3974393652511045,-0.066266114418436,-0.18531380295163546,1,1.46,False,False
2021/22,2022-04-10,Leicester,Crystal Palace,Away,Crystal Palace,Pinnacle,3.04,+200 to +299,0.4187466740199383,0.32161211793345956,0.09713455608647875,0.2729898890206124,0,-1.0,True,True
2021/22,2022-04-10,Man City,Liverpool,Home,Man City,Pinnacle,2.1,+100 to +149,0.5131875154394725,0.4651405874359778,0.04804692800349469,0.07769378242289227,0,-1.0,True,True
2021/22,2022-04-10,Man City,Liverpool,Away,Liverpool,Pinnacle,3.56,+200 to +299,0.25219133058564286,0.27438068359987455,-0.022189353014231694,-0.1021988631151114,0,-1.0,False,False
2021/22,2022-04-10,Norwich,Burnley,Home,Norwich,Pinnacle,3.1,+200 to +299,0.2762708856662528,0.3157412357748415,-0.03947035010858868,-0.14356025443461629,1,2.1,False,False
2021/22,2022-04-10,Norwich,Burnley,Away,Burnley,Pinnacle,2.6,+150 to +199,0.4444629599464716,0.3764607041930802,0.06800225575339142,0.15560369586082623,0,-1.0,True,True
2021/22,2022-04-16,Man United,Norwich,Away,Norwich,Pinnacle,14.96,+300 and longer,0.10322796200339888,0.06481188744862472,0.038416074554774166,0.5442903115708475,0,-1.0,True,True
2021/22,2022-04-16,Southampton,Arsenal,Home,Southampton,Pinnacle,3.97,+200 to +299,0.28310617061561055,0.24614040582194602,0.036965764793664535,0.12393149734397402,1,2.97,True,True
2021/22,2022-04-16,Tottenham,Brighton,Away,Brighton,Pinnacle,6.52,+300 and longer,0.19520818201018658,0.1497378594502992,0.045470322559887394,0.2727573467064164,1,5.52,True,True
2021/22,2022-04-16,Watford,Brentford,Home,Watford,Pinnacle,2.95,+150 to +199,0.27928534814226036,0.33202294012657413,-0.05273759198431377,-0.1761082229803319,0,-1.0,False,False
2021/22,2022-04-16,Watford,Brentford,Away,Brentford,Pinnacle,2.62,+150 to +199,0.46053254632237894,0.3738426234249594,0.08668992289741956,0.20659527136463285,1,1.62,True,True
2021/22,2022-04-17,Newcastle,Leicester,Home,Newcastle,Pinnacle,2.25,+100 to +149,0.3658758610048932,0.43467336683417085,-0.06879750582927763,-0.17677931273899028,1,1.25,False,False
2021/22,2022-04-17,Newcastle,Leicester,Away,Leicester,Pinnacle,3.46,+200 to +299,0.39302762291618076,0.2826633165829146,0.11036430633326616,0.35987557528998537,0,-1.0,True,True
2021/22,2022-04-17,West Ham,Burnley,Away,Burnley,Pinnacle,5.11,+300 and longer,0.20962127435408173,0.1910417110641843,0.018579563289897433,0.0711647119493577,0,-1.0,True,True
2021/22,2022-04-19,Liverpool,Man United,Away,Man United,Pinnacle,7.82,+300 and longer,0.09173134807969173,0.12492107307558802,-0.033189724995896286,-0.2826608580168106,0,-1.0,False,False
2021/22,2022-04-20,Chelsea,Arsenal,Away,Arsenal,Pinnacle,4.42,+300 and longer,0.21674469183039594,0.22106885086367692,-0.004324159033280983,-0.041988462109650015,1,3.42,False,False
2021/22,2022-04-20,Everton,Leicester,Home,Everton,Pinnacle,2.32,+100 to +149,0.41264724833956273,0.4218079162500736,-0.009160667910510845,-0.04265838385221454,0,-1.0,False,False
2021/22,2022-04-20,Everton,Leicester,Away,Leicester,Pinnacle,3.26,+200 to +299,0.34769105859845795,0.3001823207669235,0.04750873783153442,0.13347285103097284,0,-1.0,True,True
2021/22,2022-04-20,Man City,Brighton,Away,Brighton,Pinnacle,18.98,+300 and longer,0.07249929901994755,0.051298686420801175,0.021200612599146372,0.3760366953986045,0,-1.0,True,True
2021/22,2022-04-20,Newcastle,Crystal Palace,Home,Newcastle,Pinnacle,2.4,+100 to +149,0.2736034932419427,0.4073275862068966,-0.13372409296495386,-0.3433516162193375,1,1.4,False,False
2021/22,2022-04-20,Newcastle,Crystal Palace,Away,Crystal Palace,Pinnacle,3.36,+200 to +299,0.46142473280105745,0.290948275862069,0.17047645693898844,0.550387102211553,0,-1.0,True,True
2021/22,2022-04-21,Burnley,Southampton,Home,Burnley,Pinnacle,2.75,+150 to +199,0.37027036110930855,0.3555511665976672,0.014719194511641331,0.01824349305059858,1,1.75,True,True
2021/22,2022-04-21,Burnley,Southampton,Away,Southampton,Pinnacle,2.69,+150 to +199,0.37754464077766614,0.3634816758898085,0.014062964887857632,0.015595083691921863,0,-1.0,True,True
2021/22,2022-04-23,Arsenal,Man United,Home,Arsenal,Pinnacle,2.13,+100 to +149,0.5511974648087945,0.4586867911776922,0.09251067363110232,0.1740506000427322,1,1.13,True,True
2021/22,2022-04-23,Arsenal,Man United,Away,Man United,Pinnacle,3.58,+200 to +299,0.23098695807406042,0.27290582827052634,-0.041918870196465924,-0.17306669009486364,0,-1.0,False,False
2021/22,2022-04-23,Brentford,Tottenham,Home,Brentford,Pinnacle,4.39,+300 and longer,0.35545123424427455,0.22239608434677566,0.1330551498974989,0.5604309183323652,0,-1.0,True,True
2021/22,2022-04-23,Leicester,Aston Villa,Home,Leicester,Pinnacle,2.95,+150 to +199,0.3960107599138146,0.3314637612505921,0.0645469986632225,0.16823174174575328,0,-1.0,True,True
2021/22,2022-04-23,Leicester,Aston Villa,Away,Aston Villa,Pinnacle,2.55,+150 to +199,0.3540838941699627,0.38345807674088117,-0.02937418257091845,-0.09708606986659507,0,-1.0,False,False
2021/22,2022-04-23,Man City,Watford,Away,Watford,Pinnacle,27.79,+300 and longer,0.03795208701243395,0.03513235819819796,0.0028197288142359916,0.05468849807553955,0,-1.0,True,True
2021/22,2022-04-23,Norwich,Newcastle,Home,Norwich,Pinnacle,3.62,+200 to +299,0.30200252054210036,0.2703815477473594,0.031620972794740965,0.0932491243624034,0,-1.0,True,True
2021/22,2022-04-23,Norwich,Newcastle,Away,Newcastle,Pinnacle,2.22,+100 to +149,0.4366193636154342,0.4408924337141625,-0.004273070098728293,-0.03070501277373605,1,1.2200000000000002,False,False
2021/22,2022-04-24,Brighton,Southampton,Home,Brighton,Pinnacle,2.19,+100 to +149,0.4768476394214024,0.4468004867045689,0.030047152716833503,0.04429633033287117,0,-1.0,True,True
2021/22,2022-04-24,Brighton,Southampton,Away,Southampton,Pinnacle,3.76,+200 to +299,0.2698659241632518,0.260237517522076,0.009628406641175757,0.014695874853826618,0,-1.0,True,True
2021/22,2022-04-24,Burnley,Wolves,Home,Burnley,Pinnacle,2.73,+150 to +199,0.3973529705281205,0.358154593282072,0.03919837724604852,0.08477360954176905,1,1.73,True,True
2021/22,2022-04-24,Burnley,Wolves,Away,Wolves,Pinnacle,2.95,+150 to +199,0.31706961101544945,0.33144475920679883,-0.014375148191349385,-0.06464464750442411,0,-1.0,False,False
2021/22,2022-04-24,Chelsea,West Ham,Away,West Ham,Pinnacle,6.68,+300 and longer,0.16466046021607164,0.14618543524066843,0.01847502497540321,0.09993187424335859,0,-1.0,True,True
2021/22,2022-04-24,Liverpool,Everton,Away,Everton,Pinnacle,18.0,+300 and longer,0.04923069303273186,0.05383053241898931,-0.004599839386257451,-0.11384752541082654,0,-1.0,False,False
2021/22,2022-04-25,Crystal Palace,Leeds,Home,Crystal Palace,Pinnacle,2.11,+100 to +149,0.5786840021525502,0.46340774230008475,0.11527625985246548,0.22102324454188094,0,-1.0,True,True
2021/22,2022-04-25,Crystal Palace,Leeds,Away,Leeds,Pinnacle,3.6,+200 to +299,0.20587745915675412,0.27160842673699415,-0.06573096758024002,-0.25884114703568517,0,-1.0,False,False
2021/22,2022-04-28,Man United,Chelsea,Home,Man United,Pinnacle,3.23,+200 to +299,0.2529761442736556,0.3029729327835022,-0.04999678850984657,-0.1828870539960924,0,-1.0,False,False
2021/22,2022-04-28,Man United,Chelsea,Away,Chelsea,Pinnacle,2.27,+100 to +149,0.5130652744270104,0.43110245501793476,0.08196281940907568,0.16465817294931373,0,-1.0,True,True
2021/22,2022-04-30,Aston Villa,Norwich,Away,Norwich,Pinnacle,8.47,+300 and longer,0.1571799072362286,0.11488578737153884,0.042294119864689755,0.33131381429085627,0,-1.0,True,True
2021/22,2022-04-30,Leeds,Man City,Home,Leeds,Pinnacle,9.72,+300 and longer,0.07001264784090543,0.10056189796646449,-0.030549250125559063,-0.3194770629863992,0,-1.0,False,False
2021/22,2022-04-30,Newcastle,Liverpool,Home,Newcastle,Pinnacle,8.02,+300 and longer,0.09478103466090317,0.12171956584408118,-0.026938531183178016,-0.23985610201955665,0,-1.0,False,False
2021/22,2022-04-30,Southampton,Crystal Palace,Home,Southampton,Pinnacle,2.47,+100 to +149,0.31944840640641375,0.3958121784297368,-0.07636377202332306,-0.21096243617615795,0,-1.0,False,False
2021/22,2022-04-30,Southampton,Crystal Palace,Away,Crystal Palace,Pinnacle,3.13,+200 to +299,0.41629454067656474,0.31235018553400956,0.10394435514255518,0.3030019123176475,1,2.13,True,True
2021/22,2022-04-30,Watford,Burnley,Home,Watford,Pinnacle,2.71,+150 to +199,0.3982393693687361,0.36076611271841774,0.037473256650318365,0.07922869098927476,0,-1.0,True,True
2021/22,2022-04-30,Watford,Burnley,Away,Burnley,Pinnacle,2.78,+150 to +199,0.332546377625556,0.3516820739089612,-0.019135696283405224,-0.07552107020095433,1,1.7799999999999998,False,False
2021/22,2022-04-30,Wolves,Brighton,Home,Wolves,Pinnacle,2.77,+150 to +199,0.3208872501836836,0.35341746298052373,-0.03253021279684015,-0.11114231699119648,0,-1.0,False,False
2021/22,2022-04-30,Wolves,Brighton,Away,Brighton,Pinnacle,2.85,+150 to +199,0.37917899675758054,0.34349697279159674,0.0356820239659838,0.08066014075910455,1,1.85,True,True
2021/22,2022-05-01,Everton,Chelsea,Home,Everton,Pinnacle,4.98,+300 and longer,0.16029806483511455,0.1959601708622387,-0.035662106027124135,-0.2017156371211295,1,3.9800000000000004,False,False
2021/22,2022-05-01,Tottenham,Leicester,Away,Leicester,Pinnacle,7.29,+300 and longer,0.1506151028501984,0.1335379481794139,0.017077154670784522,0.09798409977794642,0,-1.0,True,True
2021/22,2022-05-01,West Ham,Arsenal,Home,West Ham,Pinnacle,4.68,+300 and longer,0.3276179646652221,0.20859940400170285,0.11901856066351924,0.5332520746332392,0,-1.0,True,True
2021/22,2022-05-02,Man United,Brentford,Away,Brentford,Pinnacle,4.61,+300 and longer,0.3497457478106946,0.21187385127053124,0.13787189654016338,0.6123278974073023,0,-1.0,True,True
2021/22,2022-05-07,Brentford,Southampton,Home,Brentford,Pinnacle,2.25,+100 to +149,0.5375909061235736,0.434640522875817,0.10295038324775663,0.20957953877804059,1,1.25,True,True
2021/22,2022-05-07,Brentford,Southampton,Away,Southampton,Pinnacle,3.5,+200 to +299,0.23107048006947745,0.27941176470588236,-0.04834128463640491,-0.1912533197568289,0,-1.0,False,False
2021/22,2022-05-07,Brighton,Man United,Home,Brighton,Pinnacle,2.81,+150 to +199,0.4273958485091995,0.3486534387452917,0.07874240976390778,0.20098233431085055,1,1.81,True,True
2021/22,2022-05-07,Brighton,Man United,Away,Man United,Pinnacle,2.61,+150 to +199,0.32031670322962313,0.37537017734646344,-0.055053474116840306,-0.16397340457068366,0,-1.0,False,False
2021/22,2022-05-07,Burnley,Aston Villa,Home,Burnley,Pinnacle,3.07,+200 to +299,0.3553536701224696,0.3187336691028894,0.036620001019580184,0.09093576727598163,0,-1.0,True,True
2021/22,2022-05-07,Burnley,Aston Villa,Away,Aston Villa,Pinnacle,2.52,+150 to +199,0.36162761015708095,0.3882985572007422,-0.02667094704366124,-0.08869842240415604,1,1.52,False,False
2021/22,2022-05-07,Chelsea,Wolves,Away,Wolves,Pinnacle,10.4,+300 and longer,0.09472589616239793,0.09357798165137615,0.0011479145110217803,-0.014850679911061482,0,-1.0,True,False
2021/22,2022-05-07,Crystal Palace,Watford,Away,Watford,Pinnacle,5.45,+300 and longer,0.1743931241316003,0.17903086049456773,-0.004637736362967437,-0.04955747348277839,0,-1.0,False,False
2021/22,2022-05-07,Liverpool,Tottenham,Away,Tottenham,Pinnacle,6.95,+300 and longer,0.139580603363781,0.1404424900371032,-0.0008618866733222097,-0.029914806621721968,0,-1.0,False,False
2021/22,2022-05-08,Arsenal,Leeds,Away,Leeds,Pinnacle,7.04,+300 and longer,0.1440311523911903,0.13836794455142878,0.005663207839761514,0.013979312833979796,0,-1.0,True,True
2021/22,2022-05-08,Leicester,Everton,Home,Leicester,Pinnacle,2.71,+150 to +199,0.42748550029685806,0.3610175903881503,0.06646790990870777,0.1584857058044853,0,-1.0,True,True
2021/22,2022-05-08,Leicester,Everton,Away,Everton,Pinnacle,2.82,+150 to +199,0.32036705969484935,0.34693534395457,-0.02656828425972063,-0.09656489166052484,1,1.8199999999999998,False,False
2021/22,2022-05-08,Man City,Newcastle,Away,Newcastle,Pinnacle,17.22,+300 and longer,0.04023188880960613,0.05643777196054296,-0.01620588315093683,-0.30720687469858243,0,-1.0,False,False
2021/22,2022-05-08,Norwich,West Ham,Home,Norwich,Pinnacle,4.68,+300 and longer,0.19629421329372249,0.2086889337929395,-0.012394720499217027,-0.08134308178537886,0,-1.0,False,False
2021/22,2022-05-10,Aston Villa,Liverpool,Home,Aston Villa,Pinnacle,7.54,+300 and longer,0.1342162953116614,0.12913037863896584,0.005085916672695562,0.011990866649927101,0,-1.0,True,True
2021/22,2022-05-11,Leeds,Chelsea,Home,Leeds,Pinnacle,5.15,+300 and longer,0.16908163241424387,0.18949296036306212,-0.020411327948818253,-0.12922959306664406,0,-1.0,False,False
2021/22,2022-05-11,Leicester,Norwich,Away,Norwich,Pinnacle,7.2,+300 and longer,0.17372190275493304,0.13565268235638064,0.0380692203985524,0.2507976998355179,0,-1.0,True,True
2021/22,2022-05-11,Watford,Everton,Home,Watford,Pinnacle,4.43,+300 and longer,0.36554585936306244,0.22006797490640118,0.14547788445666127,0.6193681569783664,0,-1.0,True,True
2021/22,2022-05-11,Wolves,Man City,Home,Wolves,Pinnacle,14.04,+300 and longer,0.08105420402904269,0.06891571065694885,0.012138493372093842,0.1380010245677592,0,-1.0,True,True
2021/22,2022-05-12,Tottenham,Arsenal,Home,Tottenham,Pinnacle,2.18,+100 to +149,0.43899421193438004,0.44872831402327185,-0.009734102088891805,-0.04299261798305143,1,1.1800000000000002,False,False
2021/22,2022-05-12,Tottenham,Arsenal,Away,Arsenal,Pinnacle,3.49,+200 to +299,0.3130478970006727,0.28029447695436466,0.032753420046308046,0.09253716053234773,0,-1.0,True,True
2021/22,2022-05-15,Aston Villa,Crystal Palace,Home,Aston Villa,Pinnacle,2.09,+100 to +149,0.3349453813801294,0.4653529362156692,-0.13040755483553979,-0.2999641529155296,0,-1.0,False,False
2021/22,2022-05-15,Aston Villa,Crystal Palace,Away,Crystal Palace,Pinnacle,3.72,+200 to +299,0.36727745450819504,0.2614482894329969,0.10582916507519813,0.3662721307704857,0,-1.0,True,True
2021/22,2022-05-15,Everton,Brentford,Home,Everton,Pinnacle,2.13,+100 to +149,0.3021192541604368,0.456955314314567,-0.1548360601541302,-0.35648598863826975,0,-1.0,False,False
2021/22,2022-05-15,Everton,Brentford,Away,Brentford,Pinnacle,3.55,+200 to +299,0.42875740806842055,0.2741731885887402,0.15458421947968037,0.5220887986428928,1,2.55,True,True
2021/22,2022-05-15,Leeds,Brighton,Home,Leeds,Pinnacle,2.75,+150 to +199,0.31642914739114486,0.3543472810023478,-0.03791813361120294,-0.1298198446743516,0,-1.0,False,False
2021/22,2022-05-15,Leeds,Brighton,Away,Brighton,Pinnacle,2.62,+150 to +199,0.43871919205705834,0.37192939799864744,0.0667897940584109,0.14944428318949288,0,-1.0,True,True
2021/22,2022-05-15,Tottenham,Burnley,Away,Burnley,Pinnacle,9.3,+300 and longer,0.1284158100299486,0.10392812463184349,0.0244876853981051,0.1942670332785219,0,-1.0,True,True
2021/22,2022-05-15,Watford,Leicester,Home,Watford,Pinnacle,3.7,+200 to +299,0.37121632828833173,0.2627867168777816,0.10842961141055013,0.3735004146668275,0,-1.0,True,True
2021/22,2022-05-15,Watford,Leicester,Away,Leicester,Pinnacle,2.02,+100 to +149,0.3745596740681693,0.4813420061622733,-0.10678233209410398,-0.24338945838229797,1,1.02,False,False
2021/22,2022-05-15,West Ham,Man City,Home,West Ham,Pinnacle,8.28,+300 and longer,0.12489593871774719,0.11730182780644047,0.007594110911306726,0.03413837258294672,0,-1.0,True,True
2021/22,2022-05-15,Wolves,Norwich,Away,Norwich,Pinnacle,7.12,+300 and longer,0.18802504161363565,0.13624113702717444,0.051783904586461205,0.3387382962890859,0,-1.0,True,True
2021/22,2022-05-16,Newcastle,Arsenal,Home,Newcastle,Pinnacle,4.31,+300 and longer,0.23233297255278712,0.22527467245970026,0.007058300093086861,0.001355111702512346,1,3.3099999999999996,True,True
2021/22,2022-05-17,Southampton,Liverpool,Home,Southampton,Pinnacle,8.15,+300 and longer,0.1055264510868681,0.11933777340616346,-0.013811322319295355,-0.13995942364202496,0,-1.0,False,False
2021/22,2022-05-19,Aston Villa,Burnley,Home,Aston Villa,Pinnacle,2.07,+100 to +149,0.4906846897239132,0.4697919829147517,0.0208927068091615,0.01571730772850022,0,-1.0,True,True
2021/22,2022-05-19,Aston Villa,Burnley,Away,Burnley,Pinnacle,3.75,+200 to +299,0.23900576441114182,0.25932517456894294,-0.020319410157801115,-0.10372838345821811,0,-1.0,False,False
2021/22,2022-05-19,Chelsea,Leicester,Away,Leicester,Pinnacle,9.07,+300 and longer,0.09933469388569069,0.10695038974509817,-0.007615695859407481,-0.09903432645678545,0,-1.0,False,False
2021/22,2022-05-19,Everton,Crystal Palace,Away,Crystal Palace,Pinnacle,4.25,+300 and longer,0.41430817465851777,0.2285824869539685,0.18572568770454928,0.7608097422987006,0,-1.0,True,True
2021/22,2022-05-22,Arsenal,Everton,Away,Everton,Pinnacle,9.24,+300 and longer,0.17876894064290205,0.10475926431066017,0.07400967633224188,0.651825011540415,0,-1.0,True,True
2021/22,2022-05-22,Brentford,Leeds,Home,Brentford,Pinnacle,2.38,+100 to +149,0.5973304368878485,0.40894039735099336,0.18839003953685513,0.42164643979307925,0,-1.0,True,True
2021/22,2022-05-22,Brentford,Leeds,Away,Leeds,Pinnacle,2.85,+150 to +199,0.19647547827344855,0.3415011037527594,-0.14502562547931083,-0.44004488692067156,1,1.85,False,False
2021/22,2022-05-22,Brighton,West Ham,Home,Brighton,Pinnacle,2.38,+100 to +149,0.436359916273645,0.4087750511933935,0.027584865080251486,0.03853660073127507,1,1.38,True,True
2021/22,2022-05-22,Brighton,West Ham,Away,West Ham,Pinnacle,2.97,+150 to +199,0.3013122796109106,0.32757057974420084,-0.026258300133290224,-0.1051025295555954,0,-1.0,False,False
2021/22,2022-05-22,Burnley,Newcastle,Home,Burnley,Pinnacle,2.27,+100 to +149,0.4241839906230676,0.42833845505275187,-0.004154464429684257,-0.0371023412856365,0,-1.0,False,False
2021/22,2022-05-22,Burnley,Newcastle,Away,Newcastle,Pinnacle,3.3,+200 to +299,0.301370224768768,0.2946449372635596,0.006725287505208399,-0.005478258263065583,1,2.3,True,False
2021/22,2022-05-22,Chelsea,Watford,Away,Watford,Pinnacle,18.77,+300 and longer,0.07945942399617426,0.05146961533822168,0.027989808657952572,0.49145338840819064,0,-1.0,True,True
2021/22,2022-05-22,Crystal Palace,Man United,Home,Crystal Palace,Pinnacle,3.15,+200 to +299,0.48614497456500533,0.3088913226192599,0.17725365194574544,0.5313566698797667,1,2.15,True,True
2021/22,2022-05-22,Crystal Palace,Man United,Away,Man United,Pinnacle,2.24,+100 to +149,0.2557285165286408,0.4343784224333342,-0.17864990590469337,-0.4271681229758445,0,-1.0,False,False
2021/22,2022-05-22,Leicester,Southampton,Away,Southampton,Pinnacle,3.91,+200 to +299,0.3316594956812223,0.2483535112831257,0.08330598439809664,0.2967886281135794,0,-1.0,True,True
2021/22,2022-05-22,Liverpool,Wolves,Away,Wolves,Pinnacle,21.36,+300 and longer,0.04739386980009536,0.04526973361171658,0.0021241361883787835,0.012333058930037,0,-1.0,True,True
2021/22,2022-05-22,Man City,Aston Villa,Away,Aston Villa,Pinnacle,20.27,+300 and longer,0.0575451290948125,0.04774338748620685,0.009801741608605648,0.16643976675184935,0,-1.0,True,True
2021/22,2022-05-22,Norwich,Tottenham,Home,Norwich,Pinnacle,11.2,+300 and longer,0.10752373231180233,0.0860833339679977,0.021440398343804637,0.20426580189218613,0,-1.0,True,True
2022/23,2022-08-05,Crystal Palace,Arsenal,Home,Crystal Palace,Pinnacle,4.5,+300 and longer,0.3785386788146855,0.21673971440689946,0.16179896440778604,0.7034240546660848,0,-1.0,True,True
2022/23,2022-08-06,Bournemouth,Aston Villa,Home,Bournemouth,Pinnacle,3.93,+200 to +299,0.4764351987313465,0.24849437559969786,0.22794082313164862,0.8723903310141918,1,2.93,True,True
2022/23,2022-08-06,Bournemouth,Aston Villa,Away,Aston Villa,Pinnacle,2.04,+100 to +149,0.2574561903756288,0.47871710593471206,-0.22126091555908328,-0.47478937163371726,0,-1.0,False,False
2022/23,2022-08-06,Everton,Chelsea,Home,Everton,Pinnacle,6.04,+300 and longer,0.17519252652072007,0.16146725419295652,0.013725272327763549,0.05816286018514916,0,-1.0,True,True
2022/23,2022-08-06,Fulham,Liverpool,Home,Fulham,Pinnacle,11.2,+300 and longer,0.16256592239853432,0.08657526619806527,0.07599065620046905,0.8207383308635843,0,-1.0,True,True
2022/23,2022-08-06,Leeds,Wolves,Home,Leeds,Pinnacle,2.39,+100 to +149,0.481494717124019,0.40950709342753966,0.07198762369647932,0.15077237392640552,1,1.3900000000000001,True,True
2022/23,2022-08-06,Leeds,Wolves,Away,Wolves,Pinnacle,3.3,+200 to +299,0.27537903051394524,0.2965824100884303,-0.021203379574485037,-0.09124919930398079,0,-1.0,False,False
2022/23,2022-08-06,Newcastle,Nott'm Forest,Away,Nott'm Forest,Pinnacle,5.83,+300 and longer,0.40821643713798045,0.1675552609585291,0.24066117617945135,1.3799018285144262,0,-1.0,True,True
2022/23,2022-08-06,Tottenham,Southampton,Away,Southampton,Pinnacle,9.11,+300 and longer,0.12093291902116685,0.10706865077811561,0.013864268243051231,0.10169889228282991,0,-1.0,True,True
2022/23,2022-08-07,Leicester,Brentford,Home,Leicester,Pinnacle,2.07,+100 to +149,0.33265831334509227,0.4729358788514326,-0.14027756550634035,-0.3113972913756591,0,-1.0,False,False
2022/23,2022-08-07,Leicester,Brentford,Away,Brentford,Pinnacle,3.74,+200 to +299,0.41882550766136817,0.261758628134349,0.15706687952701914,0.566407398653517,0,-1.0,True,True
2022/23,2022-08-07,Man United,Brighton,Away,Brighton,Pinnacle,5.68,+300 and longer,0.33019681482429153,0.17198664592051,0.15821016890378153,0.8755179082019757,1,4.68,True,True
2022/23,2022-08-07,West Ham,Man City,Home,West Ham,Pinnacle,8.58,+300 and longer,0.1191009190014414,0.11385521490126645,0.0052457041001749555,0.021885885032367325,0,-1.0,True,True
2022/23,2022-08-13,Arsenal,Leicester,Away,Leicester,Pinnacle,6.22,+300 and longer,0.16099080993796316,0.15698861711187834,0.004002192826084827,0.001362837814130824,0,-1.0,True,True
2022/23,2022-08-13,Aston Villa,Everton,Away,Everton,Pinnacle,5.12,+300 and longer,0.2679757238973932,0.19083722802059802,0.0771384958767952,0.37203570635465333,0,-1.0,True,True
2022/23,2022-08-13,Brentford,Man United,Home,Brentford,Pinnacle,3.82,+200 to +299,0.46033513467954074,0.2561593856328829,0.20417574904665786,0.7584802144758456,1,2.82,True,True
2022/23,2022-08-13,Brentford,Man United,Away,Man United,Pinnacle,2.06,+100 to +149,0.2926076299597439,0.47501400636777313,-0.18240637640802926,-0.3972282822829276,0,-1.0,False,False
2022/23,2022-08-13,Brighton,Newcastle,Home,Brighton,Pinnacle,2.48,+100 to +149,0.548617643335893,0.39438110502918317,0.15423653830670986,0.3605717554730148,0,-1.0,True,True
2022/23,2022-08-13,Brighton,Newcastle,Away,Newcastle,Pinnacle,3.22,+200 to +299,0.2040614093257454,0.30374693803489883,-0.09968552870915343,-0.34292226197109976,0,-1.0,False,False
2022/23,2022-08-13,Man City,Bournemouth,Away,Bournemouth,Pinnacle,41.0,+300 and longer,0.06678118978599036,0.02364934347539188,0.04313184631059848,1.738028781225605,0,-1.0,True,True
2022/23,2022-08-13,Southampton,Leeds,Home,Southampton,Pinnacle,2.34,+100 to +149,0.4531023436828156,0.41753583951000844,0.035566504172807156,0.06025948421778837,0,-1.0,True,True
2022/23,2022-08-13,Southampton,Leeds,Away,Leeds,Pinnacle,3.18,+200 to +299,0.31751016196567267,0.3072433536017043,0.010266808363968372,0.009682315050839163,0,-1.0,True,True
2022/23,2022-08-13,Wolves,Fulham,Home,Wolves,Pinnacle,2.44,+100 to +149,0.27873632339801174,0.40084534159622154,-0.1221090181982098,-0.3198833709088513,0,-1.0,False,False
2022/23,2022-08-13,Wolves,Fulham,Away,Fulham,Pinnacle,3.29,+200 to +299,0.47672883049290915,0.29728347522637705,0.1794453552665321,0.5684378523216711,0,-1.0,True,True
2022/23,2022-08-14,Chelsea,Tottenham,Home,Chelsea,Pinnacle,2.28,+100 to +149,0.478991177001038,0.42949343667594225,0.04949774032509574,0.09209988356236654,0,-1.0,True,True
2022/23,2022-08-14,Chelsea,Tottenham,Away,Tottenham,Pinnacle,3.35,+200 to +299,0.26019986921214555,0.292311950931686,-0.03211208171954044,-0.12833043813931233,0,-1.0,False,False
2022/23,2022-08-14,Nott'm Forest,West Ham,Home,Nott'm Forest,Pinnacle,4.28,+300 and longer,0.12656070554265542,0.22832591683289857,-0.10176521129024316,-0.4583201802774348,1,3.2800000000000002,False,False
2022/23,2022-08-15,Liverpool,Crystal Palace,Away,Crystal Palace,Pinnacle,18.57,+300 and longer,0.12204717874491568,0.05237197397652124,0.06967520476839444,1.2664161092930843,0,-1.0,True,True
2022/23,2022-08-20,Bournemouth,Arsenal,Home,Bournemouth,Pinnacle,7.55,+300 and longer,0.230370521260242,0.12912973779735035,0.10124078346289164,0.739297435514827,0,-1.0,True,True
2022/23,2022-08-20,Crystal Palace,Aston Villa,Home,Crystal Palace,Pinnacle,2.58,+150 to +199,0.4987184044972084,0.37940577754397203,0.11931262695323636,0.28669348360279767,1,1.58,True,True
2022/23,2022-08-20,Crystal Palace,Aston Villa,Away,Aston Villa,Pinnacle,3.12,+200 to +299,0.22218933524214207,0.3137393929690538,-0.09155005772691172,-0.3067692740445167,0,-1.0,False,False
2022/23,2022-08-20,Everton,Nott'm Forest,Home,Everton,Pinnacle,2.0,+100 to +149,0.5643812759812278,0.48825878726612865,0.07612248871509913,0.12876255196245556,0,-1.0,True,True
2022/23,2022-08-20,Everton,Nott'm Forest,Away,Nott'm Forest,Pinnacle,4.27,+300 and longer,0.21409585763999558,0.22869264040568088,-0.014596782765685296,-0.0858106878772189,0,-1.0,False,False
2022/23,2022-08-20,Fulham,Brentford,Home,Fulham,Pinnacle,2.52,+150 to +199,0.39644128692952574,0.3885080440686497,0.007933242860876044,-0.0009679569375951047,1,1.52,True,False
2022/23,2022-08-20,Fulham,Brentford,Away,Brentford,Pinnacle,2.93,+150 to +199,0.3374560374879297,0.334143437219453,0.003312600268476684,-0.011253810160365973,0,-1.0,True,False
2022/23,2022-08-20,Leicester,Southampton,Away,Southampton,Pinnacle,4.12,+300 and longer,0.3069352821416274,0.23683276569514408,0.07010251644648333,0.26457336242350493,1,3.12,True,True
2022/23,2022-08-20,Tottenham,Wolves,Away,Wolves,Pinnacle,7.95,+300 and longer,0.11269188158610605,0.12241771610083577,-0.00972583451472972,-0.10409954139045696,0,-1.0,False,False
2022/23,2022-08-21,Leeds,Chelsea,Home,Leeds,Pinnacle,6.23,+300 and longer,0.1740185397474316,0.1562548250625328,0.01776371468489879,0.08413550262649894,1,5.23,True,True
2022/23,2022-08-21,Newcastle,Man City,Home,Newcastle,Pinnacle,9.43,+300 and longer,0.07224762871815493,0.10320210231315058,-0.030954473594995646,-0.31870486118779906,0,-1.0,False,False
2022/23,2022-08-21,West Ham,Brighton,Home,West Ham,Pinnacle,2.34,+100 to +149,0.3826277618720843,0.4181509628864458,-0.035523201014361516,-0.10465103721932278,0,-1.0,False,False
2022/23,2022-08-21,West Ham,Brighton,Away,Brighton,Pinnacle,3.22,+200 to +299,0.34784048323636463,0.30387368110381463,0.04396680213255,0.12004635602109426,1,2.22,True,True
2022/23,2022-08-22,Man United,Liverpool,Home,Man United,Pinnacle,5.39,+300 and longer,0.16398353919464098,0.18097366571875773,-0.016990126524116744,-0.11612872374088512,1,4.39,False,False
2022/23,2022-08-27,Arsenal,Fulham,Away,Fulham,Pinnacle,9.75,+300 and longer,0.27175508960118233,0.09996789743682306,0.17178719216435928,1.6496121236115275,0,-1.0,True,True
2022/23,2022-08-27,Brentford,Everton,Home,Brentford,Pinnacle,2.1,+100 to +149,0.5577749180037951,0.46542059969577626,0.09235431830801882,0.17132732780796966,0,-1.0,True,True
2022/23,2022-08-27,Brentford,Everton,Away,Everton,Pinnacle,3.84,+200 to +299,0.2033420960524797,0.2545268904586277,-0.05118479440614801,-0.21916635115847805,0,-1.0,False,False
2022/23,2022-08-27,Brighton,Leeds,Away,Leeds,Pinnacle,4.24,+300 and longer,0.2071347800900319,0.2305913488097226,-0.023456568719690707,-0.12174853241826478,0,-1.0,False,False
2022/23,2022-08-27,Chelsea,Leicester,Away,Leicester,Pinnacle,7.66,+300 and longer,0.10397369428425861,0.12724442775217762,-0.02327073346791901,-0.20356150178257904,0,-1.0,False,False
2022/23,2022-08-27,Liverpool,Bournemouth,Away,Bournemouth,Pinnacle,23.11,+300 and longer,0.048313423508506655,0.042271715637543526,0.006041707870963128,0.11652321728158865,0,-1.0,True,True
2022/23,2022-08-27,Man City,Crystal Palace,Away,Crystal Palace,Pinnacle,16.26,+300 and longer,0.09810891957739416,0.059815767436296206,0.03829315214109796,0.5952510323284292,0,-1.0,True,True
2022/23,2022-08-27,Southampton,Man United,Home,Southampton,Pinnacle,4.31,+300 and longer,0.33513328069742415,0.2268999034142303,0.10823337728319385,0.44442443980589785,0,-1.0,True,True
2022/23,2022-08-28,Aston Villa,West Ham,Home,Aston Villa,Pinnacle,2.41,+100 to +149,0.38874498608999986,0.4057442835921978,-0.01699929750219792,-0.06312458352310024,0,-1.0,False,False
2022/23,2022-08-28,Aston Villa,West Ham,Away,West Ham,Pinnacle,3.18,+200 to +299,0.34677749827676685,0.3074980262444014,0.039279472032365426,0.10275244452011867,1,2.18,True,True
2022/23,2022-08-28,Nott'm Forest,Tottenham,Home,Nott'm Forest,Pinnacle,7.15,+300 and longer,0.13881030411905135,0.13618534172182553,0.0026249623972258163,-0.007506325548782833,0,-1.0,True,False
2022/23,2022-08-28,Wolves,Newcastle,Home,Wolves,Pinnacle,2.76,+150 to +199,0.3979212423640831,0.35453793863678124,0.04338330372730187,0.09826262892486937,0,-1.0,True,True
2022/23,2022-08-28,Wolves,Newcastle,Away,Newcastle,Pinnacle,2.79,+150 to +199,0.31938593985187236,0.35072570273746095,-0.031339762885588596,-0.10891322781327606,0,-1.0,False,False
2022/23,2022-08-30,Crystal Palace,Brentford,Home,Crystal Palace,Pinnacle,2.11,+100 to +149,0.46115282867055896,0.463181043526144,-0.00202821485558502,-0.026967531505120657,0,-1.0,False,False
2022/23,2022-08-30,Crystal Palace,Brentford,Away,Brentford,Pinnacle,3.83,+200 to +299,0.26366475123062444,0.2551728464334631,0.008491904797161332,0.009835997213291536,0,-1.0,True,True
2022/23,2022-08-30,Fulham,Brighton,Home,Fulham,Pinnacle,3.26,+200 to +299,0.42592024364893066,0.3003877689962407,0.12553247465268996,0.38849999429551385,1,2.26,True,True
2022/23,2022-08-30,Fulham,Brighton,Away,Brighton,Pinnacle,2.36,+100 to +149,0.3300227776551434,0.41494242666429865,-0.08491964900915527,-0.22114624473386169,0,-1.0,False,False
2022/23,2022-08-30,Leeds,Everton,Home,Leeds,Pinnacle,2.16,+100 to +149,0.49018449437726325,0.45244037961066114,0.03774411476660211,0.058798507854888715,0,-1.0,True,True
2022/23,2022-08-30,Leeds,Everton,Away,Everton,Pinnacle,3.53,+200 to +299,0.27942843968184544,0.2768473710932091,0.002581068588636326,-0.01361760792308564,0,-1.0,True,False
2022/23,2022-08-30,Southampton,Chelsea,Home,Southampton,Pinnacle,5.28,+300 and longer,0.20324330701721838,0.18494682073677832,0.01829648628044006,0.07312466105091309,1,4.28,True,True
2022/23,2022-08-31,Arsenal,Aston Villa,Away,Aston Villa,Pinnacle,6.97,+300 and longer,0.16813736156067746,0.1400722656913931,0.02806509586928435,0.17191741007792194,0,-1.0,True,True
2022/23,2022-08-31,Bournemouth,Wolves,Home,Bournemouth,Pinnacle,3.52,+200 to +299,0.203027074182297,0.27795786061588335,-0.07493078643358633,-0.2853446988783145,0,-1.0,False,False
2022/23,2022-08-31,Bournemouth,Wolves,Away,Wolves,Pinnacle,2.24,+100 to +149,0.44710022130828586,0.4367909238249595,0.010309297483326374,0.001504495730560329,0,-1.0,True,True
2022/23,2022-08-31,Liverpool,Newcastle,Away,Newcastle,Pinnacle,9.75,+300 and longer,0.05935662414266677,0.10013844023996307,-0.0407818160972963,-0.42127291460899896,0,-1.0,False,False
2022/23,2022-08-31,Man City,Nott'm Forest,Away,Nott'm Forest,Pinnacle,31.06,+300 and longer,0.016733521744559655,0.031179853176693154,-0.014446331432133499,-0.4802568146139772,0,-1.0,False,False
2022/23,2022-08-31,West Ham,Tottenham,Home,West Ham,Pinnacle,3.67,+200 to +299,0.2721521993539397,0.2663294031251275,0.00582279622881221,-0.0012014283710413132,0,-1.0,True,False
2022/23,2022-08-31,West Ham,Tottenham,Away,Tottenham,Pinnacle,2.04,+100 to +149,0.47925871850266827,0.4791318183672636,0.00012690013540467282,-0.02231221425455676,0,-1.0,True,False
2022/23,2022-09-01,Leicester,Man United,Home,Leicester,Pinnacle,3.45,+200 to +299,0.33604609250718537,0.2833781588039428,0.052667933703242575,0.15935901914978956,0,-1.0,True,True
2022/23,2022-09-01,Leicester,Man United,Away,Man United,Pinnacle,2.11,+100 to +149,0.41995310267246283,0.4633434350111861,-0.04339033233872325,-0.11389895336110345,1,1.1099999999999999,False,False
2022/23,2022-09-03,Aston Villa,Man City,Home,Aston Villa,Pinnacle,9.25,+300 and longer,0.09004748062965415,0.1052442143735221,-0.015196733743867957,-0.16706080417569913,0,-1.0,False,False
2022/23,2022-09-03,Brentford,Leeds,Home,Brentford,Pinnacle,2.21,+100 to +149,0.5559824231512832,0.44286180471134157,0.11312061843994164,0.22872115516433578,1,1.21,True,True
2022/23,2022-09-03,Brentford,Leeds,Away,Leeds,Pinnacle,3.44,+200 to +299,0.22221715074223222,0.2845129617476933,-0.06229581100546108,-0.23557300144672122,0,-1.0,False,False
2022/23,2022-09-03,Chelsea,West Ham,Away,West Ham,Pinnacle,6.17,+300 and longer,0.17328626639355615,0.15830392905372098,0.014982337339835172,0.06917626364824137,0,-1.0,True,True
2022/23,2022-09-03,Everton,Liverpool,Home,Everton,Pinnacle,8.08,+300 and longer,0.11186668294898498,0.12075311042693682,-0.008886427477951833,-0.09611720177220129,0,-1.0,False,False
2022/23,2022-09-03,Newcastle,Crystal Palace,Home,Newcastle,Pinnacle,2.1,+100 to +149,0.2984990482464441,0.4650490363028504,-0.1665499880564063,-0.3731519986824674,0,-1.0,False,False
2022/23,2022-09-03,Newcastle,Crystal Palace,Away,Crystal Palace,Pinnacle,3.89,+200 to +299,0.41746006385911677,0.25105474967506064,0.16640531418405613,0.6239196484119642,0,-1.0,True,True
2022/23,2022-09-03,Nott'm Forest,Bournemouth,Home,Nott'm Forest,Pinnacle,2.05,+100 to +149,0.5662128994069741,0.47697508110954456,0.0892378182974295,0.16073644378429663,0,-1.0,True,True
2022/23,2022-09-03,Nott'm Forest,Bournemouth,Away,Bournemouth,Pinnacle,4.0,+300 and longer,0.1503459544865425,0.24444972906864157,-0.09410377458209906,-0.39861618205383,1,3.0,False,False
2022/23,2022-09-03,Tottenham,Fulham,Away,Fulham,Pinnacle,6.51,+300 and longer,0.17839278075816162,0.1495004684104423,0.02889231234771933,0.161337002735632,0,-1.0,True,True
2022/23,2022-09-03,Wolves,Southampton,Home,Wolves,Pinnacle,2.3,+100 to +149,0.39007895901610745,0.4257178526841448,-0.03563889366803735,-0.10281839426295292,1,1.2999999999999998,False,False
2022/23,2022-09-03,Wolves,Southampton,Away,Southampton,Pinnacle,3.41,+200 to +299,0.33444132371023055,0.2871410736579275,0.04730025005230304,0.14044491385188618,0,-1.0,True,True
2022/23,2022-09-04,Brighton,Leicester,Away,Leicester,Pinnacle,4.85,+300 and longer,0.18539458075420853,0.201706038716266,-0.016311457962057463,-0.10083628334208872,0,-1.0,False,False
2022/23,2022-09-04,Man United,Arsenal,Home,Man United,Pinnacle,2.7,+150 to +199,0.33449287691698193,0.3621020214066817,-0.027609144489699755,-0.09686923232414868,1,1.7000000000000002,False,False
2022/23,2022-09-04,Man United,Arsenal,Away,Arsenal,Pinnacle,2.68,+150 to +199,0.4155527191247771,0.3648042752977763,0.05074844382700078,0.11368128725440263,0,-1.0,True,True
2022/23,2022-09-16,Aston Villa,Southampton,Home,Aston Villa,Pinnacle,2.14,+100 to +149,0.43371079205514024,0.45753928686786405,-0.02382849481272381,-0.07185890500199987,1,1.1400000000000001,False,False
2022/23,2022-09-16,Aston Villa,Southampton,Away,Southampton,Pinnacle,3.6,+200 to +299,0.29267300395280116,0.27198168719367477,0.020691316759126388,0.053622814230084304,0,-1.0,True,True
2022/23,2022-09-16,Nott'm Forest,Fulham,Home,Nott'm Forest,Pinnacle,2.82,+150 to +199,0.2944408759855593,0.3474228094734087,-0.05298193348784941,-0.1696767297207229,0,-1.0,False,False
2022/23,2022-09-16,Nott'm Forest,Fulham,Away,Fulham,Pinnacle,2.67,+150 to +199,0.4752647350266944,0.3669409448370834,0.10832379018961102,0.26895684252127405,1,1.67,True,True
2022/23,2022-09-17,Newcastle,Bournemouth,Away,Bournemouth,Pinnacle,7.5,+300 and longer,0.10416894286506083,0.13023726552346776,-0.02606832265840693,-0.21873292851204373,0,-1.0,False,False
2022/23,2022-09-17,Tottenham,Leicester,Away,Leicester,Pinnacle,7.04,+300 and longer,0.11582940663097316,0.13869521097253593,-0.022865804341562768,-0.18456097731794896,0,-1.0,False,False
2022/23,2022-09-17,Wolves,Man City,Home,Wolves,Pinnacle,9.3,+300 and longer,0.07234837727709133,0.10500872834698537,-0.03266035106989404,-0.3271600913230506,0,-1.0,False,False
2022/23,2022-09-18,Brentford,Arsenal,Home,Brentford,Pinnacle,4.46,+300 and longer,0.3477163976092366,0.21940595252440057,0.12831044508483605,0.5508151333371953,0,-1.0,True,True
2022/23,2022-09-18,Everton,West Ham,Home,Everton,Pinnacle,2.96,+150 to +199,0.3403638349449308,0.3305886415293372,0.009775193415593575,0.007476951436995005,1,1.96,True,True
2022/23,2022-09-18,Everton,West Ham,Away,West Ham,Pinnacle,2.57,+150 to +199,0.39230938645671615,0.38075578946569577,0.011553596991020376,0.008235123193760518,0,-1.0,True,True
2022/23,2022-10-01,Arsenal,Tottenham,Home,Arsenal,Pinnacle,2.13,+100 to +149,0.41725417190988856,0.458673453224495,-0.041419281314606426,-0.1112486138319374,1,1.13,False,False
2022/23,2022-10-01,Arsenal,Tottenham,Away,Tottenham,Pinnacle,3.57,+200 to +299,0.32798975637425654,0.27366231242806005,0.054327443946196485,0.1709234302560958,0,-1.0,True,True
2022/23,2022-10-01,Bournemouth,Brentford,Home,Bournemouth,Pinnacle,3.45,+200 to +299,0.14825529042292415,0.28393990345500897,-0.13568461303208482,-0.4885192480409116,0,-1.0,False,False
2022/23,2022-10-01,Bournemouth,Brentford,Away,Brentford,Pinnacle,2.25,+100 to +149,0.5815806693580396,0.4353745186310137,0.14620615072702597,0.30855650605558926,0,-1.0,True,True
2022/23,2022-10-01,Crystal Palace,Chelsea,Home,Crystal Palace,Pinnacle,4.42,+300 and longer,0.31232895286560486,0.22066635406563334,0.09166259879997152,0.38049397166597343,0,-1.0,True,True
2022/23,2022-10-01,Fulham,Newcastle,Home,Fulham,Pinnacle,3.11,+200 to +299,0.450626081292578,0.3146760687527545,0.13595001253982347,0.4014471128199175,0,-1.0,True,True
2022/23,2022-10-01,Fulham,Newcastle,Away,Newcastle,Pinnacle,2.38,+100 to +149,0.3065288545581886,0.41119435874834726,-0.10466550419015863,-0.2704613261515111,1,1.38,False,False
2022/23,2022-10-01,Liverpool,Brighton,Away,Brighton,Pinnacle,8.42,+300 and longer,0.13246963688335053,0.11580578891375325,0.016663847969597287,0.11539434255781145,0,-1.0,True,True
2022/23,2022-10-01,Southampton,Everton,Home,Southampton,Pinnacle,2.23,+100 to +149,0.4356868033831407,0.43864014764358955,-0.0029533442604488536,-0.02841842845559628,0,-1.0,False,False
2022/23,2022-10-01,Southampton,Everton,Away,Everton,Pinnacle,3.49,+200 to +299,0.3008862756655939,0.2802772290100873,0.020609046655506613,0.050093102072922724,1,2.49,True,True
2022/23,2022-10-01,West Ham,Wolves,Home,West Ham,Pinnacle,2.01,+100 to +149,0.5404605946286931,0.486836759970275,0.053623834658418135,0.08632579520367312,1,1.0099999999999998,True,True
2022/23,2022-10-01,West Ham,Wolves,Away,Wolves,Pinnacle,4.31,+300 and longer,0.20016560365816569,0.2270398810998266,-0.026874277441660904,-0.13728624823330593,0,-1.0,False,False
2022/23,2022-10-02,Leeds,Aston Villa,Home,Leeds,Pinnacle,2.43,+100 to +149,0.431422700510481,0.40237538240057585,0.02904731810990513,0.04835716224046882,0,-1.0,True,True
2022/23,2022-10-02,Leeds,Aston Villa,Away,Aston Villa,Pinnacle,3.12,+200 to +299,0.3109108654070918,0.31338851898506387,-0.002477653577972083,-0.02995809992987364,0,-1.0,False,False
2022/23,2022-10-02,Man City,Man United,Away,Man United,Pinnacle,7.74,+300 and longer,0.06771934070592005,0.12563950971309928,-0.05792016900717924,-0.47585230293617886,0,-1.0,False,False
2022/23,2022-10-03,Leicester,Nott'm Forest,Away,Nott'm Forest,Pinnacle,4.48,+300 and longer,0.21333310549652618,0.21817290406929235,-0.004839798572766174,-0.04426768737556264,0,-1.0,False,False
2022/23,2022-10-08,Bournemouth,Leicester,Home,Bournemouth,Pinnacle,3.64,+200 to +299,0.22755622802956676,0.2684267892226626,-0.040870561193095845,-0.1716953299723769,1,2.64,False,False
2022/23,2022-10-08,Bournemouth,Leicester,Away,Leicester,Pinnacle,2.09,+100 to +149,0.47044256763670766,0.46749928840693405,0.00294327922977361,-0.016775033639281012,0,-1.0,True,False
2022/23,2022-10-08,Brighton,Tottenham,Home,Brighton,Pinnacle,2.82,+150 to +199,0.3540790648486629,0.3470363833058133,0.007042681542849594,-0.0014970371267706284,0,-1.0,True,False
2022/23,2022-10-08,Brighton,Tottenham,Away,Tottenham,Pinnacle,2.65,+150 to +199,0.37355402649451286,0.3692990946876957,0.004254931806817186,-0.010081829789540975,1,1.65,True,False
2022/23,2022-10-08,Chelsea,Wolves,Away,Wolves,Pinnacle,8.68,+300 and longer,0.11725141187928304,0.11210440583307477,0.005147006046208269,0.01774225511217664,0,-1.0,True,True
2022/23,2022-10-08,Man City,Southampton,Away,Southampton,Pinnacle,20.4,+300 and longer,0.0391776583854036,0.0477389684466448,-0.008561310061241195,-0.2007757689377666,0,-1.0,False,False
2022/23,2022-10-08,Newcastle,Brentford,Away,Brentford,Pinnacle,4.55,+300 and longer,0.35608748565001624,0.21486140325301456,0.14122608239700168,0.6201980597075738,0,-1.0,True,True
2022/23,2022-10-09,Arsenal,Liverpool,Home,Arsenal,Pinnacle,2.67,+150 to +199,0.29451724504010673,0.3666580749274372,-0.07214082988733045,-0.21363895574291503,1,1.67,False,False
2022/23,2022-10-09,Arsenal,Liverpool,Away,Liverpool,Pinnacle,2.66,+150 to +199,0.46735491550929986,0.3680364887429538,0.09931842676634606,0.2431640752547377,0,-1.0,True,True
2022/23,2022-10-09,Crystal Palace,Leeds,Home,Crystal Palace,Pinnacle,2.06,+100 to +149,0.5554375501109466,0.47446096450320946,0.08097658560773718,0.1442013532285502,1,1.06,True,True
2022/23,2022-10-09,Crystal Palace,Leeds,Away,Leeds,Pinnacle,3.76,+200 to +299,0.2085365350728853,0.25994403906292857,-0.05140750399004326,-0.2159026281259513,0,-1.0,False,False
2022/23,2022-10-09,Everton,Man United,Home,Everton,Pinnacle,3.62,+200 to +299,0.32197256241349326,0.270123101931469,0.05184946048202427,0.16554067593684563,0,-1.0,True,True
2022/23,2022-10-09,Everton,Man United,Away,Man United,Pinnacle,2.11,+100 to +149,0.4234695599381432,0.4634339473895344,-0.03996438745139119,-0.10647922853051783,1,1.1099999999999999,False,False
2022/23,2022-10-09,West Ham,Fulham,Away,Fulham,Pinnacle,4.82,+300 and longer,0.1693844926883525,0.20289593917481427,-0.03351144648646176,-0.1835667452421409,0,-1.0,False,False
2022/23,2022-10-10,Nott'm Forest,Aston Villa,Home,Nott'm Forest,Pinnacle,3.4,+200 to +299,0.29794051092554236,0.28768898488120953,0.010251526044332826,0.012997737146843935,0,-1.0,True,True
2022/23,2022-10-10,Nott'm Forest,Aston Villa,Away,Aston Villa,Pinnacle,2.22,+100 to +149,0.4217685893006846,0.44060475161987034,-0.018836162319185723,-0.06367373175248003,0,-1.0,False,False
2022/23,2022-10-14,Brentford,Brighton,Home,Brentford,Pinnacle,3.32,+200 to +299,0.36386236426472324,0.29472760511883,0.06913475914589323,0.20802304935888105,1,2.32,True,True
2022/23,2022-10-14,Brentford,Brighton,Away,Brighton,Pinnacle,2.29,+100 to +149,0.3560482085091385,0.42729067641681906,-0.07124246790768057,-0.1846496025140728,0,-1.0,False,False
2022/23,2022-10-15,Fulham,Bournemouth,Away,Bournemouth,Pinnacle,4.23,+300 and longer,0.22831856116644544,0.23120633977596136,-0.0028877786095159175,-0.03421248626593565,0,-1.0,False,False
2022/23,2022-10-15,Leicester,Crystal Palace,Home,Leicester,Pinnacle,2.38,+100 to +149,0.30201581365656044,0.41097415270903054,-0.1089583390524701,-0.28120236349738614,0,-1.0,False,False
2022/23,2022-10-15,Leicester,Crystal Palace,Away,Crystal Palace,Pinnacle,3.12,+200 to +299,0.4222865949104599,0.3134995139254784,0.10878708098498147,0.31753417612063495,0,-1.0,True,True
2022/23,2022-10-15,Tottenham,Everton,Away,Everton,Pinnacle,7.26,+300 and longer,0.13119197631409632,0.13404809098420112,-0.002856114670104798,-0.04754625195966078,0,-1.0,False,False
2022/23,2022-10-15,Wolves,Nott'm Forest,Away,Nott'm Forest,Pinnacle,5.41,+300 and longer,0.23412990608808765,0.18049198142720715,0.05363792466088049,0.26664279193655416,0,-1.0,True,True
2022/23,2022-10-16,Aston Villa,Chelsea,Home,Aston Villa,Pinnacle,4.78,+300 and longer,0.2332503876352724,0.20435802375728226,0.02889236387799013,0.11493685289660216,0,-1.0,True,True
2022/23,2022-10-16,Leeds,Arsenal,Home,Leeds,Pinnacle,6.23,+300 and longer,0.22476273572330183,0.15671236064158012,0.06805037508172171,0.4002718435561705,0,-1.0,True,True
2022/23,2022-10-16,Liverpool,Man City,Home,Liverpool,Pinnacle,4.0,+300 and longer,0.29855335009833917,0.24384917378845453,0.05470417630988464,0.19421340039335666,1,3.0,True,True
2022/23,2022-10-16,Man United,Newcastle,Home,Man United,Pinnacle,2.04,+100 to +149,0.5116745366376261,0.4792238870910722,0.032450649546553856,0.043816054740757115,0,-1.0,True,True
2022/23,2022-10-16,Man United,Newcastle,Away,Newcastle,Pinnacle,3.8,+200 to +299,0.25114359072768044,0.2572675604383651,-0.006123969710684629,-0.045654355234814314,0,-1.0,False,False
2022/23,2022-10-16,Southampton,West Ham,Home,Southampton,Pinnacle,3.08,+200 to +299,0.32298125275264294,0.31770758896670004,0.005273663785942906,-0.00521774152185972,0,-1.0,True,False
2022/23,2022-10-16,Southampton,West Ham,Away,West Ham,Pinnacle,2.47,+100 to +149,0.4091170047789991,0.39616978705159356,0.012947217727405536,0.010519001804127903,0,-1.0,True,True
2022/23,2022-10-18,Brighton,Nott'm Forest,Away,Nott'm Forest,Pinnacle,8.97,+300 and longer,0.12185526133022878,0.10883468752603001,0.01302057380419877,0.09304169413215235,0,-1.0,True,True
2022/23,2022-10-18,Crystal Palace,Wolves,Home,Crystal Palace,Pinnacle,2.32,+100 to +149,0.5383851043298974,0.42180101744932946,0.11658408688056793,0.24905344204536184,1,1.3199999999999998,True,True
2022/23,2022-10-18,Crystal Palace,Wolves,Away,Wolves,Pinnacle,3.58,+200 to +299,0.18198438191351848,0.2733459107492861,-0.09136152883576762,-0.3484959127496038,0,-1.0,False,False
2022/23,2022-10-19,Bournemouth,Southampton,Home,Bournemouth,Pinnacle,2.76,+150 to +199,0.2721015298980451,0.3547276714999391,-0.08262614160189402,-0.24899977748139557,0,-1.0,False,False
2022/23,2022-10-19,Bournemouth,Southampton,Away,Southampton,Pinnacle,2.74,+150 to +199,0.42131572376655324,0.35731692457658093,0.06399879918997231,0.15440508312035606,1,1.7400000000000002,True,True
2022/23,2022-10-19,Brentford,Chelsea,Home,Brentford,Pinnacle,4.85,+300 and longer,0.2987320059030512,0.20166105007653745,0.09707095582651376,0.4488502286297982,0,-1.0,True,True
2022/23,2022-10-19,Liverpool,West Ham,Away,West Ham,Pinnacle,7.08,+300 and longer,0.12371470812939929,0.13753277911063996,-0.013818070981240674,-0.12409986644385307,0,-1.0,False,False
2022/23,2022-10-19,Man United,Tottenham,Home,Man United,Pinnacle,2.49,+100 to +149,0.33329016365091935,0.393170986973667,-0.059880823322747634,-0.17010749250921076,1,1.4900000000000002,False,False
2022/23,2022-10-19,Man United,Tottenham,Away,Tottenham,Pinnacle,2.93,+150 to +199,0.4094396319185444,0.3341282449025361,0.07531138701600826,0.1996581215213351,0,-1.0,True,True
2022/23,2022-10-19,Newcastle,Everton,Away,Everton,Pinnacle,5.81,+300 and longer,0.23882407186310015,0.16800379193511578,0.07082027992798437,0.38756785752461176,0,-1.0,True,True
2022/23,2022-10-20,Fulham,Aston Villa,Home,Fulham,Pinnacle,2.94,+150 to +199,0.28159502544838283,0.3328072136297729,-0.05121218818139006,-0.17211062518175446,1,1.94,False,False
2022/23,2022-10-20,Fulham,Aston Villa,Away,Aston Villa,Pinnacle,2.54,+150 to +199,0.47099844586056044,0.38521779845335913,0.08578064740720132,0.19633605248582353,0,-1.0,True,True
2022/23,2022-10-20,Leicester,Leeds,Home,Leicester,Pinnacle,2.36,+100 to +149,0.43153744583877,0.41445466879018467,0.01708277704858535,0.01842837217949711,1,1.3599999999999999,True,True
2022/23,2022-10-20,Leicester,Leeds,Away,Leeds,Pinnacle,3.08,+200 to +299,0.32864838165396953,0.31756916180027134,0.011079219853698197,0.012237015494226178,0,-1.0,True,True
2022/23,2022-10-22,Chelsea,Man United,Home,Chelsea,Pinnacle,2.15,+100 to +149,0.5389962628444278,0.4549582312358329,0.08403803160859491,0.15884196511551973,0,-1.0,True,True
2022/23,2022-10-22,Chelsea,Man United,Away,Man United,Pinnacle,3.64,+200 to +299,0.22107585932075138,0.2687253288892969,-0.047649469568545516,-0.1952838720724649,0,-1.0,False,False
2022/23,2022-10-22,Everton,Crystal Palace,Home,Everton,Pinnacle,2.69,+150 to +199,0.3017729781651224,0.36377074798327497,-0.06199776981815258,-0.18823068873582083,1,1.69,False,False
2022/23,2022-10-22,Everton,Crystal Palace,Away,Crystal Palace,Pinnacle,2.97,+150 to +199,0.403013903705166,0.32947586265151835,0.07353804105364764,0.19695129400434297,0,-1.0,True,True
2022/23,2022-10-22,Man City,Brighton,Away,Brighton,Pinnacle,15.39,+300 and longer,0.0968742026035794,0.06307738025087503,0.03379682235270437,0.4908939780690871,0,-1.0,True,True
2022/23,2022-10-22,Nott'm Forest,Liverpool,Home,Nott'm Forest,Pinnacle,11.14,+300 and longer,0.08919806655028152,0.08703280467253043,0.0021652618777510957,-0.006333538629863855,1,10.14,True,False
2022/23,2022-10-23,Aston Villa,Brentford,Home,Aston Villa,Pinnacle,2.23,+100 to +149,0.3623420193633433,0.43862798282269744,-0.07628596345935412,-0.1919772968197444,1,1.23,False,False
2022/23,2022-10-23,Aston Villa,Brentford,Away,Brentford,Pinnacle,3.51,+200 to +299,0.35523309485651194,0.278672479115275,0.07656061574123696,0.24686816294635694,0,-1.0,True,True
2022/23,2022-10-23,Leeds,Fulham,Home,Leeds,Pinnacle,2.06,+100 to +149,0.5733925051384221,0.47447357863660206,0.09891892650182005,0.18118856058514954,0,-1.0,True,True
2022/23,2022-10-23,Leeds,Fulham,Away,Fulham,Pinnacle,3.75,+200 to +299,0.23094819392140667,0.26064415253104006,-0.029695958609633394,-0.13394427279472498,1,2.75,False,False
2022/23,2022-10-23,Southampton,Arsenal,Home,Southampton,Pinnacle,6.2,+300 and longer,0.2298007016957022,0.15716930007985636,0.07263140161584583,0.4247643505133536,0,-1.0,True,True
2022/23,2022-10-23,Tottenham,Newcastle,Home,Tottenham,Pinnacle,2.12,+100 to +149,0.6119166087236777,0.4609022609134848,0.1510143478101929,0.2972632104941968,0,-1.0,True,True
2022/23,2022-10-23,Tottenham,Newcastle,Away,Newcastle,Pinnacle,3.63,+200 to +299,0.1714679493601401,0.26917707799906,-0.0977091286389199,-0.37757134382269153,1,2.63,False,False
2022/23,2022-10-23,Wolves,Leicester,Home,Wolves,Pinnacle,2.3,+100 to +149,0.4032406424097129,0.42529536948704777,-0.022054727077334857,-0.07254652245766036,0,-1.0,False,False
2022/23,2022-10-23,Wolves,Leicester,Away,Leicester,Pinnacle,3.46,+200 to +299,0.3135072270177562,0.2827107947457254,0.03079643227203077,0.08473500548143642,1,2.46,True,True
2022/23,2022-10-24,West Ham,Bournemouth,Away,Bournemouth,Pinnacle,6.53,+300 and longer,0.10978747624762357,0.14943506755693234,-0.03964759130930877,-0.28308778010301805,0,-1.0,False,False
2022/23,2022-10-29,Bournemouth,Tottenham,Home,Bournemouth,Pinnacle,5.41,+300 and longer,0.13419509954892309,0.18016253261398915,-0.045967433065066066,-0.2740045114403261,0,-1.0,False,False
2022/23,2022-10-29,Brentford,Wolves,Home,Brentford,Pinnacle,2.24,+100 to +149,0.5417667507502619,0.43645960211124646,0.10530714863901547,0.21355752168058673,0,-1.0,True,True
2022/23,2022-10-29,Brentford,Wolves,Away,Wolves,Pinnacle,3.44,+200 to +299,0.20266503951291448,0.2842062525375559,-0.0815412130246414,-0.3028322640755742,0,-1.0,False,False
2022/23,2022-10-29,Brighton,Chelsea,Home,Brighton,Pinnacle,3.17,+200 to +299,0.3741116519200844,0.30868475788954824,0.06542689403053614,0.18593393658666746,1,2.17,True,True
2022/23,2022-10-29,Brighton,Chelsea,Away,Chelsea,Pinnacle,2.41,+100 to +149,0.3429986986485259,0.40602932884226883,-0.06303063019374294,-0.17337313625705253,0,-1.0,False,False
2022/23,2022-10-29,Crystal Palace,Southampton,Away,Southampton,Pinnacle,4.22,+300 and longer,0.20648615509386306,0.23154542013131957,-0.025059265037456507,-0.12862842550389797,0,-1.0,False,False
2022/23,2022-10-29,Fulham,Everton,Home,Fulham,Pinnacle,2.39,+100 to +149,0.4359158078773019,0.409446123159822,0.026469684717479902,0.04183878082675152,0,-1.0,True,True
2022/23,2022-10-29,Fulham,Everton,Away,Everton,Pinnacle,3.18,+200 to +299,0.32978688579016496,0.3077283755823819,0.022058510207783044,0.04872229681272455,0,-1.0,True,True
2022/23,2022-10-29,Leicester,Man City,Home,Leicester,Pinnacle,9.62,+300 and longer,0.07905778298086356,0.1009067634706069,-0.021848980489743333,-0.23946412772409253,0,-1.0,False,False
2022/23,2022-10-29,Liverpool,Leeds,Away,Leeds,Pinnacle,9.43,+300 and longer,0.0749080400778625,0.10287153048378395,-0.027963490405921443,-0.2936171820657566,1,8.43,False,False
2022/23,2022-10-29,Newcastle,Aston Villa,Away,Aston Villa,Pinnacle,4.6,+300 and longer,0.2796310903952103,0.21196097099506986,0.06767011940014042,0.28630301581796713,0,-1.0,True,True
2022/23,2022-10-30,Arsenal,Nott'm Forest,Away,Nott'm Forest,Pinnacle,16.85,+300 and longer,0.10306569933791908,0.057741075492554784,0.045324623845364294,0.7366570338439367,0,-1.0,True,True
2022/23,2022-10-30,Man United,West Ham,Away,West Ham,Pinnacle,5.14,+300 and longer,0.28991722312886975,0.1895740435071814,0.10034317962168834,0.4901745268823905,0,-1.0,True,True
2022/23,2022-11-05,Everton,Leicester,Home,Everton,Pinnacle,2.48,+100 to +149,0.4332304075309616,0.3947939262472885,0.03843648128367311,0.0744114106767848,0,-1.0,True,True
2022/23,2022-11-05,Everton,Leicester,Away,Leicester,Pinnacle,3.12,+200 to +299,0.2967130238529057,0.31381055676066516,-0.01709753290775945,-0.0742553655789342,1,2.12,False,False
2022/23,2022-11-05,Leeds,Bournemouth,Away,Bournemouth,Pinnacle,5.08,+300 and longer,0.1575850082618343,0.19257718232503954,-0.034992174063205234,-0.19946815802988171,0,-1.0,False,False
2022/23,2022-11-05,Man City,Fulham,Away,Fulham,Pinnacle,22.62,+300 and longer,0.024963138343840993,0.043089634072738046,-0.018126495728897053,-0.4353338106623167,0,-1.0,False,False
2022/23,2022-11-05,Nott'm Forest,Brentford,Home,Nott'm Forest,Pinnacle,2.83,+150 to +199,0.28376156519660856,0.3461426105430886,-0.062381045346480035,-0.19695477049359777,0,-1.0,False,False
2022/23,2022-11-05,Nott'm Forest,Brentford,Away,Brentford,Pinnacle,2.66,+150 to +199,0.45348102803746826,0.3682645067056168,0.08521652133185148,0.20625953457966562,0,-1.0,True,True
2022/23,2022-11-05,Wolves,Brighton,Home,Wolves,Pinnacle,3.49,+200 to +299,0.24306058673583528,0.2804703435294807,-0.037409756793645416,-0.15171855229193487,0,-1.0,False,False
2022/23,2022-11-05,Wolves,Brighton,Away,Brighton,Pinnacle,2.3,+100 to +149,0.4689534803025635,0.4255832603990817,0.04337021990348183,0.07859300469589603,1,1.2999999999999998,True,True
2022/23,2022-11-06,Aston Villa,Man United,Home,Aston Villa,Pinnacle,3.38,+200 to +299,0.3346955388036751,0.2895485706894321,0.04514696811424296,0.1312709211564218,1,2.38,True,True
2022/23,2022-11-06,Aston Villa,Man United,Away,Man United,Pinnacle,2.22,+100 to +149,0.3930803784047168,0.44084422023886505,-0.047763841834148224,-0.12736155994152853,0,-1.0,False,False
2022/23,2022-11-06,Chelsea,Arsenal,Home,Chelsea,Pinnacle,2.72,+150 to +199,0.4233127497976266,0.3596044919283294,0.06370825786929724,0.15141067944954445,0,-1.0,True,True
2022/23,2022-11-06,Chelsea,Arsenal,Away,Arsenal,Pinnacle,2.71,+150 to +199,0.31405739596245547,0.3609314457730834,-0.04687404981062793,-0.1489044569417457,1,1.71,False,False
2022/23,2022-11-06,Southampton,Newcastle,Home,Southampton,Pinnacle,4.22,+300 and longer,0.34595033153116056,0.23126762292037426,0.1146827086107863,0.45991039906149744,0,-1.0,True,True
2022/23,2022-11-06,Tottenham,Liverpool,Home,Tottenham,Pinnacle,3.33,+200 to +299,0.36605598770389963,0.2935834768378381,0.07247251086606155,0.21896643905398583,0,-1.0,True,True
2022/23,2022-11-06,Tottenham,Liverpool,Away,Liverpool,Pinnacle,2.19,+100 to +149,0.39107652566355966,0.4464077524520552,-0.05533122678849556,-0.14354240879680435,1,1.19,False,False
2022/23,2022-11-06,West Ham,Crystal Palace,Away,Crystal Palace,Pinnacle,4.34,+300 and longer,0.26145541879598444,0.2249849297043629,0.03647048909162154,0.13471651757457237,1,3.34,True,True
2022/23,2022-11-12,Bournemouth,Everton,Home,Bournemouth,Pinnacle,2.94,+150 to +199,0.3061631221229746,0.3329545541209399,-0.026791431997965298,-0.09988042095845473,1,1.94,False,False
2022/23,2022-11-12,Bournemouth,Everton,Away,Everton,Pinnacle,2.63,+150 to +199,0.3920009461406015,0.37220014795268563,0.019800798187915858,0.03096248834978188,0,-1.0,True,True
2022/23,2022-11-12,Liverpool,Southampton,Away,Southampton,Pinnacle,11.55,+300 and longer,0.07953302544347886,0.08370773232442659,-0.004174706880947732,-0.08139355612781918,0,-1.0,False,False
2022/23,2022-11-12,Man City,Brentford,Away,Brentford,Pinnacle,20.24,+300 and longer,0.06774145177681774,0.04812079980087945,0.01962065197593829,0.37108698396279105,1,19.24,True,True
2022/23,2022-11-12,Newcastle,Chelsea,Home,Newcastle,Pinnacle,2.36,+100 to +149,0.33831490287718996,0.41481837330475596,-0.076503470427566,-0.20157682920983178,1,1.3599999999999999,False,False
2022/23,2022-11-12,Newcastle,Chelsea,Away,Chelsea,Pinnacle,3.18,+200 to +299,0.4003839262989478,0.307852629245039,0.09253129705390883,0.27322088563065416,0,-1.0,True,True
2022/23,2022-11-12,Nott'm Forest,Crystal Palace,Home,Nott'm Forest,Pinnacle,3.25,+200 to +299,0.27391573565880684,0.3012663727653072,-0.027350637106500375,-0.10977385910887782,1,2.25,False,False
2022/23,2022-11-12,Nott'm Forest,Crystal Palace,Away,Crystal Palace,Pinnacle,2.43,+100 to +149,0.436166152982763,0.40292827633220096,0.03323787665056205,0.05988375174811411,0,-1.0,True,True
2022/23,2022-11-12,Tottenham,Leeds,Away,Leeds,Pinnacle,5.15,+300 and longer,0.13764151079081371,0.18983471614294112,-0.0521932053521274,-0.29114621942730934,0,-1.0,False,False
2022/23,2022-11-12,West Ham,Leicester,Home,West Ham,Pinnacle,2.14,+100 to +149,0.5546466636282512,0.45682215578994867,0.09782450783830254,0.18694386016445774,0,-1.0,True,True
2022/23,2022-11-12,West Ham,Leicester,Away,Leicester,Pinnacle,3.64,+200 to +299,0.20586320031736421,0.2685712674149698,-0.06270806709760557,-0.25065795084479425,1,2.64,False,False
2022/23,2022-11-12,Wolves,Arsenal,Home,Wolves,Pinnacle,6.5,+300 and longer,0.19525988067624872,0.14973882762623336,0.04552105305001536,0.26918922439561666,0,-1.0,True,True
2022/23,2022-11-13,Brighton,Aston Villa,Away,Aston Villa,Pinnacle,4.33,+300 and longer,0.18480360853028083,0.22569309840309124,-0.04088948987281041,-0.19980037506388404,1,3.33,False,False
2022/23,2022-11-13,Fulham,Man United,Home,Fulham,Pinnacle,4.0,+300 and longer,0.31070609135586896,0.24454268079061856,0.06616341056525041,0.24282436542347585,0,-1.0,True,True
2022/23,2022-12-26,Arsenal,West Ham,Away,West Ham,Pinnacle,6.85,+300 and longer,0.18471040292564378,0.14213435303154276,0.04257604989410102,0.2652662600406599,0,-1.0,True,True
2022/23,2022-12-26,Aston Villa,Liverpool,Home,Aston Villa,Pinnacle,4.51,+300 and longer,0.19538828523329999,0.21634520196572685,-0.02095691673242686,-0.11879883359781707,0,-1.0,False,False
2022/23,2022-12-26,Brentford,Tottenham,Home,Brentford,Pinnacle,4.0,+300 and longer,0.32643757161626413,0.24385387671050454,0.08258369490575959,0.30575028646505653,0,-1.0,True,True
2022/23,2022-12-26,Crystal Palace,Fulham,Home,Crystal Palace,Pinnacle,2.09,+100 to +149,0.571521727773046,0.46751407526710037,0.10400765250594562,0.19448041104566616,0,-1.0,True,True
2022/23,2022-12-26,Crystal Palace,Fulham,Away,Fulham,Pinnacle,3.68,+200 to +299,0.20583448961404072,0.26551750470332597,-0.05968301508928525,-0.2425290782203301,1,2.68,False,False
2022/23,2022-12-26,Everton,Wolves,Home,Everton,Pinnacle,2.41,+100 to +149,0.4282080666572648,0.40636849490938404,0.02183957174788076,0.03198144064400821,0,-1.0,True,True
2022/23,2022-12-26,Everton,Wolves,Away,Wolves,Pinnacle,3.34,+200 to +299,0.2859525478141975,0.29321798584778913,-0.007265438033591642,-0.04491849030058048,1,2.34,False,False
2022/23,2022-12-26,Leicester,Newcastle,Home,Leicester,Pinnacle,3.36,+200 to +299,0.35807836257506714,0.2909860859044162,0.06709227667065093,0.20314329825222566,0,-1.0,True,True
2022/23,2022-12-26,Leicester,Newcastle,Away,Newcastle,Pinnacle,2.22,+100 to +149,0.3826694572433334,0.440411373260738,-0.05774191601740458,-0.15047380491979978,1,1.2200000000000002,False,False
2022/23,2022-12-26,Southampton,Brighton,Home,Southampton,Pinnacle,3.5,+200 to +299,0.2748933844752261,0.27950708739938745,-0.004613702924161356,-0.03787315433670868,0,-1.0,False,False
2022/23,2022-12-26,Southampton,Brighton,Away,Brighton,Pinnacle,2.18,+100 to +149,0.46252243150308076,0.44874991096231925,0.013772520540761501,0.008298900676716015,1,1.1800000000000002,True,True
2022/23,2022-12-27,Chelsea,Bournemouth,Away,Bournemouth,Pinnacle,10.69,+300 and longer,0.11371464193021037,0.09117959617428269,0.022535045755927685,0.2156095222339489,0,-1.0,True,True
2022/23,2022-12-27,Man United,Nott'm Forest,Away,Nott'm Forest,Pinnacle,11.66,+300 and longer,0.15228837799674358,0.08370738400692349,0.0685809939898201,0.77568248744203,0,-1.0,True,True
2022/23,2022-12-28,Leeds,Man City,Home,Leeds,Pinnacle,9.78,+300 and longer,0.11144768367465246,0.09928948262536731,0.012158201049285153,0.08995834633810107,0,-1.0,True,True
2022/23,2022-12-30,Liverpool,Leicester,Away,Leicester,Pinnacle,9.55,+300 and longer,0.08782562996714655,0.1014116499637761,-0.013586019996629548,-0.16126523381375046,0,-1.0,False,False
2022/23,2022-12-30,West Ham,Brentford,Home,West Ham,Pinnacle,2.08,+100 to +149,0.42107872761473336,0.47037866519656824,-0.049299937581834874,-0.1241562465613546,0,-1.0,False,False
2022/23,2022-12-30,West Ham,Brentford,Away,Brentford,Pinnacle,3.73,+200 to +299,0.31718702803867366,0.26230231195948045,0.05488471607919321,0.18310761458425273,1,2.73,True,True
2022/23,2022-12-31,Bournemouth,Crystal Palace,Home,Bournemouth,Pinnacle,2.97,+150 to +199,0.2606499006506176,0.32928466796875,-0.0686347673181324,-0.2258697950676657,0,-1.0,False,False
2022/23,2022-12-31,Bournemouth,Crystal Palace,Away,Crystal Palace,Pinnacle,2.6,+150 to +199,0.4315514956680587,0.3761444091796875,0.05540708648837123,0.12203388873695276,1,1.6,True,True
2022/23,2022-12-31,Brighton,Arsenal,Home,Brighton,Pinnacle,3.6,+200 to +299,0.34400931305154675,0.2713987033008807,0.07261060975066608,0.2384335269855684,0,-1.0,True,True
2022/23,2022-12-31,Brighton,Arsenal,Away,Arsenal,Pinnacle,2.13,+100 to +149,0.38766700714670216,0.4587020337479673,-0.07103502660126515,-0.1742692747775244,1,1.13,False,False
2022/23,2022-12-31,Fulham,Southampton,Home,Fulham,Pinnacle,2.04,+100 to +149,0.4762078553988966,0.47968513738875107,-0.003477281989854475,-0.028535974986250934,1,1.04,False,False
2022/23,2022-12-31,Fulham,Southampton,Away,Southampton,Pinnacle,3.95,+200 to +299,0.3015046792368161,0.24773612158811445,0.05376855764870167,0.19094348298542374,0,-1.0,True,True
2022/23,2022-12-31,Man City,Everton,Away,Everton,Pinnacle,23.85,+300 and longer,0.044192534442859484,0.040728524813465616,0.0034640096293938674,0.05399194646219874,0,-1.0,True,True
2022/23,2022-12-31,Newcastle,Leeds,Away,Leeds,Pinnacle,6.8,+300 and longer,0.23025762740594757,0.14325775178270972,0.08699987562323785,0.5657518663604435,0,-1.0,True,True
2022/23,2022-12-31,Wolves,Man United,Home,Wolves,Pinnacle,4.16,+300 and longer,0.26220181634501877,0.23443230601861803,0.027769510326400737,0.09075955599527807,0,-1.0,True,True
2022/23,2023-01-01,Nott'm Forest,Chelsea,Home,Nott'm Forest,Pinnacle,5.43,+300 and longer,0.20277409525235357,0.17990661660692822,0.02286747864542535,0.10106333722027983,0,-1.0,True,True
2022/23,2023-01-01,Tottenham,Aston Villa,Away,Aston Villa,Pinnacle,5.01,+300 and longer,0.16547188374881533,0.1946630183783431,-0.02919113462952777,-0.17098586241843527,1,4.01,False,False
2022/23,2023-01-02,Brentford,Liverpool,Home,Brentford,Pinnacle,5.76,+300 and longer,0.26044276147411966,0.16924117713383696,0.0912015843402827,0.5001503060909291,1,4.76,True,True
2022/23,2023-01-03,Arsenal,Newcastle,Away,Newcastle,Pinnacle,4.45,+300 and longer,0.18750156940602086,0.21938117422115663,-0.03187960481513577,-0.16561801614320715,0,-1.0,False,False
2022/23,2023-01-03,Everton,Brighton,Home,Everton,Pinnacle,3.67,+200 to +299,0.2618498753271865,0.266484690328299,-0.004634815001112513,-0.03901095754922557,0,-1.0,False,False
2022/23,2023-01-03,Everton,Brighton,Away,Brighton,Pinnacle,2.15,+100 to +149,0.47188546468820475,0.45488316907202664,0.01700229561617811,0.014553749079640133,1,1.15,True,True
2022/23,2023-01-03,Leicester,Fulham,Home,Leicester,Pinnacle,2.26,+100 to +149,0.4353051735685084,0.4324982426135417,0.002806930954966702,-0.01621030773517107,0,-1.0,True,False
2022/23,2023-01-03,Leicester,Fulham,Away,Fulham,Pinnacle,3.2,+200 to +299,0.33094260788627006,0.3054518838458138,0.02549072404045627,0.05901634523606414,1,2.2,True,True
2022/23,2023-01-03,Man United,Bournemouth,Away,Bournemouth,Pinnacle,10.83,+300 and longer,0.12376900695824816,0.08933076124054015,0.03443824571770801,0.34041834535782756,0,-1.0,True,True
2022/23,2023-01-04,Aston Villa,Wolves,Away,Wolves,Pinnacle,3.93,+200 to +299,0.230456949362487,0.24875082696418538,-0.018293877601698372,-0.09430418900542603,0,-1.0,False,False
2022/23,2023-01-04,Crystal Palace,Tottenham,Home,Crystal Palace,Pinnacle,3.39,+200 to +299,0.2995271044540443,0.28842492404070913,0.011102180413335161,0.01539688409921025,0,-1.0,True,True
2022/23,2023-01-04,Crystal Palace,Tottenham,Away,Tottenham,Pinnacle,2.23,+100 to +149,0.4181102115297007,0.4384576199542619,-0.02034740842456123,-0.06761422828876751,1,1.23,False,False
2022/23,2023-01-04,Leeds,West Ham,Home,Leeds,Pinnacle,2.65,+150 to +199,0.3438163661287361,0.3691593185353709,-0.025342952406634756,-0.08888662975884931,0,-1.0,False,False
2022/23,2023-01-04,Leeds,West Ham,Away,West Ham,Pinnacle,2.73,+150 to +199,0.4067341088873505,0.35834146304715486,0.04839264584019565,0.11038411726246689,0,-1.0,True,True
2022/23,2023-01-04,Southampton,Nott'm Forest,Home,Southampton,Pinnacle,2.1,+100 to +149,0.4881923883140982,0.46591176837465875,0.022280619939439472,0.025204015459606266,0,-1.0,True,True
2022/23,2023-01-04,Southampton,Nott'm Forest,Away,Nott'm Forest,Pinnacle,3.82,+200 to +299,0.25001846012105194,0.2561295061745506,-0.006111046053498659,-0.04492948233758165,1,2.82,False,False
2022/23,2023-01-05,Chelsea,Man City,Home,Chelsea,Pinnacle,5.6,+300 and longer,0.2038354483633754,0.17450621568751185,0.029329232675863542,0.14147851083490215,0,-1.0,True,True
2022/23,2023-01-12,Fulham,Chelsea,Home,Fulham,Pinnacle,3.43,+200 to +299,0.2801846042318906,0.28532184777814035,-0.005137243546249726,-0.03896680748461512,1,2.43,False,False
2022/23,2023-01-12,Fulham,Chelsea,Away,Chelsea,Pinnacle,2.21,+100 to +149,0.4896039869822967,0.4428298361443537,0.04677415083794301,0.08202481123087568,0,-1.0,True,True
2022/23,2023-01-13,Aston Villa,Leeds,Away,Leeds,Pinnacle,4.11,+300 and longer,0.28187128035598125,0.23765672825467152,0.04421455210130973,0.158490962263083,0,-1.0,True,True
2022/23,2023-01-14,Brentford,Bournemouth,Away,Bournemouth,Pinnacle,5.23,+300 and longer,0.1334516146095942,0.18663821273757916,-0.05318659812798496,-0.30204805559182224,0,-1.0,False,False
2022/23,2023-01-14,Brighton,Liverpool,Home,Brighton,Pinnacle,3.39,+200 to +299,0.2931713712191681,0.2882983371639071,0.004873034055260961,-0.0061490515670201695,1,2.39,True,False
2022/23,2023-01-14,Brighton,Liverpool,Away,Liverpool,Pinnacle,2.17,+100 to +149,0.47265927922034034,0.45038311658324665,0.0222761626370937,0.02567063590813845,0,-1.0,True,True
2022/23,2023-01-14,Everton,Southampton,Home,Everton,Pinnacle,2.28,+100 to +149,0.39513719622102383,0.42849604221635884,-0.03335884599533501,-0.09908719261606569,0,-1.0,False,False
2022/23,2023-01-14,Everton,Southampton,Away,Southampton,Pinnacle,3.36,+200 to +299,0.3334070026077656,0.29076517150395775,0.04264183110380787,0.12024752876209255,1,2.36,True,True
2022/23,2023-01-14,Man United,Man City,Home,Man United,Pinnacle,4.26,+300 and longer,0.17877150616772258,0.22932233002490615,-0.05055082385718357,-0.23843338372550182,1,3.26,False,False
2022/23,2023-01-14,Nott'm Forest,Leicester,Home,Nott'm Forest,Pinnacle,2.74,+150 to +199,0.3663413092031483,0.35723721170343603,0.00910409749971225,0.0037751872166262856,1,1.7400000000000002,True,True
2022/23,2023-01-14,Nott'm Forest,Leicester,Away,Leicester,Pinnacle,2.72,+150 to +199,0.35648217028966717,0.3598639559071377,-0.003381785617470545,-0.030368496812105183,0,-1.0,False,False
2022/23,2023-01-14,Wolves,West Ham,Home,Wolves,Pinnacle,2.75,+150 to +199,0.2834441726142818,0.3557397729320598,-0.07229560031777799,-0.2205285253107251,1,1.75,False,False
2022/23,2023-01-14,Wolves,West Ham,Away,West Ham,Pinnacle,2.82,+150 to +199,0.4283546545777624,0.34690935303658316,0.08144530154117924,0.2079601259092898,0,-1.0,True,True
2022/23,2023-01-15,Chelsea,Crystal Palace,Away,Crystal Palace,Pinnacle,5.64,+300 and longer,0.20855422598470508,0.1729689254960689,0.03558530048863617,0.17624583455373655,0,-1.0,True,True
2022/23,2023-01-15,Newcastle,Fulham,Away,Fulham,Pinnacle,6.52,+300 and longer,0.21359755132469252,0.14937847482249034,0.06421907650220218,0.39265603463699517,0,-1.0,True,True
2022/23,2023-01-15,Tottenham,Arsenal,Home,Tottenham,Pinnacle,3.34,+200 to +299,0.38686898757370153,0.2931191660201846,0.09374982155351691,0.29214241849616296,0,-1.0,True,True
2022/23,2023-01-15,Tottenham,Arsenal,Away,Arsenal,Pinnacle,2.21,+100 to +149,0.3565970051338391,0.44299457670018844,-0.08639757156634936,-0.21192061865421563,1,1.21,False,False
2022/23,2023-01-18,Crystal Palace,Man United,Home,Crystal Palace,Pinnacle,4.62,+300 and longer,0.3238243233761676,0.2113155241935484,0.11250879918261922,0.4960683739978944,0,-1.0,True,True
2022/23,2023-01-19,Man City,Tottenham,Away,Tottenham,Pinnacle,7.8,+300 and longer,0.14098877326796858,0.12485391695722303,0.016134856310745543,0.09971243149015496,0,-1.0,True,True
2022/23,2023-01-21,Bournemouth,Nott'm Forest,Home,Bournemouth,Pinnacle,2.86,+150 to +199,0.3315018302106564,0.34221718829457726,-0.010715358083920878,-0.05190476559752277,0,-1.0,False,False
2022/23,2023-01-21,Bournemouth,Nott'm Forest,Away,Nott'm Forest,Pinnacle,2.82,+150 to +199,0.3711842633217391,0.34707133280939395,0.024112930512345143,0.04673962256730424,0,-1.0,True,True
2022/23,2023-01-21,Crystal Palace,Newcastle,Home,Crystal Palace,Pinnacle,4.52,+300 and longer,0.3589887068304398,0.21643742184835738,0.14255128498208244,0.6226289548735879,0,-1.0,True,True
2022/23,2023-01-21,Leicester,Brighton,Home,Leicester,Pinnacle,3.61,+200 to +299,0.27500257194620703,0.27084904971649676,0.004153522229710271,-0.007240715274192677,0,-1.0,True,False
2022/23,2023-01-21,Leicester,Brighton,Away,Brighton,Pinnacle,2.1,+100 to +149,0.4653517535354454,0.4656024140364539,-0.0002506605010085261,-0.022761317575564655,0,-1.0,False,False
2022/23,2023-01-21,Liverpool,Chelsea,Away,Chelsea,Pinnacle,4.2,+300 and longer,0.22784602078819666,0.2323044172432144,-0.004458396455017749,-0.04304671268957405,0,-1.0,False,False
2022/23,2023-01-21,Southampton,Aston Villa,Home,Southampton,Pinnacle,2.96,+150 to +199,0.38348965958714265,0.33086954546143016,0.05262011412571249,0.1351293923779422,0,-1.0,True,True
2022/23,2023-01-21,Southampton,Aston Villa,Away,Aston Villa,Pinnacle,2.57,+150 to +199,0.33832916874740726,0.38107932084273666,-0.0427501520953294,-0.13049403631916334,1,1.5699999999999998,False,False
2022/23,2023-01-21,West Ham,Everton,Away,Everton,Pinnacle,5.0,+300 and longer,0.20117555557538372,0.19542258700320655,0.005752968572177164,0.005877777876918566,0,-1.0,True,True
2022/23,2023-01-22,Arsenal,Man United,Away,Man United,Pinnacle,4.19,+300 and longer,0.23895755587382428,0.2326879601914649,0.00626959568235938,0.001232159111323794,0,-1.0,True,True
2022/23,2023-01-22,Leeds,Brentford,Home,Leeds,Pinnacle,2.39,+100 to +149,0.3295529198700641,0.40953324226703536,-0.07998032239697128,-0.21236852151054686,0,-1.0,False,False
2022/23,2023-01-22,Leeds,Brentford,Away,Brentford,Pinnacle,2.99,+150 to +199,0.4324054105958993,0.3273526585345199,0.10505275206137943,0.29289217768173903,0,-1.0,True,True
2022/23,2023-01-22,Man City,Wolves,Away,Wolves,Pinnacle,14.95,+300 and longer,0.04847192188326092,0.06488205671879141,-0.016410134835530492,-0.2753447678452493,0,-1.0,False,False
2022/23,2023-01-23,Fulham,Tottenham,Home,Fulham,Pinnacle,3.33,+200 to +299,0.24758982209481012,0.29350606398587004,-0.04591624189105992,-0.1755258924242823,0,-1.0,False,False
2022/23,2023-01-23,Fulham,Tottenham,Away,Tottenham,Pinnacle,2.15,+100 to +149,0.5351291727623259,0.45459311305718475,0.0805360597051411,0.15052772143900062,1,1.15,True,True
2022/23,2023-02-03,Chelsea,Fulham,Away,Fulham,Pinnacle,5.79,+300 and longer,0.15481908698859498,0.16898028750196226,-0.014161200513367278,-0.10359748633603505,0,-1.0,False,False
2022/23,2023-02-04,Aston Villa,Leicester,Home,Aston Villa,Pinnacle,2.02,+100 to +149,0.4566240492574131,0.4835902745690571,-0.026966225311644,-0.07761942050002546,0,-1.0,False,False
2022/23,2023-02-04,Aston Villa,Leicester,Away,Leicester,Pinnacle,3.95,+200 to +299,0.2708236223809871,0.24730439357708742,0.0235192288038997,0.06975330840489913,1,2.95,True,True
2022/23,2023-02-04,Brentford,Southampton,Away,Southampton,Pinnacle,4.36,+300 and longer,0.1975326120262229,0.22443586094734702,-0.026903248921124112,-0.13875781156566802,0,-1.0,False,False
2022/23,2023-02-04,Brighton,Bournemouth,Away,Bournemouth,Pinnacle,9.88,+300 and longer,0.11505501673520896,0.09860574681353987,0.01644926992166909,0.13674356534386467,0,-1.0,True,True
2022/23,2023-02-04,Everton,Arsenal,Home,Everton,Pinnacle,8.93,+300 and longer,0.1620848259528517,0.10895175208223906,0.05313307387061264,0.4474174957589656,1,7.93,True,True
2022/23,2023-02-04,Man United,Crystal Palace,Away,Crystal Palace,Pinnacle,8.97,+300 and longer,0.21203235786516908,0.10883067273456104,0.10320168513060804,0.9019302500505668,0,-1.0,True,True
2022/23,2023-02-04,Newcastle,West Ham,Away,West Ham,Pinnacle,6.3,+300 and longer,0.2848626048748072,0.15499232355554704,0.12987028131926015,0.7946344107112853,0,-1.0,True,True
2022/23,2023-02-04,Wolves,Liverpool,Home,Wolves,Pinnacle,4.14,+300 and longer,0.15103766063532983,0.23563169164882225,-0.08459403101349242,-0.3747040849697345,1,3.1399999999999997,False,False
2022/23,2023-02-05,Nott'm Forest,Leeds,Home,Nott'm Forest,Pinnacle,2.69,+150 to +199,0.3912085124067476,0.363359638375429,0.027848874031318582,0.05235089837415097,1,1.69,True,True
2022/23,2023-02-05,Nott'm Forest,Leeds,Away,Leeds,Pinnacle,2.76,+150 to +199,0.3564679790010012,0.35414399537315366,0.0023239836278475257,-0.01614837795723678,0,-1.0,True,False
2022/23,2023-02-05,Tottenham,Man City,Home,Tottenham,Pinnacle,4.44,+300 and longer,0.2269851452500165,0.22006909492660856,0.006916050323407946,0.007814044910073425,1,3.4400000000000004,True,True
2022/23,2023-02-08,Man United,Leeds,Away,Leeds,Pinnacle,6.69,+300 and longer,0.1828996861837417,0.14569520714480566,0.037204479038936034,0.22359890056923204,0,-1.0,True,True
2022/23,2023-02-11,Arsenal,Brentford,Away,Brentford,Pinnacle,7.32,+300 and longer,0.199343045746756,0.13308166646738295,0.06626137927937303,0.45919109486625387,0,-1.0,True,True
2022/23,2023-02-11,Bournemouth,Newcastle,Home,Bournemouth,Pinnacle,6.53,+300 and longer,0.21919593342313506,0.14966161069640335,0.06953432272673171,0.43134944525307195,0,-1.0,True,True
2022/23,2023-02-11,Crystal Palace,Brighton,Home,Crystal Palace,Pinnacle,3.9,+200 to +299,0.31842642671473825,0.25070765359843566,0.06771877311630259,0.24186306418747905,0,-1.0,True,True
2022/23,2023-02-11,Crystal Palace,Brighton,Away,Brighton,Pinnacle,2.06,+100 to +149,0.3974973195798922,0.4746407034145141,-0.07714338383462188,-0.18115552166542204,0,-1.0,False,False
2022/23,2023-02-11,Fulham,Nott'm Forest,Away,Nott'm Forest,Pinnacle,4.37,+300 and longer,0.2469809557501319,0.22338047702752825,0.02360047872260365,0.07930677662807639,0,-1.0,True,True
2022/23,2023-02-11,Leicester,Tottenham,Home,Leicester,Pinnacle,3.46,+200 to +299,0.24828225623971828,0.28272651374718766,-0.03444425750746938,-0.1409433934105747,1,2.46,False,False
2022/23,2023-02-11,Leicester,Tottenham,Away,Tottenham,Pinnacle,2.16,+100 to +149,0.5070968058477309,0.4528859896135505,0.05421081623418039,0.09532910063109878,0,-1.0,True,True
2022/23,2023-02-11,Southampton,Wolves,Home,Southampton,Pinnacle,3.16,+200 to +299,0.4281380418778126,0.3093172819444762,0.1188207599333364,0.35291621233388804,0,-1.0,True,True
2022/23,2023-02-11,Southampton,Wolves,Away,Wolves,Pinnacle,2.55,+150 to +199,0.2889047537500953,0.3833108278213902,-0.09440607407129492,-0.2632928779372571,1,1.5499999999999998,False,False
2022/23,2023-02-11,West Ham,Chelsea,Home,West Ham,Pinnacle,3.43,+200 to +299,0.3374546228000894,0.28497266453669423,0.05248195826339519,0.1574693562043068,0,-1.0,True,True
2022/23,2023-02-11,West Ham,Chelsea,Away,Chelsea,Pinnacle,2.3,+100 to +149,0.38467872587638885,0.4249809736351572,-0.04030224775876834,-0.11523893048430567,0,-1.0,False,False
2022/23,2023-02-12,Leeds,Man United,Home,Leeds,Pinnacle,3.98,+200 to +299,0.2932777040303409,0.2450998315465075,0.04817787248383343,0.16724526204075696,0,-1.0,True,True
2022/23,2023-02-12,Man City,Aston Villa,Away,Aston Villa,Pinnacle,11.78,+300 and longer,0.06444889461022409,0.08252203773852092,-0.01807314312829683,-0.24079202149156032,0,-1.0,False,False
2022/23,2023-02-13,Liverpool,Everton,Away,Everton,Pinnacle,6.39,+300 and longer,0.09003278505799547,0.15269693484652244,-0.06266414978852697,-0.42469050347940895,0,-1.0,False,False
2022/23,2023-02-15,Arsenal,Man City,Home,Arsenal,Pinnacle,2.95,+150 to +199,0.2629543999190816,0.3312759510717091,-0.0683215511526275,-0.22428452023870926,0,-1.0,False,False
2022/23,2023-02-15,Arsenal,Man City,Away,Man City,Pinnacle,2.46,+100 to +149,0.48734959225845864,0.3972618112445292,0.09008778101392945,0.19887999695580816,1,1.46,True,True
2022/23,2023-02-18,Aston Villa,Arsenal,Home,Aston Villa,Pinnacle,4.54,+300 and longer,0.22941842346723465,0.21510969676570485,0.0143087267015298,0.04155964254124522,0,-1.0,True,True
2022/23,2023-02-18,Brentford,Crystal Palace,Away,Crystal Palace,Pinnacle,4.84,+300 and longer,0.22233966798579907,0.2018883509486974,0.02045131703710168,0.07612399305126738,0,-1.0,True,True
2022/23,2023-02-18,Brighton,Fulham,Away,Fulham,Pinnacle,5.46,+300 and longer,0.17463561613547926,0.1785186180938298,-0.003883001958350535,-0.04648953590028326,1,4.46,False,False
2022/23,2023-02-18,Chelsea,Southampton,Away,Southampton,Pinnacle,9.69,+300 and longer,0.14328319037806733,0.10051640075582564,0.04276678962224169,0.3884141147634723,1,8.69,True,True
2022/23,2023-02-18,Everton,Leeds,Home,Everton,Pinnacle,2.53,+150 to +199,0.39182619148842324,0.386404782237404,0.005421409251019249,-0.008679735534289246,1,1.5299999999999998,True,False
2022/23,2023-02-18,Everton,Leeds,Away,Leeds,Pinnacle,3.03,+200 to +299,0.3519029899525391,0.32264161685169374,0.029261373100845367,0.06626605955619347,0,-1.0,True,True
2022/23,2023-02-18,Newcastle,Liverpool,Home,Newcastle,Pinnacle,2.57,+150 to +199,0.29881540930963474,0.3803402703476544,-0.08152486103801965,-0.23204439807423882,0,-1.0,False,False
2022/23,2023-02-18,Newcastle,Liverpool,Away,Liverpool,Pinnacle,2.82,+150 to +199,0.4688807238405497,0.3466221612742808,0.12225856256626888,0.32224364123035,1,1.8199999999999998,True,True
2022/23,2023-02-18,Nott'm Forest,Man City,Home,Nott'm Forest,Pinnacle,10.3,+300 and longer,0.08237832792484043,0.09468854649169839,-0.012310218566857961,-0.1515032223741435,0,-1.0,False,False
2022/23,2023-02-18,Wolves,Bournemouth,Away,Bournemouth,Pinnacle,5.78,+300 and longer,0.238077357690117,0.16898949288127163,0.06908786480884538,0.3760871274488764,1,4.78,True,True
2022/23,2023-02-19,Man United,Leicester,Away,Leicester,Pinnacle,5.37,+300 and longer,0.1856979188426524,0.18208725236667658,0.0036106664759758267,-0.0028021758149565645,0,-1.0,True,False
2022/23,2023-02-19,Tottenham,West Ham,Away,West Ham,Pinnacle,4.47,+300 and longer,0.22546193912535878,0.21837855969289352,0.007083379432465259,0.007814867890353794,0,-1.0,True,True
2022/23,2023-02-24,Fulham,Wolves,Home,Fulham,Pinnacle,2.59,+150 to +199,0.47687898300286785,0.3778643708488069,0.09901461215406093,0.2351165659774277,0,-1.0,True,True
2022/23,2023-02-24,Fulham,Wolves,Away,Wolves,Pinnacle,3.04,+200 to +299,0.26950808828632566,0.32193050016395064,-0.052422411877624975,-0.18069541160956992,0,-1.0,False,False
2022/23,2023-02-25,Bournemouth,Man City,Home,Bournemouth,Pinnacle,9.67,+300 and longer,0.07097720042505037,0.09878367143772472,-0.027806471012674347,-0.3136504718897629,0,-1.0,False,False
2022/23,2023-02-25,Crystal Palace,Liverpool,Home,Crystal Palace,Pinnacle,4.86,+300 and longer,0.2352099954817395,0.2008270560579282,0.03438293942381129,0.1431205780412539,0,-1.0,True,True
2022/23,2023-02-25,Everton,Aston Villa,Home,Everton,Pinnacle,2.59,+150 to +199,0.3935243984796571,0.37791418059818144,0.015610217881475652,0.019228192062311855,0,-1.0,True,True
2022/23,2023-02-25,Everton,Aston Villa,Away,Aston Villa,Pinnacle,3.05,+200 to +299,0.327350955705743,0.32091728778665246,0.006433667919090558,-0.0015795850974839043,1,2.05,True,False
2022/23,2023-02-25,Leeds,Southampton,Home,Leeds,Pinnacle,2.02,+100 to +149,0.4742869765143505,0.4838333916884377,-0.00954641517408722,-0.04194030744101207,1,1.02,False,False
2022/23,2023-02-25,Leeds,Southampton,Away,Southampton,Pinnacle,3.97,+200 to +299,0.27916740460526995,0.24618222952409172,0.032985175081178236,0.10829459628292182,0,-1.0,True,True
2022/23,2023-02-25,Leicester,Arsenal,Home,Leicester,Pinnacle,4.93,+300 and longer,0.21134336934939155,0.1978540403746421,0.013489328974749443,0.04192281089250027,0,-1.0,True,True
2022/23,2023-02-25,West Ham,Nott'm Forest,Away,Nott'm Forest,Pinnacle,5.16,+300 and longer,0.1755589843394372,0.189669954706458,-0.014110970367020803,-0.09411564080850399,0,-1.0,False,False
2022/23,2023-02-26,Tottenham,Chelsea,Home,Tottenham,Pinnacle,2.59,+150 to +199,0.4405704037521993,0.37795275590551186,0.06261764784668744,0.1410773457181962,1,1.5899999999999999,True,True
2022/23,2023-02-26,Tottenham,Chelsea,Away,Chelsea,Pinnacle,2.96,+150 to +199,0.2944548219261901,0.33070866141732286,-0.036253839491132756,-0.12841372709847731,0,-1.0,False,False
2022/23,2023-03-01,Arsenal,Everton,Away,Everton,Pinnacle,9.1,+300 and longer,0.10506834741700313,0.10626348696951252,-0.0011951395525093833,-0.0438780385052715,0,-1.0,False,False
2022/23,2023-03-01,Liverpool,Wolves,Away,Wolves,Pinnacle,6.68,+300 and longer,0.0943407613526158,0.1450095420245796,-0.0506687806719638,-0.3698037141645264,0,-1.0,False,False
2022/23,2023-03-04,Arsenal,Bournemouth,Away,Bournemouth,Pinnacle,13.69,+300 and longer,0.07944124941086342,0.07029529151632696,0.009145957894536455,0.08755070443472013,0,-1.0,True,True
2022/23,2023-03-04,Aston Villa,Crystal Palace,Home,Aston Villa,Pinnacle,2.08,+100 to +149,0.3821347088481718,0.46761444056880347,-0.08547973172063167,-0.2051598055958026,1,1.08,False,False
2022/23,2023-03-04,Aston Villa,Crystal Palace,Away,Crystal Palace,Pinnacle,3.99,+200 to +299,0.3265106483735042,0.24376893142433867,0.08274171694916552,0.30277748701028173,0,-1.0,True,True
2022/23,2023-03-04,Brighton,West Ham,Away,West Ham,Pinnacle,4.75,+300 and longer,0.24912610975888483,0.20438336381446165,0.04474274594442318,0.18334902135470288,0,-1.0,True,True
2022/23,2023-03-04,Chelsea,Leeds,Away,Leeds,Pinnacle,5.62,+300 and longer,0.15810620110615425,0.17260082910387045,-0.014494627997716197,-0.11144314978341308,0,-1.0,False,False
2022/23,2023-03-04,Man City,Newcastle,Away,Newcastle,Pinnacle,6.5,+300 and longer,0.09807793349361521,0.1494911485504148,-0.05141321505679958,-0.3624934322915011,0,-1.0,False,False
2022/23,2023-03-04,Southampton,Leicester,Home,Southampton,Pinnacle,2.85,+150 to +199,0.41400020551950084,0.3411744206307719,0.07282578488872893,0.17990058573057754,1,1.85,True,True
2022/23,2023-03-04,Southampton,Leicester,Away,Leicester,Pinnacle,2.67,+150 to +199,0.31803132322066635,0.3641749433699251,-0.04614362014925877,-0.15085636700082083,0,-1.0,False,False
2022/23,2023-03-04,Wolves,Tottenham,Home,Wolves,Pinnacle,3.32,+200 to +299,0.21568761752445562,0.29318321392016383,-0.07749559639570822,-0.28391710981880736,1,2.32,False,False
2022/23,2023-03-04,Wolves,Tottenham,Away,Tottenham,Pinnacle,2.31,+100 to +149,0.5219596805603253,0.4213715455475947,0.10058813501273056,0.20572686209435131,0,-1.0,True,True
2022/23,2023-03-05,Liverpool,Man United,Home,Liverpool,Pinnacle,2.39,+100 to +149,0.5852385237093636,0.407009660416101,0.1782288632932626,0.39872007166537893,1,1.3900000000000001,True,True
2022/23,2023-03-05,Liverpool,Man United,Away,Man United,Pinnacle,2.91,+150 to +199,0.2167093696270491,0.3342794118194094,-0.11757004219236031,-0.36937573438528715,0,-1.0,False,False
2022/23,2023-03-05,Nott'm Forest,Everton,Home,Nott'm Forest,Pinnacle,2.7,+150 to +199,0.3828205780430805,0.3604633072483159,0.022357270794764628,0.03361556071631733,0,-1.0,True,True
2022/23,2023-03-05,Nott'm Forest,Everton,Away,Everton,Pinnacle,2.98,+150 to +199,0.3447707636133038,0.32659427166793725,0.018176491945366524,0.02741687556764516,0,-1.0,True,True
2022/23,2023-03-06,Brentford,Fulham,Home,Brentford,Pinnacle,2.0,+100 to +149,0.601010777851531,0.486505527856059,0.11450524999547201,0.20202155570306202,1,1.0,True,True
2022/23,2023-03-06,Brentford,Fulham,Away,Fulham,Pinnacle,3.82,+200 to +299,0.19129999149195345,0.25471493605029266,-0.06341494455833921,-0.26923403250073785,0,-1.0,False,False
2022/23,2023-03-11,Bournemouth,Liverpool,Home,Bournemouth,Pinnacle,7.07,+300 and longer,0.13976736522271396,0.13690754127872634,0.0028598239439876216,-0.011844727875412242,1,6.07,True,False
2022/23,2023-03-11,Crystal Palace,Man City,Home,Crystal Palace,Pinnacle,9.18,+300 and longer,0.13978726499763605,0.10563996405512732,0.03414730094250873,0.28324709267829884,0,-1.0,True,True
2022/23,2023-03-11,Everton,Brentford,Home,Everton,Pinnacle,2.75,+150 to +199,0.29708318753518037,0.35378562190001595,-0.056702434364835574,-0.183021234278254,1,1.75,False,False
2022/23,2023-03-11,Everton,Brentford,Away,Brentford,Pinnacle,2.82,+150 to +199,0.4464821209147042,0.34500370929966095,0.10147841161504323,0.2590795809794657,0,-1.0,True,True
2022/23,2023-03-11,Leeds,Brighton,Home,Leeds,Pinnacle,3.94,+200 to +299,0.2673952793590933,0.24642217050530987,0.020973108853783423,0.053537400674827484,0,-1.0,True,True
2022/23,2023-03-11,Leicester,Chelsea,Home,Leicester,Pinnacle,3.9,+200 to +299,0.2573620299124099,0.24931280171765385,0.008049228194756064,0.0037119166583987617,0,-1.0,True,True
2022/23,2023-03-11,Leicester,Chelsea,Away,Chelsea,Pinnacle,2.02,+100 to +149,0.48504907378003453,0.48134649836576726,0.003702575414267273,-0.02020087096433021,1,1.02,True,False
2022/23,2023-03-11,Tottenham,Nott'm Forest,Away,Nott'm Forest,Pinnacle,7.8,+300 and longer,0.10155466345004081,0.12434063171367189,-0.02278596826363108,-0.20787362508968166,0,-1.0,False,False
2022/23,2023-03-12,Fulham,Arsenal,Home,Fulham,Pinnacle,6.02,+300 and longer,0.2151521271370039,0.16104793580782578,0.054104191329178125,0.29521580536476333,0,-1.0,True,True
2022/23,2023-03-12,Man United,Southampton,Away,Southampton,Pinnacle,10.01,+300 and longer,0.16600107344037926,0.09663518196049463,0.06936589147988463,0.6616707451381965,0,-1.0,True,True
2022/23,2023-03-12,Newcastle,Wolves,Away,Wolves,Pinnacle,5.55,+300 and longer,0.1819628863189674,0.1743988185057951,0.007564067813172287,0.009894019070268989,0,-1.0,True,True
2022/23,2023-03-12,West Ham,Aston Villa,Home,West Ham,Pinnacle,2.25,+100 to +149,0.5167180425070287,0.4321635810997513,0.0845544614072774,0.16261559564081463,0,-1.0,True,True
2022/23,2023-03-12,West Ham,Aston Villa,Away,Aston Villa,Pinnacle,3.45,+200 to +299,0.23173795194967148,0.2818458137607074,-0.05010786181103591,-0.20050406577363333,0,-1.0,False,False
2022/23,2023-03-15,Brighton,Crystal Palace,Away,Crystal Palace,Pinnacle,7.72,+300 and longer,0.18232459958681957,0.12557367795996993,0.05675092162684964,0.4075459088102471,0,-1.0,True,True
2022/23,2023-03-15,Southampton,Brentford,Home,Southampton,Pinnacle,3.05,+200 to +299,0.3030467282375254,0.31921980701212194,-0.01617307877459656,-0.07570747887554763,0,-1.0,False,False
2022/23,2023-03-15,Southampton,Brentford,Away,Brentford,Pinnacle,2.49,+100 to +149,0.43582265473449294,0.39101221340842235,0.044810441326070594,0.08519841028888742,1,1.4900000000000002,True,True
2022/23,2023-03-17,Nott'm Forest,Newcastle,Home,Nott'm Forest,Pinnacle,5.81,+300 and longer,0.25141539629189813,0.16779578342637258,0.08361961286552555,0.46072345245592805,0,-1.0,True,True
2022/23,2023-03-18,Aston Villa,Bournemouth,Away,Bournemouth,Pinnacle,5.11,+300 and longer,0.23181445102869083,0.19033871449756692,0.04147573653112391,0.18457184475661026,0,-1.0,True,True
2022/23,2023-03-18,Brentford,Leicester,Away,Leicester,Pinnacle,3.94,+200 to +299,0.20909984633535467,0.24629991901646658,-0.03720007268111192,-0.17614660543870264,0,-1.0,False,False
2022/23,2023-03-18,Chelsea,Everton,Away,Everton,Pinnacle,7.95,+300 and longer,0.1518557448462953,0.1219902757154919,0.0298654691308034,0.20725317152804767,0,-1.0,True,True
2022/23,2023-03-18,Southampton,Tottenham,Home,Southampton,Pinnacle,4.62,+300 and longer,0.2335205062835202,0.21005385996409337,0.023466646319426826,0.07886473902986335,0,-1.0,True,True
2022/23,2023-03-18,Wolves,Leeds,Home,Wolves,Pinnacle,2.3,+100 to +149,0.3827998808563935,0.4228624535315985,-0.04006257267520502,-0.11956027403029501,0,-1.0,False,False
2022/23,2023-03-18,Wolves,Leeds,Away,Leeds,Pinnacle,3.5,+200 to +299,0.34787537743070496,0.2778810408921933,0.06999433653851167,0.2175638210074673,1,2.5,True,True
2022/23,2023-03-19,Arsenal,Crystal Palace,Away,Crystal Palace,Pinnacle,12.73,+300 and longer,0.1563288354202228,0.075655598067417,0.08067323735280581,0.9900660748994363,0,-1.0,True,True
2022/23,2023-04-01,Arsenal,Leeds,Away,Leeds,Pinnacle,10.92,+300 and longer,0.12278385017988888,0.08854053494748823,0.03424331523240065,0.34079964396438656,0,-1.0,True,True
2022/23,2023-04-01,Bournemouth,Fulham,Home,Bournemouth,Pinnacle,2.56,+150 to +199,0.3657728906710815,0.3802282532203286,-0.01445536254924712,-0.06362139988203142,1,1.56,False,False
2022/23,2023-04-01,Bournemouth,Fulham,Away,Fulham,Pinnacle,2.89,+150 to +199,0.3891035486290337,0.33681118624361284,0.05229236238542084,0.12450925553790748,0,-1.0,True,True
2022/23,2023-04-01,Brighton,Brentford,Away,Brentford,Pinnacle,5.16,+300 and longer,0.2503365671172186,0.1878191709760914,0.06251739614112717,0.29173668632484784,0,-1.0,True,True
2022/23,2023-04-01,Chelsea,Aston Villa,Away,Aston Villa,Pinnacle,5.57,+300 and longer,0.1881537071100785,0.17390802034439304,0.014245686765685467,0.04801614860313741,1,4.57,True,True
2022/23,2023-04-01,Crystal Palace,Leicester,Home,Crystal Palace,Pinnacle,2.56,+150 to +199,0.44969151558035964,0.3804929014811627,0.06919861409919692,0.15121027988572067,1,1.56,True,True
2022/23,2023-04-01,Crystal Palace,Leicester,Away,Leicester,Pinnacle,3.02,+200 to +299,0.27635144667695244,0.3225370290701247,-0.046185582393172275,-0.1654186310356036,0,-1.0,False,False
2022/23,2023-04-01,Man City,Liverpool,Away,Liverpool,Pinnacle,5.26,+300 and longer,0.1828348059330117,0.1846681077661201,-0.0018333018331083972,-0.03828892079235846,0,-1.0,False,False
2022/23,2023-04-01,Nott'm Forest,Wolves,Home,Nott'm Forest,Pinnacle,3.01,+200 to +299,0.36826696771530615,0.3233438241267577,0.04492314358854843,0.10848357282307153,0,-1.0,True,True
2022/23,2023-04-01,Nott'm Forest,Wolves,Away,Wolves,Pinnacle,2.64,+150 to +199,0.34581511433687545,0.3686609509930079,-0.022845836656132434,-0.08704809815064873,0,-1.0,False,False
2022/23,2023-04-02,Newcastle,Man United,Home,Newcastle,Pinnacle,2.4,+100 to +149,0.43265479177796273,0.40516413356686826,0.027490658211094476,0.03837150026711056,1,1.4,True,True
2022/23,2023-04-02,Newcastle,Man United,Away,Man United,Pinnacle,3.03,+200 to +299,0.3190077576356207,0.320922085993559,-0.0019143283579382553,-0.033406494364069284,0,-1.0,False,False
2022/23,2023-04-02,West Ham,Southampton,Away,Southampton,Pinnacle,4.82,+300 and longer,0.21267113809975743,0.2015219586437007,0.01114917945605673,0.025074885640830935,0,-1.0,True,True
2022/23,2023-04-03,Everton,Tottenham,Home,Everton,Pinnacle,3.44,+200 to +299,0.2511126863320503,0.28306033346031,-0.031947647128259704,-0.13617235901774694,0,-1.0,False,False
2022/23,2023-04-03,Everton,Tottenham,Away,Tottenham,Pinnacle,2.24,+100 to +149,0.5045940533713872,0.4346997978140475,0.06989425555733969,0.13029067955190743,0,-1.0,True,True
2022/23,2023-04-04,Bournemouth,Brighton,Home,Bournemouth,Pinnacle,6.16,+300 and longer,0.20854056097588794,0.15852017834266222,0.050020382633225724,0.2846098556114698,0,-1.0,True,True
2022/23,2023-04-04,Chelsea,Liverpool,Home,Chelsea,Pinnacle,2.26,+100 to +149,0.3751080369114162,0.43316660980160143,-0.058058572890185234,-0.15225583658019948,0,-1.0,False,False
2022/23,2023-04-04,Chelsea,Liverpool,Away,Liverpool,Pinnacle,3.4,+200 to +299,0.3864068748890569,0.2879283935740056,0.09847848131505127,0.3137833746227934,0,-1.0,True,True
2022/23,2023-04-04,Leeds,Nott'm Forest,Away,Nott'm Forest,Pinnacle,5.23,+300 and longer,0.23414653930614224,0.18663408687761532,0.04751245242852692,0.224586400571124,0,-1.0,True,True
2022/23,2023-04-04,Leicester,Aston Villa,Home,Leicester,Pinnacle,2.68,+150 to +199,0.42896290685306215,0.36515142282615315,0.063811484026909,0.14962059036620667,0,-1.0,True,True
2022/23,2023-04-04,Leicester,Aston Villa,Away,Aston Villa,Pinnacle,2.82,+150 to +199,0.3134179511886213,0.34702333800499663,-0.033605386816375316,-0.11616137764808798,1,1.8199999999999998,False,False
2022/23,2023-04-05,Man United,Brentford,Away,Brentford,Pinnacle,5.09,+300 and longer,0.2786104756911346,0.1904321595035463,0.08817831618758831,0.4181273212678751,0,-1.0,True,True
2022/23,2023-04-05,West Ham,Newcastle,Home,West Ham,Pinnacle,3.63,+200 to +299,0.3917852360528096,0.2675581675556499,0.12422706849715975,0.422180406871699,0,-1.0,True,True
2022/23,2023-04-05,West Ham,Newcastle,Away,Newcastle,Pinnacle,2.15,+100 to +149,0.3424747560521639,0.45173774336139955,-0.10926298730923567,-0.26367927448784767,1,1.15,False,False
2022/23,2023-04-08,Aston Villa,Nott'm Forest,Away,Nott'm Forest,Pinnacle,5.5,+300 and longer,0.19934350586508914,0.17618742639919013,0.02315607946589901,0.09638928225799037,0,-1.0,True,True
2022/23,2023-04-08,Brentford,Newcastle,Home,Brentford,Pinnacle,3.58,+200 to +299,0.39559728680854794,0.27168367346938777,0.12391361333916018,0.41623828677460173,0,-1.0,True,True
2022/23,2023-04-08,Brentford,Newcastle,Away,Newcastle,Pinnacle,2.13,+100 to +149,0.34753942789648984,0.4566326530612245,-0.10909322516473469,-0.2597410185804767,1,1.13,False,False
2022/23,2023-04-08,Fulham,West Ham,Home,Fulham,Pinnacle,2.81,+150 to +199,0.329216195767583,0.3462060222850053,-0.016989826517422313,-0.07490248989309178,0,-1.0,False,False
2022/23,2023-04-08,Fulham,West Ham,Away,West Ham,Pinnacle,2.69,+150 to +199,0.42592938449911194,0.36165015710812826,0.06427922739098368,0.14575004430261118,1,1.69,True,True
2022/23,2023-04-08,Leicester,Bournemouth,Away,Bournemouth,Pinnacle,4.18,+300 and longer,0.2334403633896957,0.23254819928632028,0.0008921641033754202,-0.02421928103107207,1,3.1799999999999997,True,False
2022/23,2023-04-08,Man United,Everton,Away,Everton,Pinnacle,6.88,+300 and longer,0.17829081837304075,0.14118556874348545,0.037105249629555304,0.2266408304065204,0,-1.0,True,True
2022/23,2023-04-08,Southampton,Man City,Home,Southampton,Pinnacle,12.65,+300 and longer,0.10075116151081569,0.0759888972578959,0.02476226425291979,0.27450219311181856,0,-1.0,True,True
2022/23,2023-04-08,Tottenham,Brighton,Home,Tottenham,Pinnacle,2.58,+150 to +199,0.4407818771467624,0.37741312741312744,0.06336874973363499,0.13721724303864713,1,1.58,True,True
2022/23,2023-04-08,Tottenham,Brighton,Away,Brighton,Pinnacle,2.72,+150 to +199,0.3069087332155416,0.3579874517374517,-0.05107871852191015,-0.16520824565372683,0,-1.0,False,False
2022/23,2023-04-08,Wolves,Chelsea,Home,Wolves,Pinnacle,4.28,+300 and longer,0.22580712685995283,0.22659565397052361,-0.0007885271105707858,-0.033545497039401795,1,3.2800000000000002,False,False
2022/23,2023-04-09,Leeds,Crystal Palace,Home,Leeds,Pinnacle,2.14,+100 to +149,0.3788081916056269,0.45494895378411687,-0.07614076217848997,-0.18935046996395843,0,-1.0,False,False
2022/23,2023-04-09,Leeds,Crystal Palace,Away,Crystal Palace,Pinnacle,3.67,+200 to +299,0.35024323627882875,0.265283586130248,0.08495965014858076,0.2853926771433015,1,2.67,True,True
2022/23,2023-04-09,Liverpool,Arsenal,Home,Liverpool,Pinnacle,2.82,+150 to +199,0.4800241200950946,0.34531636541933186,0.13470775467576274,0.35366801866816666,0,-1.0,True,True
2022/23,2023-04-09,Liverpool,Arsenal,Away,Arsenal,Pinnacle,2.44,+100 to +149,0.30148016611466105,0.39909514364037535,-0.0976149775257143,-0.264388394680227,0,-1.0,False,False
2022/23,2023-04-15,Aston Villa,Newcastle,Home,Aston Villa,Pinnacle,3.71,+200 to +299,0.32232485472372324,0.26240188020776006,0.05992297451596318,0.19582521102501316,1,2.71,True,True
2022/23,2023-04-15,Aston Villa,Newcastle,Away,Newcastle,Pinnacle,2.13,+100 to +149,0.41737824124204775,0.4570474063712629,-0.039669165129215145,-0.11098434615443831,0,-1.0,False,False
2022/23,2023-04-15,Chelsea,Brighton,Home,Chelsea,Pinnacle,2.67,+150 to +199,0.4279822876674592,0.36494480697688597,0.06303748069057324,0.142712708072116,0,-1.0,True,True
2022/23,2023-04-15,Chelsea,Brighton,Away,Brighton,Pinnacle,2.72,+150 to +199,0.3090005928578161,0.3582362627309873,-0.049235669873171184,-0.15951838742674007,1,1.7200000000000002,False,False
2022/23,2023-04-15,Everton,Fulham,Home,Everton,Pinnacle,2.08,+100 to +149,0.4738744003326749,0.46773540377874906,0.006138996553925857,-0.014341247308036098,0,-1.0,True,False
2022/23,2023-04-15,Everton,Fulham,Away,Fulham,Pinnacle,3.85,+200 to +299,0.2904354219129686,0.2526986077557917,0.03773681415717689,0.11817637436492912,1,2.85,True,True
2022/23,2023-04-15,Man City,Leicester,Away,Leicester,Pinnacle,16.85,+300 and longer,0.04867519046583829,0.05735164035602054,-0.00867644989018225,-0.1798230406506247,0,-1.0,False,False
2022/23,2023-04-15,Southampton,Crystal Palace,Home,Southampton,Pinnacle,2.88,+150 to +199,0.3352584581280884,0.33809296420959456,-0.0028345060815061496,-0.034455640591105396,0,-1.0,False,False
2022/23,2023-04-15,Southampton,Crystal Palace,Away,Crystal Palace,Pinnacle,2.73,+150 to +199,0.37387153558435765,0.3566695007046272,0.017202034879730432,0.020669292145296447,1,1.73,True,True
2022/23,2023-04-15,Tottenham,Bournemouth,Away,Bournemouth,Pinnacle,6.8,+300 and longer,0.12772102674781965,0.1425161253402876,-0.014795098592467942,-0.1314970181148264,1,5.8,False,False
2022/23,2023-04-15,Wolves,Brentford,Home,Wolves,Pinnacle,2.57,+150 to +199,0.29255411926451325,0.3784776194241414,-0.08592350015962813,-0.24813591349020103,1,1.5699999999999998,False,False
2022/23,2023-04-15,Wolves,Brentford,Away,Brentford,Pinnacle,3.01,+200 to +299,0.43386354477618116,0.3231519873488516,0.11071155742732958,0.3059292697763052,0,-1.0,True,True
2022/23,2023-04-16,Nott'm Forest,Man United,Home,Nott'm Forest,Pinnacle,5.07,+300 and longer,0.21568607608615473,0.19123195984103744,0.024454116245117286,0.09352840575680443,0,-1.0,True,True
2022/23,2023-04-16,West Ham,Arsenal,Home,West Ham,Pinnacle,6.14,+300 and longer,0.304960435803404,0.15767738793932912,0.14728304786407487,0.8724570758329004,0,-1.0,True,True
2022/23,2023-04-17,Leeds,Liverpool,Home,Leeds,Pinnacle,4.39,+300 and longer,0.1890465062902886,0.221425034261168,-0.032378527970879395,-0.1700858373856331,0,-1.0,False,False
2022/23,2023-04-21,Arsenal,Southampton,Away,Southampton,Pinnacle,14.32,+300 and longer,0.11938814834837362,0.06796259632125413,0.05142555202711949,0.7096382843487103,0,-1.0,True,True
2022/23,2023-04-22,Brentford,Aston Villa,Home,Brentford,Pinnacle,2.55,+150 to +199,0.5147558074796665,0.3814999141925519,0.13325589328711462,0.3126273090731495,0,-1.0,True,True
2022/23,2023-04-22,Brentford,Aston Villa,Away,Aston Villa,Pinnacle,2.85,+150 to +199,0.24080479038519484,0.3413420284880727,-0.10053723810287787,-0.3137063474021947,0,-1.0,False,False
2022/23,2023-04-22,Crystal Palace,Everton,Home,Crystal Palace,Pinnacle,2.15,+100 to +149,0.5231287032543125,0.4522751647004749,0.07085353855383758,0.12472671199677188,0,-1.0,True,True
2022/23,2023-04-22,Crystal Palace,Everton,Away,Everton,Pinnacle,3.87,+200 to +299,0.22018469583342207,0.2512639803891527,-0.03107928455573064,-0.14788522712465657,0,-1.0,False,False
2022/23,2023-04-22,Fulham,Leeds,Home,Fulham,Pinnacle,2.44,+100 to +149,0.4292230633152347,0.39865246586613384,0.030570597449100845,0.047304274489172515,1,1.44,True,True
2022/23,2023-04-22,Fulham,Leeds,Away,Leeds,Pinnacle,3.03,+200 to +299,0.34330248237391986,0.3210270682222332,0.022275414151686657,0.04020652159297722,0,-1.0,True,True
2022/23,2023-04-22,Leicester,Wolves,Home,Leicester,Pinnacle,2.46,+100 to +149,0.47662200365422713,0.39578224246393817,0.08083976119028896,0.17249012898939875,1,1.46,True,True
2022/23,2023-04-22,Leicester,Wolves,Away,Wolves,Pinnacle,3.14,+200 to +299,0.25553415996901646,0.31007143836346746,-0.054537278394450994,-0.19762273769728833,0,-1.0,False,False
2022/23,2023-04-22,Liverpool,Nott'm Forest,Away,Nott'm Forest,Pinnacle,15.51,+300 and longer,0.059643084481499985,0.06232359851888987,-0.0026805140373898848,-0.07493575969193522,0,-1.0,False,False
2022/23,2023-04-23,Bournemouth,West Ham,Home,Bournemouth,Pinnacle,2.85,+150 to +199,0.3096236571221575,0.3416386603314405,-0.03201500320928302,-0.1175725772018511,0,-1.0,False,False
2022/23,2023-04-23,Bournemouth,West Ham,Away,West Ham,Pinnacle,2.68,+150 to +199,0.4339945961297516,0.36330976938231546,0.07068482674743615,0.1631055176277343,1,1.6800000000000002,True,True
2022/23,2023-04-23,Newcastle,Tottenham,Away,Tottenham,Pinnacle,4.31,+300 and longer,0.33912645326593294,0.22541307281399445,0.11371338045193849,0.46163501357617087,0,-1.0,True,True
2022/23,2023-04-25,Aston Villa,Fulham,Away,Fulham,Pinnacle,4.45,+300 and longer,0.23263086910193545,0.21798315501934892,0.014647714082586527,0.03520736750361286,0,-1.0,True,True
2022/23,2023-04-25,Leeds,Leicester,Home,Leeds,Pinnacle,2.39,+100 to +149,0.41638799892770173,0.40697905757196956,0.00940894135573217,-0.004832682562792789,0,-1.0,True,False
2022/23,2023-04-25,Leeds,Leicester,Away,Leicester,Pinnacle,3.02,+200 to +299,0.3394228175172042,0.3220794528466912,0.017343364670513006,0.025056908901956776,0,-1.0,True,True
2022/23,2023-04-25,Wolves,Crystal Palace,Home,Wolves,Pinnacle,2.56,+150 to +199,0.3048214162142516,0.38014288853845773,-0.07532147232420616,-0.219657174491516,1,1.56,False,False
2022/23,2023-04-25,Wolves,Crystal Palace,Away,Crystal Palace,Pinnacle,3.13,+200 to +299,0.38566722994863045,0.31091558934774816,0.0747516406008823,0.20713842973921337,0,-1.0,True,True
2022/23,2023-04-26,Chelsea,Brentford,Away,Brentford,Pinnacle,5.06,+300 and longer,0.24574700360588855,0.19185067088053956,0.053896332725348994,0.2434798382457959,1,4.06,True,True
2022/23,2023-04-26,Man City,Arsenal,Away,Arsenal,Pinnacle,5.71,+300 and longer,0.15476879588657913,0.16948529148346203,-0.0147164955968829,-0.11627017548763319,0,-1.0,False,False
2022/23,2023-04-26,Nott'm Forest,Brighton,Home,Nott'm Forest,Pinnacle,6.12,+300 and longer,0.15956626048124167,0.1585365853658537,0.0010296751153879846,-0.02345448585480092,1,5.12,True,False
2022/23,2023-04-26,West Ham,Liverpool,Home,West Ham,Pinnacle,4.07,+300 and longer,0.28010406665769805,0.23865878342729055,0.0414452832304075,0.14002355129683108,0,-1.0,True,True
2022/23,2023-04-27,Everton,Newcastle,Home,Everton,Pinnacle,5.03,+300 and longer,0.2681773128527344,0.19276730735492478,0.0754100054978096,0.3489318836492541,0,-1.0,True,True
2022/23,2023-04-27,Southampton,Bournemouth,Home,Southampton,Pinnacle,2.34,+100 to +149,0.47821894834837786,0.4159682861124708,0.062250662235907084,0.11903233913520417,0,-1.0,True,True
2022/23,2023-04-27,Southampton,Bournemouth,Away,Bournemouth,Pinnacle,3.19,+200 to +299,0.2680910255332709,0.3051303415370475,-0.03703931600377658,-0.1447896285488658,1,2.19,False,False
2022/23,2023-04-27,Tottenham,Man United,Home,Tottenham,Pinnacle,2.81,+150 to +199,0.4680015297760313,0.34620753838994883,0.12179399138608249,0.31508429867064813,0,-1.0,True,True
2022/23,2023-04-27,Tottenham,Man United,Away,Man United,Pinnacle,2.48,+100 to +149,0.29502464815628227,0.3922754769660307,-0.09725082880974845,-0.26833887257241995,0,-1.0,False,False
2022/23,2023-04-29,Brentford,Nott'm Forest,Away,Nott'm Forest,Pinnacle,5.54,+300 and longer,0.14426420518301636,0.175104228707564,-0.03084002352454765,-0.20077630328608942,0,-1.0,False,False
2022/23,2023-04-29,Brighton,Wolves,Away,Wolves,Pinnacle,6.75,+300 and longer,0.12461219642868082,0.14333023287349064,-0.01871803644480982,-0.15886767410640446,0,-1.0,False,False
2022/23,2023-04-29,Crystal Palace,West Ham,Home,Crystal Palace,Pinnacle,2.73,+150 to +199,0.3950755798517672,0.3562196244799012,0.038855955371866036,0.0785563329953245,1,1.73,True,True
2022/23,2023-04-29,Crystal Palace,West Ham,Away,West Ham,Pinnacle,2.83,+150 to +199,0.3155296139150813,0.3436323585972192,-0.028102744682137915,-0.10705119262031992,0,-1.0,False,False
2022/23,2023-04-30,Bournemouth,Leeds,Home,Bournemouth,Pinnacle,2.65,+150 to +199,0.41005237341721923,0.36664592265665863,0.0434064507605606,0.08663878955563087,1,1.65,True,True
2022/23,2023-04-30,Bournemouth,Leeds,Away,Leeds,Pinnacle,2.69,+150 to +199,0.346461938261479,0.36119393867663396,-0.014732000415154989,-0.06801738607662156,0,-1.0,False,False
2022/23,2023-04-30,Fulham,Man City,Home,Fulham,Pinnacle,11.97,+300 and longer,0.0842848839490155,0.08049441458201038,0.0037904693670051115,0.008890060869715555,0,-1.0,True,True
2022/23,2023-04-30,Liverpool,Tottenham,Away,Tottenham,Pinnacle,5.51,+300 and longer,0.21358751193507944,0.1758528073081686,0.03773470462691084,0.17686719076228763,0,-1.0,True,True
2022/23,2023-04-30,Man United,Aston Villa,Away,Aston Villa,Pinnacle,4.34,+300 and longer,0.2112963236432527,0.22347801310665777,-0.01218168946340506,-0.08297395538828323,0,-1.0,False,False
2022/23,2023-04-30,Newcastle,Southampton,Away,Southampton,Pinnacle,9.61,+300 and longer,0.15596415637375557,0.10092267374718766,0.05504148262656791,0.4988155427517911,0,-1.0,True,True
2022/23,2023-05-01,Leicester,Everton,Home,Leicester,Pinnacle,2.04,+100 to +149,0.5048422192911289,0.4764696169088507,0.028372602382278234,0.02987812735390305,0,-1.0,True,True
2022/23,2023-05-01,Leicester,Everton,Away,Everton,Pinnacle,3.98,+200 to +299,0.25464341370484533,0.24422060766182296,0.01042280604302237,0.013480786545284396,0,-1.0,True,True
2022/23,2023-05-02,Arsenal,Chelsea,Away,Chelsea,Pinnacle,5.96,+300 and longer,0.26302744341050993,0.16318385266698976,0.09984359074352017,0.5676435627266392,0,-1.0,True,True
2022/23,2023-05-03,Liverpool,Fulham,Away,Fulham,Pinnacle,10.02,+300 and longer,0.07681389773604412,0.09586530779092885,-0.019051410054884726,-0.230324744684838,0,-1.0,False,False
2022/23,2023-05-03,Man City,West Ham,Away,West Ham,Pinnacle,13.54,+300 and longer,0.08438661593821374,0.07116155769605689,0.013225058242156848,0.14259477980341395,0,-1.0,True,True
2022/23,2023-05-04,Brighton,Man United,Home,Brighton,Pinnacle,2.05,+100 to +149,0.5267252402607983,0.47436443097237646,0.052360809288421795,0.07978674253463636,1,1.0499999999999998,True,True
2022/23,2023-05-04,Brighton,Man United,Away,Man United,Pinnacle,3.57,+200 to +299,0.249417478246637,0.2723941410345579,-0.022976662787920904,-0.10957960265950595,0,-1.0,False,False
2022/23,2023-05-06,Bournemouth,Chelsea,Home,Bournemouth,Pinnacle,3.46,+200 to +299,0.24511994236490076,0.28132904407108406,-0.0362091017061833,-0.15188499941744338,0,-1.0,False,False
2022/23,2023-05-06,Bournemouth,Chelsea,Away,Chelsea,Pinnacle,2.19,+100 to +149,0.5081513969907027,0.4444741974821693,0.06367719950853334,0.11285155940963887,1,1.19,True,True
2022/23,2023-05-06,Liverpool,Brentford,Away,Brentford,Pinnacle,6.17,+300 and longer,0.17449848344974783,0.15740296828529743,0.017095515164450403,0.07665564288494409,0,-1.0,True,True
2022/23,2023-05-06,Man City,Leeds,Away,Leeds,Pinnacle,14.23,+300 and longer,0.0427579764782478,0.0679626085104616,-0.0252046320322138,-0.3915539947145338,0,-1.0,False,False
2022/23,2023-05-06,Tottenham,Crystal Palace,Away,Crystal Palace,Pinnacle,4.24,+300 and longer,0.22245013752715365,0.22884999999999997,-0.006399862472846324,-0.05681141688486846,0,-1.0,False,False
2022/23,2023-05-06,Wolves,Aston Villa,Home,Wolves,Pinnacle,3.06,+200 to +299,0.3370093123857359,0.3181071550275105,0.01890215735822537,0.031248495900351836,1,2.06,True,True
2022/23,2023-05-06,Wolves,Aston Villa,Away,Aston Villa,Pinnacle,2.51,+150 to +199,0.37547517852189055,0.38781191011322,-0.012336731591329475,-0.057557301910054814,0,-1.0,False,False
2022/23,2023-05-07,Newcastle,Arsenal,Home,Newcastle,Pinnacle,2.51,+150 to +199,0.3992615571659411,0.3876058779792485,0.01165567918669258,0.0021465084865119888,0,-1.0,True,True
2022/23,2023-05-07,Newcastle,Arsenal,Away,Arsenal,Pinnacle,2.73,+150 to +199,0.3654731077062216,0.3563702394607742,0.009102868245447426,-0.002258415962015037,1,1.73,True,False
2022/23,2023-05-07,West Ham,Man United,Home,West Ham,Pinnacle,3.57,+200 to +299,0.38682540919253083,0.27254772876892697,0.11427768042360387,0.3809667108173349,1,2.57,True,True
2022/23,2023-05-07,West Ham,Man United,Away,Man United,Pinnacle,2.07,+100 to +149,0.36999932004436226,0.47004608294930883,-0.10004676290494657,-0.2341014075081702,0,-1.0,False,False
2022/23,2023-05-08,Brighton,Everton,Away,Everton,Pinnacle,8.38,+300 and longer,0.12326129177103555,0.11571727373796376,0.007544018033071795,0.032929625041278054,1,7.380000000000001,True,True
2022/23,2023-05-08,Fulham,Leicester,Home,Fulham,Pinnacle,2.71,+150 to +199,0.3925597153396887,0.3590607976007441,0.03349891773894459,0.06383682857055639,1,1.71,True,True
2022/23,2023-05-08,Fulham,Leicester,Away,Leicester,Pinnacle,2.62,+150 to +199,0.3664799606100378,0.3713949471366475,-0.00491498652660971,-0.039822503201701,0,-1.0,False,False
2022/23,2023-05-08,Nott'm Forest,Southampton,Home,Nott'm Forest,Pinnacle,2.17,+100 to +149,0.38115414187905705,0.44807619459927484,-0.06692205272021778,-0.17289551212244625,1,1.17,False,False
2022/23,2023-05-08,Nott'm Forest,Southampton,Away,Southampton,Pinnacle,3.45,+200 to +299,0.3506964799566967,0.2818334325450511,0.06886304741164562,0.20990285585060375,0,-1.0,True,True
2022/23,2023-05-13,Aston Villa,Tottenham,Home,Aston Villa,Pinnacle,2.34,+100 to +149,0.32323092655311897,0.4155514484847136,-0.09232052193159462,-0.2436396318657017,1,1.3399999999999999,False,False
2022/23,2023-05-13,Aston Villa,Tottenham,Away,Tottenham,Pinnacle,3.01,+200 to +299,0.41822279900048653,0.3230532855329667,0.09516951346751984,0.2588506249914644,0,-1.0,True,True
2022/23,2023-05-13,Chelsea,Nott'm Forest,Away,Nott'm Forest,Pinnacle,6.88,+300 and longer,0.11725724703185901,0.14093556139739122,-0.023678314365532208,-0.19327014042081003,0,-1.0,False,False
2022/23,2023-05-13,Crystal Palace,Bournemouth,Away,Bournemouth,Pinnacle,4.24,+300 and longer,0.2166871088685045,0.22908107280475665,-0.01239396393625214,-0.08124665839754086,0,-1.0,False,False
2022/23,2023-05-13,Leeds,Newcastle,Home,Leeds,Pinnacle,4.62,+300 and longer,0.26237129718733515,0.20969948256964918,0.05267181461768597,0.21215539300548847,0,-1.0,True,True
2022/23,2023-05-13,Man United,Wolves,Away,Wolves,Pinnacle,8.6,+300 and longer,0.15017398293329673,0.11270011470749587,0.03747386822580086,0.29149625322635186,0,-1.0,True,True
2022/23,2023-05-13,Southampton,Fulham,Home,Southampton,Pinnacle,2.84,+150 to +199,0.4692881988561749,0.34295163541477036,0.12633656344140454,0.3327784847515367,0,-1.0,True,True
2022/23,2023-05-13,Southampton,Fulham,Away,Fulham,Pinnacle,2.54,+150 to +199,0.2879502129236824,0.38345773408580613,-0.09550752116212374,-0.26860645917384673,1,1.54,False,False
2022/23,2023-05-14,Arsenal,Brighton,Away,Brighton,Pinnacle,4.21,+300 and longer,0.2849507671184368,0.23090609398337408,0.054044673135062726,0.19964272956861895,1,3.21,True,True
2022/23,2023-05-14,Brentford,West Ham,Home,Brentford,Pinnacle,2.06,+100 to +149,0.46057959667097337,0.47177830965993217,-0.011198712988958803,-0.05120603085779485,1,1.06,False,False
2022/23,2023-05-14,Brentford,West Ham,Away,West Ham,Pinnacle,3.71,+200 to +299,0.28999229635994395,0.26195776762788686,0.028034528732057085,0.075871419495392,0,-1.0,True,True
2022/23,2023-05-14,Everton,Man City,Home,Everton,Pinnacle,8.95,+300 and longer,0.09494170942024119,0.10842360100348881,-0.013481891583247627,-0.15027170068884144,0,-1.0,False,False
2022/23,2023-05-15,Leicester,Liverpool,Home,Leicester,Pinnacle,4.99,+300 and longer,0.22328894137387748,0.19409480160435832,0.02919413976951915,0.11421181745564857,0,-1.0,True,True
2022/23,2023-05-18,Newcastle,Brighton,Home,Newcastle,Pinnacle,2.06,+100 to +149,0.41462478038391154,0.47161887308495937,-0.05699409270104783,-0.14587295240914222,1,1.06,False,False
2022/23,2023-05-18,Newcastle,Brighton,Away,Brighton,Pinnacle,3.44,+200 to +299,0.34839092654193476,0.2824229298125048,0.06596799672942999,0.19846478730425554,0,-1.0,True,True
2022/23,2023-05-20,Bournemouth,Man United,Home,Bournemouth,Pinnacle,5.87,+300 and longer,0.25552209621019617,0.16530534342624856,0.09021675278394761,0.49991470475385147,0,-1.0,True,True
2022/23,2023-05-20,Fulham,Crystal Palace,Home,Fulham,Pinnacle,2.49,+100 to +149,0.3357518285277178,0.39119108826049703,-0.055439259732779245,-0.16397794696598267,0,-1.0,False,False
2022/23,2023-05-20,Fulham,Crystal Palace,Away,Crystal Palace,Pinnacle,3.03,+200 to +299,0.3899250750163631,0.32147386461011146,0.06845121040625163,0.18147297729958,0,-1.0,True,True
2022/23,2023-05-20,Liverpool,Aston Villa,Away,Aston Villa,Pinnacle,5.94,+300 and longer,0.13306482580729065,0.16308963174554159,-0.030024805938250937,-0.20959493470469348,0,-1.0,False,False
2022/23,2023-05-20,Nott'm Forest,Arsenal,Home,Nott'm Forest,Pinnacle,5.37,+300 and longer,0.17750555734641307,0.18061149968754941,-0.003105942341136342,-0.04679515704976178,1,4.37,False,False
2022/23,2023-05-20,Tottenham,Brentford,Away,Brentford,Pinnacle,4.16,+300 and longer,0.2727647510441682,0.23303205275935335,0.03973269828481485,0.1347013643437398,1,3.16,True,True
2022/23,2023-05-20,Wolves,Everton,Home,Wolves,Pinnacle,2.81,+150 to +199,0.38345328148072394,0.34617121027956244,0.037282071201161504,0.07750372096083424,0,-1.0,True,True
2022/23,2023-05-20,Wolves,Everton,Away,Everton,Pinnacle,2.67,+150 to +199,0.3508133219315106,0.3643225096949702,-0.013509187763459607,-0.06332843044286673,0,-1.0,False,False
2022/23,2023-05-21,Brighton,Southampton,Away,Southampton,Pinnacle,12.43,+300 and longer,0.1317989850000026,0.07761597439070961,0.05418301060929298,0.6382613835500321,0,-1.0,True,True
2022/23,2023-05-21,Man City,Chelsea,Away,Chelsea,Pinnacle,11.14,+300 and longer,0.11937110435985475,0.08632135551352811,0.03304974884632664,0.32979410256878205,0,-1.0,True,True
2022/23,2023-05-21,West Ham,Leeds,Home,West Ham,Pinnacle,2.51,+150 to +199,0.5522950699637765,0.3879363954667259,0.1643586744970506,0.38626062560907903,1,1.5099999999999998,True,True
2022/23,2023-05-21,West Ham,Leeds,Away,Leeds,Pinnacle,2.82,+150 to +199,0.2302593438836781,0.3452909051849227,-0.11503156130124462,-0.35066865024802774,0,-1.0,False,False
2022/23,2023-05-22,Newcastle,Leicester,Away,Leicester,Pinnacle,7.24,+300 and longer,0.17263211614229806,0.13376256713951246,0.03886954900278561,0.24985652087023813,0,-1.0,True,True
2022/23,2023-05-24,Brighton,Man City,Home,Brighton,Pinnacle,3.93,+200 to +299,0.24403783389825742,0.2473559268804094,-0.0033180929821519656,-0.040931312779848295,0,-1.0,False,False
2022/23,2023-05-25,Man United,Chelsea,Away,Chelsea,Pinnacle,5.19,+300 and longer,0.3087768292797332,0.18726763302329744,0.12150919625643578,0.6025517439618155,0,-1.0,True,True
2022/23,2023-05-28,Arsenal,Wolves,Away,Wolves,Pinnacle,7.66,+300 and longer,0.10301197000122171,0.12592992520850857,-0.022917955207286858,-0.2109283097906417,0,-1.0,False,False
2022/23,2023-05-28,Aston Villa,Brighton,Home,Aston Villa,Pinnacle,2.05,+100 to +149,0.3110487058540507,0.47155905621823646,-0.16051035036418576,-0.36235015299919615,1,1.0499999999999998,False,False
2022/23,2023-05-28,Aston Villa,Brighton,Away,Brighton,Pinnacle,3.35,+200 to +299,0.440383574830987,0.28856598962608493,0.15181758520490207,0.47528497568380645,0,-1.0,True,True
2022/23,2023-05-28,Brentford,Man City,Home,Brentford,Pinnacle,4.04,+300 and longer,0.19675658844137206,0.23917619905141146,-0.042419610610039404,-0.2051033826968569,1,3.04,False,False
2022/23,2023-05-28,Chelsea,Newcastle,Home,Chelsea,Pinnacle,2.89,+150 to +199,0.4041745123423169,0.33478260869565213,0.06939190364666475,0.16806434066929588,0,-1.0,True,True
2022/23,2023-05-28,Chelsea,Newcastle,Away,Newcastle,Pinnacle,2.38,+100 to +149,0.3440960956605111,0.40652173913043477,-0.062425643469923686,-0.18105129232798367,0,-1.0,False,False
2022/23,2023-05-28,Crystal Palace,Nott'm Forest,Away,Nott'm Forest,Pinnacle,4.8,+300 and longer,0.19513581509201403,0.20085813891123627,-0.005722323819222247,-0.06334808755833277,0,-1.0,False,False
2022/23,2023-05-28,Everton,Bournemouth,Away,Bournemouth,Pinnacle,6.54,+300 and longer,0.26064429681244866,0.1476553729972446,0.11298892381520406,0.7046137011534142,0,-1.0,True,True
2022/23,2023-05-28,Leeds,Tottenham,Home,Leeds,Pinnacle,2.81,+150 to +199,0.27728266855941514,0.3441522540139594,-0.06686958545454424,-0.22083570134804342,0,-1.0,False,False
2022/23,2023-05-28,Leeds,Tottenham,Away,Tottenham,Pinnacle,2.36,+100 to +149,0.49363341009079476,0.409774505838655,0.08385890425213977,0.16497484781427563,1,1.3599999999999999,True,True
2022/23,2023-05-28,Leicester,West Ham,Away,West Ham,Pinnacle,3.64,+200 to +299,0.3535693087708036,0.26510155631759424,0.08846775245320937,0.2869922839257253,0,-1.0,True,True
2022/23,2023-05-28,Man United,Fulham,Away,Fulham,Pinnacle,5.84,+300 and longer,0.14076718261734827,0.1646657732660274,-0.023898590648679136,-0.17791965351468608,0,-1.0,False,False
2022/23,2023-05-28,Southampton,Liverpool,Home,Southampton,Pinnacle,6.68,+300 and longer,0.1817574560990649,0.14421505958520084,0.03754239651386407,0.21413980674175348,0,-1.0,True,True
2023/24,2023-08-11,Burnley,Man City,Home,Burnley,Pinnacle,8.58,+300 and longer,0.11466944406206338,0.11337942387325753,0.0012900201888058488,-0.016136169947496226,0,-1.0,True,False
2023/24,2023-08-12,Arsenal,Nott'm Forest,Away,Nott'm Forest,Pinnacle,15.67,+300 and longer,0.0977927936904778,0.06145035234503575,0.03634244134544205,0.5324130771297872,0,-1.0,True,True
2023/24,2023-08-12,Bournemouth,West Ham,Home,Bournemouth,Pinnacle,2.7,+150 to +199,0.32617567433005556,0.36043726068141835,-0.03426158635136278,-0.11932567930884996,0,-1.0,False,False
2023/24,2023-08-12,Bournemouth,West Ham,Away,West Ham,Pinnacle,2.71,+150 to +199,0.42021657025786646,0.359107233889236,0.061109336368630474,0.138786905398818,0,-1.0,True,True
2023/24,2023-08-12,Brighton,Luton,Away,Luton,Pinnacle,9.61,+300 and longer,0.19639958577034103,0.10074096119840788,0.09565862457193315,0.8874000192529772,0,-1.0,True,True
2023/24,2023-08-12,Everton,Fulham,Home,Everton,Pinnacle,2.27,+100 to +149,0.4892426006218927,0.4281586307814844,0.06108396984040826,0.11058070341169635,0,-1.0,True,True
2023/24,2023-08-12,Everton,Fulham,Away,Fulham,Pinnacle,3.35,+200 to +299,0.2830824810963929,0.2901254005593939,-0.007042919463001007,-0.051673688327083744,1,2.35,False,False
2023/24,2023-08-12,Newcastle,Aston Villa,Away,Aston Villa,Pinnacle,4.77,+300 and longer,0.20083397911289014,0.20359334149068212,-0.0027593623777919796,-0.04202191963151414,0,-1.0,False,False
2023/24,2023-08-12,Sheffield United,Crystal Palace,Home,Sheffield United,Pinnacle,3.28,+200 to +299,0.4304585573971372,0.2968744071693618,0.13358415022777537,0.41190406826260983,0,-1.0,True,True
2023/24,2023-08-12,Sheffield United,Crystal Palace,Away,Crystal Palace,Pinnacle,2.43,+100 to +149,0.293032595382774,0.4007193644096735,-0.1076867690268995,-0.28793079321985915,1,1.4300000000000002,False,False
2023/24,2023-08-13,Brentford,Tottenham,Home,Brentford,Pinnacle,2.76,+150 to +199,0.42027161019020626,0.35229659910293537,0.06797501108727089,0.15994964412496926,0,-1.0,True,True
2023/24,2023-08-13,Brentford,Tottenham,Away,Tottenham,Pinnacle,2.55,+150 to +199,0.3304010019438874,0.3813092602055301,-0.05090825826164269,-0.15747744504308725,0,-1.0,False,False
2023/24,2023-08-13,Chelsea,Liverpool,Home,Chelsea,Pinnacle,2.97,+150 to +199,0.33988542781415554,0.32750011246569793,0.012385315348457604,0.00945972060804201,0,-1.0,True,True
2023/24,2023-08-13,Chelsea,Liverpool,Away,Liverpool,Pinnacle,2.4,+100 to +149,0.4276085119153016,0.40528138917630124,0.022327122739000338,0.02626042859672384,0,-1.0,True,True
2023/24,2023-08-14,Man United,Wolves,Away,Wolves,Pinnacle,9.66,+300 and longer,0.12433253772858273,0.10013442445110014,0.024198113277482586,0.20105231445810912,0,-1.0,True,True
2023/24,2023-08-18,Nott'm Forest,Sheffield United,Away,Sheffield United,Pinnacle,4.37,+300 and longer,0.0964429041209645,0.2235125733158147,-0.1270696691948502,-0.5785445089913852,0,-1.0,False,False
2023/24,2023-08-19,Fulham,Brentford,Home,Fulham,Pinnacle,2.76,+150 to +199,0.2951222550501761,0.3523145636894527,-0.0571923086392766,-0.18546257606151406,0,-1.0,False,False
2023/24,2023-08-19,Fulham,Brentford,Away,Brentford,Pinnacle,2.67,+150 to +199,0.4686360447059765,0.3641903354992095,0.10444570920676699,0.25125823936495717,1,1.67,True,True
2023/24,2023-08-19,Liverpool,Bournemouth,Away,Bournemouth,Pinnacle,11.46,+300 and longer,0.08138717994654425,0.08387773346169715,-0.002490553515152899,-0.06730291781260278,0,-1.0,False,False
2023/24,2023-08-19,Man City,Newcastle,Away,Newcastle,Pinnacle,4.8,+300 and longer,0.14290258903318925,0.20221227585027224,-0.059309686817082985,-0.31406757264069163,0,-1.0,False,False
2023/24,2023-08-19,Tottenham,Man United,Home,Tottenham,Pinnacle,2.85,+150 to +199,0.46513610174267644,0.3414547302284352,0.12368137151424125,0.3256378899666279,1,1.85,True,True
2023/24,2023-08-19,Tottenham,Man United,Away,Man United,Pinnacle,2.41,+100 to +149,0.30512334222044435,0.4037950129257429,-0.09867167070529853,-0.26465274524872906,0,-1.0,False,False
2023/24,2023-08-19,Wolves,Brighton,Home,Wolves,Pinnacle,4.12,+300 and longer,0.21135830206633238,0.23570953380072668,-0.024351231734394296,-0.12920379548671057,0,-1.0,False,False
2023/24,2023-08-20,Aston Villa,Everton,Away,Everton,Pinnacle,5.06,+300 and longer,0.254092635413358,0.19193744161721027,0.062155193796147756,0.28570873519159146,0,-1.0,True,True
2023/24,2023-08-20,West Ham,Chelsea,Home,West Ham,Pinnacle,3.68,+200 to +299,0.3623339992238041,0.2643269657929809,0.09800703343082323,0.3333891171435992,1,2.68,True,True
2023/24,2023-08-20,West Ham,Chelsea,Away,Chelsea,Pinnacle,2.1,+100 to +149,0.38067387119150703,0.46320154005627123,-0.0825276688647642,-0.20058487049783524,0,-1.0,False,False
2023/24,2023-08-21,Crystal Palace,Arsenal,Home,Crystal Palace,Pinnacle,5.73,+300 and longer,0.3025802399919243,0.16931606455370357,0.13326417543822072,0.7337847751537263,0,-1.0,True,True
2023/24,2023-08-25,Chelsea,Luton,Away,Luton,Pinnacle,10.68,+300 and longer,0.14434281803811475,0.0911413890759481,0.05320142896216665,0.5415812966470654,0,-1.0,True,True
2023/24,2023-08-26,Arsenal,Fulham,Away,Fulham,Pinnacle,15.25,+300 and longer,0.10539790034568823,0.06324813473126602,0.04214976561442221,0.6073179802717454,0,-1.0,True,True
2023/24,2023-08-26,Bournemouth,Tottenham,Home,Bournemouth,Pinnacle,3.72,+200 to +299,0.2530291739681909,0.26119996817060553,-0.008170794202414622,-0.0587314728383298,0,-1.0,False,False
2023/24,2023-08-26,Brentford,Crystal Palace,Home,Brentford,Pinnacle,2.17,+100 to +149,0.505321976309429,0.44800848634859697,0.05731348996083202,0.09654868859146082,0,-1.0,True,True
2023/24,2023-08-26,Brentford,Crystal Palace,Away,Crystal Palace,Pinnacle,3.62,+200 to +299,0.23349335338465324,0.2685575733084131,-0.03506421992375988,-0.15475406074755527,0,-1.0,False,False
2023/24,2023-08-26,Brighton,West Ham,Away,West Ham,Pinnacle,5.81,+300 and longer,0.20610951462256347,0.16670929786417704,0.039400216758386425,0.19749627995709362,1,4.81,True,True
2023/24,2023-08-26,Everton,Wolves,Home,Everton,Pinnacle,2.34,+100 to +149,0.49828669018984517,0.4157281466040821,0.08255854358576309,0.16599085504423772,0,-1.0,True,True
2023/24,2023-08-26,Everton,Wolves,Away,Wolves,Pinnacle,3.34,+200 to +299,0.257144355939494,0.2912586416328,-0.034114285693306046,-0.1411378511620902,1,2.34,False,False
2023/24,2023-08-26,Man United,Nott'm Forest,Away,Nott'm Forest,Pinnacle,9.11,+300 and longer,0.13436305232391593,0.10610162292362824,0.028261429400287696,0.22404740667087397,0,-1.0,True,True
2023/24,2023-08-27,Burnley,Aston Villa,Home,Burnley,Pinnacle,3.39,+200 to +299,0.33941704371946374,0.2870418135184177,0.052375230201046064,0.1506237782089821,0,-1.0,True,True
2023/24,2023-08-27,Burnley,Aston Villa,Away,Aston Villa,Pinnacle,2.18,+100 to +149,0.39203224637291145,0.44636318707680545,-0.05433094070389399,-0.14536970290705298,1,1.1800000000000002,False,False
2023/24,2023-08-27,Newcastle,Liverpool,Home,Newcastle,Pinnacle,2.2,+100 to +149,0.40257131218691944,0.44250970847724547,-0.03993839629032603,-0.11434311318877721,0,-1.0,False,False
2023/24,2023-08-27,Newcastle,Liverpool,Away,Liverpool,Pinnacle,3.13,+200 to +299,0.37525357863435294,0.31102918806707347,0.06422439056727947,0.17454370112552464,1,2.13,True,True
2023/24,2023-08-27,Sheffield United,Man City,Home,Sheffield United,Pinnacle,16.72,+300 and longer,0.025809902501209993,0.05769510539758604,-0.031885202896376044,-0.5684584301797689,0,-1.0,False,False
2023/24,2023-09-01,Luton,West Ham,Home,Luton,Pinnacle,4.82,+300 and longer,0.2319987227567418,0.20212820703417597,0.029870515722565827,0.11823384368749545,0,-1.0,True,True
2023/24,2023-09-02,Brentford,Bournemouth,Away,Bournemouth,Pinnacle,4.62,+300 and longer,0.1518810578514886,0.21026328620185278,-0.05838222835036419,-0.2983095127261227,0,-1.0,False,False
2023/24,2023-09-02,Brighton,Newcastle,Home,Brighton,Pinnacle,2.59,+150 to +199,0.4340426304079067,0.3757651929617034,0.058277437446203284,0.12417041275647822,1,1.5899999999999999,True,True
2023/24,2023-09-02,Brighton,Newcastle,Away,Newcastle,Pinnacle,2.58,+150 to +199,0.3402039977049245,0.377221647197989,-0.03701764949306452,-0.12227368592129484,0,-1.0,False,False
2023/24,2023-09-02,Burnley,Tottenham,Home,Burnley,Pinnacle,3.97,+200 to +299,0.2354203944778634,0.24423749742745418,-0.008817102949590788,-0.0653810339228823,0,-1.0,False,False
2023/24,2023-09-02,Chelsea,Nott'm Forest,Away,Nott'm Forest,Pinnacle,8.62,+300 and longer,0.14029627053154917,0.11246525618408194,0.027831014347467223,0.20935385198195378,1,7.619999999999999,True,True
2023/24,2023-09-02,Man City,Fulham,Away,Fulham,Pinnacle,18.11,+300 and longer,0.04084673320152744,0.05325998621500137,-0.012413253013473936,-0.26026566172033816,0,-1.0,False,False
2023/24,2023-09-02,Sheffield United,Everton,Home,Sheffield United,Pinnacle,3.06,+200 to +299,0.18815144513255205,0.31793813482135647,-0.1297866896888044,-0.42425657789439075,0,-1.0,False,False
2023/24,2023-09-02,Sheffield United,Everton,Away,Everton,Pinnacle,2.53,+150 to +199,0.60483267669886,0.3845417757127869,0.22029090098607307,0.5302266720481157,0,-1.0,True,True
2023/24,2023-09-03,Arsenal,Man United,Away,Man United,Pinnacle,4.55,+300 and longer,0.255623825354286,0.21340993111518922,0.0422138942390968,0.16308840536200142,0,-1.0,True,True
2023/24,2023-09-03,Crystal Palace,Wolves,Away,Wolves,Pinnacle,4.25,+300 and longer,0.20186425718931075,0.2287467860993614,-0.026882528910050635,-0.1420769069454293,0,-1.0,False,False
2023/24,2023-09-03,Liverpool,Aston Villa,Away,Aston Villa,Pinnacle,4.6,+300 and longer,0.15922437102056267,0.21115194608329607,-0.051927575062733405,-0.26756789330541175,0,-1.0,False,False
2023/24,2023-09-16,Aston Villa,Crystal Palace,Away,Crystal Palace,Pinnacle,4.1,+300 and longer,0.29529016001405733,0.23726042804177103,0.05802973197228631,0.210689656057635,0,-1.0,True,True
2023/24,2023-09-16,Fulham,Luton,Away,Luton,Pinnacle,5.31,+300 and longer,0.28423640354197716,0.1825373073967728,0.10169909614520437,0.5092953028078986,0,-1.0,True,True
2023/24,2023-09-16,Man United,Brighton,Home,Man United,Pinnacle,2.25,+100 to +149,0.4575781386408775,0.43248669595535455,0.025091442685522936,0.029550811941974287,0,-1.0,True,True
2023/24,2023-09-16,Man United,Brighton,Away,Brighton,Pinnacle,2.99,+150 to +199,0.3270027123433642,0.3254498548159023,0.001552857527461926,-0.022261890093341008,1,1.9900000000000002,True,False
2023/24,2023-09-16,Newcastle,Brentford,Away,Brentford,Pinnacle,6.3,+300 and longer,0.25020021345912247,0.15383893373380886,0.09636127972531361,0.5762613447924716,0,-1.0,True,True
2023/24,2023-09-16,Tottenham,Sheffield United,Away,Sheffield United,Pinnacle,10.21,+300 and longer,0.041290269198183675,0.09439300813927878,-0.05310273894109511,-0.5784263514865446,0,-1.0,False,False
2023/24,2023-09-16,West Ham,Man City,Home,West Ham,Pinnacle,6.58,+300 and longer,0.1710686935476897,0.14734774066797643,0.023720952879713264,0.1256320035437981,0,-1.0,True,True
2023/24,2023-09-16,Wolves,Liverpool,Home,Wolves,Pinnacle,6.66,+300 and longer,0.1617946410135366,0.14560360876414147,0.016191032249395138,0.07755230915015376,0,-1.0,True,True
2023/24,2023-09-17,Bournemouth,Chelsea,Home,Bournemouth,Pinnacle,4.39,+300 and longer,0.2486486595222173,0.22110004094445204,0.02754861857776525,0.09156761530253377,0,-1.0,True,True
2023/24,2023-09-17,Everton,Arsenal,Home,Everton,Pinnacle,6.3,+300 and longer,0.23202644383995738,0.15372052262587635,0.07830592121408103,0.46176659619173144,0,-1.0,True,True
2023/24,2023-09-18,Nott'm Forest,Burnley,Home,Nott'm Forest,Pinnacle,2.23,+100 to +149,0.4335238881191273,0.43619080374816593,-0.0026669156290386464,-0.03324172949434612,0,-1.0,False,False
2023/24,2023-09-18,Nott'm Forest,Burnley,Away,Burnley,Pinnacle,3.33,+200 to +299,0.3077946323648765,0.292103751458982,0.01569088090589449,0.024956125775038585,0,-1.0,True,True
2023/24,2023-09-23,Brentford,Everton,Away,Everton,Pinnacle,4.67,+300 and longer,0.18866817206186343,0.2079409372760886,-0.019272765214225163,-0.11891963647109782,1,3.67,False,False
2023/24,2023-09-23,Burnley,Man United,Home,Burnley,Pinnacle,4.28,+300 and longer,0.24519995005443487,0.22669987013797466,0.018500079916460216,0.049455786232981414,0,-1.0,True,True
2023/24,2023-09-23,Crystal Palace,Fulham,Away,Fulham,Pinnacle,4.11,+300 and longer,0.21942413054852292,0.2366111463780821,-0.01718701582955917,-0.0981668234455707,0,-1.0,False,False
2023/24,2023-09-23,Luton,Wolves,Home,Luton,Pinnacle,3.26,+200 to +299,0.4726576425847732,0.2984418340562578,0.17421580852851543,0.5408639148263605,0,-1.0,True,True
2023/24,2023-09-23,Luton,Wolves,Away,Wolves,Pinnacle,2.31,+100 to +149,0.31055119152856714,0.42117765325688333,-0.1106264617283162,-0.28262674756900985,0,-1.0,False,False
2023/24,2023-09-23,Man City,Nott'm Forest,Away,Nott'm Forest,Pinnacle,17.91,+300 and longer,0.04484202734921276,0.05389351624089095,-0.009051488891678186,-0.19687929017559946,0,-1.0,False,False
2023/24,2023-09-24,Arsenal,Tottenham,Away,Tottenham,Pinnacle,4.69,+300 and longer,0.2522645337229423,0.20637282371355142,0.04589171000939085,0.18312066316059927,0,-1.0,True,True
2023/24,2023-09-24,Brighton,Bournemouth,Away,Bournemouth,Pinnacle,7.9,+300 and longer,0.12792639059917957,0.12257973980812473,0.005346650791054841,0.010618485733518535,0,-1.0,True,True
2023/24,2023-09-24,Chelsea,Aston Villa,Away,Aston Villa,Pinnacle,3.93,+200 to +299,0.24256336461910558,0.2472822605284685,-0.004718895909362919,-0.04672597704691506,1,2.93,False,False
2023/24,2023-09-24,Liverpool,West Ham,Away,West Ham,Pinnacle,7.21,+300 and longer,0.14622426868941563,0.1347417449887715,0.01148252370064412,0.05427697725068659,0,-1.0,True,True
2023/24,2023-09-24,Sheffield United,Newcastle,Home,Sheffield United,Pinnacle,7.05,+300 and longer,0.09557626441497899,0.13740545169116597,-0.04182918727618698,-0.3261873358743982,0,-1.0,False,False
2023/24,2023-09-30,Aston Villa,Brighton,Home,Aston Villa,Pinnacle,2.58,+150 to +199,0.35076318100402104,0.37714285714285717,-0.026379676138836128,-0.0950309930096257,1,1.58,False,False
2023/24,2023-09-30,Aston Villa,Brighton,Away,Brighton,Pinnacle,2.58,+150 to +199,0.41452129343116284,0.37714285714285717,0.03737843628830567,0.06946493705240009,0,-1.0,True,True
2023/24,2023-09-30,Bournemouth,Arsenal,Home,Bournemouth,Pinnacle,5.59,+300 and longer,0.2044422698486627,0.1737546671523541,0.030687602696308602,0.14283228845402451,0,-1.0,True,True
2023/24,2023-09-30,Everton,Luton,Away,Luton,Pinnacle,6.24,+300 and longer,0.28284893800716343,0.15538546931144281,0.12746346869572062,0.7649773731646998,1,5.24,True,True
2023/24,2023-09-30,Man United,Crystal Palace,Away,Crystal Palace,Pinnacle,5.96,+300 and longer,0.23149374128914915,0.16225466957428655,0.0692390717148626,0.3797026980833289,1,4.96,True,True
2023/24,2023-09-30,Newcastle,Burnley,Away,Burnley,Pinnacle,9.15,+300 and longer,0.11864946045080262,0.10590847694359996,0.012740983507202652,0.08564256312484408,0,-1.0,True,True
2023/24,2023-09-30,Tottenham,Liverpool,Home,Tottenham,Pinnacle,2.98,+150 to +199,0.34095701613189416,0.3268375630545061,0.014119453077388044,0.016051908073044574,1,1.98,True,True
2023/24,2023-09-30,Tottenham,Liverpool,Away,Liverpool,Pinnacle,2.23,+100 to +149,0.438947595059604,0.43676051027014723,0.0021870847894567835,-0.021146863017083017,0,-1.0,True,False
2023/24,2023-09-30,West Ham,Sheffield United,Away,Sheffield United,Pinnacle,7.44,+300 and longer,0.06715546374011555,0.13033154515873713,-0.06317608141862158,-0.5003633497735402,0,-1.0,False,False
2023/24,2023-09-30,Wolves,Man City,Home,Wolves,Pinnacle,9.61,+300 and longer,0.09181923798313732,0.10104206441588505,-0.00922282643274773,-0.1176171229820504,1,8.61,False,False
2023/24,2023-10-01,Nott'm Forest,Brentford,Home,Nott'm Forest,Pinnacle,2.84,+150 to +199,0.263204936662541,0.3425849581741396,-0.07938002151159856,-0.2524979798783835,0,-1.0,False,False
2023/24,2023-10-01,Nott'm Forest,Brentford,Away,Brentford,Pinnacle,2.69,+150 to +199,0.49158735089830097,0.36168820862994666,0.1298991422683543,0.32236997391642963,0,-1.0,True,True
2023/24,2023-10-02,Fulham,Chelsea,Home,Fulham,Pinnacle,3.93,+200 to +299,0.2639335576043507,0.24710287782541124,0.016830679778939484,0.037258881385098475,0,-1.0,True,True
2023/24,2023-10-02,Fulham,Chelsea,Away,Chelsea,Pinnacle,2.06,+100 to +149,0.504244096778421,0.4714147135212942,0.032829383257126754,0.038742839363547166,1,1.06,True,True
2023/24,2023-10-03,Luton,Burnley,Home,Luton,Pinnacle,2.94,+150 to +199,0.4610502121319596,0.33116413313885334,0.12988607899310628,0.35548762366796116,0,-1.0,True,True
2023/24,2023-10-03,Luton,Burnley,Away,Burnley,Pinnacle,2.65,+150 to +199,0.32702460992263166,0.3674047363880109,-0.04038012646537925,-0.13338478370502616,1,1.65,False,False
2023/24,2023-10-07,Burnley,Chelsea,Home,Burnley,Pinnacle,4.58,+300 and longer,0.23734993319338082,0.21169453641394642,0.025655396779434403,0.08706269402568423,0,-1.0,True,True
2023/24,2023-10-07,Crystal Palace,Nott'm Forest,Home,Crystal Palace,Pinnacle,2.26,+100 to +149,0.5287857379621513,0.43042843878498477,0.09835729917716657,0.195055767794462,0,-1.0,True,True
2023/24,2023-10-07,Crystal Palace,Nott'm Forest,Away,Nott'm Forest,Pinnacle,3.54,+200 to +299,0.20841069692196232,0.2747932970774196,-0.0663826001554573,-0.2622261328962534,0,-1.0,False,False
2023/24,2023-10-07,Everton,Bournemouth,Away,Bournemouth,Pinnacle,3.88,+200 to +299,0.25503544602841444,0.2502771289776907,0.004758317050723715,-0.01046246940975204,0,-1.0,True,False
2023/24,2023-10-07,Fulham,Sheffield United,Away,Sheffield United,Pinnacle,5.9,+300 and longer,0.11733753326316074,0.16467516818957725,-0.047337634926416516,-0.3077085537473516,0,-1.0,False,False
2023/24,2023-10-07,Luton,Tottenham,Home,Luton,Pinnacle,6.91,+300 and longer,0.22494293701861304,0.14044101739963533,0.08450191961897771,0.5543556947986161,0,-1.0,True,True
2023/24,2023-10-07,Man United,Brentford,Away,Brentford,Pinnacle,4.87,+300 and longer,0.29651656214068545,0.19936179827613454,0.09715476386455091,0.4440356576251381,0,-1.0,True,True
2023/24,2023-10-08,Arsenal,Man City,Home,Arsenal,Pinnacle,2.99,+150 to +199,0.29150654195840514,0.32550168904189053,-0.03399514708348539,-0.1283954395443686,1,1.9900000000000002,False,False
2023/24,2023-10-08,Arsenal,Man City,Away,Man City,Pinnacle,2.46,+100 to +149,0.47138654445719125,0.3956301017216475,0.07575644273554377,0.15961089936469053,0,-1.0,True,True
2023/24,2023-10-08,Brighton,Liverpool,Home,Brighton,Pinnacle,3.14,+200 to +299,0.372880292219891,0.30977982954545447,0.06310046267443653,0.1708441175704578,0,-1.0,True,True
2023/24,2023-10-08,Brighton,Liverpool,Away,Liverpool,Pinnacle,2.17,+100 to +149,0.41708968869202157,0.44825284090909084,-0.03116315221706928,-0.0949153755383132,0,-1.0,False,False
2023/24,2023-10-08,West Ham,Newcastle,Home,West Ham,Pinnacle,3.41,+200 to +299,0.29329427636778754,0.28504429205439213,0.008249984313395409,0.0001334824141556723,0,-1.0,True,True
2023/24,2023-10-08,West Ham,Newcastle,Away,Newcastle,Pinnacle,2.12,+100 to +149,0.4781864189810946,0.4584910546723949,0.01969536430869967,0.013755208239920602,0,-1.0,True,True
2023/24,2023-10-08,Wolves,Aston Villa,Home,Wolves,Pinnacle,3.39,+200 to +299,0.29194447217387787,0.28683173685161756,0.005112735322260309,-0.010308239330554025,0,-1.0,True,False
2023/24,2023-10-08,Wolves,Aston Villa,Away,Aston Villa,Pinnacle,2.18,+100 to +149,0.4499784639681585,0.4460365082233869,0.003941955744771575,-0.019046948549414466,0,-1.0,True,False
2023/24,2023-10-21,Bournemouth,Wolves,Home,Bournemouth,Pinnacle,2.45,+100 to +149,0.4409495647071467,0.39746272214423817,0.04348684256290852,0.08032643353250957,0,-1.0,True,True
2023/24,2023-10-21,Bournemouth,Wolves,Away,Wolves,Pinnacle,3.01,+200 to +299,0.30709697664438157,0.32351616918717063,-0.016419192542789063,-0.07563810030041151,1,2.01,False,False
2023/24,2023-10-21,Brentford,Burnley,Away,Burnley,Pinnacle,4.37,+300 and longer,0.1560861982777668,0.22241747563626496,-0.06633127735849817,-0.3179033135261591,0,-1.0,False,False
2023/24,2023-10-21,Chelsea,Arsenal,Home,Chelsea,Pinnacle,3.33,+200 to +299,0.37030112927967646,0.29198104153439547,0.07832008774528099,0.23310276050132273,0,-1.0,True,True
2023/24,2023-10-21,Chelsea,Arsenal,Away,Arsenal,Pinnacle,2.26,+100 to +149,0.38517208720789786,0.43021985323430834,-0.045047766026410474,-0.1295110829101509,0,-1.0,False,False
2023/24,2023-10-21,Liverpool,Everton,Away,Everton,Pinnacle,7.65,+300 and longer,0.11334148295679275,0.12642600906184476,-0.013084526105052008,-0.13293765538053548,0,-1.0,False,False
2023/24,2023-10-21,Man City,Brighton,Away,Brighton,Pinnacle,6.93,+300 and longer,0.1408226078867758,0.13982413127099216,0.0009984766157836444,-0.024099327344643706,0,-1.0,True,False
2023/24,2023-10-21,Newcastle,Crystal Palace,Away,Crystal Palace,Pinnacle,7.7,+300 and longer,0.1816907424256406,0.12599156055229174,0.05569918187334885,0.3990187166774326,0,-1.0,True,True
2023/24,2023-10-21,Nott'm Forest,Luton,Away,Luton,Pinnacle,5.43,+300 and longer,0.2940709325255453,0.17889073138797892,0.11518020113756636,0.5968051636137108,0,-1.0,True,True
2023/24,2023-10-21,Sheffield United,Man United,Home,Sheffield United,Pinnacle,7.57,+300 and longer,0.07589681007554218,0.12798442374616525,-0.052087613670623076,-0.4254611477281457,0,-1.0,False,False
2023/24,2023-10-22,Aston Villa,West Ham,Away,West Ham,Pinnacle,4.01,+300 and longer,0.28866478959751085,0.24207902014245286,0.04658576945505799,0.15754580628601844,0,-1.0,True,True
2023/24,2023-10-23,Tottenham,Fulham,Away,Fulham,Pinnacle,6.06,+300 and longer,0.14676125614534583,0.15967478540328048,-0.012913529257934653,-0.11062678775920431,0,-1.0,False,False
2023/24,2023-10-27,Crystal Palace,Tottenham,Home,Crystal Palace,Pinnacle,4.7,+300 and longer,0.32416707989619464,0.20620016439375305,0.1179669155024416,0.5235852755121149,0,-1.0,True,True
2023/24,2023-10-28,Arsenal,Sheffield United,Away,Sheffield United,Pinnacle,21.31,+300 and longer,0.027898825243945397,0.04554595198886661,-0.01764712674492121,-0.40547603405152366,0,-1.0,False,False
2023/24,2023-10-28,Bournemouth,Burnley,Home,Bournemouth,Pinnacle,2.1,+100 to +149,0.45375992179080094,0.4629137063716602,-0.009153784580859248,-0.04710416423931796,1,1.1,False,False
2023/24,2023-10-28,Bournemouth,Burnley,Away,Burnley,Pinnacle,3.49,+200 to +299,0.2984596375085531,0.27854406400587,0.01991557350268308,0.041624134904850285,0,-1.0,True,True
2023/24,2023-10-28,Chelsea,Brentford,Away,Brentford,Pinnacle,5.32,+300 and longer,0.29016269655456695,0.18225735617039962,0.10790534038416733,0.5436655456702961,1,4.32,True,True
2023/24,2023-10-28,Wolves,Newcastle,Home,Wolves,Pinnacle,4.22,+300 and longer,0.19046663129635932,0.22982575866667504,-0.039359127370315716,-0.19623081592936376,0,-1.0,False,False
2023/24,2023-10-29,Aston Villa,Luton,Away,Luton,Pinnacle,10.8,+300 and longer,0.14740223979020914,0.08951712122708862,0.05788511856312052,0.5919441897342588,0,-1.0,True,True
2023/24,2023-10-29,Brighton,Fulham,Away,Fulham,Pinnacle,5.36,+300 and longer,0.1346413792784328,0.1810361925469945,-0.04639481326856168,-0.27832220706760014,0,-1.0,False,False
2023/24,2023-10-29,Liverpool,Nott'm Forest,Away,Nott'm Forest,Pinnacle,10.09,+300 and longer,0.08810310054161603,0.0952852379739512,-0.007182137432335173,-0.11103971553509429,0,-1.0,False,False
2023/24,2023-10-29,Man United,Man City,Home,Man United,Pinnacle,5.16,+300 and longer,0.21674468059602617,0.18793220746504774,0.028812473130978428,0.11840255187549498,0,-1.0,True,True
2023/24,2023-10-29,West Ham,Everton,Home,West Ham,Pinnacle,2.18,+100 to +149,0.4995850065006401,0.4461286032324283,0.05345640326821177,0.08909531417139549,0,-1.0,True,True
2023/24,2023-10-29,West Ham,Everton,Away,Everton,Pinnacle,3.41,+200 to +299,0.27736903908991495,0.28520831526296003,-0.007839276173045084,-0.05417157670339001,1,2.41,False,False
2023/24,2023-11-04,Brentford,West Ham,Home,Brentford,Pinnacle,2.07,+100 to +149,0.5521259837437357,0.4669527896995709,0.08517319404416479,0.14290078634953285,1,1.0699999999999998,True,True
2023/24,2023-11-04,Brentford,West Ham,Away,West Ham,Pinnacle,3.52,+200 to +299,0.22951352855027737,0.27460007803355446,-0.04508654948327709,-0.19211237950302362,0,-1.0,False,False
2023/24,2023-11-04,Burnley,Crystal Palace,Home,Burnley,Pinnacle,2.89,+150 to +199,0.30260370601853076,0.33528453887637116,-0.0326808328578404,-0.12547528960644605,0,-1.0,False,False
2023/24,2023-11-04,Burnley,Crystal Palace,Away,Crystal Palace,Pinnacle,2.65,+150 to +199,0.41217585165192155,0.3656499310764954,0.04652592057542615,0.09226600687759201,1,1.65,True,True
2023/24,2023-11-04,Everton,Brighton,Home,Everton,Pinnacle,3.1,+200 to +299,0.2885273126443178,0.3121343615309098,-0.023607048886591986,-0.10556533080261477,0,-1.0,False,False
2023/24,2023-11-04,Everton,Brighton,Away,Brighton,Pinnacle,2.21,+100 to +149,0.4930255526559052,0.43783552974924,0.05519002290666519,0.08958647136955045,0,-1.0,True,True
2023/24,2023-11-04,Fulham,Man United,Home,Fulham,Pinnacle,3.22,+200 to +299,0.2865954643239528,0.30071114121232645,-0.014115676888373674,-0.07716260487687199,0,-1.0,False,False
2023/24,2023-11-04,Fulham,Man United,Away,Man United,Pinnacle,2.22,+100 to +149,0.49183670522833955,0.4361666102268879,0.05567009500145165,0.091877485606914,1,1.2200000000000002,True,True
2023/24,2023-11-04,Man City,Bournemouth,Away,Bournemouth,Pinnacle,29.22,+300 and longer,0.04007773295543276,0.03296929028724024,0.007108442668192522,0.1710713569577451,0,-1.0,True,True
2023/24,2023-11-04,Newcastle,Arsenal,Home,Newcastle,Pinnacle,2.83,+150 to +199,0.4567914979283156,0.3421638856496422,0.11462761227867341,0.2927199391371331,1,1.83,True,True
2023/24,2023-11-04,Newcastle,Arsenal,Away,Arsenal,Pinnacle,2.59,+150 to +199,0.3131630013750559,0.3738701916557866,-0.06070719028073068,-0.18890782643860515,0,-1.0,False,False
2023/24,2023-11-04,Sheffield United,Wolves,Home,Sheffield United,Pinnacle,3.91,+200 to +299,0.23052871162409155,0.24708003449086777,-0.016551322866776214,-0.09863273754980195,1,2.91,False,False
2023/24,2023-11-05,Luton,Liverpool,Home,Luton,Pinnacle,11.23,+300 and longer,0.09673819353312428,0.08534102200719998,0.011397171525924302,0.08636991337698574,0,-1.0,True,True
2023/24,2023-11-05,Nott'm Forest,Aston Villa,Home,Nott'm Forest,Pinnacle,4.17,+300 and longer,0.3043803890097975,0.23172867162967234,0.07265171738012519,0.2692662221708557,1,3.17,True,True
2023/24,2023-11-06,Tottenham,Chelsea,Home,Tottenham,Pinnacle,2.14,+100 to +149,0.4615983375212296,0.4515803972741772,0.010017940247052382,-0.012179557704568578,0,-1.0,True,False
2023/24,2023-11-06,Tottenham,Chelsea,Away,Chelsea,Pinnacle,3.34,+200 to +299,0.29947849107894325,0.28933594316369443,0.010142547915248823,0.00025816020367042114,1,2.34,True,True
2023/24,2023-11-11,Arsenal,Burnley,Away,Burnley,Pinnacle,14.74,+300 and longer,0.09884376189856453,0.065105095515744,0.033738666382820526,0.45695705038484125,0,-1.0,True,True
2023/24,2023-11-11,Bournemouth,Newcastle,Home,Bournemouth,Pinnacle,4.52,+300 and longer,0.17297077730342192,0.2136075570967356,-0.040636779793313677,-0.21817208658853304,1,3.5199999999999996,False,False
2023/24,2023-11-11,Crystal Palace,Everton,Home,Crystal Palace,Pinnacle,2.45,+100 to +149,0.457292090318661,0.39468749395866753,0.06260459635999349,0.12036562128071959,0,-1.0,True,True
2023/24,2023-11-11,Crystal Palace,Everton,Away,Everton,Pinnacle,3.19,+200 to +299,0.2865836494364354,0.3031298934792275,-0.01654624404279209,-0.08579815829777115,1,2.19,False,False
2023/24,2023-11-11,Man United,Luton,Away,Luton,Pinnacle,9.36,+300 and longer,0.11064408708418164,0.10264508382383225,0.007999003260349385,0.03562865510794011,0,-1.0,True,True
2023/24,2023-11-11,Wolves,Tottenham,Home,Wolves,Pinnacle,3.11,+200 to +299,0.2446211324498823,0.3108128537453218,-0.06619172129543952,-0.2392282780808661,1,2.11,False,False
2023/24,2023-11-11,Wolves,Tottenham,Away,Tottenham,Pinnacle,2.23,+100 to +149,0.5217667791529984,0.4334654597076013,0.0883013194453971,0.16353991751118646,0,-1.0,True,True
2023/24,2023-11-12,Aston Villa,Fulham,Away,Fulham,Pinnacle,5.67,+300 and longer,0.20425446564724672,0.1703107822779067,0.03394368336934003,0.158122820219889,0,-1.0,True,True
2023/24,2023-11-12,Brighton,Sheffield United,Away,Sheffield United,Pinnacle,11.28,+300 and longer,0.03787697771565802,0.08506585743801652,-0.0471888797223585,-0.5727476913673776,0,-1.0,False,False
2023/24,2023-11-12,Chelsea,Man City,Home,Chelsea,Pinnacle,4.92,+300 and longer,0.23249667368654758,0.19584167746495465,0.036654996221592934,0.14388363453781405,0,-1.0,True,True
2023/24,2023-11-12,Liverpool,Brentford,Away,Brentford,Pinnacle,7.17,+300 and longer,0.19927895026084314,0.13426018953485216,0.06501876072599097,0.42883007337024526,0,-1.0,True,True
2023/24,2023-11-12,West Ham,Nott'm Forest,Away,Nott'm Forest,Pinnacle,4.1,+300 and longer,0.2229714956329814,0.23523288157078068,-0.012261385937799268,-0.08581686790477627,0,-1.0,False,False
2023/24,2023-11-25,Brentford,Arsenal,Home,Brentford,Pinnacle,4.74,+300 and longer,0.35973444154164913,0.20392519104115928,0.15580925050048985,0.705141252907417,0,-1.0,True,True
2023/24,2023-11-25,Burnley,West Ham,Home,Burnley,Pinnacle,3.58,+200 to +299,0.30679366803817754,0.27027182759763174,0.036521840440545794,0.09832133157667555,0,-1.0,True,True
2023/24,2023-11-25,Burnley,West Ham,Away,West Ham,Pinnacle,2.12,+100 to +149,0.4453452587416847,0.45640242584883095,-0.01105716710714627,-0.05586805146762841,1,1.12,False,False
2023/24,2023-11-25,Luton,Crystal Palace,Home,Luton,Pinnacle,3.7,+200 to +299,0.28155391070952546,0.261634001289565,0.01991990941996047,0.041749469625244284,1,2.7,True,True
2023/24,2023-11-25,Luton,Crystal Palace,Away,Crystal Palace,Pinnacle,2.13,+100 to +149,0.4917461110557283,0.45448159848422093,0.03726451257150737,0.04741921654870129,0,-1.0,True,True
2023/24,2023-11-25,Man City,Liverpool,Away,Liverpool,Pinnacle,4.24,+300 and longer,0.20644991734276807,0.22762923298101279,-0.02117931563824471,-0.12465235046666334,0,-1.0,False,False
2023/24,2023-11-25,Newcastle,Chelsea,Home,Newcastle,Pinnacle,2.65,+150 to +199,0.5064880590092713,0.36541801905660887,0.14107003995266243,0.34219335637456894,1,1.65,True,True
2023/24,2023-11-25,Newcastle,Chelsea,Away,Chelsea,Pinnacle,2.73,+150 to +199,0.26930762081314324,0.3547097987179536,-0.08540217790481036,-0.2647901951801189,0,-1.0,False,False
2023/24,2023-11-25,Nott'm Forest,Brighton,Home,Nott'm Forest,Pinnacle,3.32,+200 to +299,0.24235995510089234,0.29149570440120126,-0.04913574930030892,-0.19536494906503743,0,-1.0,False,False
2023/24,2023-11-25,Nott'm Forest,Brighton,Away,Brighton,Pinnacle,2.19,+100 to +149,0.530712369354327,0.44190216374976626,0.08881020560456071,0.16226008888597598,1,1.19,True,True
2023/24,2023-11-25,Sheffield United,Bournemouth,Home,Sheffield United,Pinnacle,3.36,+200 to +299,0.2548112757158391,0.28765180391809236,-0.03284052820225325,-0.1438341135947806,0,-1.0,False,False
2023/24,2023-11-25,Sheffield United,Bournemouth,Away,Bournemouth,Pinnacle,2.2,+100 to +149,0.5134941533149884,0.4393227550749047,0.07417139824008367,0.12968713729297443,1,1.2000000000000002,True,True
2023/24,2023-11-26,Everton,Man United,Home,Everton,Pinnacle,2.75,+150 to +199,0.3495370592188555,0.35196791175733266,-0.0024308525384771906,-0.03877308714814742,0,-1.0,False,False
2023/24,2023-11-26,Everton,Man United,Away,Man United,Pinnacle,2.6,+150 to +199,0.4264107252707264,0.37227375282025565,0.05413697245047072,0.10866788570388852,1,1.6,True,True
2023/24,2023-11-26,Tottenham,Aston Villa,Home,Tottenham,Pinnacle,2.36,+100 to +149,0.49006683681867885,0.41027520490437797,0.07979163191430089,0.15655773489208213,0,-1.0,True,True
2023/24,2023-11-26,Tottenham,Aston Villa,Away,Aston Villa,Pinnacle,2.82,+150 to +199,0.2788931738730003,0.3433508807001177,-0.06445770682711743,-0.21352124967813924,1,1.8199999999999998,False,False
2023/24,2023-11-27,Fulham,Wolves,Home,Fulham,Pinnacle,2.45,+100 to +149,0.45399713550138515,0.39521291935018743,0.05878421615119772,0.11229298197839377,1,1.4500000000000002,True,True
2023/24,2023-11-27,Fulham,Wolves,Away,Wolves,Pinnacle,3.05,+200 to +299,0.2970680730145715,0.3174661155435932,-0.02039804252902172,-0.09394237730555699,0,-1.0,False,False
2023/24,2023-12-02,Arsenal,Wolves,Away,Wolves,Pinnacle,10.82,+300 and longer,0.10835446398936108,0.08911468407667775,0.01923977991268333,0.17239530036488682,0,-1.0,True,True
2023/24,2023-12-02,Brentford,Luton,Away,Luton,Pinnacle,7.07,+300 and longer,0.09686823159071886,0.13624664660302588,-0.039378415012307016,-0.31514160265361757,0,-1.0,False,False
2023/24,2023-12-02,Burnley,Sheffield United,Away,Sheffield United,Pinnacle,4.65,+300 and longer,0.164058818896565,0.20738388918546824,-0.04332507028890323,-0.2371264921309726,0,-1.0,False,False
2023/24,2023-12-02,Newcastle,Man United,Away,Man United,Pinnacle,4.0,+300 and longer,0.22583893842644387,0.2416127230309204,-0.015773784604476537,-0.09664424629422452,0,-1.0,False,False
2023/24,2023-12-02,Nott'm Forest,Everton,Home,Nott'm Forest,Pinnacle,2.85,+150 to +199,0.38710130049080343,0.3400698165855253,0.047031483905278115,0.10323870639878985,0,-1.0,True,True
2023/24,2023-12-02,Nott'm Forest,Everton,Away,Everton,Pinnacle,2.64,+150 to +199,0.36911015205924846,0.3671208247230103,0.001989327336238189,-0.025549198563584063,1,1.6400000000000001,True,False
2023/24,2023-12-03,Bournemouth,Aston Villa,Home,Bournemouth,Pinnacle,3.56,+200 to +299,0.31212521509374974,0.27160631836397325,0.04051889672977649,0.11116576573374903,0,-1.0,True,True
2023/24,2023-12-03,Chelsea,Brighton,Away,Brighton,Pinnacle,4.4,+300 and longer,0.3063194718299726,0.21932631766964858,0.08699315416032402,0.3478056760518795,0,-1.0,True,True
2023/24,2023-12-03,Liverpool,Fulham,Away,Fulham,Pinnacle,10.35,+300 and longer,0.09029948180595647,0.09249782438549152,-0.002198342579535051,-0.06540036330835053,0,-1.0,False,False
2023/24,2023-12-03,Man City,Tottenham,Away,Tottenham,Pinnacle,9.75,+300 and longer,0.12405637010920585,0.09807905363709522,0.02597731647211063,0.20954960856475702,0,-1.0,True,True
2023/24,2023-12-03,West Ham,Crystal Palace,Home,West Ham,Pinnacle,2.01,+100 to +149,0.443970357904029,0.48137978613314936,-0.037409428229120356,-0.10761958061290178,0,-1.0,False,False
2023/24,2023-12-03,West Ham,Crystal Palace,Away,Crystal Palace,Pinnacle,3.92,+200 to +299,0.30145490685550713,0.2468299413590893,0.05462496549641782,0.18170323487358786,0,-1.0,True,True
2023/24,2023-12-05,Luton,Arsenal,Home,Luton,Pinnacle,14.73,+300 and longer,0.11508618872460076,0.06557572283431559,0.04951046589028517,0.6952195599133693,0,-1.0,True,True
2023/24,2023-12-05,Wolves,Burnley,Away,Burnley,Pinnacle,4.35,+300 and longer,0.2905940873527769,0.22351571594877767,0.06707837140399925,0.2640842799845795,0,-1.0,True,True
2023/24,2023-12-06,Aston Villa,Man City,Home,Aston Villa,Pinnacle,4.35,+300 and longer,0.18779105549166578,0.2222370232227699,-0.034445967731104116,-0.18310890861125395,1,3.3499999999999996,False,False
2023/24,2023-12-06,Brighton,Brentford,Away,Brentford,Pinnacle,3.79,+200 to +299,0.3026297868467255,0.2545888814295787,0.048040905417146784,0.14696689214908965,0,-1.0,True,True
2023/24,2023-12-06,Crystal Palace,Bournemouth,Home,Crystal Palace,Pinnacle,2.3,+100 to +149,0.5095848546347643,0.4203904555314534,0.08919439910331095,0.17204516565995776,0,-1.0,True,True
2023/24,2023-12-06,Crystal Palace,Bournemouth,Away,Bournemouth,Pinnacle,3.23,+200 to +299,0.24838361444012236,0.299349240780911,-0.05096562634078866,-0.1977209253584048,1,2.23,False,False
2023/24,2023-12-06,Fulham,Nott'm Forest,Home,Fulham,Pinnacle,2.06,+100 to +149,0.45689967200215514,0.4696480897103573,-0.012748417708202175,-0.058786675675560396,1,1.06,False,False
2023/24,2023-12-06,Fulham,Nott'm Forest,Away,Nott'm Forest,Pinnacle,3.81,+200 to +299,0.29957626562711814,0.25393046320297535,0.04564580242414279,0.14138557203932023,0,-1.0,True,True
2023/24,2023-12-06,Man United,Chelsea,Home,Man United,Pinnacle,2.88,+150 to +199,0.4059708506576849,0.3361543643974777,0.0698164862602072,0.1691960498941325,1,1.88,True,True
2023/24,2023-12-06,Man United,Chelsea,Away,Chelsea,Pinnacle,2.42,+100 to +149,0.3684169842030623,0.40005147498542803,-0.03163449078236574,-0.10843089822858931,0,-1.0,False,False
2023/24,2023-12-06,Sheffield United,Liverpool,Home,Sheffield United,Pinnacle,14.14,+300 and longer,0.05160177829654961,0.0679186391302086,-0.016316860833658985,-0.27035085488678845,0,-1.0,False,False
2023/24,2023-12-07,Everton,Newcastle,Home,Everton,Pinnacle,3.17,+200 to +299,0.2594921976833323,0.3055451145661294,-0.04605291688279711,-0.17740973334383658,1,2.17,False,False
2023/24,2023-12-07,Everton,Newcastle,Away,Newcastle,Pinnacle,2.36,+100 to +149,0.5232497618533236,0.4104144123621315,0.11283534949119212,0.23486943797384363,0,-1.0,True,True
2023/24,2023-12-07,Tottenham,West Ham,Away,West Ham,Pinnacle,4.04,+300 and longer,0.23604601280814008,0.2391315069168742,-0.003085494108734127,-0.04637410825511401,1,3.04,False,False
2023/24,2023-12-09,Aston Villa,Arsenal,Home,Aston Villa,Pinnacle,3.43,+200 to +299,0.32625156278553263,0.28189152862409056,0.044360034161442075,0.11904286035437694,1,2.43,True,True
2023/24,2023-12-09,Aston Villa,Arsenal,Away,Arsenal,Pinnacle,2.12,+100 to +149,0.43834025342935823,0.45607921848142957,-0.017738965052071343,-0.07071866272976046,0,-1.0,False,False
2023/24,2023-12-09,Brighton,Burnley,Away,Burnley,Pinnacle,6.31,+300 and longer,0.13152754149015577,0.1526232321413463,-0.02109569065119052,-0.1700612131971171,0,-1.0,False,False
2023/24,2023-12-09,Crystal Palace,Liverpool,Home,Crystal Palace,Pinnacle,6.3,+300 and longer,0.2518072139728201,0.15279458740897997,0.0990126265638401,0.5863854480287665,0,-1.0,True,True
2023/24,2023-12-09,Man United,Bournemouth,Away,Bournemouth,Pinnacle,5.52,+300 and longer,0.18661204556520197,0.17434486059590767,0.012267184969294298,0.030098491519914727,1,4.52,True,True
2023/24,2023-12-09,Sheffield United,Brentford,Home,Sheffield United,Pinnacle,4.47,+300 and longer,0.11417285253583831,0.2158113885964994,-0.10163853606066109,-0.4896473491648028,1,3.4699999999999998,False,False
2023/24,2023-12-09,Wolves,Nott'm Forest,Away,Nott'm Forest,Pinnacle,4.44,+300 and longer,0.3038504782028976,0.21756169486264157,0.08628878334025605,0.3490961232208656,0,-1.0,True,True
2023/24,2023-12-10,Everton,Chelsea,Home,Everton,Pinnacle,3.03,+200 to +299,0.3336377050971638,0.31970234973151856,0.013935355365645219,0.010922246444406092,1,2.03,True,True
2023/24,2023-12-10,Everton,Chelsea,Away,Chelsea,Pinnacle,2.36,+100 to +149,0.43942967790309073,0.4104653049519073,0.028964372951183426,0.03705403985129396,0,-1.0,True,True
2023/24,2023-12-10,Fulham,West Ham,Home,Fulham,Pinnacle,2.44,+100 to +149,0.3927516195639155,0.39636492351257346,-0.003613303948657942,-0.041686048264046094,1,1.44,False,False
2023/24,2023-12-10,Fulham,West Ham,Away,West Ham,Pinnacle,3.03,+200 to +299,0.3749655326004166,0.3191849549078149,0.055780577692601696,0.13614556377926212,0,-1.0,True,True
2023/24,2023-12-10,Luton,Man City,Home,Luton,Pinnacle,18.31,+300 and longer,0.05425633157591983,0.05258119008540403,0.0016751414905157996,-0.006566568844907916,0,-1.0,True,False
2023/24,2023-12-10,Tottenham,Newcastle,Home,Tottenham,Pinnacle,2.23,+100 to +149,0.3723629786821116,0.43388557089820534,-0.06152259221609374,-0.1696305575388911,1,1.23,False,False
2023/24,2023-12-10,Tottenham,Newcastle,Away,Newcastle,Pinnacle,3.08,+200 to +299,0.3992907482073469,0.3141444230853889,0.08514632512195797,0.22981550447862853,0,-1.0,True,True
2023/24,2023-12-15,Nott'm Forest,Tottenham,Home,Nott'm Forest,Pinnacle,4.51,+300 and longer,0.2750005467610558,0.21496722269098462,0.06003332407007117,0.2402524658923615,0,-1.0,True,True
2023/24,2023-12-16,Burnley,Everton,Home,Burnley,Pinnacle,3.66,+200 to +299,0.34456795831877135,0.26439195479443156,0.08017600352433979,0.2611187274467033,0,-1.0,True,True
2023/24,2023-12-16,Burnley,Everton,Away,Everton,Pinnacle,2.13,+100 to +149,0.4116367878509873,0.4543073026045162,-0.0426705147535289,-0.12321364187739714,1,1.13,False,False
2023/24,2023-12-16,Chelsea,Sheffield United,Away,Sheffield United,Pinnacle,11.68,+300 and longer,0.055135630923394144,0.08220139122852216,-0.027065760305128014,-0.3560158308147564,0,-1.0,False,False
2023/24,2023-12-16,Man City,Crystal Palace,Away,Crystal Palace,Pinnacle,15.35,+300 and longer,0.09283150912598404,0.0623316382834265,0.030499870842557536,0.42496366508385486,0,-1.0,True,True
2023/24,2023-12-16,Newcastle,Fulham,Away,Fulham,Pinnacle,4.04,+300 and longer,0.14047623708858945,0.23890247144960153,-0.09842623436101208,-0.4324760021620986,0,-1.0,False,False
2023/24,2023-12-17,Arsenal,Brighton,Away,Brighton,Pinnacle,6.67,+300 and longer,0.2329136100273445,0.14475933719095213,0.08815427283639238,0.5535337788823878,0,-1.0,True,True
2023/24,2023-12-17,Brentford,Aston Villa,Home,Brentford,Pinnacle,3.24,+200 to +299,0.5010358073708172,0.29867822080842427,0.20235758656239294,0.623356015881448,0,-1.0,True,True
2023/24,2023-12-17,Brentford,Aston Villa,Away,Aston Villa,Pinnacle,2.19,+100 to +149,0.2679571264804873,0.44188010749739487,-0.17392298101690756,-0.4131738930077328,1,1.19,False,False
2023/24,2023-12-17,Liverpool,Man United,Away,Man United,Pinnacle,8.37,+300 and longer,0.18104285926855235,0.11443954755650118,0.06660331171205117,0.5153287320777831,0,-1.0,True,True
2023/24,2023-12-17,West Ham,Wolves,Home,West Ham,Pinnacle,2.12,+100 to +149,0.5665545691390863,0.45633977323478986,0.11021479590429645,0.201095686574863,1,1.12,True,True
2023/24,2023-12-17,West Ham,Wolves,Away,Wolves,Pinnacle,3.5,+200 to +299,0.21344293470832654,0.2764115197879299,-0.06296858507960335,-0.25294972852085706,0,-1.0,False,False
2023/24,2023-12-21,Crystal Palace,Brighton,Home,Crystal Palace,Pinnacle,3.4,+200 to +299,0.35121990243077317,0.28479005079595116,0.06642985163482201,0.19414766826462881,0,-1.0,True,True
2023/24,2023-12-21,Crystal Palace,Brighton,Away,Brighton,Pinnacle,2.22,+100 to +149,0.39852843577786745,0.4361649426604657,-0.03763650688259823,-0.11526687257313417,0,-1.0,False,False
2023/24,2023-12-22,Aston Villa,Sheffield United,Away,Sheffield United,Pinnacle,11.3,+300 and longer,0.07134447202186087,0.08523830720929042,-0.013893835187429551,-0.19380746615297217,0,-1.0,False,False
2023/24,2023-12-23,Fulham,Burnley,Away,Burnley,Pinnacle,5.12,+300 and longer,0.24267601528896934,0.1885122874616367,0.05416372782733264,0.2425011982795231,1,4.12,True,True
2023/24,2023-12-23,Liverpool,Arsenal,Home,Liverpool,Pinnacle,2.47,+100 to +149,0.48148699940008166,0.3921323996485369,0.08935459975154475,0.1892728885182018,0,-1.0,True,True
2023/24,2023-12-23,Liverpool,Arsenal,Away,Arsenal,Pinnacle,2.84,+150 to +199,0.3019095146821955,0.3410447278633402,-0.03913521318114471,-0.14257697830256477,0,-1.0,False,False
2023/24,2023-12-23,Luton,Newcastle,Home,Luton,Pinnacle,4.91,+300 and longer,0.13271138653031794,0.19600524206402184,-0.0632938555337039,-0.34838709213613883,1,3.91,False,False
2023/24,2023-12-23,Nott'm Forest,Bournemouth,Home,Nott'm Forest,Pinnacle,2.74,+150 to +199,0.4148840048013746,0.3535795931248413,0.06130441167653333,0.13678217315576657,0,-1.0,True,True
2023/24,2023-12-23,Nott'm Forest,Bournemouth,Away,Bournemouth,Pinnacle,2.61,+150 to +199,0.34117615531112155,0.37119083722684487,-0.030014681915723318,-0.10953023463797273,1,1.6099999999999999,False,False
2023/24,2023-12-23,Tottenham,Everton,Away,Everton,Pinnacle,4.05,+300 and longer,0.22051466470207062,0.23843268028345144,-0.017918015581380814,-0.10691560795661403,0,-1.0,False,False
2023/24,2023-12-23,West Ham,Man United,Home,West Ham,Pinnacle,2.65,+150 to +199,0.4006727529436987,0.3652997688943217,0.035372984049377,0.06178279530080144,1,1.65,True,True
2023/24,2023-12-23,West Ham,Man United,Away,Man United,Pinnacle,2.62,+150 to +199,0.37429619676406783,0.3694825906755543,0.004813606088513556,-0.01934396447814224,0,-1.0,True,False
2023/24,2023-12-24,Wolves,Chelsea,Home,Wolves,Pinnacle,3.77,+200 to +299,0.24940222826873723,0.2565989595300395,-0.007196731261302297,-0.05975359942686065,1,2.77,False,False
2023/24,2023-12-26,Bournemouth,Fulham,Home,Bournemouth,Pinnacle,2.22,+100 to +149,0.4885592913953183,0.43565846855422485,0.05290082284109343,0.08460162689760664,1,1.2200000000000002,True,True
2023/24,2023-12-26,Bournemouth,Fulham,Away,Fulham,Pinnacle,3.2,+200 to +299,0.2891682091463694,0.3022380625594935,-0.013069853413124055,-0.07466173073161775,0,-1.0,False,False
2023/24,2023-12-26,Burnley,Liverpool,Home,Burnley,Pinnacle,8.02,+300 and longer,0.15464232112456644,0.12020512283137619,0.03443719829319025,0.24023141541902282,0,-1.0,True,True
2023/24,2023-12-26,Man United,Aston Villa,Home,Man United,Pinnacle,2.68,+150 to +199,0.47941641928713113,0.3613824652127016,0.11803395407442951,0.28483600368951145,1,1.6800000000000002,True,True
2023/24,2023-12-26,Man United,Aston Villa,Away,Aston Villa,Pinnacle,2.61,+150 to +199,0.2961583381595109,0.3710747152375634,-0.07491637707805249,-0.22702673740367652,0,-1.0,False,False
2023/24,2023-12-26,Newcastle,Nott'm Forest,Away,Nott'm Forest,Pinnacle,6.64,+300 and longer,0.1165855124174056,0.14493565605632214,-0.02835014363891654,-0.2258721975484269,1,5.64,False,False
2023/24,2023-12-26,Sheffield United,Luton,Home,Sheffield United,Pinnacle,2.46,+100 to +149,0.3402952220430237,0.3933497479912626,-0.053054525948238895,-0.1628737537741617,0,-1.0,False,False
2023/24,2023-12-26,Sheffield United,Luton,Away,Luton,Pinnacle,3.07,+200 to +299,0.42701103195359846,0.31519230620798244,0.11181872574561602,0.31092386809754724,1,2.07,True,True
2023/24,2023-12-27,Brentford,Wolves,Away,Wolves,Pinnacle,4.07,+300 and longer,0.15643317637123721,0.2375319479198726,-0.08109877154863537,-0.36331697216906444,1,3.0700000000000003,False,False
2023/24,2023-12-27,Chelsea,Crystal Palace,Away,Crystal Palace,Pinnacle,5.06,+300 and longer,0.21607139451910906,0.19074389778033723,0.025327496738771826,0.09332125626669185,0,-1.0,True,True
2023/24,2023-12-27,Everton,Man City,Home,Everton,Pinnacle,6.32,+300 and longer,0.1714231951206273,0.15227789947813414,0.01914529564249315,0.08339459316236453,0,-1.0,True,True
2023/24,2023-12-28,Arsenal,West Ham,Away,West Ham,Pinnacle,8.28,+300 and longer,0.14720652978944784,0.11632733187503506,0.03087919791441278,0.21887006665662811,1,7.279999999999999,True,True
2023/24,2023-12-28,Brighton,Tottenham,Home,Brighton,Pinnacle,2.53,+150 to +199,0.5028760985426507,0.38270588712981657,0.12017021141283413,0.27227652931290613,1,1.5299999999999998,True,True
2023/24,2023-12-28,Brighton,Tottenham,Away,Tottenham,Pinnacle,2.56,+150 to +199,0.2834697890539004,0.378221052515014,-0.09475126346111357,-0.2743173400220149,0,-1.0,False,False
2023/24,2023-12-30,Aston Villa,Burnley,Away,Burnley,Pinnacle,8.1,+300 and longer,0.15599589560577365,0.11903690369036901,0.03695899191540464,0.2635667544067666,0,-1.0,True,True
2023/24,2023-12-30,Crystal Palace,Brentford,Home,Crystal Palace,Pinnacle,2.22,+100 to +149,0.3641383098832975,0.43614052186240193,-0.07200221197910445,-0.19161295205907947,1,1.2200000000000002,False,False
2023/24,2023-12-30,Crystal Palace,Brentford,Away,Brentford,Pinnacle,3.58,+200 to +299,0.3748513354452661,0.27045585433925484,0.10439548110601127,0.34196778089405266,0,-1.0,True,True
2023/24,2023-12-30,Luton,Chelsea,Home,Luton,Pinnacle,6.05,+300 and longer,0.16311629596997423,0.1592017388758123,0.003914557094161941,-0.013146409381655899,0,-1.0,True,False
2023/24,2023-12-30,Man City,Sheffield United,Away,Sheffield United,Pinnacle,28.9,+300 and longer,0.021638257419217485,0.033338222839418265,-0.01169996542020078,-0.37465436058461477,0,-1.0,False,False
2023/24,2023-12-30,Nott'm Forest,Man United,Home,Nott'm Forest,Pinnacle,3.33,+200 to +299,0.31688462971015985,0.29036017295272115,0.026524456757438697,0.055225816934832306,1,2.33,True,True
2023/24,2023-12-30,Nott'm Forest,Man United,Away,Man United,Pinnacle,2.15,+100 to +149,0.4517542628584648,0.44972063996863326,0.0020336228898315545,-0.028728334854300708,0,-1.0,True,False
2023/24,2023-12-30,Wolves,Everton,Home,Wolves,Pinnacle,2.67,+150 to +199,0.3603894958283689,0.3626547223052411,-0.0022652264768722175,-0.03776004613825512,1,1.67,False,False
2023/24,2023-12-30,Wolves,Everton,Away,Everton,Pinnacle,2.74,+150 to +199,0.3954387582321588,0.3533898206405086,0.04204893759165018,0.08350219755611521,0,-1.0,True,True
2023/24,2023-12-31,Fulham,Arsenal,Home,Fulham,Pinnacle,5.94,+300 and longer,0.2086350018290935,0.16212566526332514,0.04650933656576836,0.2392919108648155,1,4.94,True,True
2023/24,2023-12-31,Tottenham,Bournemouth,Away,Bournemouth,Pinnacle,4.08,+300 and longer,0.19894858911373947,0.23650940487203206,-0.03756081575829259,-0.18828975641594292,0,-1.0,False,False
2023/24,2024-01-01,Liverpool,Newcastle,Away,Newcastle,Pinnacle,6.69,+300 and longer,0.24499384584004838,0.1436248499747378,0.10136899586531059,0.6390088286699238,0,-1.0,True,True
2023/24,2024-01-02,West Ham,Brighton,Home,West Ham,Pinnacle,2.52,+150 to +199,0.36352120795743026,0.3839522344411612,-0.020431026483730963,-0.08392655594727572,0,-1.0,False,False
2023/24,2024-01-02,West Ham,Brighton,Away,Brighton,Pinnacle,2.74,+150 to +199,0.4082062228727316,0.35312395284369574,0.055082270029035874,0.11848505067128468,0,-1.0,True,True
2023/24,2024-01-12,Burnley,Luton,Home,Burnley,Pinnacle,2.06,+100 to +149,0.5214443020416654,0.47224960773150787,0.049194694310157494,0.0741752622058307,0,-1.0,True,True
2023/24,2024-01-12,Burnley,Luton,Away,Luton,Pinnacle,3.8,+200 to +299,0.2605204135886046,0.25600899787550163,0.004511415713102984,-0.010022428363302471,0,-1.0,True,False
2023/24,2024-01-13,Chelsea,Fulham,Away,Fulham,Pinnacle,5.13,+300 and longer,0.1600380671059809,0.18780292425578743,-0.027764857149806532,-0.17900471574631804,0,-1.0,False,False
2023/24,2024-01-13,Newcastle,Man City,Home,Newcastle,Pinnacle,5.63,+300 and longer,0.27421829200750547,0.17088759113497046,0.10333070087253501,0.5438489840022558,0,-1.0,True,True
2023/24,2024-01-14,Everton,Aston Villa,Home,Everton,Pinnacle,2.81,+150 to +199,0.3920957744447037,0.3442628585832738,0.0478329158614299,0.10178912618961755,0,-1.0,True,True
2023/24,2024-01-14,Everton,Aston Villa,Away,Aston Villa,Pinnacle,2.49,+100 to +149,0.3677272468708332,0.38850547494738924,-0.02077822807655605,-0.0843591552916253,0,-1.0,False,False
2023/24,2024-01-14,Man United,Tottenham,Home,Man United,Pinnacle,2.22,+100 to +149,0.4638132801530289,0.4354005968234998,0.02841268332952912,0.02966548193972418,0,-1.0,True,True
2023/24,2024-01-14,Man United,Tottenham,Away,Tottenham,Pinnacle,3.01,+200 to +299,0.31870782083626636,0.32112602157746506,-0.002418200741198695,-0.04068945928283829,0,-1.0,False,False
2023/24,2024-01-20,Arsenal,Crystal Palace,Away,Crystal Palace,Pinnacle,10.86,+300 and longer,0.15251502193540117,0.08869167874255615,0.06382334319284502,0.6563131382184566,0,-1.0,True,True
2023/24,2024-01-20,Brentford,Nott'm Forest,Away,Nott'm Forest,Pinnacle,4.29,+300 and longer,0.1648620078636567,0.2252747776820432,-0.0604127698183865,-0.29274198626491277,0,-1.0,False,False
2023/24,2024-01-21,Bournemouth,Liverpool,Home,Bournemouth,Pinnacle,4.41,+300 and longer,0.21854362852561257,0.21855910468640705,-1.5476160794475335e-05,-0.03622259820204854,0,-1.0,False,False
2023/24,2024-01-21,Sheffield United,West Ham,Home,Sheffield United,Pinnacle,3.45,+200 to +299,0.23672234412147666,0.280708205401629,-0.04398586128015233,-0.18330791278090552,0,-1.0,False,False
2023/24,2024-01-21,Sheffield United,West Ham,Away,West Ham,Pinnacle,2.2,+100 to +149,0.5312270683009798,0.4402015039252818,0.09102556437569798,0.16869955026215555,0,-1.0,True,True
2023/24,2024-01-22,Brighton,Wolves,Away,Wolves,Pinnacle,5.01,+300 and longer,0.14211535631686872,0.19272898910053657,-0.050613632783667845,-0.2880020648524877,0,-1.0,False,False
2023/24,2024-01-30,Aston Villa,Newcastle,Away,Newcastle,Pinnacle,4.02,+300 and longer,0.35521482788305453,0.24006344018839818,0.11515138769465635,0.427963608089879,1,3.0199999999999996,True,True
2023/24,2024-01-30,Crystal Palace,Sheffield United,Away,Sheffield United,Pinnacle,5.81,+300 and longer,0.14387249611714634,0.1660838665288905,-0.022211370411744175,-0.16410079755937979,0,-1.0,False,False
2023/24,2024-01-30,Fulham,Everton,Home,Fulham,Pinnacle,2.46,+100 to +149,0.40969683191892575,0.39375269545930625,0.015944136459619507,0.00785420652055735,0,-1.0,True,True
2023/24,2024-01-30,Fulham,Everton,Away,Everton,Pinnacle,3.08,+200 to +299,0.35296320883887355,0.3144907892304849,0.03847241960838865,0.08712668322373052,0,-1.0,True,True
2023/24,2024-01-30,Luton,Brighton,Home,Luton,Pinnacle,4.43,+300 and longer,0.18662321651496186,0.2183455193667291,-0.03172230285176725,-0.173259150838719,1,3.4299999999999997,False,False
2023/24,2024-01-30,Nott'm Forest,Arsenal,Home,Nott'm Forest,Pinnacle,7.77,+300 and longer,0.19734034398471018,0.12404372903443782,0.07329661495027236,0.5333344727611979,0,-1.0,True,True
2023/24,2024-01-31,Liverpool,Chelsea,Away,Chelsea,Pinnacle,5.29,+300 and longer,0.19697220350205344,0.18220951907543184,0.014762684426621597,0.0419829565258627,0,-1.0,True,True
2023/24,2024-01-31,Man City,Burnley,Away,Burnley,Pinnacle,18.6,+300 and longer,0.04362273432932579,0.05193308428254258,-0.008310349953216785,-0.18861714147454023,0,-1.0,False,False
2023/24,2024-01-31,Tottenham,Brentford,Away,Brentford,Pinnacle,4.7,+300 and longer,0.3032470495422482,0.20537979846854093,0.09786725107370725,0.4252611328485665,0,-1.0,True,True
2023/24,2024-02-01,West Ham,Bournemouth,Home,West Ham,Pinnacle,2.45,+100 to +149,0.5073843184224491,0.3944186046511628,0.11296571377128634,0.24309158013500043,0,-1.0,True,True
2023/24,2024-02-01,West Ham,Bournemouth,Away,Bournemouth,Pinnacle,2.8,+150 to +199,0.26788704303787114,0.3451162790697675,-0.07722923603189635,-0.2499162794939609,0,-1.0,False,False
2023/24,2024-02-01,Wolves,Man United,Home,Wolves,Pinnacle,2.7,+150 to +199,0.3244286216578623,0.3581715716969317,-0.03374295003906941,-0.12404272152377172,0,-1.0,False,False
2023/24,2024-02-01,Wolves,Man United,Away,Man United,Pinnacle,2.64,+150 to +199,0.43415108088001425,0.3663118346900438,0.06783924618997045,0.14615885352323765,1,1.6400000000000001,True,True
2023/24,2024-02-03,Brighton,Crystal Palace,Away,Crystal Palace,Pinnacle,4.85,+300 and longer,0.20939053688153675,0.19854063266074454,0.010849904220792211,0.01554410387545313,0,-1.0,True,True
2023/24,2024-02-03,Burnley,Fulham,Home,Burnley,Pinnacle,2.98,+150 to +199,0.40335365581460314,0.324910988524014,0.07844266729058913,0.20199389432751724,0,-1.0,True,True
2023/24,2024-02-03,Burnley,Fulham,Away,Fulham,Pinnacle,2.43,+100 to +149,0.3438383581420165,0.39845051267553977,-0.05461215453352325,-0.16447278971489976,0,-1.0,False,False
2023/24,2024-02-03,Everton,Tottenham,Home,Everton,Pinnacle,2.97,+150 to +199,0.3776422174495847,0.3257573199148965,0.051884897534688224,0.12159738582526658,0,-1.0,True,True
2023/24,2024-02-03,Everton,Tottenham,Away,Tottenham,Pinnacle,2.34,+100 to +149,0.3953113986751311,0.41346121373813793,-0.018149815063006836,-0.07497132710019327,0,-1.0,False,False
2023/24,2024-02-03,Newcastle,Luton,Away,Luton,Pinnacle,7.23,+300 and longer,0.08826964566298016,0.13302144595276236,-0.04475180028978219,-0.36181046185665333,0,-1.0,False,False
2023/24,2024-02-03,Sheffield United,Aston Villa,Home,Sheffield United,Pinnacle,5.02,+300 and longer,0.21575275470321462,0.19253724153066307,0.02321551317255155,0.08307882861013738,0,-1.0,True,True
2023/24,2024-02-04,Arsenal,Liverpool,Home,Arsenal,Pinnacle,2.24,+100 to +149,0.45344916540487074,0.4322900526805082,0.02115911272436255,0.01572613050691052,1,1.2400000000000002,True,True
2023/24,2024-02-04,Arsenal,Liverpool,Away,Liverpool,Pinnacle,3.15,+200 to +299,0.320682660673459,0.30740625968391694,0.013276400989542081,0.01015038112139588,0,-1.0,True,True
2023/24,2024-02-04,Bournemouth,Nott'm Forest,Away,Nott'm Forest,Pinnacle,4.68,+300 and longer,0.2548201510985383,0.2061376317420955,0.04868251935644277,0.19255830714115918,0,-1.0,True,True
2023/24,2024-02-04,Chelsea,Wolves,Away,Wolves,Pinnacle,5.27,+300 and longer,0.15586808440037797,0.1830976326945283,-0.027229548294150335,-0.1785751952100082,1,4.27,False,False
2023/24,2024-02-04,Man United,West Ham,Away,West Ham,Pinnacle,5.05,+300 and longer,0.24120541284891847,0.19112054717209315,0.050084865676825324,0.21808733488703824,0,-1.0,True,True
2023/24,2024-02-05,Brentford,Man City,Home,Brentford,Pinnacle,7.44,+300 and longer,0.23950589296081334,0.12922759462627548,0.11027829833453787,0.7819238436284515,0,-1.0,True,True
2023/24,2024-02-10,Fulham,Bournemouth,Home,Fulham,Pinnacle,2.46,+100 to +149,0.4358204854859495,0.3936269915651359,0.04219349392081356,0.07211839429543576,1,1.46,True,True
2023/24,2024-02-10,Fulham,Bournemouth,Away,Bournemouth,Pinnacle,2.87,+150 to +199,0.3281918232977512,0.3373945641986879,-0.009202740900936701,-0.05808946713545404,0,-1.0,False,False
2023/24,2024-02-10,Liverpool,Burnley,Away,Burnley,Pinnacle,15.08,+300 and longer,0.07203391189361462,0.0635673624288425,0.008466549464772113,0.0862713913557085,0,-1.0,True,True
2023/24,2024-02-10,Luton,Sheffield United,Away,Sheffield United,Pinnacle,4.6,+300 and longer,0.21252413589863092,0.209879551095613,0.0026445848030179353,-0.022388974866297873,1,3.5999999999999996,True,False
2023/24,2024-02-10,Man City,Everton,Away,Everton,Pinnacle,13.24,+300 and longer,0.08501311596562557,0.07220212043167058,0.012810995533954983,0.12557365538488252,0,-1.0,True,True
2023/24,2024-02-10,Nott'm Forest,Newcastle,Home,Nott'm Forest,Pinnacle,3.29,+200 to +299,0.26543700120588076,0.29403979241874,-0.028602791212859247,-0.1267122660326523,0,-1.0,False,False
2023/24,2024-02-10,Nott'm Forest,Newcastle,Away,Newcastle,Pinnacle,2.14,+100 to +149,0.5095454199790638,0.4520518304007732,0.057493589578290594,0.09042719875519656,1,1.1400000000000001,True,True
2023/24,2024-02-10,Tottenham,Brighton,Away,Brighton,Pinnacle,3.92,+200 to +299,0.3268440203959285,0.24588781631881876,0.08095620407710977,0.2812285599520399,0,-1.0,True,True
2023/24,2024-02-10,Wolves,Brentford,Home,Wolves,Pinnacle,2.14,+100 to +149,0.3118612803953655,0.4520729516745857,-0.14021167127922024,-0.3326168599539179,0,-1.0,False,False
2023/24,2024-02-10,Wolves,Brentford,Away,Brentford,Pinnacle,3.42,+200 to +299,0.4451891082001739,0.2828760574805887,0.16231305071958518,0.5225467500445946,1,2.42,True,True
2023/24,2024-02-11,Aston Villa,Man United,Home,Aston Villa,Pinnacle,2.16,+100 to +149,0.47421260844549334,0.4480939304171081,0.026118678028385245,0.024299234242265655,0,-1.0,True,True
2023/24,2024-02-11,Aston Villa,Man United,Away,Man United,Pinnacle,3.18,+200 to +299,0.29732585581806525,0.3043656885852055,-0.007039832767140264,-0.05450377849855248,1,2.18,False,False
2023/24,2024-02-11,West Ham,Arsenal,Home,West Ham,Pinnacle,5.95,+300 and longer,0.25244399392084166,0.16216982469404148,0.09027416922680018,0.502041763829008,0,-1.0,True,True
2023/24,2024-02-12,Crystal Palace,Chelsea,Home,Crystal Palace,Pinnacle,4.25,+300 and longer,0.3459315021197764,0.22735883598388973,0.11857266613588668,0.4702088840090497,0,-1.0,True,True
2023/24,2024-02-17,Brentford,Liverpool,Home,Brentford,Pinnacle,5.27,+300 and longer,0.32106309977353154,0.1830625559677626,0.13800054380576893,0.6920025358065109,0,-1.0,True,True
2023/24,2024-02-17,Burnley,Arsenal,Home,Burnley,Pinnacle,9.78,+300 and longer,0.1549348451863944,0.09830468519791769,0.0566301599884767,0.5152627859229371,0,-1.0,True,True
2023/24,2024-02-17,Fulham,Aston Villa,Home,Fulham,Pinnacle,2.97,+150 to +199,0.33370210288966273,0.3257258931772015,0.007976209712461213,-0.008904754417701666,0,-1.0,True,False
2023/24,2024-02-17,Fulham,Aston Villa,Away,Aston Villa,Pinnacle,2.32,+100 to +149,0.4284933096628517,0.4169853029035727,0.011508006759278988,-0.005895521582184093,1,1.3199999999999998,True,False
2023/24,2024-02-17,Man City,Chelsea,Away,Chelsea,Pinnacle,8.37,+300 and longer,0.13202612406251807,0.11478265043901957,0.017243473623498498,0.10505865840327622,0,-1.0,True,True
2023/24,2024-02-17,Newcastle,Bournemouth,Away,Bournemouth,Pinnacle,3.84,+200 to +299,0.17733396226363946,0.251333503900924,-0.07399954163728456,-0.31903758490762457,0,-1.0,False,False
2023/24,2024-02-17,Nott'm Forest,West Ham,Home,Nott'm Forest,Pinnacle,2.47,+100 to +149,0.3836684004820381,0.3919102364499528,-0.008241835967914724,-0.05233905080936585,1,1.4700000000000002,False,False
2023/24,2024-02-17,Nott'm Forest,West Ham,Away,West Ham,Pinnacle,2.92,+150 to +199,0.35828204498087424,0.33151311096965186,0.02676893401122238,0.04618357134415274,0,-1.0,True,True
2023/24,2024-02-17,Tottenham,Wolves,Away,Wolves,Pinnacle,5.36,+300 and longer,0.17360389465820575,0.1798988076654504,-0.006294913007244662,-0.06948312463201711,1,4.36,False,False
2023/24,2024-02-18,Luton,Man United,Home,Luton,Pinnacle,4.17,+300 and longer,0.28372893429489476,0.2318274714607801,0.051901462834114676,0.18314965600971123,0,-1.0,True,True
2023/24,2024-02-18,Sheffield United,Brighton,Home,Sheffield United,Pinnacle,4.99,+300 and longer,0.18553821885604874,0.19317050187923626,-0.007632283023187525,-0.07416428790831675,0,-1.0,False,False
2023/24,2024-02-19,Everton,Crystal Palace,Away,Crystal Palace,Pinnacle,5.26,+300 and longer,0.2796468371100404,0.1836209276253894,0.096025909484651,0.47094236319881255,0,-1.0,True,True
2023/24,2024-02-20,Man City,Brentford,Away,Brentford,Pinnacle,15.04,+300 and longer,0.12405282016930402,0.06414607540905856,0.05990674476024546,0.8657544153463324,0,-1.0,True,True
2023/24,2024-02-21,Liverpool,Luton,Away,Luton,Pinnacle,12.93,+300 and longer,0.050160056632333076,0.07410695728218542,-0.02394690064985234,-0.3514304677439334,0,-1.0,False,False
2023/24,2024-02-24,Arsenal,Newcastle,Away,Newcastle,Pinnacle,7.33,+300 and longer,0.19620116101331891,0.13134505234050958,0.06485610867280933,0.43815451022762764,0,-1.0,True,True
2023/24,2024-02-24,Aston Villa,Nott'm Forest,Away,Nott'm Forest,Pinnacle,5.55,+300 and longer,0.19886784288674195,0.17352350724644772,0.02534433564029423,0.10371652802141784,0,-1.0,True,True
2023/24,2024-02-24,Bournemouth,Man City,Home,Bournemouth,Pinnacle,7.2,+300 and longer,0.15950335682311387,0.13384729363955783,0.025656063183556038,0.14842416912641987,0,-1.0,True,True
2023/24,2024-02-24,Brighton,Everton,Away,Everton,Pinnacle,4.2,+300 and longer,0.21780689455908642,0.23002803083391732,-0.012221136274830902,-0.085211042851837,0,-1.0,False,False
2023/24,2024-02-24,Crystal Palace,Burnley,Home,Crystal Palace,Pinnacle,2.03,+100 to +149,0.5264253980931141,0.47654083619364274,0.049884561899471325,0.06864355812902145,1,1.0299999999999998,True,True
2023/24,2024-02-24,Crystal Palace,Burnley,Away,Burnley,Pinnacle,3.98,+200 to +299,0.21227157228743898,0.24305977323444586,-0.030788200947006877,-0.1551591422959928,0,-1.0,False,False
2023/24,2024-02-24,Man United,Fulham,Away,Fulham,Pinnacle,5.21,+300 and longer,0.18916875002018013,0.18522047060092395,0.003948279419256184,-0.014430812394861547,1,4.21,True,False
2023/24,2024-02-25,Wolves,Sheffield United,Away,Sheffield United,Pinnacle,7.0,+300 and longer,0.1845157699518545,0.1351853579963403,0.049330411955514214,0.2916103896629816,0,-1.0,True,True
2023/24,2024-02-26,West Ham,Brentford,Home,West Ham,Pinnacle,2.57,+150 to +199,0.3677560164783986,0.376318319876677,-0.008562303398278404,-0.05486703765051559,1,1.5699999999999998,False,False
2023/24,2024-02-26,West Ham,Brentford,Away,Brentford,Pinnacle,2.68,+150 to +199,0.3912786120447447,0.36087241868770886,0.030406193357035816,0.04862668027991579,0,-1.0,True,True
2023/24,2024-03-02,Brentford,Chelsea,Home,Brentford,Pinnacle,3.04,+200 to +299,0.4379695780159197,0.31794623377853215,0.12002334423738753,0.3314275171683958,0,-1.0,True,True
2023/24,2024-03-02,Brentford,Chelsea,Away,Chelsea,Pinnacle,2.21,+100 to +149,0.3285693916270602,0.4373559052881166,-0.10878651366105635,-0.2738616445041969,0,-1.0,False,False
2023/24,2024-03-02,Everton,West Ham,Home,Everton,Pinnacle,2.1,+100 to +149,0.49399629030897435,0.4611810551558753,0.03281523515309903,0.03739220964884615,0,-1.0,True,True
2023/24,2024-03-02,Everton,West Ham,Away,West Ham,Pinnacle,3.62,+200 to +299,0.27679508974285066,0.26753597122302164,0.009259118519829024,0.0019982248691194915,1,2.62,True,True
2023/24,2024-03-02,Fulham,Brighton,Home,Fulham,Pinnacle,2.6,+150 to +199,0.28846054000526095,0.37213498675471257,-0.08367444674945163,-0.25000259598632146,1,1.6,False,False
2023/24,2024-03-02,Fulham,Brighton,Away,Brighton,Pinnacle,2.7,+150 to +199,0.48645185838750005,0.358352209467501,0.12809964891999903,0.31342001764625027,0,-1.0,True,True
2023/24,2024-03-02,Luton,Aston Villa,Home,Luton,Pinnacle,4.34,+300 and longer,0.2735001859011806,0.22218601619960898,0.0513141697015716,0.18699080681112368,0,-1.0,True,True
2023/24,2024-03-02,Newcastle,Wolves,Away,Wolves,Pinnacle,3.89,+200 to +299,0.15347483777822823,0.24824516293862733,-0.0947703251603991,-0.4029828810426922,0,-1.0,False,False
2023/24,2024-03-02,Nott'm Forest,Liverpool,Home,Nott'm Forest,Pinnacle,5.69,+300 and longer,0.19196325093231217,0.16955575470490333,0.02240749622740884,0.09227089780485631,0,-1.0,True,True
2023/24,2024-03-02,Tottenham,Crystal Palace,Away,Crystal Palace,Pinnacle,6.26,+300 and longer,0.22556696564344356,0.1536936977333363,0.07187326791010726,0.4120492049279567,0,-1.0,True,True
2023/24,2024-03-03,Burnley,Bournemouth,Home,Burnley,Pinnacle,3.79,+200 to +299,0.3352933437386085,0.25489204065071014,0.08040130308789833,0.2707617727693261,0,-1.0,True,True
2023/24,2024-03-03,Man City,Man United,Away,Man United,Pinnacle,10.06,+300 and longer,0.11093997216499148,0.09527806900859291,0.015661903156398566,0.11605611997981424,0,-1.0,True,True
2023/24,2024-03-04,Sheffield United,Arsenal,Home,Sheffield United,Pinnacle,16.74,+300 and longer,0.09861291684047095,0.057216456303771576,0.041396460536699375,0.6507802279094836,0,-1.0,True,True
2023/24,2024-03-09,Arsenal,Brentford,Away,Brentford,Pinnacle,11.44,+300 and longer,0.1576251193152127,0.08372060273200958,0.07390451658320311,0.8032313649660332,0,-1.0,True,True
2023/24,2024-03-09,Bournemouth,Sheffield United,Away,Sheffield United,Pinnacle,8.52,+300 and longer,0.14399117696123576,0.11304229750831692,0.03094887945291884,0.22680482770972854,0,-1.0,True,True
2023/24,2024-03-09,Crystal Palace,Luton,Away,Luton,Pinnacle,4.58,+300 and longer,0.2092536804357061,0.21065651072189365,-0.0014028302861875397,-0.04161814360446603,0,-1.0,False,False
2023/24,2024-03-09,Man United,Everton,Away,Everton,Pinnacle,4.2,+300 and longer,0.25440428760180867,0.22981579649898934,0.024588491102819326,0.06849800792759653,0,-1.0,True,True
2023/24,2024-03-09,Wolves,Fulham,Home,Wolves,Pinnacle,2.52,+150 to +199,0.44450006506225265,0.3841243408270885,0.06037572423516413,0.12014016395687666,1,1.52,True,True
2023/24,2024-03-09,Wolves,Fulham,Away,Fulham,Pinnacle,2.88,+150 to +199,0.30971946814789875,0.3361087982237025,-0.02638933007580374,-0.10800793173405165,0,-1.0,False,False
2023/24,2024-03-10,Aston Villa,Tottenham,Home,Aston Villa,Pinnacle,2.47,+100 to +149,0.4491040201579534,0.39174537850396124,0.05735864165399218,0.1092869297901451,0,-1.0,True,True
2023/24,2024-03-10,Aston Villa,Tottenham,Away,Tottenham,Pinnacle,2.65,+150 to +199,0.32292903132600004,0.3651362584546356,-0.04220722712863556,-0.14423806698609998,1,1.65,False,False
2023/24,2024-03-10,Brighton,Nott'm Forest,Away,Nott'm Forest,Pinnacle,4.26,+300 and longer,0.16410982242155245,0.2264525931865478,-0.062342770764995364,-0.30089215648418666,0,-1.0,False,False
2023/24,2024-03-10,Liverpool,Man City,Home,Liverpool,Pinnacle,3.02,+200 to +299,0.36611573472025777,0.3205849268841395,0.04553080783611829,0.10566951885517839,0,-1.0,True,True
2023/24,2024-03-10,Liverpool,Man City,Away,Man City,Pinnacle,2.28,+100 to +149,0.3966820692500659,0.4246344206974128,-0.027952351447346924,-0.09556488210984981,0,-1.0,False,False
2023/24,2024-03-10,West Ham,Burnley,Away,Burnley,Pinnacle,5.04,+300 and longer,0.199059334236012,0.19143783445959142,0.0076214997764205705,0.003259044549500434,0,-1.0,True,True
2023/24,2024-03-11,Chelsea,Newcastle,Away,Newcastle,Pinnacle,3.59,+200 to +299,0.3180159859621945,0.2692734827796887,0.04874250318250578,0.14167738960427823,0,-1.0,True,True
2023/24,2024-03-13,Bournemouth,Luton,Away,Luton,Pinnacle,6.18,+300 and longer,0.19085987426630904,0.15613248243204975,0.0347273918342593,0.1795140229657899,0,-1.0,True,True
2023/24,2024-03-16,Burnley,Brentford,Home,Burnley,Pinnacle,3.23,+200 to +299,0.2571073980865723,0.2997187390132427,-0.042611340926670405,-0.16954310418037155,1,2.23,False,False
2023/24,2024-03-16,Burnley,Brentford,Away,Brentford,Pinnacle,2.2,+100 to +149,0.4953737056138113,0.4400416031876245,0.0553321024261868,0.08982215235038482,0,-1.0,True,True
2023/24,2024-03-16,Fulham,Tottenham,Home,Fulham,Pinnacle,3.42,+200 to +299,0.3265461143971423,0.28267126043138746,0.043874853965754856,0.11678771123822673,1,2.42,True,True
2023/24,2024-03-16,Fulham,Tottenham,Away,Tottenham,Pinnacle,2.01,+100 to +149,0.444416576076456,0.48096304013698776,-0.03654646406053175,-0.10672268208632352,0,-1.0,False,False
2023/24,2024-03-16,Luton,Nott'm Forest,Home,Luton,Pinnacle,2.83,+150 to +199,0.40861092363248724,0.3416731495360796,0.06693777409640767,0.1563689138799389,0,-1.0,True,True
2023/24,2024-03-16,Luton,Nott'm Forest,Away,Nott'm Forest,Pinnacle,2.44,+100 to +149,0.36404834455842006,0.39628484147012505,-0.03223649691170499,-0.11172203927745505,0,-1.0,False,False
2023/24,2024-03-17,West Ham,Aston Villa,Home,West Ham,Pinnacle,2.66,+150 to +199,0.3962007671300709,0.3633865341930029,0.03281423293706803,0.05389404056598868,0,-1.0,True,True
2023/24,2024-03-17,West Ham,Aston Villa,Away,Aston Villa,Pinnacle,2.52,+150 to +199,0.3637085732884303,0.383574674981503,-0.01986610169307268,-0.08345439531315557,0,-1.0,False,False
2023/24,2024-03-30,Aston Villa,Wolves,Away,Wolves,Pinnacle,4.9,+300 and longer,0.185699403007629,0.19660040210297708,-0.010900999095348085,-0.0900729252626179,0,-1.0,False,False
2023/24,2024-03-30,Bournemouth,Everton,Home,Bournemouth,Pinnacle,2.24,+100 to +149,0.44204948603047167,0.43210939703939066,0.009940088991081009,-0.009809151291743312,1,1.2400000000000002,True,False
2023/24,2024-03-30,Bournemouth,Everton,Away,Everton,Pinnacle,3.27,+200 to +299,0.3277833806721267,0.2960015441493074,0.031781836522819296,0.07185165479785427,0,-1.0,True,True
2023/24,2024-03-30,Brentford,Man United,Home,Brentford,Pinnacle,3.09,+200 to +299,0.47896986248273543,0.3132429705663026,0.1657268919164328,0.48001687507165247,0,-1.0,True,True
2023/24,2024-03-30,Brentford,Man United,Away,Man United,Pinnacle,2.22,+100 to +149,0.29647893806527875,0.43600035092336703,-0.13952141285808828,-0.3418167574950811,0,-1.0,False,False
2023/24,2024-03-30,Chelsea,Burnley,Away,Burnley,Pinnacle,9.34,+300 and longer,0.13119995538163806,0.10297856037111631,0.028221395010521746,0.2254075832644995,0,-1.0,True,True
2023/24,2024-03-30,Newcastle,West Ham,Away,West Ham,Pinnacle,4.0,+300 and longer,0.18715727432132329,0.24102705169643585,-0.05386977737511256,-0.25137090271470686,0,-1.0,False,False
2023/24,2024-03-30,Nott'm Forest,Crystal Palace,Home,Nott'm Forest,Pinnacle,2.29,+100 to +149,0.3973175885656597,0.423165154809206,-0.025847566243546338,-0.09014272218463926,0,-1.0,False,False
2023/24,2024-03-30,Nott'm Forest,Crystal Palace,Away,Crystal Palace,Pinnacle,3.34,+200 to +299,0.3171823613896341,0.2901341929679886,0.027048168421645535,0.05938908704137802,0,-1.0,True,True
2023/24,2024-03-30,Sheffield United,Fulham,Home,Sheffield United,Pinnacle,4.89,+300 and longer,0.2957124641150861,0.1974503520791015,0.09826211203598462,0.446033949522771,0,-1.0,True,True
2023/24,2024-03-30,Tottenham,Luton,Away,Luton,Pinnacle,11.57,+300 and longer,0.11868456493321156,0.08275164517937471,0.03593291975383685,0.37318041627725784,0,-1.0,True,True
2023/24,2024-03-31,Liverpool,Brighton,Away,Brighton,Pinnacle,7.57,+300 and longer,0.18692247833457443,0.12736757611330823,0.05955490222126619,0.4150031609927285,0,-1.0,True,True
2023/24,2024-03-31,Man City,Arsenal,Away,Arsenal,Pinnacle,3.94,+200 to +299,0.23384902909496688,0.24553080399146576,-0.011681774896498881,-0.07863482536583055,0,-1.0,False,False
2023/24,2024-04-02,Bournemouth,Crystal Palace,Home,Bournemouth,Pinnacle,2.02,+100 to +149,0.44514523260583755,0.48099945800945393,-0.03585422540361638,-0.10080663013620816,1,1.02,False,False
2023/24,2024-04-02,Bournemouth,Crystal Palace,Away,Crystal Palace,Pinnacle,3.69,+200 to +299,0.29459717144994074,0.26331135641709946,0.03128581503284128,0.08706356265028137,0,-1.0,True,True
2023/24,2024-04-02,Burnley,Wolves,Home,Burnley,Pinnacle,2.55,+150 to +199,0.40937825937001376,0.38147568512320223,0.02790257424681153,0.043914561393535,0,-1.0,True,True
2023/24,2024-04-02,Burnley,Wolves,Away,Wolves,Pinnacle,2.83,+150 to +199,0.3273613036429081,0.343732507796525,-0.01637120415361687,-0.07356751069056999,0,-1.0,False,False
2023/24,2024-04-02,Newcastle,Everton,Home,Newcastle,Pinnacle,2.03,+100 to +149,0.607441813884506,0.4792301149614509,0.12821169892305512,0.2331068821855471,0,-1.0,True,True
2023/24,2024-04-02,Newcastle,Everton,Away,Everton,Pinnacle,3.62,+200 to +299,0.19791527790247396,0.2687395396054545,-0.07082426170298053,-0.2835466939930442,0,-1.0,False,False
2023/24,2024-04-02,Nott'm Forest,Fulham,Home,Nott'm Forest,Pinnacle,2.78,+150 to +199,0.4561882755894571,0.34999828078258777,0.10618999480686936,0.26820340613869065,1,1.7799999999999998,True,True
2023/24,2024-04-02,Nott'm Forest,Fulham,Away,Fulham,Pinnacle,2.61,+150 to +199,0.2899463315441471,0.37279510366880997,-0.08284877212466285,-0.24324007466977604,0,-1.0,False,False
2023/24,2024-04-02,West Ham,Tottenham,Home,West Ham,Pinnacle,3.38,+200 to +299,0.3628305737397126,0.28745859670662516,0.07537197703308746,0.22636733924022856,0,-1.0,True,True
2023/24,2024-04-02,West Ham,Tottenham,Away,Tottenham,Pinnacle,2.01,+100 to +149,0.40308889771200396,0.48338808799422545,-0.08029919028222149,-0.18979131559887208,0,-1.0,False,False
2023/24,2024-04-03,Arsenal,Luton,Away,Luton,Pinnacle,20.95,+300 and longer,0.04878514639252764,0.04619728545790072,0.002587860934626915,0.022048816923454062,0,-1.0,True,True
2023/24,2024-04-03,Brentford,Brighton,Home,Brentford,Pinnacle,2.38,+100 to +149,0.44516210500194237,0.4064815648156482,0.03868054018629419,0.05948580990462271,0,-1.0,True,True
2023/24,2024-04-03,Brentford,Brighton,Away,Brighton,Pinnacle,2.86,+150 to +199,0.3197866331185935,0.33826088260882614,-0.01847424949023263,-0.08541022928082265,0,-1.0,False,False
2023/24,2024-04-03,Man City,Aston Villa,Away,Aston Villa,Pinnacle,8.88,+300 and longer,0.10190415549924202,0.10827394256315102,-0.006369787063909005,-0.09509109916673075,0,-1.0,False,False
2023/24,2024-04-04,Chelsea,Man United,Home,Chelsea,Pinnacle,2.03,+100 to +149,0.5404273756722925,0.476805933695656,0.0636214419766365,0.09706757261475363,1,1.0299999999999998,True,True
2023/24,2024-04-04,Chelsea,Man United,Away,Man United,Pinnacle,3.42,+200 to +299,0.24814267372109458,0.2830163875444975,-0.0348737138234029,-0.15135205587385658,0,-1.0,False,False
2023/24,2024-04-04,Liverpool,Sheffield United,Away,Sheffield United,Pinnacle,25.37,+300 and longer,0.03451966526223823,0.038079059986255874,-0.003559394724017645,-0.12423609229701604,0,-1.0,False,False
2023/24,2024-04-06,Aston Villa,Brentford,Away,Brentford,Pinnacle,4.62,+300 and longer,0.31753774713445837,0.2087082678457314,0.10882947928872697,0.4670243917611978,0,-1.0,True,True
2023/24,2024-04-06,Brighton,Arsenal,Home,Brighton,Pinnacle,5.25,+300 and longer,0.317068247026634,0.1839993612519462,0.1330688857746878,0.6646082968898286,0,-1.0,True,True
2023/24,2024-04-06,Crystal Palace,Man City,Home,Crystal Palace,Pinnacle,10.64,+300 and longer,0.1666481781178109,0.09069853565010175,0.07594964246770916,0.7731366151735082,0,-1.0,True,True
2023/24,2024-04-06,Everton,Burnley,Away,Burnley,Pinnacle,4.99,+300 and longer,0.1838107438113326,0.19364765964956787,-0.00983691583823526,-0.08278438838145019,0,-1.0,False,False
2023/24,2024-04-06,Fulham,Newcastle,Home,Fulham,Pinnacle,2.35,+100 to +149,0.2927579190303629,0.41170672191699803,-0.11894880288663512,-0.31201889027864715,0,-1.0,False,False
2023/24,2024-04-06,Fulham,Newcastle,Away,Newcastle,Pinnacle,2.86,+150 to +199,0.48535206563467653,0.3382904882884425,0.14706157734623404,0.38810690771517486,1,1.8599999999999999,True,True
2023/24,2024-04-06,Luton,Bournemouth,Home,Luton,Pinnacle,3.65,+200 to +299,0.3625600913179947,0.26460139500905655,0.09795869630893816,0.3233443333106807,1,2.65,True,True
2023/24,2024-04-06,Wolves,West Ham,Home,Wolves,Pinnacle,2.53,+150 to +199,0.39934116166690997,0.38252789668376613,0.01681326498314384,0.010333139017282056,0,-1.0,True,True
2023/24,2024-04-06,Wolves,West Ham,Away,West Ham,Pinnacle,2.77,+150 to +199,0.3460513497891242,0.3493846854187467,-0.003333335629622458,-0.04143776108412589,1,1.77,False,False
2023/24,2024-04-07,Man United,Liverpool,Home,Man United,Pinnacle,4.75,+300 and longer,0.28484597063741274,0.20276919794222725,0.08207677269518548,0.3530183605277104,0,-1.0,True,True
2023/24,2024-04-07,Sheffield United,Chelsea,Home,Sheffield United,Pinnacle,6.77,+300 and longer,0.17735452859438194,0.14218630392345857,0.03516822467092337,0.20069015858396577,0,-1.0,True,True
2023/24,2024-04-07,Tottenham,Nott'm Forest,Away,Nott'm Forest,Pinnacle,7.33,+300 and longer,0.18574369454988332,0.13130472544070143,0.05443896910918189,0.36150128105064483,0,-1.0,True,True
2023/24,2024-04-13,Bournemouth,Man United,Home,Bournemouth,Pinnacle,2.42,+100 to +149,0.4133327026350893,0.40012206948974205,0.013210633145347261,0.00026514037691605097,0,-1.0,True,True
2023/24,2024-04-13,Bournemouth,Man United,Away,Man United,Pinnacle,2.79,+150 to +199,0.3554958814483274,0.34705928608070813,0.00843659536761926,-0.008166490759166534,0,-1.0,True,False
2023/24,2024-04-13,Brentford,Sheffield United,Away,Sheffield United,Pinnacle,6.68,+300 and longer,0.11127642112805478,0.14386373360366644,-0.03258731247561167,-0.2566735068645941,0,-1.0,False,False
2023/24,2024-04-13,Burnley,Brighton,Home,Burnley,Pinnacle,3.54,+200 to +299,0.2556808806042931,0.2733429243131338,-0.01766204370884067,-0.09488968266080233,0,-1.0,False,False
2023/24,2024-04-13,Burnley,Brighton,Away,Brighton,Pinnacle,2.05,+100 to +149,0.5021036206491606,0.4720165619846311,0.030087058664529487,0.02931242233077902,0,-1.0,True,True
2023/24,2024-04-13,Man City,Luton,Away,Luton,Pinnacle,24.14,+300 and longer,0.03527772622271823,0.040047974540859115,-0.004770248318140886,-0.1483956889835819,0,-1.0,False,False
2023/24,2024-04-13,Newcastle,Tottenham,Home,Newcastle,Pinnacle,2.8,+150 to +199,0.5325453427965487,0.34565301001813153,0.18689233277841721,0.4911269598303365,1,1.7999999999999998,True,True
2023/24,2024-04-13,Newcastle,Tottenham,Away,Tottenham,Pinnacle,2.33,+100 to +149,0.2575804023805058,0.41537700774711084,-0.15779660536660506,-0.39983766245342156,0,-1.0,False,False
2023/24,2024-04-13,Nott'm Forest,Wolves,Home,Nott'm Forest,Pinnacle,2.14,+100 to +149,0.4779333603772696,0.45231096695722683,0.025622393420042744,0.022777391207357,0,-1.0,True,True
2023/24,2024-04-13,Nott'm Forest,Wolves,Away,Wolves,Pinnacle,3.5,+200 to +299,0.2596018851580533,0.27655584836813296,-0.016953963210079637,-0.09139340194681334,0,-1.0,False,False
2023/24,2024-04-14,Arsenal,Aston Villa,Away,Aston Villa,Pinnacle,9.5,+300 and longer,0.12968227369540042,0.10121977316499037,0.02846250053041005,0.23198160010630398,1,8.5,True,True
2023/24,2024-04-14,Liverpool,Crystal Palace,Away,Crystal Palace,Pinnacle,14.15,+300 and longer,0.11050296851400475,0.06780712977634669,0.04269583873765806,0.5636170044731672,1,13.15,True,True
2023/24,2024-04-14,West Ham,Fulham,Home,West Ham,Pinnacle,2.4,+100 to +149,0.5050989580800631,0.40314778224432796,0.10195117583573515,0.21223749939215142,0,-1.0,True,True
2023/24,2024-04-14,West Ham,Fulham,Away,Fulham,Pinnacle,2.91,+150 to +199,0.26359724203120344,0.3324930162839818,-0.06889577425277837,-0.2329320256891979,1,1.9100000000000001,False,False
2023/24,2024-04-15,Chelsea,Everton,Away,Everton,Pinnacle,4.57,+300 and longer,0.21287058556454927,0.21096262249333853,0.0019079630712107443,-0.027181423970009777,0,-1.0,True,False
2023/24,2024-04-20,Luton,Brentford,Home,Luton,Pinnacle,3.28,+200 to +299,0.2792362188665965,0.2949105275389264,-0.015674308672329884,-0.08410520211756356,0,-1.0,False,False
2023/24,2024-04-20,Luton,Brentford,Away,Brentford,Pinnacle,2.16,+100 to +149,0.5068831031156263,0.4478270973739252,0.05905600574170117,0.09486750272975297,1,1.1600000000000001,True,True
2023/24,2024-04-20,Sheffield United,Burnley,Home,Sheffield United,Pinnacle,2.77,+150 to +199,0.3870835640770312,0.34962646744930637,0.03745709662772484,0.07222147249337652,0,-1.0,True,True
2023/24,2024-04-20,Sheffield United,Burnley,Away,Burnley,Pinnacle,2.52,+150 to +199,0.3495713389796174,0.3843116328708645,-0.03474029389124711,-0.11908022577136412,1,1.52,False,False
2023/24,2024-04-20,Wolves,Arsenal,Home,Wolves,Pinnacle,8.02,+300 and longer,0.16576302685467073,0.12004664354652256,0.04571638330814817,0.32941947537445926,0,-1.0,True,True
2023/24,2024-04-21,Aston Villa,Bournemouth,Away,Bournemouth,Pinnacle,3.83,+200 to +299,0.24839881556905619,0.2521054860641878,-0.0037066704951316254,-0.04863253637051479,0,-1.0,False,False
2023/24,2024-04-21,Crystal Palace,West Ham,Home,Crystal Palace,Pinnacle,2.12,+100 to +149,0.46928532081672786,0.45584508415101693,0.013440236665710925,-0.005115119868536855,1,1.12,True,False
2023/24,2024-04-21,Crystal Palace,West Ham,Away,West Ham,Pinnacle,3.45,+200 to +299,0.27607212713322615,0.2801135009855525,-0.004041373852326335,-0.047551161390369745,0,-1.0,False,False
2023/24,2024-04-21,Everton,Nott'm Forest,Home,Everton,Pinnacle,2.06,+100 to +149,0.5003240132928101,0.46943930905036757,0.030884704242442496,0.030667467383188818,1,1.06,True,True
2023/24,2024-04-21,Everton,Nott'm Forest,Away,Nott'm Forest,Pinnacle,3.78,+200 to +299,0.2568458918426602,0.2558320044031104,0.001013887439549832,-0.02912252883474442,0,-1.0,True,False
2023/24,2024-04-21,Fulham,Liverpool,Home,Fulham,Pinnacle,5.14,+300 and longer,0.1955634791314741,0.18741652839046502,0.008146950741009074,0.005196282735776769,0,-1.0,True,True
2023/24,2024-04-23,Arsenal,Chelsea,Away,Chelsea,Pinnacle,6.76,+300 and longer,0.1703667813856358,0.14273468980377038,0.027632091581865414,0.15167944216689788,0,-1.0,True,True
2023/24,2024-04-24,Crystal Palace,Newcastle,Home,Crystal Palace,Pinnacle,2.76,+150 to +199,0.3324337198673023,0.3503388167651556,-0.0179050968978533,-0.08248293316624566,1,1.7599999999999998,False,False
2023/24,2024-04-24,Crystal Palace,Newcastle,Away,Newcastle,Pinnacle,2.49,+100 to +149,0.41867635953730076,0.38832736316137717,0.030348996375923587,0.042504135247878994,0,-1.0,True,True
2023/24,2024-04-24,Everton,Liverpool,Home,Everton,Pinnacle,7.49,+300 and longer,0.22988909568971824,0.12865628476890795,0.1012328109208103,0.7218693267159897,1,6.49,True,True
2023/24,2024-04-24,Man United,Sheffield United,Away,Sheffield United,Pinnacle,8.27,+300 and longer,0.13039959716806507,0.11652254096056316,0.013877056207501903,0.07840466857989803,0,-1.0,True,True
2023/24,2024-04-24,Wolves,Bournemouth,Home,Wolves,Pinnacle,2.74,+150 to +199,0.3918484276606916,0.35335063255076193,0.03849779510992968,0.073664691790295,0,-1.0,True,True
2023/24,2024-04-24,Wolves,Bournemouth,Away,Bournemouth,Pinnacle,2.6,+150 to +199,0.35717555497297443,0.37237720507272604,-0.015201650099751607,-0.0713435570702664,1,1.6,False,False
2023/24,2024-04-25,Brighton,Man City,Home,Brighton,Pinnacle,6.84,+300 and longer,0.23416203633539578,0.14058449909970516,0.09357753723569062,0.6016683285341071,0,-1.0,True,True
2023/24,2024-04-27,Aston Villa,Chelsea,Home,Aston Villa,Pinnacle,2.14,+100 to +149,0.40757402956973204,0.4517917753403123,-0.04421774577058024,-0.12779157672077335,0,-1.0,False,False
2023/24,2024-04-27,Aston Villa,Chelsea,Away,Chelsea,Pinnacle,3.13,+200 to +299,0.36153612883450426,0.308892779306156,0.05264334952834826,0.13160808325199835,0,-1.0,True,True
2023/24,2024-04-27,Everton,Brentford,Home,Everton,Pinnacle,2.34,+100 to +149,0.3889225971560479,0.4135138813282525,-0.02459128417220463,-0.08992112265484797,1,1.3399999999999999,False,False
2023/24,2024-04-27,Everton,Brentford,Away,Brentford,Pinnacle,3.09,+200 to +299,0.3692108087724176,0.31314643440391937,0.056064374368498204,0.1408613991067702,0,-1.0,True,True
2023/24,2024-04-27,Fulham,Crystal Palace,Home,Fulham,Pinnacle,2.14,+100 to +149,0.4077076288305936,0.4517857855605911,-0.04407815672999754,-0.12750567430252968,0,-1.0,False,False
2023/24,2024-04-27,Fulham,Crystal Palace,Away,Crystal Palace,Pinnacle,3.43,+200 to +299,0.33150262628674393,0.2818721810786195,0.04963044520812443,0.13705400816353164,0,-1.0,True,True
2023/24,2024-04-27,Man United,Burnley,Away,Burnley,Pinnacle,5.35,+300 and longer,0.17693733130204317,0.17970755586189435,-0.002770224559851181,-0.053385277534069076,0,-1.0,False,False
2023/24,2024-04-27,Newcastle,Sheffield United,Away,Sheffield United,Pinnacle,10.5,+300 and longer,0.0840522645378237,0.0914901575531377,-0.007437893015314001,-0.1174512223528511,0,-1.0,False,False
2023/24,2024-04-27,West Ham,Liverpool,Home,West Ham,Pinnacle,5.84,+300 and longer,0.20300651616194076,0.16517002990354682,0.03783648625839395,0.18555805438573403,0,-1.0,True,True
2023/24,2024-04-27,Wolves,Luton,Away,Luton,Pinnacle,3.65,+200 to +299,0.2505751126643358,0.2645970394736842,-0.014021926809348384,-0.08540083877517435,0,-1.0,False,False
2023/24,2024-04-28,Bournemouth,Brighton,Home,Bournemouth,Pinnacle,2.27,+100 to +149,0.37776443527624304,0.4257479205423418,-0.04798348526609875,-0.14247473192292825,1,1.27,False,False
2023/24,2024-04-28,Bournemouth,Brighton,Away,Brighton,Pinnacle,2.99,+150 to +199,0.3848602667164258,0.32322668215087486,0.06163358456555096,0.1507321974821132,0,-1.0,True,True
2023/24,2024-04-28,Nott'm Forest,Man City,Home,Nott'm Forest,Pinnacle,10.15,+300 and longer,0.1496361278018106,0.09495817598948353,0.05467795181232707,0.5188066971883776,0,-1.0,True,True
2023/24,2024-04-28,Tottenham,Arsenal,Home,Tottenham,Pinnacle,4.19,+300 and longer,0.2725060987097579,0.23018132165142371,0.04232477705833418,0.14180055359388577,0,-1.0,True,True
2023/24,2024-05-02,Chelsea,Tottenham,Home,Chelsea,Pinnacle,2.22,+100 to +149,0.5162773400694031,0.4356892720774878,0.08058806799191526,0.14613569495407486,1,1.2200000000000002,True,True
2023/24,2024-05-02,Chelsea,Tottenham,Away,Tottenham,Pinnacle,2.92,+150 to +199,0.2695520523448898,0.33124321370274756,-0.06169116135785774,-0.21290800715292169,0,-1.0,False,False
2023/24,2024-05-03,Luton,Everton,Home,Luton,Pinnacle,2.71,+150 to +199,0.32635975467179495,0.3571040074679545,-0.030744252796159555,-0.11556506483943574,0,-1.0,False,False
2023/24,2024-05-03,Luton,Everton,Away,Everton,Pinnacle,2.63,+150 to +199,0.4532255491591305,0.3679664867825691,0.08525906237656139,0.19198319428851307,0,-1.0,True,True
2023/24,2024-05-04,Arsenal,Bournemouth,Away,Bournemouth,Pinnacle,12.56,+300 and longer,0.11236072962136757,0.07642208099164871,0.035938648629718864,0.41125076404437677,0,-1.0,True,True
2023/24,2024-05-04,Brentford,Fulham,Home,Brentford,Pinnacle,2.13,+100 to +149,0.5863310683611082,0.4535923127641407,0.13273875559696746,0.24888517560916035,0,-1.0,True,True
2023/24,2024-05-04,Brentford,Fulham,Away,Fulham,Pinnacle,3.27,+200 to +299,0.20106782828600872,0.29545921290141275,-0.09439138461540403,-0.3425082015047515,0,-1.0,False,False
2023/24,2024-05-04,Burnley,Newcastle,Home,Burnley,Pinnacle,3.37,+200 to +299,0.24765613151604807,0.28702150055757625,-0.03936536904152818,-0.16539883679091794,0,-1.0,False,False
2023/24,2024-05-04,Burnley,Newcastle,Away,Newcastle,Pinnacle,2.04,+100 to +149,0.5293806198567589,0.474148263175996,0.05523235668076287,0.07993646450778824,1,1.04,True,True
2023/24,2024-05-04,Man City,Wolves,Away,Wolves,Pinnacle,25.65,+300 and longer,0.056793691433185016,0.03776264166848095,0.019031049764704065,0.4567581852611955,0,-1.0,True,True
2023/24,2024-05-04,Sheffield United,Nott'm Forest,Home,Sheffield United,Pinnacle,4.57,+300 and longer,0.313826596124851,0.21128965210785086,0.10253694401700011,0.43418754429056916,0,-1.0,True,True
2023/24,2024-05-05,Brighton,Aston Villa,Home,Brighton,Pinnacle,2.75,+150 to +199,0.5135882312961579,0.3520811937413158,0.16150703755484214,0.4123676360644344,1,1.75,True,True
2023/24,2024-05-05,Brighton,Aston Villa,Away,Aston Villa,Pinnacle,2.48,+100 to +149,0.2591999685954325,0.39041261402766875,-0.13121264543223626,-0.3571840778833274,0,-1.0,False,False
2023/24,2024-05-05,Chelsea,West Ham,Away,West Ham,Pinnacle,4.59,+300 and longer,0.17063413194891536,0.21014731027226097,-0.03951317832334561,-0.21678933435447856,0,-1.0,False,False
2023/24,2024-05-05,Liverpool,Tottenham,Away,Tottenham,Pinnacle,5.73,+300 and longer,0.15799508121387015,0.16798948031199273,-0.00999439909812258,-0.094688184644524,0,-1.0,False,False
2023/24,2024-05-06,Crystal Palace,Man United,Home,Crystal Palace,Pinnacle,2.39,+100 to +149,0.4261712825867226,0.404560275252421,0.021611007334301602,0.018549365382267036,1,1.3900000000000001,True,True
2023/24,2024-05-06,Crystal Palace,Man United,Away,Man United,Pinnacle,2.83,+150 to +199,0.3264177851739141,0.34166044447112587,-0.015242659297211747,-0.07623766795782305,0,-1.0,False,False
2023/24,2024-05-11,Bournemouth,Brentford,Away,Brentford,Pinnacle,3.57,+200 to +299,0.36580861448568197,0.27037414885287914,0.09543446563280283,0.3059367537138846,1,2.57,True,True
2023/24,2024-05-11,Everton,Sheffield United,Away,Sheffield United,Pinnacle,7.47,+300 and longer,0.16349298936730086,0.12911308705563,0.034379902311670874,0.2212926305737375,0,-1.0,True,True
2023/24,2024-05-11,Fulham,Man City,Home,Fulham,Pinnacle,12.95,+300 and longer,0.15424437000347418,0.07384451077058043,0.08039985923289375,0.9974645915449907,0,-1.0,True,True
2023/24,2024-05-11,Newcastle,Brighton,Away,Brighton,Pinnacle,4.84,+300 and longer,0.25675830522632664,0.1989745021639527,0.057783803062373934,0.24271019729542087,0,-1.0,True,True
2023/24,2024-05-11,Nott'm Forest,Chelsea,Home,Nott'm Forest,Pinnacle,3.44,+200 to +299,0.3215754900346463,0.2807732716957344,0.0408022183389119,0.10621968571918328,0,-1.0,True,True
2023/24,2024-05-11,Nott'm Forest,Chelsea,Away,Chelsea,Pinnacle,2.04,+100 to +149,0.4321769950371705,0.47346081109476784,-0.041283816057597345,-0.1183589301241722,1,1.04,False,False
2023/24,2024-05-11,Tottenham,Burnley,Away,Burnley,Pinnacle,7.27,+300 and longer,0.14548616540371978,0.13218106708077892,0.013305098322940856,0.0576844224850428,0,-1.0,True,True
2023/24,2024-05-11,West Ham,Luton,Away,Luton,Pinnacle,3.78,+200 to +299,0.20772653519755116,0.25566553790049495,-0.047939002702943795,-0.21479369695325667,0,-1.0,False,False
2023/24,2024-05-11,Wolves,Crystal Palace,Home,Wolves,Pinnacle,2.9,+150 to +199,0.34422984672510115,0.33382247302369,0.010407373701411149,-0.0017334444972066931,0,-1.0,True,False
2023/24,2024-05-11,Wolves,Crystal Palace,Away,Crystal Palace,Pinnacle,2.49,+100 to +149,0.3771382084970009,0.38878922560992,-0.011651017112919104,-0.06092586084246765,1,1.4900000000000002,False,False
2023/24,2024-05-12,Man United,Arsenal,Home,Man United,Pinnacle,7.2,+300 and longer,0.24604331888202366,0.13360058905342387,0.11244272982859979,0.7715118959505705,0,-1.0,True,True
2023/24,2024-05-13,Aston Villa,Liverpool,Home,Aston Villa,Pinnacle,4.16,+300 and longer,0.2606290263233679,0.2315964798026661,0.02903254652070178,0.08421674950521041,0,-1.0,True,True
2023/24,2024-05-14,Tottenham,Man City,Home,Tottenham,Pinnacle,7.15,+300 and longer,0.22452630638979376,0.13527637873596793,0.08924992765382583,0.6053630906870255,0,-1.0,True,True
2023/24,2024-05-15,Brighton,Chelsea,Home,Brighton,Pinnacle,3.42,+200 to +299,0.45059429145528007,0.2826510313056224,0.16794326014965766,0.5410324767770578,0,-1.0,True,True
2023/24,2024-05-15,Brighton,Chelsea,Away,Chelsea,Pinnacle,2.04,+100 to +149,0.3248614418886467,0.4738561407182494,-0.1489946988296027,-0.3372826585471608,1,1.04,False,False
2023/24,2024-05-15,Man United,Newcastle,Home,Man United,Pinnacle,2.75,+150 to +199,0.38613453612294,0.35199742008304113,0.034137116039898885,0.061869974338085054,1,1.75,True,True
2023/24,2024-05-15,Man United,Newcastle,Away,Newcastle,Pinnacle,2.36,+100 to +149,0.39867031843317824,0.41016648526625554,-0.011496166833077304,-0.059138048497699436,0,-1.0,False,False
2023/24,2024-05-19,Arsenal,Everton,Away,Everton,Pinnacle,15.6,+300 and longer,0.10952445188960502,0.0617393228590396,0.04778512903056542,0.7085814494778384,0,-1.0,True,True
2023/24,2024-05-19,Brentford,Newcastle,Home,Brentford,Pinnacle,2.97,+150 to +199,0.41749565832643626,0.3240029761359346,0.09349268219050166,0.23996210522951578,0,-1.0,True,True
2023/24,2024-05-19,Brentford,Newcastle,Away,Newcastle,Pinnacle,2.21,+100 to +149,0.35295991618644057,0.4354248140831339,-0.08246489789669331,-0.2199585852279664,1,1.21,False,False
2023/24,2024-05-19,Brighton,Man United,Home,Brighton,Pinnacle,2.18,+100 to +149,0.5449259161050779,0.4415886496043593,0.10333726650071862,0.18793849710906985,0,-1.0,True,True
2023/24,2024-05-19,Brighton,Man United,Away,Man United,Pinnacle,2.98,+150 to +199,0.24685153689689548,0.32304136111996756,-0.07618982422307208,-0.26438242004725143,1,1.98,False,False
2023/24,2024-05-19,Burnley,Nott'm Forest,Home,Burnley,Pinnacle,2.92,+150 to +199,0.3629619139231073,0.32946579647087254,0.03349611745223474,0.05984878865547327,0,-1.0,True,True
2023/24,2024-05-19,Burnley,Nott'm Forest,Away,Nott'm Forest,Pinnacle,2.32,+100 to +149,0.37591310924492116,0.41467246797196033,-0.03875935872703917,-0.12788158655178294,1,1.3199999999999998,False,False
2023/24,2024-05-19,Chelsea,Bournemouth,Away,Bournemouth,Pinnacle,5.93,+300 and longer,0.18663895207570552,0.16160823933705537,0.02503071273865015,0.10676898580893379,0,-1.0,True,True
2023/24,2024-05-19,Crystal Palace,Aston Villa,Away,Aston Villa,Pinnacle,3.74,+200 to +299,0.3082031065829912,0.2564397741228984,0.05176333246009279,0.15267961862038715,0,-1.0,True,True
2023/24,2024-05-19,Liverpool,Wolves,Away,Wolves,Pinnacle,13.56,+300 and longer,0.07262669385215442,0.07065920201860905,0.0019674918335453734,-0.01518203136478602,0,-1.0,True,False
2023/24,2024-05-19,Luton,Fulham,Home,Luton,Pinnacle,2.93,+150 to +199,0.3566614385446782,0.3285249160072089,0.02813652253746929,0.04501801493590718,0,-1.0,True,True
2023/24,2024-05-19,Luton,Fulham,Away,Fulham,Pinnacle,2.26,+100 to +149,0.4192621915231127,0.425919470752709,-0.006657279229596247,-0.0524674471577653,1,1.2599999999999998,False,False
2023/24,2024-05-19,Man City,West Ham,Away,West Ham,Pinnacle,20.39,+300 and longer,0.06259440295414265,0.04703287617759923,0.015561526776543419,0.27629987623496866,0,-1.0,True,True
2023/24,2024-05-19,Sheffield United,Tottenham,Home,Sheffield United,Pinnacle,7.16,+300 and longer,0.23536951471633205,0.133386029048513,0.10198348566781906,0.6852457253689375,0,-1.0,True,True
2024/25,2024-08-16,Man United,Fulham,Away,Fulham,Pinnacle,5.3,+300 and longer,0.22887782330985784,0.18309721894523034,0.0457806043646275,0.2130524635422466,0,-1.0,True,True
2024/25,2024-08-17,Arsenal,Wolves,Away,Wolves,Pinnacle,16.22,+300 and longer,0.06508641194885825,0.059250065637157796,0.005836346311700456,0.05570160181048078,0,-1.0,True,True
2024/25,2024-08-17,Everton,Brighton,Home,Everton,Pinnacle,2.73,+150 to +199,0.3795076179070336,0.35462501022327636,0.02488260768375722,0.03605579688620164,0,-1.0,True,True
2024/25,2024-08-17,Everton,Brighton,Away,Brighton,Pinnacle,2.71,+150 to +199,0.3802901746047849,0.35724216897031164,0.02304800563447329,0.030586373178967063,1,1.71,True,True
2024/25,2024-08-17,Ipswich Town,Liverpool,Home,Ipswich Town,Pinnacle,8.18,+300 and longer,0.24084201749437587,0.11757564830674,0.12326636918763587,0.9700877031039945,0,-1.0,True,True
2024/25,2024-08-17,Newcastle,Southampton,Away,Southampton,Pinnacle,8.25,+300 and longer,0.1279798992098196,0.1168431841475914,0.011136715062228186,0.055834168481011526,0,-1.0,True,True
2024/25,2024-08-17,Nott'm Forest,Bournemouth,Home,Nott'm Forest,Pinnacle,2.47,+100 to +149,0.44367300101801244,0.3915622940013184,0.05211070701669401,0.09587231251449091,0,-1.0,True,True
2024/25,2024-08-17,Nott'm Forest,Bournemouth,Away,Bournemouth,Pinnacle,2.97,+150 to +199,0.310126326473532,0.3256427158866183,-0.015516389413086307,-0.07892481037360988,0,-1.0,False,False
2024/25,2024-08-17,West Ham,Aston Villa,Home,West Ham,Pinnacle,2.49,+100 to +149,0.39950167439425116,0.38888149007819484,0.010620184316056325,-0.005240830758314496,0,-1.0,True,False
2024/25,2024-08-17,West Ham,Aston Villa,Away,Aston Villa,Pinnacle,2.8,+150 to +199,0.36391317596495076,0.3458267536766805,0.018086422288270287,0.018956892701862182,1,1.7999999999999998,True,True
2024/25,2024-08-18,Brentford,Crystal Palace,Home,Brentford,Pinnacle,2.5,+150 to +199,0.48855276096274297,0.38718394132406875,0.10136881963867422,0.2213819024068575,1,1.5,True,True
2024/25,2024-08-18,Brentford,Crystal Palace,Away,Crystal Palace,Pinnacle,2.95,+150 to +199,0.25977503349193687,0.3281219841729396,-0.06834695068100272,-0.23366365119878618,0,-1.0,False,False
2024/25,2024-08-18,Chelsea,Man City,Home,Chelsea,Pinnacle,4.19,+300 and longer,0.25184574748211347,0.2302380004775929,0.02160774700452056,0.055233681950055624,0,-1.0,True,True
2024/25,2024-08-19,Leicester,Tottenham,Home,Leicester,Pinnacle,5.09,+300 and longer,0.3659420426418021,0.18931675375355514,0.17662528888824694,0.8626449970467724,0,-1.0,True,True
2024/25,2024-08-24,Aston Villa,Arsenal,Home,Aston Villa,Pinnacle,4.55,+300 and longer,0.23676321310224635,0.2121413794038022,0.024621833698444145,0.07727261961522092,0,-1.0,True,True
2024/25,2024-08-24,Brighton,Man United,Home,Brighton,Pinnacle,2.51,+150 to +199,0.5445660740573504,0.38532488041562724,0.15924119364172312,0.3668608458839493,1,1.5099999999999998,True,True
2024/25,2024-08-24,Brighton,Man United,Away,Man United,Pinnacle,2.76,+150 to +199,0.24435457078786862,0.35042226443595087,-0.10606769364808225,-0.3255813846254827,0,-1.0,False,False
2024/25,2024-08-24,Crystal Palace,West Ham,Home,Crystal Palace,Pinnacle,2.17,+100 to +149,0.5186282722186187,0.44616454465686795,0.07246372756175079,0.1254233507144027,0,-1.0,True,True
2024/25,2024-08-24,Crystal Palace,West Ham,Away,West Ham,Pinnacle,3.33,+200 to +299,0.24186153388670334,0.2907438624340551,-0.04888232854735175,-0.19460109215727783,1,2.33,False,False
2024/25,2024-08-24,Fulham,Leicester,Away,Leicester,Pinnacle,4.56,+300 and longer,0.32043164692167697,0.21182995382453323,0.10860169309714374,0.46116830996284697,0,-1.0,True,True
2024/25,2024-08-24,Man City,Ipswich Town,Away,Ipswich Town,Pinnacle,25.71,+300 and longer,0.00671810576352315,0.03738065050632405,-0.030662544742800897,-0.8272775008198198,0,-1.0,False,False
2024/25,2024-08-24,Southampton,Nott'm Forest,Home,Southampton,Pinnacle,2.59,+150 to +199,0.4158605377575174,0.3736054549142599,0.04225508284325752,0.07707879279197005,0,-1.0,True,True
2024/25,2024-08-24,Southampton,Nott'm Forest,Away,Nott'm Forest,Pinnacle,2.92,+150 to +199,0.3125827083043313,0.33138292062600444,-0.018800212321673115,-0.08725849175135258,1,1.92,False,False
2024/25,2024-08-24,Tottenham,Everton,Away,Everton,Pinnacle,7.03,+300 and longer,0.2165163109388387,0.13714020481209374,0.07937610612674495,0.5221096659000362,0,-1.0,True,True
2024/25,2024-08-25,Bournemouth,Newcastle,Home,Bournemouth,Pinnacle,3.05,+200 to +299,0.3460877675106056,0.3169156583404447,0.029172109170160887,0.055567690907347034,0,-1.0,True,True
2024/25,2024-08-25,Bournemouth,Newcastle,Away,Newcastle,Pinnacle,2.28,+100 to +149,0.43401237080261723,0.4239441920782265,0.010068178724390753,-0.010451794570032757,0,-1.0,True,False
2024/25,2024-08-25,Liverpool,Brentford,Away,Brentford,Pinnacle,10.11,+300 and longer,0.14800784306562753,0.09503858161994275,0.052969261445684784,0.49635929339349416,0,-1.0,True,True
2024/25,2024-08-25,Wolves,Chelsea,Home,Wolves,Pinnacle,4.46,+300 and longer,0.2533520244058324,0.21681073565858675,0.03654128874724563,0.1299500288500124,0,-1.0,True,True
2024/25,2024-08-31,Arsenal,Brighton,Away,Brighton,Pinnacle,8.1,+300 and longer,0.16081607315565846,0.1186989563401281,0.04211711681553036,0.30261019256083355,0,-1.0,True,True
2024/25,2024-08-31,Brentford,Southampton,Away,Southampton,Pinnacle,4.51,+300 and longer,0.18595400678282073,0.21385967545775653,-0.027905668674935796,-0.16134742940947855,0,-1.0,False,False
2024/25,2024-08-31,Everton,Bournemouth,Home,Everton,Pinnacle,2.82,+150 to +199,0.44870735755908175,0.34356523223513713,0.10514212532394462,0.26535474831661054,0,-1.0,True,True
2024/25,2024-08-31,Everton,Bournemouth,Away,Bournemouth,Pinnacle,2.62,+150 to +199,0.31753154120360405,0.36979158584087274,-0.05226004463726869,-0.16806736204655737,1,1.62,False,False
2024/25,2024-08-31,Ipswich Town,Fulham,Home,Ipswich Town,Pinnacle,3.14,+200 to +299,0.20744926192653734,0.3083596273899979,-0.10091036546346055,-0.3486093175506727,0,-1.0,False,False
2024/25,2024-08-31,Ipswich Town,Fulham,Away,Fulham,Pinnacle,2.32,+100 to +149,0.5579090913435152,0.41734880603646274,0.14056028530705245,0.29434909191695513,0,-1.0,True,True
2024/25,2024-08-31,Leicester,Aston Villa,Home,Leicester,Pinnacle,4.8,+300 and longer,0.3989908427153649,0.2007785519278634,0.1982122907875015,0.9151560450337515,0,-1.0,True,True
2024/25,2024-08-31,Nott'm Forest,Wolves,Home,Nott'm Forest,Pinnacle,2.02,+100 to +149,0.5402808873174222,0.4783726895090468,0.061908197808375365,0.09136739238119285,0,-1.0,True,True
2024/25,2024-08-31,Nott'm Forest,Wolves,Away,Wolves,Pinnacle,3.71,+200 to +299,0.22292926648993522,0.26046168000223036,-0.03753241351229514,-0.17293242132234032,0,-1.0,False,False
2024/25,2024-08-31,West Ham,Man City,Home,West Ham,Pinnacle,7.69,+300 and longer,0.14718166669796107,0.1253664797018514,0.021815186996109653,0.13182701690732057,0,-1.0,True,True
2024/25,2024-09-01,Chelsea,Crystal Palace,Away,Crystal Palace,Pinnacle,5.06,+300 and longer,0.22399320789334154,0.19032050907817155,0.03367269881516999,0.13340563194030808,0,-1.0,True,True
2024/25,2024-09-01,Man United,Liverpool,Home,Man United,Pinnacle,3.93,+200 to +299,0.24992426386712802,0.24562941716168105,0.00429484670544697,-0.01779764300218689,0,-1.0,True,False
2024/25,2024-09-01,Newcastle,Tottenham,Home,Newcastle,Pinnacle,2.5,+150 to +199,0.5284583038056233,0.38677064849469905,0.14168765531092425,0.3211457595140583,1,1.5,True,True
2024/25,2024-09-01,Newcastle,Tottenham,Away,Tottenham,Pinnacle,2.62,+150 to +199,0.26712842478380294,0.3690559623041021,-0.10192753752029915,-0.3001235270664363,0,-1.0,False,False
2024/25,2024-09-14,Aston Villa,Everton,Away,Everton,Pinnacle,6.48,+300 and longer,0.2473506012715392,0.14820148962402102,0.09914911164751819,0.6028318962395742,0,-1.0,True,True
2024/25,2024-09-14,Bournemouth,Chelsea,Home,Bournemouth,Pinnacle,3.32,+200 to +299,0.3658724368145374,0.29002971863053145,0.07584271818400595,0.21469649022426407,0,-1.0,True,True
2024/25,2024-09-14,Bournemouth,Chelsea,Away,Chelsea,Pinnacle,2.06,+100 to +149,0.41026190407236224,0.46742653682202157,-0.05716463274965933,-0.1548604776109338,1,1.06,False,False
2024/25,2024-09-14,Brighton,Ipswich Town,Away,Ipswich Town,Pinnacle,8.05,+300 and longer,0.05369937667747221,0.11901171557823916,-0.06531233890076694,-0.5677200177463486,0,-1.0,False,False
2024/25,2024-09-14,Crystal Palace,Leicester,Away,Leicester,Pinnacle,5.48,+300 and longer,0.24711009637751125,0.17514384590817944,0.0719662504693318,0.3541633281487617,0,-1.0,True,True
2024/25,2024-09-14,Fulham,West Ham,Home,Fulham,Pinnacle,2.4,+100 to +149,0.46120443632153973,0.4019345118290453,0.05926992449249441,0.10689064717169527,0,-1.0,True,True
2024/25,2024-09-14,Fulham,West Ham,Away,West Ham,Pinnacle,2.97,+150 to +199,0.3049988219523066,0.32479556511438,-0.019796743162073416,-0.09415349880164936,0,-1.0,False,False
2024/25,2024-09-14,Liverpool,Nott'm Forest,Away,Nott'm Forest,Pinnacle,12.71,+300 and longer,0.10638417951560106,0.0754029237885998,0.030981255727001264,0.3521429216432894,1,11.71,True,True
2024/25,2024-09-14,Man City,Brentford,Away,Brentford,Pinnacle,14.62,+300 and longer,0.10889060170326378,0.06565984378401371,0.043230757919250073,0.5919805969017164,0,-1.0,True,True
2024/25,2024-09-14,Southampton,Man United,Home,Southampton,Pinnacle,4.5,+300 and longer,0.3334136391907675,0.21386736187993285,0.11954627731083464,0.5003613763584538,0,-1.0,True,True
2024/25,2024-09-15,Tottenham,Arsenal,Home,Tottenham,Pinnacle,3.03,+200 to +299,0.2905436018186493,0.31816218755445774,-0.027618585735808443,-0.11965288648949268,0,-1.0,False,False
2024/25,2024-09-15,Tottenham,Arsenal,Away,Arsenal,Pinnacle,2.32,+100 to +149,0.4731351897605604,0.41553078805603755,0.057604401704522856,0.09767364024449998,1,1.3199999999999998,True,True
2024/25,2024-09-15,Wolves,Newcastle,Home,Wolves,Pinnacle,3.41,+200 to +299,0.24845281127291508,0.2822509066010701,-0.03379809532815503,-0.1527759135593596,0,-1.0,False,False
2024/25,2024-09-15,Wolves,Newcastle,Away,Newcastle,Pinnacle,2.1,+100 to +149,0.5324570363816342,0.4583217102426901,0.07413532613894414,0.11815977640143194,1,1.1,True,True
2024/25,2024-09-21,Aston Villa,Wolves,Away,Wolves,Pinnacle,5.44,+300 and longer,0.1803143764062347,0.1773557220820638,0.0029586543241709173,-0.019089792350083123,0,-1.0,True,False
2024/25,2024-09-21,Crystal Palace,Man United,Home,Crystal Palace,Pinnacle,2.92,+150 to +199,0.4379363777559824,0.33121916842847077,0.10671720932751161,0.2787742230474686,0,-1.0,True,True
2024/25,2024-09-21,Crystal Palace,Man United,Away,Man United,Pinnacle,2.35,+100 to +149,0.31959993866670744,0.4115574348132488,-0.09195749614654136,-0.2489401441332375,0,-1.0,False,False
2024/25,2024-09-21,Fulham,Newcastle,Home,Fulham,Pinnacle,2.89,+150 to +199,0.3125903773776854,0.3348485602790979,-0.02225818290141246,-0.09661380937848907,1,1.8900000000000001,False,False
2024/25,2024-09-21,Fulham,Newcastle,Away,Newcastle,Pinnacle,2.47,+100 to +149,0.46309553535322545,0.39178637214841816,0.07130916320480729,0.143845972322467,0,-1.0,True,True
2024/25,2024-09-21,Leicester,Everton,Home,Leicester,Pinnacle,2.54,+150 to +199,0.43834333070488535,0.38132001327887965,0.05702331742600569,0.1133920599904088,0,-1.0,True,True
2024/25,2024-09-21,Leicester,Everton,Away,Everton,Pinnacle,2.88,+150 to +199,0.31857118681088337,0.3363030672667897,-0.017731880455906346,-0.0825149819846559,0,-1.0,False,False
2024/25,2024-09-21,Liverpool,Bournemouth,Away,Bournemouth,Pinnacle,9.45,+300 and longer,0.11406427820558972,0.10133086379184156,0.01273341441374816,0.07790742904282277,0,-1.0,True,True
2024/25,2024-09-21,Southampton,Ipswich Town,Home,Southampton,Pinnacle,2.27,+100 to +149,0.596056583299353,0.42567887146299893,0.17037771183635403,0.3530484440895312,0,-1.0,True,True
2024/25,2024-09-21,Southampton,Ipswich Town,Away,Ipswich Town,Pinnacle,3.24,+200 to +299,0.16445354577821825,0.29823797475957026,-0.133784428981352,-0.4671705116785728,0,-1.0,False,False
2024/25,2024-09-21,Tottenham,Brentford,Away,Brentford,Pinnacle,5.48,+300 and longer,0.27403707945827976,0.17592220257881222,0.09811487687946754,0.5017231954313732,0,-1.0,True,True
2024/25,2024-09-21,West Ham,Chelsea,Home,West Ham,Pinnacle,3.59,+200 to +299,0.3096582685361766,0.2689975407157721,0.04066072782040453,0.11167318404487392,0,-1.0,True,True
2024/25,2024-09-22,Brighton,Nott'm Forest,Away,Nott'm Forest,Pinnacle,4.51,+300 and longer,0.21307139019858584,0.21399502841994872,-0.0009236382213628769,-0.03904803020437786,0,-1.0,False,False
2024/25,2024-09-22,Man City,Arsenal,Away,Arsenal,Pinnacle,4.54,+300 and longer,0.24625024624021108,0.2130156293257494,0.03323461691446167,0.11797611793055829,0,-1.0,True,True
2024/25,2024-09-28,Arsenal,Leicester,Away,Leicester,Pinnacle,14.09,+300 and longer,0.0880196859967839,0.0682853646128903,0.01973432138389361,0.24019737569468513,0,-1.0,True,True
2024/25,2024-09-28,Brentford,West Ham,Home,Brentford,Pinnacle,2.23,+100 to +149,0.5909890837300302,0.4334874889204535,0.1575015948095767,0.31790565671796744,0,-1.0,True,True
2024/25,2024-09-28,Brentford,West Ham,Away,West Ham,Pinnacle,3.22,+200 to +299,0.20427386349248158,0.3002102795939786,-0.09593641610149703,-0.3422381595542092,0,-1.0,False,False
2024/25,2024-09-28,Chelsea,Brighton,Away,Brighton,Pinnacle,4.32,+300 and longer,0.27295002428360743,0.22355247913015064,0.04939754515345679,0.17914410490518407,0,-1.0,True,True
2024/25,2024-09-28,Everton,Crystal Palace,Home,Everton,Pinnacle,2.76,+150 to +199,0.42537525373638485,0.3508891476097952,0.07448610612658962,0.174035700312422,1,1.7599999999999998,True,True
2024/25,2024-09-28,Everton,Crystal Palace,Away,Crystal Palace,Pinnacle,2.69,+150 to +199,0.3181962896408321,0.3600200919713884,-0.041823802330556326,-0.14405198086616178,0,-1.0,False,False
2024/25,2024-09-28,Newcastle,Man City,Home,Newcastle,Pinnacle,5.18,+300 and longer,0.2551045137387859,0.18592650988502452,0.06917800385376138,0.3214413811669108,0,-1.0,True,True
2024/25,2024-09-28,Nott'm Forest,Fulham,Home,Nott'm Forest,Pinnacle,2.49,+100 to +149,0.4735988643360126,0.3888354186717998,0.08476344566421279,0.17926117219667148,0,-1.0,True,True
2024/25,2024-09-28,Nott'm Forest,Fulham,Away,Fulham,Pinnacle,3.03,+200 to +299,0.27618025151974146,0.3195380173243504,-0.04335776580460893,-0.16317383789518347,1,2.03,False,False
2024/25,2024-09-28,Wolves,Liverpool,Home,Wolves,Pinnacle,8.09,+300 and longer,0.15505790480725953,0.11925383804292129,0.03580406676433824,0.2544184498907296,0,-1.0,True,True
2024/25,2024-09-29,Ipswich Town,Aston Villa,Home,Ipswich Town,Pinnacle,4.34,+300 and longer,0.19744846791281098,0.2223635673817882,-0.024915099468977214,-0.14307364925840038,0,-1.0,False,False
2024/25,2024-09-29,Man United,Tottenham,Home,Man United,Pinnacle,2.42,+100 to +149,0.42020141238871705,0.3999179655455291,0.020283446843187947,0.016887417980695263,0,-1.0,True,True
2024/25,2024-09-29,Man United,Tottenham,Away,Tottenham,Pinnacle,2.75,+150 to +199,0.36205847686009623,0.3519278096800656,0.01013066718003064,-0.004339188634735369,1,1.75,True,False
2024/25,2024-09-30,Bournemouth,Southampton,Away,Southampton,Pinnacle,5.01,+300 and longer,0.19752654686280202,0.19294527530926636,0.00458127155353566,-0.010392000217361863,0,-1.0,True,False
2024/25,2024-10-05,Arsenal,Southampton,Away,Southampton,Pinnacle,19.13,+300 and longer,0.06565513901768377,0.05012179025818597,0.0155333487594978,0.25598280940829055,0,-1.0,True,True
2024/25,2024-10-05,Brentford,Wolves,Home,Brentford,Pinnacle,2.14,+100 to +149,0.6149629561534486,0.45182357807352364,0.163139378079925,0.3160207261683803,1,1.1400000000000001,True,True
2024/25,2024-10-05,Brentford,Wolves,Away,Wolves,Pinnacle,3.44,+200 to +299,0.1765376941069231,0.28107629566201764,-0.10453860155509453,-0.39271033227218455,0,-1.0,False,False
2024/25,2024-10-05,Crystal Palace,Liverpool,Home,Crystal Palace,Pinnacle,6.38,+300 and longer,0.23721665557207033,0.1513340530536706,0.08588260251839974,0.5134422625498087,0,-1.0,True,True
2024/25,2024-10-05,Everton,Newcastle,Home,Everton,Pinnacle,3.18,+200 to +299,0.33507383520703027,0.30425887000123203,0.03081496520579824,0.06553479595835632,0,-1.0,True,True
2024/25,2024-10-05,Everton,Newcastle,Away,Newcastle,Pinnacle,2.27,+100 to +149,0.44127159508090136,0.42623048749071274,0.015041107590188618,0.0016865208336460658,0,-1.0,True,True
2024/25,2024-10-05,Leicester,Bournemouth,Home,Leicester,Pinnacle,3.35,+200 to +299,0.3662110964357815,0.2884634399112319,0.07774765652454957,0.22680717305986797,1,2.35,True,True
2024/25,2024-10-05,Leicester,Bournemouth,Away,Bournemouth,Pinnacle,2.17,+100 to +149,0.3990369136540883,0.4453237436417636,-0.046286829987675304,-0.13408989737062849,0,-1.0,False,False
2024/25,2024-10-05,Man City,Fulham,Away,Fulham,Pinnacle,10.66,+300 and longer,0.07639468191031006,0.08962520369364477,-0.013230521783334712,-0.1856326908360948,0,-1.0,False,False
2024/25,2024-10-05,West Ham,Ipswich Town,Away,Ipswich Town,Pinnacle,4.29,+300 and longer,0.18844038842427363,0.22536075002555214,-0.03692036160127851,-0.19159073365986612,0,-1.0,False,False
2024/25,2024-10-06,Aston Villa,Man United,Home,Aston Villa,Pinnacle,2.22,+100 to +149,0.5037787710041866,0.4362830405516336,0.06749573045255297,0.11838887162929423,0,-1.0,True,True
2024/25,2024-10-06,Aston Villa,Man United,Away,Man United,Pinnacle,3.09,+200 to +299,0.2822789416044792,0.3134460679691349,-0.031167126364655684,-0.12775807044215937,0,-1.0,False,False
2024/25,2024-10-06,Brighton,Tottenham,Home,Brighton,Pinnacle,2.95,+150 to +199,0.434274486028134,0.3278194665059977,0.10645501952213632,0.2811097337829953,1,1.9500000000000002,True,True
2024/25,2024-10-06,Brighton,Tottenham,Away,Tottenham,Pinnacle,2.25,+100 to +149,0.33986591482902834,0.42980774497453034,-0.089941830145502,-0.23530169163468628,0,-1.0,False,False
2024/25,2024-10-06,Chelsea,Nott'm Forest,Away,Nott'm Forest,Pinnacle,6.2,+300 and longer,0.18872377249173725,0.15570710231564408,0.033016670176093166,0.1700873894487709,0,-1.0,True,True
2024/25,2024-10-19,Bournemouth,Arsenal,Home,Bournemouth,Pinnacle,5.01,+300 and longer,0.22506204307720676,0.19248470725313138,0.032577335824075376,0.12756083581680588,1,4.01,True,True
2024/25,2024-10-19,Fulham,Aston Villa,Home,Fulham,Pinnacle,2.46,+100 to +149,0.4221448027637368,0.3937640630022501,0.028380739761486695,0.038476214798792485,0,-1.0,True,True
2024/25,2024-10-19,Fulham,Aston Villa,Away,Aston Villa,Pinnacle,2.94,+150 to +199,0.33732104144389363,0.3294760527161684,0.00784498872772521,-0.008276138154952761,1,1.94,True,False
2024/25,2024-10-19,Ipswich Town,Everton,Home,Ipswich Town,Pinnacle,2.4,+100 to +149,0.27744336252017215,0.4029873594054366,-0.12554399688526446,-0.3341359299515868,0,-1.0,False,False
2024/25,2024-10-19,Ipswich Town,Everton,Away,Everton,Pinnacle,3.07,+200 to +299,0.495935690269141,0.31503897803682346,0.18089671223231757,0.5225225691262629,1,2.07,True,True
2024/25,2024-10-19,Man United,Brentford,Away,Brentford,Pinnacle,4.43,+300 and longer,0.3332784955156919,0.21789761444379058,0.11538088107190131,0.47642373513451486,0,-1.0,True,True
2024/25,2024-10-19,Newcastle,Brighton,Home,Newcastle,Pinnacle,2.01,+100 to +149,0.5194290820700463,0.48070829191933534,0.038720790150711004,0.04405245496079302,0,-1.0,True,True
2024/25,2024-10-19,Newcastle,Brighton,Away,Brighton,Pinnacle,3.55,+200 to +299,0.267761025837199,0.27217568077686305,-0.004414654939664031,-0.04944835827794358,1,2.55,False,False
2024/25,2024-10-19,Southampton,Leicester,Home,Southampton,Pinnacle,2.34,+100 to +149,0.4562757938747792,0.4131939314733792,0.043081862401399995,0.06768535766698314,0,-1.0,True,True
2024/25,2024-10-19,Southampton,Leicester,Away,Leicester,Pinnacle,3.09,+200 to +299,0.30095071309547755,0.3129041422808114,-0.011953429185333875,-0.07006229653497442,1,2.09,False,False
2024/25,2024-10-19,Tottenham,West Ham,Away,West Ham,Pinnacle,5.88,+300 and longer,0.16585200327020536,0.1641051845446327,0.0017468187255726686,-0.024790220771192528,0,-1.0,True,False
2024/25,2024-10-20,Liverpool,Chelsea,Away,Chelsea,Pinnacle,5.08,+300 and longer,0.18513447258549337,0.18967170090050445,-0.004537228315011077,-0.05951687926569371,0,-1.0,False,False
2024/25,2024-10-20,Wolves,Man City,Home,Wolves,Pinnacle,9.01,+300 and longer,0.11986192083067611,0.10697799219130748,0.01288392863936863,0.07995590668439179,0,-1.0,True,True
2024/25,2024-10-21,Nott'm Forest,Crystal Palace,Home,Nott'm Forest,Pinnacle,2.41,+100 to +149,0.42901830122542467,0.4015673993222264,0.027450901903198266,0.03393410595327362,1,1.4100000000000001,True,True
2024/25,2024-10-21,Nott'm Forest,Crystal Palace,Away,Crystal Palace,Pinnacle,3.19,+200 to +299,0.30040860088752425,0.30337850544406453,-0.0029699045565402815,-0.04169656316879766,0,-1.0,False,False
2024/25,2024-10-25,Leicester,Nott'm Forest,Home,Leicester,Pinnacle,3.14,+200 to +299,0.3770999410542412,0.30964598302757357,0.06745395802666765,0.1840938149103175,0,-1.0,True,True
2024/25,2024-10-25,Leicester,Nott'm Forest,Away,Nott'm Forest,Pinnacle,2.43,+100 to +149,0.37187620384912207,0.4001186776570292,-0.02824247380790712,-0.0963408246466333,1,1.4300000000000002,False,False
2024/25,2024-10-26,Aston Villa,Bournemouth,Away,Bournemouth,Pinnacle,4.03,+300 and longer,0.2919436580669379,0.2395687762028349,0.052374881864102996,0.17653294200975989,0,-1.0,True,True
2024/25,2024-10-26,Brentford,Ipswich Town,Away,Ipswich Town,Pinnacle,4.94,+300 and longer,0.1001684801552193,0.1949480545936036,-0.09477957443838429,-0.5051677080332166,0,-1.0,False,False
2024/25,2024-10-26,Brighton,Wolves,Away,Wolves,Pinnacle,4.9,+300 and longer,0.14710936643482153,0.19681786889007877,-0.049708502455257236,-0.27916410446937445,0,-1.0,False,False
2024/25,2024-10-26,Everton,Fulham,Home,Everton,Pinnacle,2.8,+150 to +199,0.43587653744558236,0.3456570259824088,0.09021951146317353,0.22045430484763062,0,-1.0,True,True
2024/25,2024-10-26,Everton,Fulham,Away,Fulham,Pinnacle,2.63,+150 to +199,0.32483967220745497,0.3679998755706254,-0.043160203363170446,-0.14567166209439353,0,-1.0,False,False
2024/25,2024-10-26,Man City,Southampton,Away,Southampton,Pinnacle,20.73,+300 and longer,0.05343017660696119,0.04632316512138155,0.007107011485579642,0.10760756106230551,0,-1.0,True,True
2024/25,2024-10-27,Arsenal,Liverpool,Home,Arsenal,Pinnacle,2.54,+150 to +199,0.48644109839430294,0.38125435001159996,0.10518674838270298,0.2355603899215295,0,-1.0,True,True
2024/25,2024-10-27,Arsenal,Liverpool,Away,Liverpool,Pinnacle,2.9,+150 to +199,0.28537332702538604,0.3339262238032635,-0.04855289677787744,-0.1724173516263805,0,-1.0,False,False
2024/25,2024-10-27,Chelsea,Newcastle,Away,Newcastle,Pinnacle,4.28,+300 and longer,0.29411303083025664,0.22575288029536927,0.06836015053488737,0.2588037719534986,0,-1.0,True,True
2024/25,2024-10-27,Crystal Palace,Tottenham,Home,Crystal Palace,Pinnacle,4.05,+300 and longer,0.3476481291153256,0.23837860813787243,0.10926952097745318,0.4079749229170686,1,3.05,True,True
2024/25,2024-10-27,West Ham,Man United,Home,West Ham,Pinnacle,2.94,+150 to +199,0.40984867183166346,0.32902663969039847,0.08082203214126499,0.20495509518509047,1,1.94,True,True
2024/25,2024-10-27,West Ham,Man United,Away,Man United,Pinnacle,2.35,+100 to +149,0.3666149413824516,0.4116333279530943,-0.04501838657064272,-0.1384548877512387,0,-1.0,False,False
2024/25,2024-11-02,Bournemouth,Man City,Home,Bournemouth,Pinnacle,5.29,+300 and longer,0.20470061366307576,0.18224717272801239,0.02245344093506338,0.08286624627767081,1,4.29,True,True
2024/25,2024-11-02,Ipswich Town,Leicester,Home,Ipswich Town,Pinnacle,2.28,+100 to +149,0.35938716875471227,0.42435209358088044,-0.06496492482616817,-0.18059725523925607,0,-1.0,False,False
2024/25,2024-11-02,Ipswich Town,Leicester,Away,Leicester,Pinnacle,3.13,+200 to +299,0.41899314376956154,0.3091127071451781,0.10988043662438346,0.31144853999872746,0,-1.0,True,True
2024/25,2024-11-02,Liverpool,Brighton,Away,Brighton,Pinnacle,7.11,+300 and longer,0.15869414880920943,0.13516250708670263,0.023531641722506796,0.12831539803347902,0,-1.0,True,True
2024/25,2024-11-02,Newcastle,Arsenal,Home,Newcastle,Pinnacle,3.85,+200 to +299,0.32789358334085683,0.2513804683835939,0.07651311495726293,0.2623902958622988,1,2.85,True,True
2024/25,2024-11-02,Nott'm Forest,West Ham,Home,Nott'm Forest,Pinnacle,2.15,+100 to +149,0.5074977233797904,0.45012587961331524,0.05737184376647514,0.09112010526654934,1,1.15,True,True
2024/25,2024-11-02,Nott'm Forest,West Ham,Away,West Ham,Pinnacle,3.53,+200 to +299,0.2608629778893874,0.2741559889996113,-0.013293011110223907,-0.07915368805046252,0,-1.0,False,False
2024/25,2024-11-02,Southampton,Everton,Home,Southampton,Pinnacle,2.7,+150 to +199,0.3837200543260014,0.35889552758280635,0.024824526743195074,0.03604414668020395,1,1.7000000000000002,True,True
2024/25,2024-11-02,Southampton,Everton,Away,Everton,Pinnacle,2.69,+150 to +199,0.37277447217826537,0.3602297117002146,0.012544760478050754,0.0027633301595337834,0,-1.0,True,True
2024/25,2024-11-02,Wolves,Crystal Palace,Home,Wolves,Pinnacle,2.55,+150 to +199,0.34591084513440296,0.37925322175471887,-0.03334237662031592,-0.11792734490727252,0,-1.0,False,False
2024/25,2024-11-02,Wolves,Crystal Palace,Away,Crystal Palace,Pinnacle,2.92,+150 to +199,0.3865136086957054,0.3311971628337442,0.055316445861961216,0.1286197373914597,0,-1.0,True,True
2024/25,2024-11-03,Man United,Chelsea,Home,Man United,Pinnacle,2.61,+150 to +199,0.3859518170184672,0.37082809900519476,0.015123718013272447,0.007334242418199244,0,-1.0,True,True
2024/25,2024-11-03,Man United,Chelsea,Away,Chelsea,Pinnacle,2.58,+150 to +199,0.400156627629554,0.37514005364479,0.025016573984764034,0.032404099284249366,0,-1.0,True,True
2024/25,2024-11-03,Tottenham,Aston Villa,Away,Aston Villa,Pinnacle,3.55,+200 to +299,0.23289129921252652,0.2721631777433053,-0.039271878530778764,-0.1732358877955309,0,-1.0,False,False
2024/25,2024-11-04,Fulham,Brentford,Home,Fulham,Pinnacle,2.04,+100 to +149,0.41720225018666857,0.47348174507452817,-0.056279494887859605,-0.14890740961919613,1,1.04,False,False
2024/25,2024-11-04,Fulham,Brentford,Away,Brentford,Pinnacle,3.61,+200 to +299,0.3475597296704271,0.2675630913994564,0.0799966382709707,0.2546906241102418,0,-1.0,True,True
2024/25,2024-11-09,Brentford,Bournemouth,Home,Brentford,Pinnacle,2.59,+150 to +199,0.5042660304705129,0.3736577226363808,0.13060830783413208,0.30604901891862824,1,1.5899999999999999,True,True
2024/25,2024-11-09,Brentford,Bournemouth,Away,Bournemouth,Pinnacle,2.73,+150 to +199,0.2750053037222642,0.3544957881422074,-0.07949048441994316,-0.24923552083821865,0,-1.0,False,False
2024/25,2024-11-09,Brighton,Man City,Home,Brighton,Pinnacle,4.49,+300 and longer,0.25931560415884,0.21484019613635022,0.044475408022489754,0.16432706267319164,1,3.49,True,True
2024/25,2024-11-09,Crystal Palace,Fulham,Home,Crystal Palace,Pinnacle,2.79,+150 to +199,0.448848935666499,0.34672579819814237,0.10212313746835666,0.25228853050953237,0,-1.0,True,True
2024/25,2024-11-09,Crystal Palace,Fulham,Away,Fulham,Pinnacle,2.6,+150 to +199,0.2997759221072194,0.37206345268185276,-0.07228753057463339,-0.22058260252122963,1,1.6,False,False
2024/25,2024-11-09,Liverpool,Aston Villa,Away,Aston Villa,Pinnacle,6.7,+300 and longer,0.13770593420806862,0.14393319446510933,-0.0062272602570407065,-0.07737024080594024,0,-1.0,False,False
2024/25,2024-11-09,West Ham,Everton,Home,West Ham,Pinnacle,2.2,+100 to +149,0.45106549935668844,0.4400367816091954,0.011028717747493033,-0.007655901415285382,0,-1.0,True,False
2024/25,2024-11-09,West Ham,Everton,Away,Everton,Pinnacle,3.37,+200 to +299,0.3179729448394781,0.28726436781609194,0.03070857702338614,0.07156882410904108,0,-1.0,True,True
2024/25,2024-11-09,Wolves,Southampton,Away,Southampton,Pinnacle,3.7,+200 to +299,0.28441071176598115,0.26158575409241214,0.022824957673569013,0.05231963353413027,0,-1.0,True,True
2024/25,2024-11-10,Chelsea,Arsenal,Home,Chelsea,Pinnacle,2.75,+150 to +199,0.3186851264589396,0.3520119202085267,-0.03332679374958708,-0.12361590223791608,0,-1.0,False,False
2024/25,2024-11-10,Chelsea,Arsenal,Away,Arsenal,Pinnacle,2.59,+150 to +199,0.4481488127659008,0.37375783033723875,0.07439098242866204,0.16070542506368302,0,-1.0,True,True
2024/25,2024-11-10,Man United,Leicester,Away,Leicester,Pinnacle,7.62,+300 and longer,0.187939444030054,0.12643854377465708,0.06150090025539692,0.43209856350901155,0,-1.0,True,True
2024/25,2024-11-10,Nott'm Forest,Newcastle,Home,Nott'm Forest,Pinnacle,2.71,+150 to +199,0.3560834087325996,0.3573306662395149,-0.0012472575069153446,-0.035013962334655147,0,-1.0,False,False
2024/25,2024-11-10,Nott'm Forest,Newcastle,Away,Newcastle,Pinnacle,2.78,+150 to +199,0.40496818966587084,0.3483331314780883,0.05663505818778253,0.12581156727112086,1,1.7799999999999998,True,True
2024/25,2024-11-10,Tottenham,Ipswich Town,Away,Ipswich Town,Pinnacle,9.87,+300 and longer,0.06336911644677456,0.09693544517777543,-0.03356632873100086,-0.37454682067033507,1,8.87,False,False
2024/25,2024-11-23,Arsenal,Nott'm Forest,Away,Nott'm Forest,Pinnacle,8.73,+300 and longer,0.12201518244077592,0.11035489271184581,0.011660289728930101,0.06519254270797381,0,-1.0,True,True
2024/25,2024-11-23,Aston Villa,Crystal Palace,Away,Crystal Palace,Pinnacle,5.59,+300 and longer,0.2540020714488791,0.1722268633099891,0.08177520813889,0.41987157939923403,0,-1.0,True,True
2024/25,2024-11-23,Bournemouth,Brighton,Home,Bournemouth,Pinnacle,2.42,+100 to +149,0.41924229525902507,0.3999802557637982,0.019262039495226868,0.01456635452684063,0,-1.0,True,True
2024/25,2024-11-23,Bournemouth,Brighton,Away,Brighton,Pinnacle,2.91,+150 to +199,0.3518372022167159,0.3326296285046019,0.019207573712113957,0.023846258450643365,1,1.9100000000000001,True,True
2024/25,2024-11-23,Everton,Brentford,Home,Everton,Pinnacle,2.5,+150 to +199,0.3867855667889739,0.3873873178562608,-0.000601751067286882,-0.03303608302756522,0,-1.0,False,False
2024/25,2024-11-23,Everton,Brentford,Away,Brentford,Pinnacle,2.97,+150 to +199,0.37094979518327,0.32608360088910837,0.04486619429416161,0.10172089169431198,0,-1.0,True,True
2024/25,2024-11-23,Fulham,Wolves,Away,Wolves,Pinnacle,5.43,+300 and longer,0.19717732416503342,0.1775522944769762,0.01962502968805721,0.07067287021613144,1,4.43,True,True
2024/25,2024-11-23,Leicester,Chelsea,Home,Leicester,Pinnacle,7.05,+300 and longer,0.26177584410732124,0.13691760772834646,0.12485823637897478,0.8455197009566147,0,-1.0,True,True
2024/25,2024-11-23,Man City,Tottenham,Away,Tottenham,Pinnacle,6.13,+300 and longer,0.14835389846796282,0.15691651302315085,-0.00856261455518803,-0.09059060239138794,1,5.13,False,False
2024/25,2024-11-24,Ipswich Town,Man United,Home,Ipswich Town,Pinnacle,5.24,+300 and longer,0.25721591813961736,0.1842277763680961,0.07298814177152127,0.3478114110515951,0,-1.0,True,True
2024/25,2024-11-24,Southampton,Liverpool,Home,Southampton,Pinnacle,10.83,+300 and longer,0.13845776709123864,0.08825031882856846,0.05020744826267018,0.4994976175981145,0,-1.0,True,True
2024/25,2024-11-25,Newcastle,West Ham,Away,West Ham,Pinnacle,6.49,+300 and longer,0.16015924590880773,0.14828660974072505,0.011872636168082679,0.039433505948162306,1,5.49,True,True
2024/25,2024-11-29,Brighton,Southampton,Away,Southampton,Pinnacle,7.66,+300 and longer,0.1423614613813539,0.1258187721940972,0.01654268918725668,0.09048879418117073,0,-1.0,True,True
2024/25,2024-11-30,Brentford,Leicester,Away,Leicester,Pinnacle,4.98,+300 and longer,0.1770996449334906,0.19348732156349777,-0.016387676630007175,-0.11804376823121676,0,-1.0,False,False
2024/25,2024-11-30,Crystal Palace,Newcastle,Home,Crystal Palace,Pinnacle,3.16,+200 to +299,0.33486861834795784,0.30621375310687654,0.028654865241081295,0.05818483397954677,0,-1.0,True,True
2024/25,2024-11-30,Crystal Palace,Newcastle,Away,Newcastle,Pinnacle,2.31,+100 to +149,0.42646513600120045,0.4188898094449047,0.007575326556295725,-0.01486553583722694,0,-1.0,True,False
2024/25,2024-11-30,Nott'm Forest,Ipswich Town,Away,Ipswich Town,Pinnacle,4.85,+300 and longer,0.16686358078573582,0.19928050036572081,-0.03241691957998499,-0.19071163318918127,0,-1.0,False,False
2024/25,2024-11-30,West Ham,Arsenal,Home,West Ham,Pinnacle,7.07,+300 and longer,0.18178186180815403,0.13646735395189002,0.04531450785626401,0.2851977629836491,0,-1.0,True,True
2024/25,2024-11-30,Wolves,Bournemouth,Home,Wolves,Pinnacle,2.86,+150 to +199,0.3166806017182243,0.33817531961691794,-0.021494717898693616,-0.09429347908587848,0,-1.0,False,False
2024/25,2024-11-30,Wolves,Bournemouth,Away,Bournemouth,Pinnacle,2.46,+100 to +149,0.44349900985356006,0.3931631764651972,0.05033583338836284,0.09100756423975764,1,1.46,True,True
2024/25,2024-12-01,Chelsea,Aston Villa,Away,Aston Villa,Pinnacle,4.6,+300 and longer,0.24729717000359333,0.20939558865654542,0.03790158134704791,0.13756698201652928,0,-1.0,True,True
2024/25,2024-12-01,Liverpool,Man City,Home,Liverpool,Pinnacle,2.08,+100 to +149,0.44326232212194366,0.46492325184764066,-0.021660929725696998,-0.07801436998635713,1,1.08,False,False
2024/25,2024-12-01,Liverpool,Man City,Away,Man City,Pinnacle,3.48,+200 to +299,0.3301104985457843,0.2778851620238772,0.052225336521907084,0.1487845349393293,0,-1.0,True,True
2024/25,2024-12-01,Man United,Everton,Away,Everton,Pinnacle,6.17,+300 and longer,0.25894749123377675,0.1563530274601078,0.10259446377366896,0.5977060209124025,0,-1.0,True,True
2024/25,2024-12-01,Tottenham,Fulham,Away,Fulham,Pinnacle,4.28,+300 and longer,0.2114166159524412,0.22575288029536927,-0.014336264342928062,-0.09513688372355156,0,-1.0,False,False
2024/25,2024-12-03,Ipswich Town,Crystal Palace,Home,Ipswich Town,Pinnacle,3.15,+200 to +299,0.29100240035325214,0.30847580800835733,-0.01747340765510519,-0.08334243888725579,0,-1.0,False,False
2024/25,2024-12-03,Ipswich Town,Crystal Palace,Away,Crystal Palace,Pinnacle,2.39,+100 to +149,0.4738661235022607,0.4065685335675003,0.06729758993476043,0.13254003517040314,1,1.3900000000000001,True,True
2024/25,2024-12-03,Leicester,West Ham,Home,Leicester,Pinnacle,2.95,+150 to +199,0.41083337508306433,0.3299575127595329,0.08087586232353144,0.21195845649503986,1,1.9500000000000002,True,True
2024/25,2024-12-03,Leicester,West Ham,Away,West Ham,Pinnacle,2.52,+150 to +199,0.3561847921314796,0.3862597867621516,-0.030074994630672036,-0.10241432382867144,0,-1.0,False,False
2024/25,2024-12-04,Arsenal,Man United,Away,Man United,Pinnacle,7.03,+300 and longer,0.11954743758542428,0.13714020481209374,-0.017592767226669456,-0.15958151377446728,0,-1.0,False,False
2024/25,2024-12-04,Aston Villa,Brentford,Away,Brentford,Pinnacle,4.44,+300 and longer,0.2999129793350821,0.21728660343805573,0.08262637589702637,0.33161362824776464,0,-1.0,True,True
2024/25,2024-12-04,Everton,Wolves,Home,Everton,Pinnacle,2.16,+100 to +149,0.5407496955184193,0.44803284894726114,0.0927168465711582,0.16801934231978577,1,1.1600000000000001,True,True
2024/25,2024-12-04,Everton,Wolves,Away,Wolves,Pinnacle,3.62,+200 to +299,0.22691476305333103,0.26733451760389065,-0.04041975455055963,-0.1785685577469417,0,-1.0,False,False
2024/25,2024-12-04,Man City,Nott'm Forest,Away,Nott'm Forest,Pinnacle,8.26,+300 and longer,0.122499690940693,0.11627458603175207,0.006225104908940932,0.011847447170124203,0,-1.0,True,True
2024/25,2024-12-04,Newcastle,Liverpool,Home,Newcastle,Pinnacle,4.29,+300 and longer,0.32233329844285935,0.22496102160516737,0.09737227683769198,0.3828098503198667,0,-1.0,True,True
2024/25,2024-12-04,Southampton,Chelsea,Home,Southampton,Pinnacle,8.92,+300 and longer,0.23529168642004603,0.1081390401215541,0.12715264629849193,1.0988018428668105,0,-1.0,True,True
2024/25,2024-12-05,Bournemouth,Tottenham,Home,Bournemouth,Pinnacle,2.67,+150 to +199,0.4127274924806889,0.3620441449762,0.050683347504488885,0.10198240492343946,1,1.67,True,True
2024/25,2024-12-05,Bournemouth,Tottenham,Away,Tottenham,Pinnacle,2.47,+100 to +149,0.36416682436455544,0.39135946035888824,-0.027192635994332803,-0.10050794381954797,0,-1.0,False,False
2024/25,2024-12-05,Fulham,Brighton,Home,Fulham,Pinnacle,2.37,+100 to +149,0.38928543119970044,0.4084301833090502,-0.01914475210934974,-0.07739352805670996,1,1.37,False,False
2024/25,2024-12-05,Fulham,Brighton,Away,Brighton,Pinnacle,2.94,+150 to +199,0.3702891243604466,0.3292447396062752,0.04104438475417138,0.08865002561971291,0,-1.0,True,True
2024/25,2024-12-07,Aston Villa,Southampton,Away,Southampton,Pinnacle,7.77,+300 and longer,0.14625004685354218,0.12361831716670427,0.02263172968683791,0.1363628640520227,0,-1.0,True,True
2024/25,2024-12-07,Brentford,Newcastle,Home,Brentford,Pinnacle,2.88,+150 to +199,0.3993495609897659,0.3357863608659337,0.06356320012383215,0.1501267356505256,1,1.88,True,True
2024/25,2024-12-07,Brentford,Newcastle,Away,Newcastle,Pinnacle,2.38,+100 to +149,0.37307506162745113,0.40632971398902906,-0.03325465236157793,-0.11208135332666636,0,-1.0,False,False
2024/25,2024-12-07,Crystal Palace,Man City,Home,Crystal Palace,Pinnacle,5.38,+300 and longer,0.22378722298582562,0.17895450214266423,0.044832720843161394,0.20397525966374186,0,-1.0,True,True
2024/25,2024-12-07,Man United,Nott'm Forest,Away,Nott'm Forest,Pinnacle,5.18,+300 and longer,0.28732825484732244,0.18648555312535975,0.10084270172196269,0.4883603601091302,1,4.18,True,True
2024/25,2024-12-08,Fulham,Arsenal,Home,Fulham,Pinnacle,5.33,+300 and longer,0.21275177156529443,0.1807346994542698,0.03201707211102464,0.1339669424430192,0,-1.0,True,True
2024/25,2024-12-08,Ipswich Town,Bournemouth,Home,Ipswich Town,Pinnacle,3.68,+200 to +299,0.23099351505329707,0.262496874044847,-0.031503358991549935,-0.14994386460386677,0,-1.0,False,False
2024/25,2024-12-08,Ipswich Town,Bournemouth,Away,Bournemouth,Pinnacle,2.01,+100 to +149,0.5639122115478781,0.4805912917836006,0.08332091976427747,0.1334635452112347,1,1.0099999999999998,True,True
2024/25,2024-12-08,Leicester,Brighton,Home,Leicester,Pinnacle,4.69,+300 and longer,0.27913549651852304,0.20562098641770166,0.07351451010082138,0.30914547867187325,0,-1.0,True,True
2024/25,2024-12-08,Tottenham,Chelsea,Home,Tottenham,Pinnacle,3.23,+200 to +299,0.44508536082882844,0.2991800553628859,0.14590530546594255,0.43762571547711593,0,-1.0,True,True
2024/25,2024-12-08,Tottenham,Chelsea,Away,Chelsea,Pinnacle,2.07,+100 to +149,0.3406314345727902,0.4668365115082712,-0.126205076935481,-0.2948929304343243,1,1.0699999999999998,False,False
2024/25,2024-12-09,West Ham,Wolves,Away,Wolves,Pinnacle,3.76,+200 to +299,0.2431892680082224,0.25658938915039947,-0.013400121142177063,-0.08560835228908381,0,-1.0,False,False
2024/25,2024-12-14,Arsenal,Everton,Away,Everton,Pinnacle,12.95,+300 and longer,0.09340821741839044,0.07417463223757276,0.019233585180817678,0.20963641556815604,0,-1.0,True,True
2024/25,2024-12-14,Liverpool,Fulham,Away,Fulham,Pinnacle,8.88,+300 and longer,0.11154430723373863,0.10872553511815147,0.002818772115587162,-0.00948655176440083,0,-1.0,True,False
2024/25,2024-12-14,Newcastle,Leicester,Away,Leicester,Pinnacle,8.95,+300 and longer,0.13347499446407624,0.10670848104717753,0.026766513416898702,0.19460120045348228,0,-1.0,True,True
2024/25,2024-12-14,Nott'm Forest,Aston Villa,Home,Nott'm Forest,Pinnacle,2.67,+150 to +199,0.393634777354608,0.36266940355951577,0.030965373795092233,0.05100485553680323,1,1.67,True,True
2024/25,2024-12-14,Nott'm Forest,Aston Villa,Away,Aston Villa,Pinnacle,2.76,+150 to +199,0.3530301783822193,0.3508432273564881,0.0021869510257311875,-0.025636707665074865,0,-1.0,True,False
2024/25,2024-12-14,Wolves,Ipswich Town,Away,Ipswich Town,Pinnacle,3.93,+200 to +299,0.22814864150083475,0.24614132172296616,-0.017992680222131407,-0.10337583890171942,1,2.93,False,False
2024/25,2024-12-15,Brighton,Crystal Palace,Away,Crystal Palace,Pinnacle,3.97,+200 to +299,0.2392988621498602,0.2433066796588242,-0.004007817508963979,-0.0499835172650549,1,2.97,False,False
2024/25,2024-12-15,Chelsea,Brentford,Away,Brentford,Pinnacle,8.44,+300 and longer,0.22531347672602162,0.11440461684796903,0.11090885987805259,0.9016457435676224,0,-1.0,True,True
2024/25,2024-12-15,Man City,Man United,Away,Man United,Pinnacle,5.07,+300 and longer,0.11762148422935477,0.19014759440291354,-0.07252611017355877,-0.40365907495717124,1,4.07,False,False
2024/25,2024-12-15,Southampton,Tottenham,Home,Southampton,Pinnacle,4.47,+300 and longer,0.23330361883865444,0.21569848228006078,0.017605136558593665,0.04286717620878533,0,-1.0,True,True
2024/25,2024-12-16,Bournemouth,West Ham,Away,West Ham,Pinnacle,4.49,+300 and longer,0.2055079093197005,0.21450079586442558,-0.008992886544725076,-0.07726948715454474,0,-1.0,False,False
2024/25,2024-12-21,Aston Villa,Man City,Home,Aston Villa,Pinnacle,3.3,+200 to +299,0.2716135244641932,0.293017240133528,-0.0214037156693348,-0.10367536926816256,1,2.3,False,False
2024/25,2024-12-21,Aston Villa,Man City,Away,Man City,Pinnacle,2.14,+100 to +149,0.504483565032131,0.45184901515917864,0.05263454987295235,0.07959482916876048,0,-1.0,True,True
2024/25,2024-12-21,Brentford,Nott'm Forest,Home,Brentford,Pinnacle,2.39,+100 to +149,0.4774050696482771,0.40530751231761375,0.07209755733066336,0.14099811645938232,0,-1.0,True,True
2024/25,2024-12-21,Brentford,Nott'm Forest,Away,Nott'm Forest,Pinnacle,3.07,+200 to +299,0.27604213425485596,0.3155325584492173,-0.03949042419436133,-0.1525506478375922,1,2.07,False,False
2024/25,2024-12-21,Crystal Palace,Arsenal,Home,Crystal Palace,Pinnacle,6.75,+300 and longer,0.2135805897195491,0.14281997050993786,0.07076061920961124,0.4416689806069565,0,-1.0,True,True
2024/25,2024-12-21,Ipswich Town,Newcastle,Home,Ipswich Town,Pinnacle,4.69,+300 and longer,0.1783073194169842,0.20567375886524822,-0.02736643944826403,-0.1637386719343441,0,-1.0,False,False
2024/25,2024-12-21,West Ham,Brighton,Home,West Ham,Pinnacle,2.8,+150 to +199,0.34109468848588026,0.3456743426596211,-0.004579654173740844,-0.044934872239535295,0,-1.0,False,False
2024/25,2024-12-21,West Ham,Brighton,Away,Brighton,Pinnacle,2.41,+100 to +149,0.42924901042595076,0.40161334416885436,0.027635666257096403,0.03449011512654132,0,-1.0,True,True
2024/25,2024-12-22,Everton,Chelsea,Home,Everton,Pinnacle,5.48,+300 and longer,0.31123499933898807,0.1760155347958434,0.13521946454314468,0.7055677963776548,0,-1.0,True,True
2024/25,2024-12-22,Fulham,Southampton,Away,Southampton,Pinnacle,7.35,+300 and longer,0.1744680992307001,0.13108521305087095,0.04338288617982916,0.2823405293456458,0,-1.0,True,True
2024/25,2024-12-22,Leicester,Wolves,Home,Leicester,Pinnacle,2.63,+150 to +199,0.4542447398418832,0.36819120276918593,0.08605353707269725,0.19466366578415273,0,-1.0,True,True
2024/25,2024-12-22,Leicester,Wolves,Away,Wolves,Pinnacle,2.68,+150 to +199,0.30187497418655085,0.3613219639115518,-0.059446989725000954,-0.1909750691800437,1,1.6800000000000002,False,False
2024/25,2024-12-22,Man United,Bournemouth,Away,Bournemouth,Pinnacle,4.16,+300 and longer,0.3308490549010084,0.23193813436442726,0.09891092053658115,0.376332068388195,1,3.16,True,True
2024/25,2024-12-22,Tottenham,Liverpool,Home,Tottenham,Pinnacle,4.47,+300 and longer,0.30951238459820013,0.21566047047211714,0.09385191412608299,0.38352035915395444,0,-1.0,True,True
2024/25,2024-12-26,Bournemouth,Crystal Palace,Away,Crystal Palace,Pinnacle,3.94,+200 to +299,0.27207145311660835,0.245371077282595,0.026700375834013357,0.071961525279437,0,-1.0,True,True
2024/25,2024-12-26,Chelsea,Fulham,Away,Fulham,Pinnacle,6.32,+300 and longer,0.2018820288339981,0.15224416965099014,0.049637859183007976,0.27589442223086813,1,5.32,True,True
2024/25,2024-12-26,Liverpool,Leicester,Away,Leicester,Pinnacle,24.96,+300 and longer,0.05468440530229328,0.038588316934744356,0.016096088367548923,0.3649227563452402,0,-1.0,True,True
2024/25,2024-12-26,Man City,Everton,Away,Everton,Pinnacle,8.52,+300 and longer,0.11338061532640735,0.11305669178644946,0.0003239235399578877,-0.03399715741900944,0,-1.0,True,False
2024/25,2024-12-26,Newcastle,Aston Villa,Away,Aston Villa,Pinnacle,3.69,+200 to +299,0.24803995697028255,0.2617820027390639,-0.013742045768781325,-0.08473255877965735,0,-1.0,False,False
2024/25,2024-12-26,Nott'm Forest,Tottenham,Home,Nott'm Forest,Pinnacle,2.37,+100 to +149,0.38492132318455613,0.408524898846684,-0.023603575662127896,-0.08773646405260194,1,1.37,False,False
2024/25,2024-12-26,Nott'm Forest,Tottenham,Away,Tottenham,Pinnacle,2.87,+150 to +199,0.3732723028587298,0.3373533136817565,0.03591898917697334,0.07129150920455452,0,-1.0,True,True
2024/25,2024-12-26,Southampton,West Ham,Home,Southampton,Pinnacle,3.28,+200 to +299,0.3486995052767049,0.2949643470758703,0.053735158200834576,0.1437343773075921,0,-1.0,True,True
2024/25,2024-12-26,Southampton,West Ham,Away,West Ham,Pinnacle,2.21,+100 to +149,0.41839112890154523,0.4377751395515179,-0.019384010649972694,-0.0753556051275851,1,1.21,False,False
2024/25,2024-12-26,Wolves,Man United,Home,Wolves,Pinnacle,3.95,+200 to +299,0.3086193136426157,0.24436540974551718,0.06425390389709851,0.219046288888332,1,2.95,True,True
2024/25,2024-12-27,Arsenal,Ipswich Town,Away,Ipswich Town,Pinnacle,20.05,+300 and longer,0.03471135979985671,0.048198915699634776,-0.013487555899778063,-0.3040372360128729,0,-1.0,False,False
2024/25,2024-12-27,Brighton,Brentford,Away,Brentford,Pinnacle,4.96,+300 and longer,0.27339576458122894,0.19543077924532265,0.07796498533590629,0.3560429923228956,0,-1.0,True,True
2024/25,2024-12-29,Crystal Palace,Southampton,Away,Southampton,Pinnacle,5.4,+300 and longer,0.16882159840433725,0.17856540262369766,-0.009743804219360414,-0.08836336861657879,0,-1.0,False,False
2024/25,2024-12-29,Everton,Nott'm Forest,Home,Everton,Pinnacle,2.69,+150 to +199,0.39496869815036384,0.35972002922253915,0.03524866892782469,0.062465798024478714,0,-1.0,True,True
2024/25,2024-12-29,Everton,Nott'm Forest,Away,Nott'm Forest,Pinnacle,2.88,+150 to +199,0.3334638808034732,0.3359884995168855,-0.002524618713412252,-0.03962402328599712,1,1.88,False,False
2024/25,2024-12-29,Fulham,Bournemouth,Home,Fulham,Pinnacle,2.37,+100 to +149,0.41028387042513587,0.4081354236536647,0.002148446771471191,-0.02762722709242793,0,-1.0,True,False
2024/25,2024-12-29,Fulham,Bournemouth,Away,Bournemouth,Pinnacle,3.0,+200 to +299,0.34888892604397476,0.32242698468639513,0.02646194135757962,0.046666778131924325,0,-1.0,True,True
2024/25,2024-12-29,Leicester,Man City,Home,Leicester,Pinnacle,8.42,+300 and longer,0.141049497666749,0.11418202771682509,0.026867469949923922,0.1876367703540267,0,-1.0,True,True
2024/25,2024-12-29,Tottenham,Wolves,Away,Wolves,Pinnacle,4.57,+300 and longer,0.14857415547970976,0.21121846554995766,-0.0626443100702479,-0.3210161094577264,0,-1.0,False,False
2024/25,2024-12-29,West Ham,Liverpool,Home,West Ham,Pinnacle,7.32,+300 and longer,0.16867470971719412,0.13159006421088204,0.037084645506312075,0.23469887512986087,0,-1.0,True,True
2024/25,2024-12-30,Aston Villa,Brighton,Away,Brighton,Pinnacle,3.62,+200 to +299,0.3184878182691991,0.2670279248701908,0.051459893399008305,0.15292590213450064,0,-1.0,True,True
2024/25,2024-12-30,Ipswich Town,Chelsea,Home,Ipswich Town,Pinnacle,7.1,+300 and longer,0.17105428102119458,0.13577023498694518,0.035284046034249394,0.2144853952504815,1,6.1,True,True
2024/25,2024-12-30,Man United,Newcastle,Home,Man United,Pinnacle,2.72,+150 to +199,0.35714117023233694,0.3558723196881092,0.001268850544227762,-0.02857601696804346,0,-1.0,True,False
2024/25,2024-12-30,Man United,Newcastle,Away,Newcastle,Pinnacle,2.54,+150 to +199,0.41828597179783844,0.3810916179337232,0.03719435386411524,0.06244636836650974,1,1.54,True,True
2024/25,2025-01-01,Brentford,Arsenal,Home,Brentford,Pinnacle,6.98,+300 and longer,0.2236474355063236,0.13768332370087932,0.08596411180544428,0.5610590998341389,0,-1.0,True,True
2024/25,2025-01-04,Aston Villa,Leicester,Away,Leicester,Pinnacle,9.41,+300 and longer,0.1670901614120422,0.10206969168503834,0.06502046972700386,0.5723184188873172,0,-1.0,True,True
2024/25,2025-01-04,Bournemouth,Everton,Away,Everton,Pinnacle,4.82,+300 and longer,0.22184398599342672,0.20052045938746385,0.021323526605962873,0.06928801248831684,0,-1.0,True,True
2024/25,2025-01-04,Brighton,Arsenal,Home,Brighton,Pinnacle,4.62,+300 and longer,0.24111450411121715,0.20889429340745244,0.03222021070376471,0.11394900899382332,0,-1.0,True,True
2024/25,2025-01-04,Crystal Palace,Chelsea,Home,Crystal Palace,Pinnacle,3.69,+200 to +299,0.3627462813236142,0.26165826750894844,0.10108801381466576,0.3385337780841364,0,-1.0,True,True
2024/25,2025-01-04,Man City,West Ham,Away,West Ham,Pinnacle,8.2,+300 and longer,0.09277370393573814,0.11776659354853078,-0.02499288961279264,-0.2392556277269473,0,-1.0,False,False
2024/25,2025-01-04,Southampton,Brentford,Home,Southampton,Pinnacle,2.95,+150 to +199,0.2711979889522006,0.32832167699482767,-0.057123688042627074,-0.19996593259100814,0,-1.0,False,False
2024/25,2025-01-04,Southampton,Brentford,Away,Brentford,Pinnacle,2.41,+100 to +149,0.4997317539558556,0.401887529931428,0.0978442240244276,0.2043535270336121,1,1.4100000000000001,True,True
2024/25,2025-01-04,Tottenham,Newcastle,Home,Tottenham,Pinnacle,2.97,+150 to +199,0.41533306334241044,0.3258002949596599,0.08953276838275054,0.233539198126959,0,-1.0,True,True
2024/25,2025-01-04,Tottenham,Newcastle,Away,Newcastle,Pinnacle,2.22,+100 to +149,0.3666150143329874,0.4358679621757612,-0.0692529478427738,-0.18611466818076794,1,1.2200000000000002,False,False
2024/25,2025-01-05,Fulham,Ipswich Town,Away,Ipswich Town,Pinnacle,5.71,+300 and longer,0.16091077959126016,0.1683352769538225,-0.007424497362562343,-0.08119944853390448,0,-1.0,False,False
2024/25,2025-01-05,Liverpool,Man United,Away,Man United,Pinnacle,9.37,+300 and longer,0.11655653229600269,0.10214896369214739,0.014407568603855295,0.09213470761354503,0,-1.0,True,True
2024/25,2025-01-06,Wolves,Nott'm Forest,Home,Wolves,Pinnacle,3.44,+200 to +299,0.3058056352955686,0.28109623829427016,0.024709397001298428,0.05197138541675583,0,-1.0,True,True
2024/25,2025-01-06,Wolves,Nott'm Forest,Away,Nott'm Forest,Pinnacle,2.31,+100 to +149,0.4210253386635087,0.4186021903602984,0.002423148303210332,-0.027431467687294875,1,1.31,True,False
2024/25,2025-01-14,Brentford,Man City,Home,Brentford,Pinnacle,4.9,+300 and longer,0.2827989982833443,0.19824519800806256,0.08455380027528175,0.38571509158838735,0,-1.0,True,True
2024/25,2025-01-14,Chelsea,Bournemouth,Away,Bournemouth,Pinnacle,6.17,+300 and longer,0.2618351780066404,0.15729985496276816,0.10453532304387225,0.6155230483009713,0,-1.0,True,True
2024/25,2025-01-14,Nott'm Forest,Liverpool,Home,Nott'm Forest,Pinnacle,5.28,+300 and longer,0.2266303822888777,0.18364518364518365,0.042985198643694045,0.19660841848527433,0,-1.0,True,True
2024/25,2025-01-14,West Ham,Fulham,Home,West Ham,Pinnacle,3.03,+200 to +299,0.3960188338014021,0.32121355878598934,0.07480527501541279,0.19993706641824827,1,2.03,True,True
2024/25,2025-01-14,West Ham,Fulham,Away,Fulham,Pinnacle,2.41,+100 to +149,0.3633354348157154,0.40384941208362973,-0.040513977267914336,-0.12436160209412583,0,-1.0,False,False
2024/25,2025-01-15,Arsenal,Tottenham,Away,Tottenham,Pinnacle,6.88,+300 and longer,0.14388282347761805,0.13973969068450107,0.004143132793116983,-0.010086174473987852,0,-1.0,True,False
2024/25,2025-01-15,Everton,Aston Villa,Home,Everton,Pinnacle,3.26,+200 to +299,0.3504381673937261,0.29706645167669365,0.05337171571703242,0.14242842570354686,0,-1.0,True,True
2024/25,2025-01-15,Everton,Aston Villa,Away,Aston Villa,Pinnacle,2.36,+100 to +149,0.4019555872336602,0.41035450528221246,-0.00839891804855225,-0.051384814128561995,1,1.3599999999999999,False,False
2024/25,2025-01-15,Leicester,Crystal Palace,Home,Leicester,Pinnacle,4.01,+300 and longer,0.3136091413387022,0.24130053834413456,0.07230860299456765,0.25757265676819574,0,-1.0,True,True
2024/25,2025-01-15,Newcastle,Wolves,Away,Wolves,Pinnacle,7.91,+300 and longer,0.11589576898404559,0.12200135577936176,-0.00610558679531617,-0.08326446733619941,0,-1.0,False,False
2024/25,2025-01-16,Ipswich Town,Brighton,Home,Ipswich Town,Pinnacle,3.84,+200 to +299,0.22247943796770578,0.2515687393040502,-0.029089301336344436,-0.1456789582040099,0,-1.0,False,False
2024/25,2025-01-16,Man United,Southampton,Away,Southampton,Pinnacle,9.23,+300 and longer,0.14097953195018811,0.10425500999132176,0.03672452195886636,0.3012410799002363,0,-1.0,True,True
2024/25,2025-01-18,Arsenal,Aston Villa,Away,Aston Villa,Pinnacle,6.38,+300 and longer,0.13602492323380755,0.15105889322209606,-0.015033969988288515,-0.1321609897683078,0,-1.0,False,False
2024/25,2025-01-18,Brentford,Liverpool,Home,Brentford,Pinnacle,6.49,+300 and longer,0.24460700855097114,0.14801444043321296,0.09659256811775818,0.5874994854958029,0,-1.0,True,True
2024/25,2025-01-18,Leicester,Fulham,Home,Leicester,Pinnacle,4.38,+300 and longer,0.3262414964012026,0.22025975157715205,0.10598174482405054,0.4289377542372672,0,-1.0,True,True
2024/25,2025-01-18,Newcastle,Bournemouth,Away,Bournemouth,Pinnacle,4.99,+300 and longer,0.23662567551646133,0.19317447485041112,0.04345120066605021,0.18076212082714216,1,3.99,True,True
2024/25,2025-01-18,West Ham,Crystal Palace,Home,West Ham,Pinnacle,2.65,+150 to +199,0.36954415269778285,0.3648578010957737,0.004686351602009142,-0.02070799535087553,0,-1.0,True,False
2024/25,2025-01-18,West Ham,Crystal Palace,Away,Crystal Palace,Pinnacle,2.7,+150 to +199,0.3850657078540902,0.35810117514955564,0.026964532704534583,0.03967741120604362,1,1.7000000000000002,True,True
2024/25,2025-01-19,Everton,Tottenham,Home,Everton,Pinnacle,2.97,+150 to +199,0.3336489218760764,0.32592541388725677,0.007723507988819656,-0.009062702028052927,1,1.9700000000000002,True,False
2024/25,2025-01-19,Everton,Tottenham,Away,Tottenham,Pinnacle,2.46,+100 to +149,0.43301597986557566,0.3934953167663222,0.03952066309925345,0.06521931046931617,0,-1.0,True,True
2024/25,2025-01-19,Ipswich Town,Man City,Home,Ipswich Town,Pinnacle,7.76,+300 and longer,0.11034107300893004,0.12387610256410257,-0.013535029555172537,-0.143753273450703,0,-1.0,False,False
2024/25,2025-01-19,Man United,Brighton,Home,Man United,Pinnacle,2.11,+100 to +149,0.41244601607635895,0.45827401848113336,-0.045828002404774415,-0.12973890607888272,0,-1.0,False,False
2024/25,2025-01-19,Man United,Brighton,Away,Brighton,Pinnacle,3.39,+200 to +299,0.354984944209094,0.2852384008835373,0.06974654332555669,0.2033989608688287,1,2.39,True,True
2024/25,2025-01-19,Nott'm Forest,Southampton,Away,Southampton,Pinnacle,8.27,+300 and longer,0.15545263208156598,0.11644104242457028,0.03901158965699571,0.2855932673145507,0,-1.0,True,True
2024/25,2025-01-20,Chelsea,Wolves,Away,Wolves,Pinnacle,7.16,+300 and longer,0.13386605555468684,0.13428670130349868,-0.00042064574881184313,-0.04151904222844227,0,-1.0,False,False
2024/25,2025-01-25,Bournemouth,Nott'm Forest,Home,Bournemouth,Pinnacle,2.11,+100 to +149,0.4990647121613227,0.45832360914133896,0.04074110301998374,0.05302654266039086,1,1.1099999999999999,True,True
2024/25,2025-01-25,Bournemouth,Nott'm Forest,Away,Nott'm Forest,Pinnacle,3.45,+200 to +299,0.2633770315899022,0.2803080624023841,-0.016931030812481873,-0.09134924101483732,0,-1.0,False,False
2024/25,2025-01-25,Brighton,Everton,Away,Everton,Pinnacle,5.5,+300 and longer,0.22133061487874672,0.17513622976967508,0.046194385109071645,0.21731838183310703,1,4.5,True,True
2024/25,2025-01-25,Liverpool,Ipswich Town,Away,Ipswich Town,Pinnacle,21.77,+300 and longer,0.035304187533092134,0.0441624426187218,-0.008858255085629665,-0.23142783740458428,0,-1.0,False,False
2024/25,2025-01-25,Man City,Chelsea,Home,Man City,Pinnacle,2.03,+100 to +149,0.590219619795497,0.47607730921260033,0.11414231058289664,0.1981458281848587,1,1.0299999999999998,True,True
2024/25,2025-01-25,Man City,Chelsea,Away,Chelsea,Pinnacle,3.36,+200 to +299,0.21576321999984052,0.2876300409826127,-0.07186682098277217,-0.2750355808005359,0,-1.0,False,False
2024/25,2025-01-25,Southampton,Newcastle,Home,Southampton,Pinnacle,7.05,+300 and longer,0.16511695766644902,0.13645496636673365,0.02866199129971536,0.16407455154846562,0,-1.0,True,True
2024/25,2025-01-25,Wolves,Arsenal,Home,Wolves,Pinnacle,6.86,+300 and longer,0.1254315529808613,0.14056939501779359,-0.015137842036932275,-0.13953954655129142,0,-1.0,False,False
2024/25,2025-01-26,Aston Villa,West Ham,Away,West Ham,Pinnacle,5.99,+300 and longer,0.20253025789852863,0.16109375036410964,0.04143650753441899,0.21315624481218665,0,-1.0,True,True
2024/25,2025-01-26,Crystal Palace,Brentford,Home,Crystal Palace,Pinnacle,2.06,+100 to +149,0.426597706280754,0.4693573235713983,-0.042759617290644314,-0.1212087250616467,0,-1.0,False,False
2024/25,2025-01-26,Crystal Palace,Brentford,Away,Brentford,Pinnacle,3.59,+200 to +299,0.3291287578766903,0.2693248151969584,0.059803942679731936,0.18157224077731815,1,2.59,True,True
2024/25,2025-01-26,Fulham,Man United,Home,Fulham,Pinnacle,2.32,+100 to +149,0.448218588268161,0.4173228346456693,0.030895753622491695,0.03986712478213339,0,-1.0,True,True
2024/25,2025-01-26,Fulham,Man United,Away,Man United,Pinnacle,3.18,+200 to +299,0.3170815484703365,0.30446194225721784,0.01261960621311864,0.008319324135670048,1,2.18,True,True
2024/25,2025-01-26,Tottenham,Leicester,Away,Leicester,Pinnacle,5.94,+300 and longer,0.15314291831865856,0.16195280352982003,-0.008809885211161467,-0.09033106518716805,1,4.94,False,False
2024/25,2025-02-01,Bournemouth,Liverpool,Home,Bournemouth,Pinnacle,4.68,+300 and longer,0.25808019322993114,0.20569459925017736,0.052385593979753786,0.20781530431607775,0,-1.0,True,True
2024/25,2025-02-01,Everton,Leicester,Away,Leicester,Pinnacle,4.73,+300 and longer,0.2422484017396888,0.20443049759915502,0.03781790414053379,0.14583494022872823,0,-1.0,True,True
2024/25,2025-02-01,Ipswich Town,Southampton,Home,Ipswich Town,Pinnacle,2.0,+100 to +149,0.4684208894298826,0.4835159530820099,-0.015095063652127316,-0.06315822114023484,0,-1.0,False,False
2024/25,2025-02-01,Ipswich Town,Southampton,Away,Southampton,Pinnacle,3.78,+200 to +299,0.3041339629001946,0.2558285466042381,0.04830541629595653,0.14962637976273552,1,2.78,True,True
2024/25,2025-02-01,Newcastle,Fulham,Away,Fulham,Pinnacle,4.74,+300 and longer,0.21485506854378272,0.2033819422897921,0.011473126253990634,0.01841302489753005,1,3.74,True,True
2024/25,2025-02-01,Nott'm Forest,Brighton,Home,Nott'm Forest,Pinnacle,2.46,+100 to +149,0.3805474641653198,0.39370952324282404,-0.013162059077504229,-0.06385323815331323,1,1.46,False,False
2024/25,2025-02-01,Nott'm Forest,Brighton,Away,Brighton,Pinnacle,2.99,+150 to +199,0.36143709409422936,0.3239215475509522,0.037515546543277156,0.08069691134174595,0,-1.0,True,True
2024/25,2025-02-01,Wolves,Aston Villa,Home,Wolves,Pinnacle,3.43,+200 to +299,0.2806000305182468,0.28215682765320993,-0.0015567971349631504,-0.03754189532241348,1,2.43,False,False
2024/25,2025-02-01,Wolves,Aston Villa,Away,Aston Villa,Pinnacle,2.17,+100 to +149,0.4759320600706604,0.44598982435507384,0.029942235715586574,0.03277257035333303,0,-1.0,True,True
2024/25,2025-02-02,Arsenal,Man City,Away,Man City,Pinnacle,3.85,+200 to +299,0.2603836179210229,0.24658329784350919,0.013800320077513695,0.002476928995938099,0,-1.0,True,True
2024/25,2025-02-02,Brentford,Tottenham,Home,Brentford,Pinnacle,2.12,+100 to +149,0.4462451241081299,0.44882018627071735,-0.0025750621625874603,-0.053960336890764626,0,-1.0,False,False
2024/25,2025-02-02,Brentford,Tottenham,Away,Tottenham,Pinnacle,3.11,+200 to +299,0.3367541462026968,0.3059481655607463,0.030805980641950503,0.04730539469038697,1,2.11,True,True
2024/25,2025-02-02,Man United,Crystal Palace,Away,Crystal Palace,Pinnacle,3.83,+200 to +299,0.3122083112630592,0.2480303514319659,0.06417795983109331,0.19575783213751685,1,2.83,True,True
2024/25,2025-02-03,Chelsea,West Ham,Away,West Ham,Pinnacle,7.51,+300 and longer,0.16057248277969047,0.1283591607678082,0.03221332201188226,0.2058993456754754,0,-1.0,True,True
2024/25,2025-02-12,Everton,Liverpool,Home,Everton,Pinnacle,7.36,+300 and longer,0.18037009641244622,0.1310291861613616,0.04934091025108461,0.3275239095956042,0,-1.0,True,True
2024/25,2025-02-14,Brighton,Chelsea,Home,Brighton,Pinnacle,2.92,+150 to +199,0.39829532922748134,0.33315053468604333,0.06514479454143801,0.16302236134424541,1,1.92,True,True
2024/25,2025-02-14,Brighton,Chelsea,Away,Chelsea,Pinnacle,2.43,+100 to +149,0.3759774830418031,0.400329037565122,-0.024351554523318886,-0.08637471620841841,0,-1.0,False,False
2024/25,2025-02-15,Aston Villa,Ipswich Town,Away,Ipswich Town,Pinnacle,7.6,+300 and longer,0.13750794840303585,0.12651797619856217,0.010989972204473675,0.045060407863072305,0,-1.0,True,True
2024/25,2025-02-15,Crystal Palace,Everton,Away,Everton,Pinnacle,5.17,+300 and longer,0.26802167023189766,0.18637901131363735,0.08164265891826031,0.3856720350989109,1,4.17,True,True
2024/25,2025-02-15,Fulham,Nott'm Forest,Home,Fulham,Pinnacle,2.23,+100 to +149,0.4325593311576489,0.4343266392881081,-0.001767308130459222,-0.03539269151844304,1,1.23,False,False
2024/25,2025-02-15,Fulham,Nott'm Forest,Away,Nott'm Forest,Pinnacle,3.47,+200 to +299,0.30749331705569727,0.27912057798630574,0.028372739069391528,0.06700181018326967,0,-1.0,True,True
2024/25,2025-02-15,Leicester,Arsenal,Home,Leicester,Pinnacle,9.47,+300 and longer,0.11763729282975337,0.10189113355780023,0.015746159271953136,0.11402516309776445,0,-1.0,True,True
2024/25,2025-02-15,Man City,Newcastle,Away,Newcastle,Pinnacle,3.49,+200 to +299,0.22617339409764714,0.27723335479234157,-0.05105996069469443,-0.2106548545992114,0,-1.0,False,False
2024/25,2025-02-15,Southampton,Bournemouth,Home,Southampton,Pinnacle,6.01,+300 and longer,0.19935251696498638,0.16009168805224044,0.03926082891274593,0.198108626959568,0,-1.0,True,True
2024/25,2025-02-15,West Ham,Brentford,Home,West Ham,Pinnacle,2.43,+100 to +149,0.3481758967405841,0.3978288464088816,-0.04965294966829753,-0.1539325709203806,0,-1.0,False,False
2024/25,2025-02-15,West Ham,Brentford,Away,Brentford,Pinnacle,2.83,+150 to +199,0.4228227905119714,0.3415986207680503,0.0812241697439211,0.19658849714887916,1,1.83,True,True
2024/25,2025-02-16,Liverpool,Wolves,Away,Wolves,Pinnacle,12.7,+300 and longer,0.06541340603451212,0.07565852571916515,-0.010245119684653026,-0.16924974336169607,0,-1.0,False,False
2024/25,2025-02-16,Tottenham,Man United,Home,Tottenham,Pinnacle,2.46,+100 to +149,0.5269689507354198,0.39343376342633246,0.13353518730908737,0.29634361880913285,1,1.46,True,True
2024/25,2025-02-16,Tottenham,Man United,Away,Man United,Pinnacle,2.73,+150 to +199,0.2646461240575305,0.35452273187867317,-0.08987660782114265,-0.2775160813229417,0,-1.0,False,False
2024/25,2025-02-19,Aston Villa,Liverpool,Home,Aston Villa,Pinnacle,4.02,+300 and longer,0.2474767062755729,0.24062419503073593,0.006852511244836962,-0.005143640772197089,0,-1.0,True,False
2024/25,2025-02-21,Leicester,Brentford,Home,Leicester,Pinnacle,3.79,+200 to +299,0.2723018245115091,0.2562009577417458,0.0161008667697633,0.03202391489861944,0,-1.0,True,True
2024/25,2025-02-22,Arsenal,West Ham,Away,West Ham,Pinnacle,11.04,+300 and longer,0.08046840188632809,0.0865678983579607,-0.006099496471632604,-0.11162884317493793,1,10.04,False,False
2024/25,2025-02-22,Aston Villa,Chelsea,Home,Aston Villa,Pinnacle,2.62,+150 to +199,0.3982595304019803,0.36919093263071817,0.02906859777126214,0.043439969653188415,1,1.62,True,True
2024/25,2025-02-22,Aston Villa,Chelsea,Away,Chelsea,Pinnacle,2.58,+150 to +199,0.37447157745380666,0.3749148230591014,-0.0004432456052947398,-0.03386333016917875,0,-1.0,False,False
2024/25,2025-02-22,Bournemouth,Wolves,Away,Wolves,Pinnacle,5.58,+300 and longer,0.1681956413863203,0.17275174908589874,-0.004556107699578454,-0.061468321064332754,1,4.58,False,False
2024/25,2025-02-22,Everton,Man United,Home,Everton,Pinnacle,2.58,+150 to +199,0.40956738138101867,0.3753002277051686,0.03426715367585009,0.05668384396302817,0,-1.0,True,True
2024/25,2025-02-22,Everton,Man United,Away,Man United,Pinnacle,2.98,+150 to +199,0.3457494407409457,0.32492435821454196,0.02082508252640375,0.030333333408018248,0,-1.0,True,True
2024/25,2025-02-22,Fulham,Crystal Palace,Home,Fulham,Pinnacle,2.04,+100 to +149,0.4359426891968373,0.4737550471063257,-0.03781235790948839,-0.11067691403845181,0,-1.0,False,False
2024/25,2025-02-22,Fulham,Crystal Palace,Away,Crystal Palace,Pinnacle,3.84,+200 to +299,0.30619905691390426,0.25168236877523553,0.05451668813866872,0.17580437854939235,1,2.84,True,True
2024/25,2025-02-22,Ipswich Town,Tottenham,Home,Ipswich Town,Pinnacle,3.92,+200 to +299,0.21193500651219643,0.24606462303231152,-0.03412961652011509,-0.16921477447219002,0,-1.0,False,False
2024/25,2025-02-22,Southampton,Brighton,Home,Southampton,Pinnacle,5.56,+300 and longer,0.2069016620138544,0.17334704751133984,0.03355461450251457,0.1503732407970304,0,-1.0,True,True
2024/25,2025-02-23,Man City,Liverpool,Home,Man City,Pinnacle,2.95,+150 to +199,0.42011469087424885,0.328042792323414,0.09207189855083486,0.23933833807903415,0,-1.0,True,True
2024/25,2025-02-23,Man City,Liverpool,Away,Liverpool,Pinnacle,2.26,+100 to +149,0.35295108789818835,0.4281974501566687,-0.07524636225848036,-0.20233054135009443,1,1.2599999999999998,False,False
2024/25,2025-02-23,Newcastle,Nott'm Forest,Away,Nott'm Forest,Pinnacle,4.1,+300 and longer,0.22164827217657787,0.23553627128980822,-0.013887999113230354,-0.09124208407603085,0,-1.0,False,False
2024/25,2025-02-25,Brighton,Bournemouth,Home,Brighton,Pinnacle,2.06,+100 to +149,0.4703985990907915,0.47169194151175814,-0.0012933424209666255,-0.030978885872969486,1,1.06,False,False
2024/25,2025-02-25,Brighton,Bournemouth,Away,Bournemouth,Pinnacle,3.53,+200 to +299,0.30345928781699855,0.27526498569807983,0.028194302118918713,0.07121128599400484,0,-1.0,True,True
2024/25,2025-02-25,Chelsea,Southampton,Away,Southampton,Pinnacle,14.66,+300 and longer,0.076712853981773,0.06594456833386428,0.010768285647908715,0.12461043937279204,0,-1.0,True,True
2024/25,2025-02-25,Crystal Palace,Aston Villa,Home,Crystal Palace,Pinnacle,2.57,+150 to +199,0.42647379311416345,0.3786824007202927,0.04779139239387076,0.0960376483034,1,1.5699999999999998,True,True
2024/25,2025-02-25,Crystal Palace,Aston Villa,Away,Aston Villa,Pinnacle,2.89,+150 to +199,0.32693515292354636,0.3367521694986686,-0.00981701657512224,-0.05515740805095104,0,-1.0,False,False
2024/25,2025-02-25,Wolves,Fulham,Home,Wolves,Pinnacle,2.74,+150 to +199,0.32531064801713916,0.3551797040169133,-0.02986905599977413,-0.10864882443303858,0,-1.0,False,False
2024/25,2025-02-25,Wolves,Fulham,Away,Fulham,Pinnacle,2.74,+150 to +199,0.41322666988127743,0.3551797040169133,0.05804696586436414,0.13224107547470032,1,1.7400000000000002,True,True
2024/25,2025-02-26,Brentford,Everton,Home,Brentford,Pinnacle,2.03,+100 to +149,0.5225586945849005,0.47641152182942037,0.04614717275548008,0.06079415000734789,0,-1.0,True,True
2024/25,2025-02-26,Brentford,Everton,Away,Everton,Pinnacle,3.64,+200 to +299,0.2477096617193639,0.2656910410202536,-0.017981379300889694,-0.09833683134151538,0,-1.0,False,False
2024/25,2025-02-26,Liverpool,Newcastle,Away,Newcastle,Pinnacle,5.67,+300 and longer,0.18502284249238177,0.17028380634390652,0.014739036148475243,0.04907951693180457,0,-1.0,True,True
2024/25,2025-02-26,Man United,Ipswich Town,Away,Ipswich Town,Pinnacle,5.8,+300 and longer,0.1536162966219649,0.16590561758266148,-0.01228932096069657,-0.10902547959260356,0,-1.0,False,False
2024/25,2025-02-26,Nott'm Forest,Arsenal,Home,Nott'm Forest,Pinnacle,4.02,+300 and longer,0.20735042946654178,0.2400730024849716,-0.03272257301842982,-0.16645127354450218,0,-1.0,False,False
2024/25,2025-02-26,Tottenham,Man City,Home,Tottenham,Pinnacle,3.23,+200 to +299,0.28678005906925913,0.2995178009211641,-0.01273774185190496,-0.07370040920629306,0,-1.0,False,False
2024/25,2025-02-26,Tottenham,Man City,Away,Man City,Pinnacle,2.07,+100 to +149,0.49598017303551994,0.46736352510886964,0.028616647926650307,0.02667895818352628,1,1.0699999999999998,True,True
2024/25,2025-02-27,West Ham,Leicester,Away,Leicester,Pinnacle,5.34,+300 and longer,0.24394766816886826,0.1803594942165008,0.06358817395236746,0.3026805480217565,0,-1.0,True,True
2024/25,2025-03-08,Brentford,Aston Villa,Home,Brentford,Pinnacle,2.27,+100 to +149,0.4700446404605697,0.4258229854493876,0.04422165501118208,0.06700133384549334,0,-1.0,True,True
2024/25,2025-03-08,Brentford,Aston Villa,Away,Aston Villa,Pinnacle,3.01,+200 to +299,0.30382141383317596,0.3211356069668139,-0.017314193133637967,-0.08549754436214041,1,2.01,False,False
2024/25,2025-03-08,Brighton,Fulham,Home,Brighton,Pinnacle,2.0,+100 to +149,0.498539191833305,0.4836559909674222,0.014883200865882795,-0.0029216163333900536,1,1.0,True,False
2024/25,2025-03-08,Brighton,Fulham,Away,Fulham,Pinnacle,3.86,+200 to +299,0.26532810241241517,0.25059895905047785,0.014729143361937314,0.02416647531192262,0,-1.0,True,True
2024/25,2025-03-08,Crystal Palace,Ipswich Town,Away,Ipswich Town,Pinnacle,6.67,+300 and longer,0.13957187793173764,0.14473066131755685,-0.00515878338581921,-0.06905557419530994,0,-1.0,False,False
2024/25,2025-03-08,Liverpool,Southampton,Away,Southampton,Pinnacle,18.75,+300 and longer,0.02979981023341313,0.05125592560292201,-0.021456115369508883,-0.44125355812350386,0,-1.0,False,False
2024/25,2025-03-08,Nott'm Forest,Man City,Home,Nott'm Forest,Pinnacle,3.93,+200 to +299,0.24238767672235828,0.24544082691416227,-0.003053150191803994,-0.047416430481131866,1,2.93,False,False
2024/25,2025-03-08,Wolves,Everton,Home,Wolves,Pinnacle,2.68,+150 to +199,0.35641030294798093,0.3611931389796431,-0.004782836031662185,-0.044820388099411024,0,-1.0,False,False
2024/25,2025-03-08,Wolves,Everton,Away,Everton,Pinnacle,2.92,+150 to +199,0.3796127263686161,0.3315060316662478,0.04810669470236828,0.10846916099635906,0,-1.0,True,True
2024/25,2025-03-09,Chelsea,Leicester,Away,Leicester,Pinnacle,11.42,+300 and longer,0.12064093575487397,0.08378507307342035,0.03685586268145362,0.37771948632066077,0,-1.0,True,True
2024/25,2025-03-09,Man United,Arsenal,Home,Man United,Pinnacle,5.61,+300 and longer,0.19771747426737415,0.17188958748151392,0.025827886785860232,0.10919503063996916,0,-1.0,True,True
2024/25,2025-03-09,Tottenham,Bournemouth,Home,Tottenham,Pinnacle,2.73,+150 to +199,0.4663547386615406,0.35470572301115805,0.11164901565038254,0.27314843654600574,0,-1.0,True,True
2024/25,2025-03-09,Tottenham,Bournemouth,Away,Bournemouth,Pinnacle,2.42,+100 to +149,0.31953839335410616,0.4001432329836618,-0.08060483962955561,-0.22671708808306312,0,-1.0,False,False
2024/25,2025-03-10,West Ham,Newcastle,Home,West Ham,Pinnacle,3.3,+200 to +299,0.272984141924665,0.2931174089068826,-0.020133266982217568,-0.09915233164860549,0,-1.0,False,False
2024/25,2025-03-10,West Ham,Newcastle,Away,Newcastle,Pinnacle,2.2,+100 to +149,0.5126655962183834,0.4396761133603239,0.07298948285805945,0.12786431168044343,1,1.2000000000000002,True,True
2024/25,2025-03-15,Bournemouth,Brentford,Away,Brentford,Pinnacle,4.29,+300 and longer,0.3005743808430508,0.2250867670113182,0.07548761383173264,0.28946409381668814,1,3.29,True,True
2024/25,2025-03-15,Everton,West Ham,Home,Everton,Pinnacle,2.11,+100 to +149,0.49306749109839837,0.458627325208467,0.03444016588993137,0.040372406217620505,0,-1.0,True,True
2024/25,2025-03-15,Everton,West Ham,Away,West Ham,Pinnacle,3.9,+200 to +299,0.27145119139025625,0.248129142612786,0.02332204877747024,0.05865964642199928,0,-1.0,True,True
2024/25,2025-03-15,Ipswich Town,Nott'm Forest,Home,Ipswich Town,Pinnacle,3.88,+200 to +299,0.26043004920679685,0.2490236523652366,0.011406396841560251,0.010468590922371845,0,-1.0,True,True
2024/25,2025-03-15,Man City,Brighton,Away,Brighton,Pinnacle,4.62,+300 and longer,0.18702518383218605,0.20912401024909935,-0.022098826416913298,-0.13594365069530046,0,-1.0,False,False
2024/25,2025-03-15,Southampton,Wolves,Home,Southampton,Pinnacle,3.67,+200 to +299,0.3170228853625236,0.2634822585006903,0.05354062686183331,0.16347398928046153,0,-1.0,True,True
2024/25,2025-03-15,Southampton,Wolves,Away,Wolves,Pinnacle,2.08,+100 to +149,0.44180429103927005,0.4648941772584294,-0.02308988621915936,-0.08104707463831828,1,1.08,False,False
2024/25,2025-03-16,Arsenal,Chelsea,Away,Chelsea,Pinnacle,4.55,+300 and longer,0.1727017776268105,0.21197596998416793,-0.039274192357357435,-0.21420691179801232,0,-1.0,False,False
2024/25,2025-03-16,Fulham,Tottenham,Home,Fulham,Pinnacle,2.03,+100 to +149,0.42007438417267534,0.4765838399092514,-0.056509455736576064,-0.14724900012946918,1,1.0299999999999998,False,False
2024/25,2025-03-16,Fulham,Tottenham,Away,Tottenham,Pinnacle,3.53,+200 to +299,0.3472551317397634,0.27406946034441365,0.07318567139534976,0.2258106150413648,0,-1.0,True,True
2024/25,2025-03-16,Leicester,Man United,Home,Leicester,Pinnacle,4.21,+300 and longer,0.2974382980561571,0.22902428151288806,0.06841401654326906,0.2522152348164215,0,-1.0,True,True
2024/25,2025-04-01,Arsenal,Fulham,Away,Fulham,Pinnacle,7.79,+300 and longer,0.1274945066528342,0.12432105740817664,0.003173449244657567,-0.006817793174421438,0,-1.0,True,False
2024/25,2025-04-01,Nott'm Forest,Man United,Home,Nott'm Forest,Pinnacle,2.36,+100 to +149,0.45780018323721444,0.412225210740635,0.045574972496579436,0.08040843243982598,1,1.3599999999999999,True,True
2024/25,2025-04-01,Nott'm Forest,Man United,Away,Man United,Pinnacle,3.19,+200 to +299,0.30188022014082466,0.3049691214256735,-0.003088901284848844,-0.03700209775076935,0,-1.0,False,False
2024/25,2025-04-01,Wolves,West Ham,Home,Wolves,Pinnacle,2.62,+150 to +199,0.39921477132012617,0.37156916516674254,0.02764560615338363,0.045942700858730534,1,1.62,True,True
2024/25,2025-04-01,Wolves,West Ham,Away,West Ham,Pinnacle,2.96,+150 to +199,0.35111873660458603,0.32888892322191404,0.022229813382671992,0.039311460349574556,0,-1.0,True,True
2024/25,2025-04-02,Bournemouth,Ipswich Town,Away,Ipswich Town,Pinnacle,7.75,+300 and longer,0.12382334735301305,0.12453961844854568,-0.0007162710955326279,-0.04036905801414892,1,6.75,False,False
2024/25,2025-04-02,Brighton,Aston Villa,Home,Brighton,Pinnacle,2.11,+100 to +149,0.49925423290491017,0.4583611902625285,0.040893042642381694,0.05342643142936043,0,-1.0,True,True
2024/25,2025-04-02,Brighton,Aston Villa,Away,Aston Villa,Pinnacle,3.33,+200 to +299,0.27970950767992364,0.2904330665026832,-0.010723558822759549,-0.06856733942585425,1,2.33,False,False
2024/25,2025-04-02,Liverpool,Everton,Away,Everton,Pinnacle,9.2,+300 and longer,0.10928472867347867,0.10485097685031138,0.004433751823167298,0.005419503796003644,0,-1.0,True,True
2024/25,2025-04-02,Man City,Leicester,Away,Leicester,Pinnacle,11.84,+300 and longer,0.0729630531800512,0.08120772499238883,-0.008244671812337637,-0.1361174503481939,0,-1.0,False,False
2024/25,2025-04-02,Newcastle,Brentford,Away,Brentford,Pinnacle,4.31,+300 and longer,0.24426615362492277,0.22370868931521137,0.020557464309711393,0.052787122123417074,0,-1.0,True,True
2024/25,2025-04-02,Southampton,Crystal Palace,Home,Southampton,Pinnacle,5.72,+300 and longer,0.19678516374436117,0.16887475665816518,0.027910407086195993,0.12561113661774592,0,-1.0,True,True
2024/25,2025-04-03,Chelsea,Tottenham,Away,Tottenham,Pinnacle,4.59,+300 and longer,0.263620962723376,0.20976481884097958,0.0538561438823964,0.21002021890029576,0,-1.0,True,True
2024/25,2025-04-05,Aston Villa,Nott'm Forest,Home,Aston Villa,Pinnacle,2.0,+100 to +149,0.48038606235557196,0.48348389766223016,-0.003097835306658192,-0.03922787528885607,1,1.0,False,False
2024/25,2025-04-05,Aston Villa,Nott'm Forest,Away,Nott'm Forest,Pinnacle,3.8,+200 to +299,0.279808847116513,0.2544652092959106,0.025343637820602394,0.06327361904274942,0,-1.0,True,True
2024/25,2025-04-05,Crystal Palace,Brighton,Home,Crystal Palace,Pinnacle,2.5,+150 to +199,0.41011348225365857,0.38690522094547697,0.0232082613081816,0.02528370563414639,1,1.5,True,True
2024/25,2025-04-05,Crystal Palace,Brighton,Away,Brighton,Pinnacle,2.9,+150 to +199,0.34827133033958635,0.33353898357368705,0.014732346765899296,0.009986857984800368,0,-1.0,True,True
2024/25,2025-04-05,Everton,Arsenal,Home,Everton,Pinnacle,5.3,+300 and longer,0.19420910080609113,0.18209633813015827,0.012112762675932864,0.029308234272283018,0,-1.0,True,True
2024/25,2025-04-05,Ipswich Town,Wolves,Home,Ipswich Town,Pinnacle,2.78,+150 to +199,0.37043440800967203,0.3486440968702731,0.021790311139398943,0.02980765426688814,0,-1.0,True,True
2024/25,2025-04-05,Ipswich Town,Wolves,Away,Wolves,Pinnacle,2.71,+150 to +199,0.3780668940851831,0.357649663948103,0.020417230137080133,0.024561282970846365,1,1.71,True,True
2024/25,2025-04-05,West Ham,Bournemouth,Home,West Ham,Pinnacle,3.03,+200 to +299,0.33394117044737814,0.3193392299885589,0.01460194045881924,0.011841746455555802,0,-1.0,True,True
2024/25,2025-04-05,West Ham,Bournemouth,Away,Bournemouth,Pinnacle,2.38,+100 to +149,0.4417638416557204,0.4065537255736696,0.035210116082050824,0.05139794314061463,0,-1.0,True,True
2024/25,2025-04-06,Brentford,Chelsea,Home,Brentford,Pinnacle,3.26,+200 to +299,0.39432807988570084,0.2969867137522796,0.09734136613342126,0.28550954042738463,0,-1.0,True,True
2024/25,2025-04-06,Brentford,Chelsea,Away,Chelsea,Pinnacle,2.16,+100 to +149,0.3836422384201414,0.4482299476076071,-0.0645877091874657,-0.1713327650124945,0,-1.0,False,False
2024/25,2025-04-06,Fulham,Liverpool,Home,Fulham,Pinnacle,4.27,+300 and longer,0.21325950539053415,0.22613745932750512,-0.01287795393697097,-0.0893819119824193,1,3.2699999999999996,False,False
2024/25,2025-04-06,Man United,Man City,Home,Man United,Pinnacle,3.39,+200 to +299,0.2425676475152992,0.2854717412361373,-0.04290409372083809,-0.17769567492313576,0,-1.0,False,False
2024/25,2025-04-06,Man United,Man City,Away,Man City,Pinnacle,2.15,+100 to +149,0.5445618295580072,0.45011590827465364,0.0944459212833536,0.17080793354971546,0,-1.0,True,True
2024/25,2025-04-06,Tottenham,Southampton,Away,Southampton,Pinnacle,7.33,+300 and longer,0.10253717968842069,0.1311341297207538,-0.02859695003233312,-0.2484024728838764,0,-1.0,False,False
2024/25,2025-04-07,Leicester,Newcastle,Home,Leicester,Pinnacle,6.61,+300 and longer,0.19506065071710463,0.1458527362109016,0.049207914506203015,0.2893509012400617,0,-1.0,True,True
2024/25,2025-04-12,Arsenal,Brentford,Away,Brentford,Pinnacle,5.42,+300 and longer,0.14288266744621925,0.17778050955847158,-0.03489784211225233,-0.2255759424414917,0,-1.0,False,False
2024/25,2025-04-12,Brighton,Leicester,Away,Leicester,Pinnacle,10.93,+300 and longer,0.13249797437029848,0.0874111216713572,0.04508685269894128,0.4482028598673624,0,-1.0,True,True
2024/25,2025-04-12,Man City,Crystal Palace,Away,Crystal Palace,Pinnacle,6.12,+300 and longer,0.171328282010882,0.15742207443674971,0.013906207574132273,0.04852908590659788,0,-1.0,True,True
2024/25,2025-04-12,Nott'm Forest,Everton,Home,Nott'm Forest,Pinnacle,2.13,+100 to +149,0.435676581688963,0.45397630034011394,-0.01829971865115093,-0.0720088810025088,0,-1.0,False,False
2024/25,2025-04-12,Nott'm Forest,Everton,Away,Everton,Pinnacle,3.72,+200 to +299,0.30295801801789074,0.2599380429366781,0.043019975081212636,0.12700382702655366,1,2.72,True,True
2024/25,2025-04-12,Southampton,Aston Villa,Home,Southampton,Pinnacle,5.75,+300 and longer,0.1900941181995364,0.16760185586202112,0.02249226233751528,0.09304117964733427,0,-1.0,True,True
2024/25,2025-04-13,Chelsea,Ipswich Town,Away,Ipswich Town,Pinnacle,10.14,+300 and longer,0.09677701228536963,0.09438898861370726,0.0023880236716623676,-0.01868109542635188,0,-1.0,True,False
2024/25,2025-04-13,Liverpool,West Ham,Away,West Ham,Pinnacle,9.78,+300 and longer,0.08511588052281671,0.09872654356088947,-0.013610663038072762,-0.16756668848685263,0,-1.0,False,False
2024/25,2025-04-13,Newcastle,Man United,Away,Man United,Pinnacle,4.97,+300 and longer,0.21267273094183387,0.19408114376350738,0.018591587178326485,0.0569834727809142,0,-1.0,True,True
2024/25,2025-04-13,Wolves,Tottenham,Home,Wolves,Pinnacle,2.25,+100 to +149,0.2956073157509782,0.42976620414369887,-0.13415888839272067,-0.33488353956029904,1,1.25,False,False
2024/25,2025-04-13,Wolves,Tottenham,Away,Tottenham,Pinnacle,3.23,+200 to +299,0.472841771749708,0.29937274282455806,0.17346902892514993,0.5272789227515569,0,-1.0,True,True
2024/25,2025-04-14,Bournemouth,Fulham,Home,Bournemouth,Pinnacle,2.16,+100 to +149,0.4876495420195017,0.44765698526997744,0.03999255674952429,0.05332301076212387,1,1.1600000000000001,True,True
2024/25,2025-04-14,Bournemouth,Fulham,Away,Fulham,Pinnacle,3.39,+200 to +299,0.28106173516493,0.28523276937556086,-0.004171034210630864,-0.0472007177908873,0,-1.0,False,False
2024/25,2025-04-16,Newcastle,Crystal Palace,Away,Crystal Palace,Pinnacle,4.84,+300 and longer,0.22449890288271893,0.19916605063759008,0.02533285224512885,0.08657468995235962,0,-1.0,True,True
2024/25,2025-04-19,Aston Villa,Newcastle,Home,Aston Villa,Pinnacle,2.38,+100 to +149,0.3756899764759229,0.4067832346872694,-0.03109325821134651,-0.10585785598730357,1,1.38,False,False
2024/25,2025-04-19,Aston Villa,Newcastle,Away,Newcastle,Pinnacle,2.92,+150 to +199,0.3999404988649468,0.33155619813551407,0.06838430072943275,0.16782625668564477,0,-1.0,True,True
2024/25,2025-04-19,Brentford,Brighton,Home,Brentford,Pinnacle,2.56,+150 to +199,0.41523812360599305,0.3782146811273843,0.037023442478608726,0.06300959643134219,1,1.56,True,True
2024/25,2025-04-19,Brentford,Brighton,Away,Brighton,Pinnacle,2.75,+150 to +199,0.3525787577908923,0.35208348497676506,0.0004952728141272567,-0.030408416075046185,0,-1.0,True,False
2024/25,2025-04-19,Crystal Palace,Bournemouth,Home,Crystal Palace,Pinnacle,2.59,+150 to +199,0.4181083588999833,0.37408754239653713,0.04402081650344619,0.08290064955095677,0,-1.0,True,True
2024/25,2025-04-19,Crystal Palace,Bournemouth,Away,Bournemouth,Pinnacle,2.71,+150 to +199,0.34703616313682817,0.35752278037159824,-0.010486617234770068,-0.05953199789919572,0,-1.0,False,False
2024/25,2025-04-19,Everton,Man City,Home,Everton,Pinnacle,3.79,+200 to +299,0.23263094845000976,0.2552393233033715,-0.022608374853361757,-0.11832870537446305,0,-1.0,False,False
2024/25,2025-04-19,West Ham,Southampton,Away,Southampton,Pinnacle,6.49,+300 and longer,0.1657636452970732,0.14848965726053223,0.017273988036540955,0.0758060579780051,0,-1.0,True,True
2024/25,2025-04-20,Fulham,Chelsea,Home,Fulham,Pinnacle,2.9,+150 to +199,0.3613451253147591,0.33326947025577164,0.02807565505898746,0.04790086341280131,0,-1.0,True,True
2024/25,2025-04-20,Fulham,Chelsea,Away,Chelsea,Pinnacle,2.45,+100 to +149,0.4001465507251204,0.3944822300986684,0.005664320626452002,-0.019640950723454953,1,1.4500000000000002,True,False
2024/25,2025-04-20,Ipswich Town,Arsenal,Home,Ipswich Town,Pinnacle,7.87,+300 and longer,0.09401678069098997,0.12237716257515427,-0.0283603818841643,-0.26008793596190893,0,-1.0,False,False
2024/25,2025-04-20,Leicester,Liverpool,Home,Leicester,Pinnacle,11.65,+300 and longer,0.10645174453738543,0.08233573104122846,0.02411601349615697,0.24016282386054022,0,-1.0,True,True
2024/25,2025-04-20,Man United,Wolves,Home,Man United,Pinnacle,2.01,+100 to +149,0.5495897780581557,0.4807930349397215,0.0687967431184342,0.10467545389689281,0,-1.0,True,True
2024/25,2025-04-20,Man United,Wolves,Away,Wolves,Pinnacle,3.82,+200 to +299,0.22530653947563245,0.25298272257299476,-0.027676183097362306,-0.13932901920308405,1,2.82,False,False
2024/25,2025-04-21,Tottenham,Nott'm Forest,Home,Tottenham,Pinnacle,2.52,+150 to +199,0.5019681431283817,0.38410280818657777,0.1178653349418039,0.2649597206835219,0,-1.0,True,True
2024/25,2025-04-21,Tottenham,Nott'm Forest,Away,Nott'm Forest,Pinnacle,2.69,+150 to +199,0.27004388804202983,0.35982865302237027,-0.08978476498034044,-0.2735819411669398,1,1.69,False,False
2024/25,2025-04-22,Man City,Aston Villa,Away,Aston Villa,Pinnacle,4.0,+300 and longer,0.18112126454684704,0.2428933921488299,-0.06177212760198286,-0.2755149418126118,0,-1.0,False,False
2024/25,2025-04-23,Arsenal,Crystal Palace,Away,Crystal Palace,Pinnacle,8.22,+300 and longer,0.1379058373111747,0.11733082313565524,0.020575014175519463,0.13358598269785604,0,-1.0,True,True
2024/25,2025-04-26,Brighton,West Ham,Away,West Ham,Pinnacle,4.75,+300 and longer,0.20215568535820796,0.20304279823688326,-0.0008871128786752946,-0.03976049454851216,0,-1.0,False,False
2024/25,2025-04-26,Chelsea,Everton,Away,Everton,Pinnacle,6.05,+300 and longer,0.224703259437006,0.1592368541259326,0.0654664053110734,0.3594547195938862,0,-1.0,True,True
2024/25,2025-04-26,Newcastle,Ipswich Town,Away,Ipswich Town,Pinnacle,14.29,+300 and longer,0.08700351018113002,0.06715030553828949,0.01985320464284053,0.24328016048834789,0,-1.0,True,True
2024/25,2025-04-26,Southampton,Fulham,Home,Southampton,Pinnacle,5.28,+300 and longer,0.20809064787445258,0.18259320524239725,0.025497442632055334,0.0987186207771098,0,-1.0,True,True
2024/25,2025-04-26,Wolves,Leicester,Away,Leicester,Pinnacle,6.49,+300 and longer,0.250095306947975,0.14862896155291336,0.10146634539506164,0.6231185420923577,0,-1.0,True,True
2024/25,2025-04-27,Bournemouth,Man United,Away,Man United,Pinnacle,4.86,+300 and longer,0.26978091016679295,0.19812763668756406,0.0716532734792289,0.31113522341061395,0,-1.0,True,True
2024/25,2025-04-27,Liverpool,Tottenham,Away,Tottenham,Pinnacle,9.07,+300 and longer,0.1436205545101161,0.10572911317460414,0.03789144133551196,0.302638429406753,0,-1.0,True,True
2024/25,2025-05-01,Nott'm Forest,Brentford,Home,Nott'm Forest,Pinnacle,2.2,+100 to +149,0.37326314824147944,0.43990699454034404,-0.0666438462988646,-0.17882107386874513,0,-1.0,False,False
2024/25,2025-05-01,Nott'm Forest,Brentford,Away,Brentford,Pinnacle,3.34,+200 to +299,0.3736867978934885,0.28975909820022666,0.08392769969326186,0.24811390496425156,1,2.34,True,True
2024/25,2025-05-02,Man City,Wolves,Away,Wolves,Pinnacle,7.55,+300 and longer,0.09988848789448249,0.1284150786230638,-0.028526590728581325,-0.2458419163966572,0,-1.0,False,False
2024/25,2025-05-03,Arsenal,Bournemouth,Home,Arsenal,Pinnacle,2.07,+100 to +149,0.6442645954546375,0.4668379038016776,0.17742669165295993,0.3336277125910996,0,-1.0,True,True
2024/25,2025-05-03,Arsenal,Bournemouth,Away,Bournemouth,Pinnacle,3.62,+200 to +299,0.15628584013976277,0.2669487460965394,-0.11066290595677664,-0.4342452586940587,1,2.62,False,False
2024/25,2025-05-03,Aston Villa,Fulham,Away,Fulham,Pinnacle,4.27,+300 and longer,0.2724244274419666,0.22601747376739695,0.04640695367456965,0.16325230517719724,0,-1.0,True,True
2024/25,2025-05-03,Everton,Ipswich Town,Away,Ipswich Town,Pinnacle,7.28,+300 and longer,0.15549297120047237,0.1322848441867256,0.023208127013746777,0.13198883033943898,0,-1.0,True,True
2024/25,2025-05-03,Leicester,Southampton,Home,Leicester,Pinnacle,2.37,+100 to +149,0.5069334167667806,0.4082608712025638,0.09867254556421678,0.20143219773727017,1,1.37,True,True
2024/25,2025-05-03,Leicester,Southampton,Away,Southampton,Pinnacle,2.93,+150 to +199,0.26048669758031745,0.33023148967579397,-0.06974479209547652,-0.23677397608966988,0,-1.0,False,False
2024/25,2025-05-04,Brentford,Man United,Away,Man United,Pinnacle,4.7,+300 and longer,0.28393922294681534,0.20509383378016083,0.07884538916665451,0.3345143478500321,0,-1.0,True,True
2024/25,2025-05-04,Brighton,Newcastle,Home,Brighton,Pinnacle,2.92,+150 to +199,0.3872728600461132,0.331387339623063,0.05588552042305023,0.13083675133465067,0,-1.0,True,True
2024/25,2025-05-04,Brighton,Newcastle,Away,Newcastle,Pinnacle,2.33,+100 to +149,0.3874336371576564,0.41530087197396737,-0.027867234816310982,-0.09727962542266055,0,-1.0,False,False
2024/25,2025-05-04,Chelsea,Liverpool,Home,Chelsea,Pinnacle,2.19,+100 to +149,0.28043991658983963,0.44216326129021677,-0.16172334470037714,-0.38583658266825127,1,1.19,False,False
2024/25,2025-05-04,Chelsea,Liverpool,Away,Liverpool,Pinnacle,3.21,+200 to +299,0.5024356832706155,0.3016627857400544,0.2007728975305611,0.6128185432986757,0,-1.0,True,True
2024/25,2025-05-04,West Ham,Tottenham,Home,West Ham,Pinnacle,2.08,+100 to +149,0.3347181631139058,0.4646998939252635,-0.12998173081135772,-0.30378622072307593,0,-1.0,False,False
2024/25,2025-05-04,West Ham,Tottenham,Away,Tottenham,Pinnacle,3.5,+200 to +299,0.4368034690278218,0.2761645083898709,0.1606389606379509,0.5288121415973763,0,-1.0,True,True
2024/25,2025-05-05,Crystal Palace,Nott'm Forest,Home,Crystal Palace,Pinnacle,2.31,+100 to +149,0.4772546834981945,0.4189917379680152,0.0582629455301793,0.10245831888082924,0,-1.0,True,True
2024/25,2025-05-05,Crystal Palace,Nott'm Forest,Away,Nott'm Forest,Pinnacle,3.23,+200 to +299,0.2675075264814648,0.29965043798950936,-0.03214291150804455,-0.13595068946486866,0,-1.0,False,False
2024/25,2025-05-10,Bournemouth,Aston Villa,Home,Bournemouth,Pinnacle,2.46,+100 to +149,0.4400838807689443,0.39356256229047754,0.046521318478466744,0.08260634669160294,0,-1.0,True,True
2024/25,2025-05-10,Bournemouth,Aston Villa,Away,Aston Villa,Pinnacle,2.78,+150 to +199,0.32766387796670143,0.34826039684696936,-0.020596518880267922,-0.08909441925257011,1,1.7799999999999998,False,False
2024/25,2025-05-10,Fulham,Everton,Away,Everton,Pinnacle,4.45,+300 and longer,0.2869117398447855,0.216754241201908,0.07015749864287751,0.27675724230929566,1,3.45,True,True
2024/25,2025-05-10,Ipswich Town,Brentford,Home,Ipswich Town,Pinnacle,5.1,+300 and longer,0.19838365105742944,0.18926165045388568,0.009122000603543762,0.01175662039289005,0,-1.0,True,True
2024/25,2025-05-10,Southampton,Man City,Home,Southampton,Pinnacle,14.01,+300 and longer,0.0848816306664705,0.06847213165061952,0.01640949901585098,0.18919164563725177,0,-1.0,True,True
2024/25,2025-05-10,Wolves,Brighton,Home,Wolves,Pinnacle,2.76,+150 to +199,0.28830129185871134,0.35052539912917274,-0.062224107270461404,-0.20428843446995681,0,-1.0,False,False
2024/25,2025-05-10,Wolves,Brighton,Away,Brighton,Pinnacle,2.61,+150 to +199,0.463901342243418,0.3706705370101596,0.09323080523325838,0.210782503255321,1,1.6099999999999999,True,True
2024/25,2025-05-11,Liverpool,Arsenal,Home,Liverpool,Pinnacle,2.08,+100 to +149,0.4327382535080403,0.4655022081705856,-0.03276395466254528,-0.0999044327032762,0,-1.0,False,False
2024/25,2025-05-11,Liverpool,Arsenal,Away,Arsenal,Pinnacle,3.71,+200 to +299,0.3196960497775407,0.2609823700794658,0.058713679698074894,0.18607234467467593,0,-1.0,True,True
2024/25,2025-05-11,Man United,West Ham,Away,West Ham,Pinnacle,3.95,+200 to +299,0.25534888216513496,0.24440282882019698,0.010946053344937978,0.008628084552283033,1,2.95,True,True
2024/25,2025-05-11,Newcastle,Chelsea,Home,Newcastle,Pinnacle,2.15,+100 to +149,0.49171238765261455,0.44958553018051006,0.042126857472104484,0.05718163345312122,1,1.15,True,True
2024/25,2025-05-11,Newcastle,Chelsea,Away,Chelsea,Pinnacle,3.28,+200 to +299,0.29460598745827365,0.2946978322829563,-9.184482468266308e-05,-0.03369236113686247,0,-1.0,False,False
2024/25,2025-05-11,Nott'm Forest,Leicester,Away,Leicester,Pinnacle,8.99,+300 and longer,0.18834001237887932,0.10722869717651055,0.08111131520236876,0.6931767112861251,0,-1.0,True,True
2024/25,2025-05-11,Tottenham,Crystal Palace,Home,Tottenham,Pinnacle,2.69,+150 to +199,0.4582926410955113,0.3599314964687339,0.09836114462677742,0.23280720454692538,0,-1.0,True,True
2024/25,2025-05-11,Tottenham,Crystal Palace,Away,Crystal Palace,Pinnacle,2.54,+150 to +199,0.31045359092213237,0.38118729350428904,-0.07073370258215667,-0.21144787905778373,1,1.54,False,False
2024/25,2025-05-16,Aston Villa,Tottenham,Away,Tottenham,Pinnacle,8.61,+300 and longer,0.28644717393213887,0.11231012440717576,0.17413704952496312,1.4663101675557155,0,-1.0,True,True
2024/25,2025-05-16,Chelsea,Man United,Away,Man United,Pinnacle,6.68,+300 and longer,0.22772391586990642,0.14471212789215895,0.08301178797774747,0.521195758010975,0,-1.0,True,True
2024/25,2025-05-18,Arsenal,Newcastle,Home,Arsenal,Pinnacle,2.03,+100 to +149,0.5649061604346548,0.4768568914609251,0.08804926897372972,0.1467595056823492,1,1.0299999999999998,True,True
2024/25,2025-05-18,Arsenal,Newcastle,Away,Newcastle,Pinnacle,3.83,+200 to +299,0.2143579086615243,0.2527466030458688,-0.03838869438434453,-0.17900920982636193,0,-1.0,False,False
2024/25,2025-05-18,Brentford,Fulham,Away,Fulham,Pinnacle,3.68,+200 to +299,0.27274258919960265,0.2625225494052382,0.010220039794364422,0.0036927282545378137,1,2.68,True,True
2024/25,2025-05-18,Everton,Southampton,Away,Southampton,Pinnacle,8.19,+300 and longer,0.13642339662935793,0.11735121542330262,0.019072181206055305,0.11730761839444148,0,-1.0,True,True
2024/25,2025-05-18,Leicester,Ipswich Town,Home,Leicester,Pinnacle,2.37,+100 to +149,0.4647360997888162,0.408614431264347,0.056121668524469204,0.10142455649949444,1,1.37,True,True
2024/25,2025-05-18,Leicester,Ipswich Town,Away,Ipswich Town,Pinnacle,2.97,+150 to +199,0.28889421015486905,0.32606606131195365,-0.0371718511570846,-0.14198419584003885,0,-1.0,False,False
2024/25,2025-05-18,West Ham,Nott'm Forest,Home,West Ham,Pinnacle,2.84,+150 to +199,0.39679288031450416,0.3404413703261426,0.05635150998836158,0.1268917800931917,0,-1.0,True,True
2024/25,2025-05-18,West Ham,Nott'm Forest,Away,Nott'm Forest,Pinnacle,2.56,+150 to +199,0.3423606073138405,0.3776771452055644,-0.0353165378917239,-0.1235568452765683,1,1.56,False,False
2024/25,2025-05-19,Brighton,Liverpool,Home,Brighton,Pinnacle,2.69,+150 to +199,0.2624513108256083,0.35936693358455024,-0.09691562275894194,-0.29400597387911365,1,1.69,False,False
2024/25,2025-05-19,Brighton,Liverpool,Away,Liverpool,Pinnacle,2.49,+100 to +149,0.520337033261585,0.3882317475270843,0.1321052857345007,0.29563921282134675,0,-1.0,True,True
2024/25,2025-05-20,Crystal Palace,Wolves,Home,Crystal Palace,Pinnacle,2.29,+100 to +149,0.5704596893234795,0.42280545569967354,0.14765423362380592,0.3063526885507679,1,1.29,True,True
2024/25,2025-05-20,Crystal Palace,Wolves,Away,Wolves,Pinnacle,3.34,+200 to +299,0.20013541155079517,0.2898875729198361,-0.0897521613690409,-0.33154772542034416,0,-1.0,False,False
2024/25,2025-05-20,Man City,Bournemouth,Away,Bournemouth,Pinnacle,5.6,+300 and longer,0.18789404890131103,0.17224104620343492,0.015653002697876117,0.05220667384734168,0,-1.0,True,True
2024/25,2025-05-25,Bournemouth,Leicester,Away,Leicester,Pinnacle,8.37,+300 and longer,0.13360791104759726,0.115148830616584,0.018459080431013256,0.11829821546838892,0,-1.0,True,True
2024/25,2025-05-25,Fulham,Man City,Home,Fulham,Pinnacle,5.54,+300 and longer,0.2497119786285193,0.1741568997721628,0.07555507885635648,0.38340436160199687,0,-1.0,True,True
2024/25,2025-05-25,Ipswich Town,West Ham,Home,Ipswich Town,Pinnacle,3.02,+200 to +299,0.30323872043909117,0.32024869129140576,-0.017009970852314593,-0.08421906427394465,0,-1.0,False,False
2024/25,2025-05-25,Ipswich Town,West Ham,Away,West Ham,Pinnacle,2.24,+100 to +149,0.4537654671872197,0.43176386058037736,0.02200160660684236,0.01643464649937232,1,1.2400000000000002,True,True
2024/25,2025-05-25,Liverpool,Crystal Palace,Away,Crystal Palace,Pinnacle,6.36,+300 and longer,0.1559239123448082,0.15154749199573103,0.004376420349077176,-0.008323917487019772,0,-1.0,True,False
2024/25,2025-05-25,Man United,Aston Villa,Home,Man United,Pinnacle,4.4,+300 and longer,0.37447340660328593,0.2192213507470632,0.15525205585622273,0.6476829890544582,1,3.4000000000000004,True,True
2024/25,2025-05-25,Newcastle,Everton,Away,Everton,Pinnacle,8.55,+300 and longer,0.19387411804877655,0.11248454882571075,0.0813895692230658,0.6576237093170396,1,7.550000000000001,True,True
2024/25,2025-05-25,Nott'm Forest,Chelsea,Home,Nott'm Forest,Pinnacle,3.15,+200 to +299,0.31342609808318667,0.30706071909417976,0.006365378989006909,-0.012707791037962046,0,-1.0,True,False
2024/25,2025-05-25,Nott'm Forest,Chelsea,Away,Chelsea,Pinnacle,2.22,+100 to +149,0.44088493076609336,0.43569426357957936,0.005190667186514009,-0.0212354536992726,1,1.2200000000000002,True,False
2024/25,2025-05-25,Southampton,Arsenal,Home,Southampton,Pinnacle,9.46,+300 and longer,0.07465737909927057,0.10107118175535591,-0.02641380265608534,-0.29374119372090035,0,-1.0,False,False
2024/25,2025-05-25,Tottenham,Brighton,Home,Tottenham,Pinnacle,4.33,+300 and longer,0.4143041231693885,0.22271078314138268,0.19159334002800585,0.7939368533234523,0,-1.0,True,True
2024/25,2025-05-25,Wolves,Brentford,Home,Wolves,Pinnacle,2.74,+150 to +199,0.29165365709509433,0.35288653551805704,-0.06123287842296271,-0.2008689795594415,0,-1.0,False,False
2024/25,2025-05-25,Wolves,Brentford,Away,Brentford,Pinnacle,2.45,+100 to +149,0.46217861248576425,0.39465677849774544,0.06752183398801881,0.13233760059012245,0,-1.0,True,True
2025/26,2025-08-15,Liverpool,Bournemouth,Away,Bournemouth,Pinnacle,9.07,+300 and longer,0.16351011600646204,0.10561268640196413,0.05789742960449791,0.48303675217861075,0,-1.0,True,True
2025/26,2025-08-16,Aston Villa,Newcastle,Home,Aston Villa,Pinnacle,2.24,+100 to +149,0.3660373120349077,0.431442588448028,-0.06540527641312033,-0.18007642104180666,0,-1.0,False,False
2025/26,2025-08-16,Aston Villa,Newcastle,Away,Newcastle,Pinnacle,3.13,+200 to +299,0.40319497557920886,0.3087640249596111,0.09443095061959778,0.26200027356292366,0,-1.0,True,True
2025/26,2025-08-16,Brighton,Fulham,Away,Fulham,Pinnacle,3.98,+200 to +299,0.26800786287304346,0.24280268968016425,0.02520517319287921,0.06667129423471296,0,-1.0,True,True
2025/26,2025-08-16,Sunderland,West Ham,Home,Sunderland,Pinnacle,3.27,+200 to +299,0.5029429132902518,0.29574420819982605,0.2071987050904257,0.6446233264591232,1,2.27,True,True
2025/26,2025-08-16,Sunderland,West Ham,Away,West Ham,Pinnacle,2.29,+100 to +149,0.2637511096571282,0.42230723179625823,-0.15855612213913,-0.3960099588851763,0,-1.0,False,False
2025/26,2025-08-16,Tottenham,Burnley,Away,Burnley,Pinnacle,8.79,+300 and longer,0.18453512367022198,0.1093516017173873,0.07518352195283469,0.6220637370612512,0,-1.0,True,True
2025/26,2025-08-16,Wolves,Man City,Home,Wolves,Pinnacle,6.72,+300 and longer,0.17860445090839866,0.14350098288344443,0.03510346802495423,0.2002219101044389,0,-1.0,True,True
2025/26,2025-08-17,Chelsea,Crystal Palace,Away,Crystal Palace,Pinnacle,5.25,+300 and longer,0.2721244552945896,0.18392758214510463,0.08819687314948499,0.42865339029659544,0,-1.0,True,True
2025/26,2025-08-17,Man United,Arsenal,Home,Man United,Pinnacle,3.74,+200 to +299,0.22187721347021913,0.2586604122127898,-0.03678319874257066,-0.17017922162138044,0,-1.0,False,False
2025/26,2025-08-17,Man United,Arsenal,Away,Arsenal,Pinnacle,2.01,+100 to +149,0.5467259883142094,0.4812885281969324,0.06543746011727697,0.09891923651156076,1,1.0099999999999998,True,True
2025/26,2025-08-17,Nott'm Forest,Brentford,Home,Nott'm Forest,Pinnacle,2.25,+100 to +149,0.3547350947298152,0.4296556623172692,-0.07492056758745402,-0.2018460368579158,1,1.25,False,False
2025/26,2025-08-17,Nott'm Forest,Brentford,Away,Brentford,Pinnacle,3.4,+200 to +299,0.3903766280596589,0.28433095300407524,0.10604567505558365,0.3272805354028403,0,-1.0,True,True
2025/26,2025-08-18,Leeds,Everton,Home,Leeds,Pinnacle,2.37,+100 to +149,0.3391240170253459,0.4085292310493138,-0.06940521402396793,-0.1962760796499302,1,1.37,False,False
2025/26,2025-08-18,Leeds,Everton,Away,Everton,Pinnacle,3.06,+200 to +299,0.3957445009273733,0.3164098946362333,0.07933460629113998,0.2109781728377622,0,-1.0,True,True
2025/26,2025-08-22,West Ham,Chelsea,Home,West Ham,Pinnacle,4.94,+300 and longer,0.2769465423336973,0.19647471813753517,0.08047182419616214,0.36811591912846486,0,-1.0,True,True
2025/26,2025-08-23,Arsenal,Leeds,Away,Leeds,Pinnacle,9.68,+300 and longer,0.11540211042111054,0.09880176999950281,0.016600340421607726,0.11709242887634996,0,-1.0,True,True
2025/26,2025-08-23,Bournemouth,Wolves,Away,Wolves,Pinnacle,4.4,+300 and longer,0.18822211702390867,0.2191238981059418,-0.03090178108203312,-0.1718226850948018,0,-1.0,False,False
2025/26,2025-08-23,Brentford,Aston Villa,Home,Brentford,Pinnacle,3.26,+200 to +299,0.44601131095493424,0.2967164671028731,0.14929484385206115,0.4539968737130855,1,2.26,True,True
2025/26,2025-08-23,Brentford,Aston Villa,Away,Aston Villa,Pinnacle,2.27,+100 to +149,0.3172523735211518,0.4261214461477384,-0.10886907262658657,-0.27983711210698536,0,-1.0,False,False
2025/26,2025-08-23,Burnley,Sunderland,Home,Burnley,Pinnacle,2.21,+100 to +149,0.30042263607540803,0.4373057607526783,-0.13688312467727026,-0.3360659742733483,1,1.21,False,False
2025/26,2025-08-23,Burnley,Sunderland,Away,Sunderland,Pinnacle,3.63,+200 to +299,0.34512365572736686,0.266238493460997,0.07888516226636988,0.25279887029034165,0,-1.0,True,True
2025/26,2025-08-23,Man City,Tottenham,Away,Tottenham,Pinnacle,6.01,+300 and longer,0.16520683527774546,0.16037059599740824,0.004836239280337218,-0.0071069199807498595,1,5.01,True,False
2025/26,2025-08-24,Crystal Palace,Nott'm Forest,Home,Crystal Palace,Pinnacle,2.41,+100 to +149,0.49206222845557646,0.40160873753247595,0.09045349092310051,0.18586997057793941,0,-1.0,True,True
2025/26,2025-08-24,Crystal Palace,Nott'm Forest,Away,Nott'm Forest,Pinnacle,3.22,+200 to +299,0.2569652717109634,0.3005829370972879,-0.0436176653863245,-0.1725718250906978,0,-1.0,False,False
2025/26,2025-08-24,Everton,Brighton,Home,Everton,Pinnacle,3.16,+200 to +299,0.3551635792100701,0.30597814441825577,0.04918543479181431,0.12231691030382152,1,2.16,True,True
2025/26,2025-08-24,Everton,Brighton,Away,Brighton,Pinnacle,2.38,+100 to +149,0.3893024130109191,0.40625669595028924,-0.016954282939370124,-0.0734602570340126,0,-1.0,False,False
2025/26,2025-08-24,Fulham,Man United,Home,Fulham,Pinnacle,3.3,+200 to +299,0.4292011848850245,0.29308117259199856,0.13612001229302595,0.4163639101205807,0,-1.0,True,True
2025/26,2025-08-24,Fulham,Man United,Away,Man United,Pinnacle,2.23,+100 to +149,0.321439128376544,0.43370756482224004,-0.11226843644569606,-0.28319074372030695,0,-1.0,False,False
2025/26,2025-08-25,Newcastle,Liverpool,Home,Newcastle,Pinnacle,3.29,+200 to +299,0.34759318682714196,0.29424508802948424,0.05334809879765773,0.1435815846612971,0,-1.0,True,True
2025/26,2025-08-25,Newcastle,Liverpool,Away,Liverpool,Pinnacle,2.11,+100 to +149,0.43007820269996117,0.4587992130886271,-0.028721010388665924,-0.09253499230308204,1,1.1099999999999999,False,False
2025/26,2025-08-30,Chelsea,Fulham,Away,Fulham,Pinnacle,5.75,+300 and longer,0.22936905014835635,0.1672741546570964,0.06209489549125993,0.318872038353049,0,-1.0,True,True
2025/26,2025-08-30,Leeds,Newcastle,Home,Leeds,Pinnacle,3.47,+200 to +299,0.22970510004447084,0.27880723708678823,-0.04910213704231739,-0.20292330284568616,0,-1.0,False,False
2025/26,2025-08-30,Leeds,Newcastle,Away,Newcastle,Pinnacle,2.16,+100 to +149,0.5511817805593795,0.4478986632829421,0.10328311727643741,0.19055264600825983,0,-1.0,True,True
2025/26,2025-08-30,Man United,Burnley,Away,Burnley,Pinnacle,8.45,+300 and longer,0.18589814880075636,0.11388285154556854,0.07201529725518782,0.5708393573663912,0,-1.0,True,True
2025/26,2025-08-30,Sunderland,Brentford,Home,Sunderland,Pinnacle,3.03,+200 to +299,0.30370790690732447,0.319201878482728,-0.015493971575403553,-0.07976504207080692,1,2.03,False,False
2025/26,2025-08-30,Sunderland,Brentford,Away,Brentford,Pinnacle,2.53,+150 to +199,0.3788055078638113,0.3822852536769431,-0.003479745813131818,-0.04162206510455757,0,-1.0,False,False
2025/26,2025-08-30,Tottenham,Bournemouth,Away,Bournemouth,Pinnacle,4.39,+300 and longer,0.35961314699792957,0.21955320392679148,0.1400599430711381,0.5787017153209106,1,3.3899999999999997,True,True
2025/26,2025-08-30,Wolves,Everton,Home,Wolves,Pinnacle,2.74,+150 to +199,0.33727499004309913,0.35330994060337556,-0.01603495056027643,-0.07586652728190835,0,-1.0,False,False
2025/26,2025-08-30,Wolves,Everton,Away,Everton,Pinnacle,2.79,+150 to +199,0.385354703010487,0.3469782212377237,0.038376481772763316,0.07513962139925878,1,1.79,True,True
2025/26,2025-08-31,Aston Villa,Crystal Palace,Away,Crystal Palace,Pinnacle,4.21,+300 and longer,0.3058535439729646,0.2295309527940835,0.0763225911788811,0.28764342012618105,1,3.21,True,True
2025/26,2025-08-31,Brighton,Man City,Home,Brighton,Pinnacle,3.92,+200 to +299,0.3069118422760015,0.24630128721503422,0.06061055506096727,0.2030944217219257,1,2.92,True,True
2025/26,2025-08-31,Liverpool,Arsenal,Home,Liverpool,Pinnacle,2.27,+100 to +149,0.4281870401468988,0.4262117053186589,0.0019753348282399164,-0.028015418866539687,1,1.27,True,False
2025/26,2025-08-31,Liverpool,Arsenal,Away,Arsenal,Pinnacle,3.28,+200 to +299,0.32580865576345835,0.29496968630285236,0.03083896946060599,0.06865239090414343,0,-1.0,True,True
2025/26,2025-08-31,Nott'm Forest,West Ham,Away,West Ham,Pinnacle,5.13,+300 and longer,0.2569930462603551,0.18781290749526014,0.06918013876509493,0.31837432731562143,1,4.13,True,True
2025/26,2025-09-13,Arsenal,Nott'm Forest,Away,Nott'm Forest,Pinnacle,8.14,+300 and longer,0.1251945266722705,0.1183568249985297,0.006837701673740787,0.019083447112281826,0,-1.0,True,True
2025/26,2025-09-13,Bournemouth,Brighton,Home,Bournemouth,Pinnacle,2.4,+100 to +149,0.4508721942339236,0.40361020691539007,0.04726198731853354,0.08209326616141666,1,1.4,True,True
2025/26,2025-09-13,Bournemouth,Brighton,Away,Brighton,Pinnacle,2.98,+150 to +199,0.31687923305535537,0.32505520020031414,-0.008175967144958773,-0.05569988549504101,0,-1.0,False,False
2025/26,2025-09-13,Brentford,Chelsea,Home,Brentford,Pinnacle,4.63,+300 and longer,0.38465166730205613,0.20821041471369567,0.17644125258836046,0.7809372196085198,0,-1.0,True,True
2025/26,2025-09-13,Crystal Palace,Sunderland,Away,Sunderland,Pinnacle,5.51,+300 and longer,0.23903662760112726,0.1747673216132368,0.06426930598789046,0.3170918180822111,0,-1.0,True,True
2025/26,2025-09-13,Everton,Aston Villa,Home,Everton,Pinnacle,2.46,+100 to +149,0.37117469118752133,0.3939049709678286,-0.022730279780307283,-0.08691025967869759,0,-1.0,False,False
2025/26,2025-09-13,Everton,Aston Villa,Away,Aston Villa,Pinnacle,3.01,+200 to +299,0.36802460884807736,0.3219289795949696,0.046095629253107784,0.10775407263271286,0,-1.0,True,True
2025/26,2025-09-13,Fulham,Leeds,Away,Leeds,Pinnacle,3.99,+200 to +299,0.2595230909059142,0.24237655197424465,0.017146538931669536,0.035497132714597646,0,-1.0,True,True
2025/26,2025-09-13,Newcastle,Wolves,Away,Wolves,Pinnacle,7.21,+300 and longer,0.1284902954245421,0.13325457655631265,-0.004764281131770548,-0.07358496998905151,0,-1.0,False,False
2025/26,2025-09-13,West Ham,Tottenham,Home,West Ham,Pinnacle,3.55,+200 to +299,0.3560440208734575,0.2723950121828866,0.0836490086905709,0.26395627410077394,0,-1.0,True,True
2025/26,2025-09-13,West Ham,Tottenham,Away,Tottenham,Pinnacle,2.1,+100 to +149,0.40939886774847994,0.4604772824996416,-0.05107841475116165,-0.14026237772819206,1,1.1,False,False
2025/26,2025-09-14,Burnley,Liverpool,Home,Burnley,Pinnacle,9.0,+300 and longer,0.10832537004980443,0.10671413681239535,0.001611233237409082,-0.0250716695517601,0,-1.0,True,False
2025/26,2025-09-14,Man City,Man United,Away,Man United,Pinnacle,4.33,+300 and longer,0.1727486556601166,0.22281364114625238,-0.05006498548613578,-0.25199832099169506,0,-1.0,False,False
2025/26,2025-09-20,Brighton,Tottenham,Home,Brighton,Pinnacle,2.28,+100 to +149,0.503970479896178,0.424315433788592,0.07965504610758606,0.14905269416328593,0,-1.0,True,True
2025/26,2025-09-20,Brighton,Tottenham,Away,Tottenham,Pinnacle,3.1,+200 to +299,0.2764387096435073,0.3120771577541902,-0.035638448110682897,-0.1430400001051273,0,-1.0,False,False
2025/26,2025-09-20,Burnley,Nott'm Forest,Home,Burnley,Pinnacle,3.43,+200 to +299,0.28602211623412044,0.28188360577650917,0.004138510457611266,-0.018944141316966867,0,-1.0,True,False
2025/26,2025-09-20,Burnley,Nott'm Forest,Away,Nott'm Forest,Pinnacle,2.2,+100 to +149,0.453552215771774,0.43948216718792116,0.014070048583852857,-0.002185125302097135,0,-1.0,True,False
2025/26,2025-09-20,Fulham,Brentford,Home,Fulham,Pinnacle,2.05,+100 to +149,0.3785596076020152,0.4719453466233621,-0.09338573902134695,-0.22395280441586896,1,1.0499999999999998,False,False
2025/26,2025-09-20,Fulham,Brentford,Away,Brentford,Pinnacle,3.92,+200 to +299,0.36637164945668954,0.246808153208646,0.11956349624804355,0.436176865870223,0,-1.0,True,True
2025/26,2025-09-20,Liverpool,Everton,Away,Everton,Pinnacle,7.25,+300 and longer,0.13219005875907944,0.13258110014104374,-0.00039104138196430216,-0.04162207399667406,0,-1.0,False,False
2025/26,2025-09-20,Man United,Chelsea,Home,Man United,Pinnacle,2.71,+150 to +199,0.3519061016475994,0.35714339848575566,-0.005237296838156269,-0.04633446453500567,1,1.71,False,False
2025/26,2025-09-20,Man United,Chelsea,Away,Chelsea,Pinnacle,2.52,+150 to +199,0.4165952550147288,0.384070876943015,0.03252437807171382,0.0498200426371167,0,-1.0,True,True
2025/26,2025-09-20,West Ham,Crystal Palace,Home,West Ham,Pinnacle,3.09,+200 to +299,0.30832073682578454,0.31312016372897333,-0.004799426903188797,-0.047288923208325784,0,-1.0,False,False
2025/26,2025-09-20,West Ham,Crystal Palace,Away,Crystal Palace,Pinnacle,2.41,+100 to +149,0.443973769533979,0.4014694215446172,0.04250434798936181,0.0699767845768895,1,1.4100000000000001,True,True
2025/26,2025-09-20,Wolves,Leeds,Home,Wolves,Pinnacle,2.78,+150 to +199,0.37026646441192074,0.34803309213472555,0.022233372277195185,0.02934077106513966,0,-1.0,True,True
2025/26,2025-09-20,Wolves,Leeds,Away,Leeds,Pinnacle,2.76,+150 to +199,0.3463792721251596,0.3505550710632381,-0.004175798938078457,-0.04399320893455949,1,1.7599999999999998,False,False
2025/26,2025-09-21,Arsenal,Man City,Away,Man City,Pinnacle,3.99,+200 to +299,0.2583718534655694,0.24224072672218014,0.016131126743389262,0.03090369532762205,0,-1.0,True,True
2025/26,2025-09-21,Bournemouth,Newcastle,Home,Bournemouth,Pinnacle,2.47,+100 to +149,0.37119895500570094,0.3917721688391638,-0.02057321383346289,-0.08313858113591865,0,-1.0,False,False
2025/26,2025-09-21,Bournemouth,Newcastle,Away,Newcastle,Pinnacle,2.87,+150 to +199,0.3887344178284581,0.33716977596959397,0.05156464185886411,0.11566777916767479,0,-1.0,True,True
2025/26,2025-09-21,Sunderland,Aston Villa,Home,Sunderland,Pinnacle,3.71,+200 to +299,0.281768268064243,0.2607878093144186,0.020980458749824404,0.04536027451834146,0,-1.0,True,True
2025/26,2025-09-21,Sunderland,Aston Villa,Away,Aston Villa,Pinnacle,2.14,+100 to +149,0.4196428920386637,0.45211344511985657,-0.0324705530811929,-0.10196421103725972,0,-1.0,False,False
2025/26,2025-09-27,Brentford,Man United,Home,Brentford,Pinnacle,3.47,+200 to +299,0.4714338125392337,0.2784045139196934,0.19302929861954032,0.635875329511141,1,2.47,True,True
2025/26,2025-09-27,Brentford,Man United,Away,Man United,Pinnacle,2.07,+100 to +149,0.2943479170665482,0.4666974218847034,-0.1723495048181552,-0.3906998116722452,0,-1.0,False,False
2025/26,2025-09-27,Chelsea,Brighton,Away,Brighton,Pinnacle,3.98,+200 to +299,0.2723571774337695,0.24237577167633878,0.029981405757430746,0.08398156618640273,1,2.98,True,True
2025/26,2025-09-27,Crystal Palace,Liverpool,Home,Crystal Palace,Pinnacle,3.93,+200 to +299,0.2685810488608409,0.24576039248679715,0.022820656374043735,0.05552352202310473,1,2.93,True,True
2025/26,2025-09-27,Leeds,Bournemouth,Home,Leeds,Pinnacle,2.99,+150 to +199,0.2731701900090315,0.3234322663779017,-0.0502620763688702,-0.18322113187299582,0,-1.0,False,False
2025/26,2025-09-27,Leeds,Bournemouth,Away,Bournemouth,Pinnacle,2.51,+150 to +199,0.46337401115616006,0.38528385516730124,0.07809015598885882,0.16306876800196157,0,-1.0,True,True
2025/26,2025-09-27,Man City,Burnley,Away,Burnley,Pinnacle,14.45,+300 and longer,0.07312166837185224,0.06631785134826364,0.006803817023588607,0.05660810797326499,0,-1.0,True,True
2025/26,2025-09-27,Nott'm Forest,Sunderland,Away,Sunderland,Pinnacle,4.76,+300 and longer,0.25026919862907204,0.20324250648620862,0.047026692142863424,0.1912813854743829,1,3.76,True,True
2025/26,2025-09-27,Tottenham,Wolves,Away,Wolves,Pinnacle,6.08,+300 and longer,0.21211710521290444,0.15857049675581034,0.05354660845709411,0.289671999694459,0,-1.0,True,True
2025/26,2025-09-28,Aston Villa,Fulham,Home,Aston Villa,Pinnacle,2.3,+100 to +149,0.4636444501991061,0.42051330262292,0.04313114757618608,0.06638223545794397,1,1.2999999999999998,True,True
2025/26,2025-09-28,Aston Villa,Fulham,Away,Fulham,Pinnacle,3.55,+200 to +299,0.2806564316325474,0.27244523831907497,0.00821119331347242,-0.0036696677044568693,0,-1.0,True,False
2025/26,2025-09-28,Newcastle,Arsenal,Home,Newcastle,Pinnacle,3.64,+200 to +299,0.325256463495329,0.2657022390229718,0.0595542244723572,0.1839335271229976,0,-1.0,True,True
2025/26,2025-09-28,Newcastle,Arsenal,Away,Arsenal,Pinnacle,2.15,+100 to +149,0.4111296004992084,0.449840069787729,-0.03871046928852062,-0.11607135892670206,1,1.15,False,False
2025/26,2025-09-29,Everton,West Ham,Away,West Ham,Pinnacle,4.9,+300 and longer,0.24142524651402383,0.1968899828517434,0.044535263662280444,0.18298370791871688,0,-1.0,True,True
2025/26,2025-10-03,Bournemouth,Fulham,Away,Fulham,Pinnacle,3.93,+200 to +299,0.2548079634818929,0.24590923601313988,0.008898727468753004,0.0013952964838390702,0,-1.0,True,True
2025/26,2025-10-04,Arsenal,West Ham,Away,West Ham,Pinnacle,13.68,+300 and longer,0.08935586146756871,0.07002893757751136,0.019326923890057357,0.22238818487634004,0,-1.0,True,True
2025/26,2025-10-04,Chelsea,Liverpool,Home,Chelsea,Pinnacle,2.92,+150 to +199,0.3201217310226768,0.3311030353270322,-0.0109813043043554,-0.06524454541378366,1,1.92,False,False
2025/26,2025-10-04,Chelsea,Liverpool,Away,Liverpool,Pinnacle,2.3,+100 to +149,0.4535304432115444,0.42035689702388446,0.03317354618765994,0.04312001938655197,0,-1.0,True,True
2025/26,2025-10-04,Leeds,Tottenham,Home,Leeds,Pinnacle,2.78,+150 to +199,0.36459455444994165,0.3482991735664025,0.016295380883539157,0.013572861370837686,0,-1.0,True,True
2025/26,2025-10-04,Leeds,Tottenham,Away,Tottenham,Pinnacle,2.55,+150 to +199,0.3758751487169508,0.37971439314298,-0.003839244426029176,-0.04151837077177545,1,1.5499999999999998,False,False
2025/26,2025-10-04,Man United,Sunderland,Away,Sunderland,Pinnacle,6.18,+300 and longer,0.25192498053921,0.15606445767765886,0.09586052286155111,0.5568963797323176,0,-1.0,True,True
2025/26,2025-10-05,Aston Villa,Burnley,Away,Burnley,Pinnacle,6.21,+300 and longer,0.14230168370485805,0.15533640404984195,-0.013034720344983902,-0.1163065441928316,0,-1.0,False,False
2025/26,2025-10-05,Brentford,Man City,Home,Brentford,Pinnacle,4.87,+300 and longer,0.2943680708156335,0.19795181563121952,0.09641625518441396,0.43357250487213506,0,-1.0,True,True
2025/26,2025-10-05,Everton,Crystal Palace,Home,Everton,Pinnacle,2.59,+150 to +199,0.35756721199692,0.37418923072732857,-0.016622018730408583,-0.07390092092797729,1,1.5899999999999999,False,False
2025/26,2025-10-05,Everton,Crystal Palace,Away,Crystal Palace,Pinnacle,2.95,+150 to +199,0.37173068630843686,0.32852546019789186,0.043205226110545,0.09660552460988892,0,-1.0,True,True
2025/26,2025-10-05,Newcastle,Nott'm Forest,Away,Nott'm Forest,Pinnacle,5.27,+300 and longer,0.17294294912895958,0.18319345741385937,-0.01025050828489979,-0.08859065809038313,0,-1.0,False,False
2025/26,2025-10-05,Wolves,Brighton,Home,Wolves,Pinnacle,3.82,+200 to +299,0.275773826373146,0.2526757433770607,0.02309808299608529,0.05345601674541767,0,-1.0,True,True
2025/26,2025-10-18,Brighton,Newcastle,Home,Brighton,Pinnacle,2.71,+150 to +199,0.35836174858093933,0.35760243819844223,0.0007593103824971026,-0.02883966134565441,1,1.71,True,False
2025/26,2025-10-18,Brighton,Newcastle,Away,Newcastle,Pinnacle,2.64,+150 to +199,0.40078144678679944,0.36708432102946154,0.03369712575733791,0.05806301951715054,0,-1.0,True,True
2025/26,2025-10-18,Burnley,Leeds,Home,Burnley,Pinnacle,3.43,+200 to +299,0.2833934283598673,0.28193322634112966,0.001460202018737644,-0.027960540725655125,1,2.43,True,False
2025/26,2025-10-18,Burnley,Leeds,Away,Leeds,Pinnacle,2.28,+100 to +149,0.4378503095044179,0.4241363887500329,0.01371392075438499,-0.001701294329927272,0,-1.0,True,False
2025/26,2025-10-18,Crystal Palace,Bournemouth,Home,Crystal Palace,Pinnacle,2.23,+100 to +149,0.43099357109482683,0.43364605527853084,-0.002652484183704007,-0.03888433645853617,0,-1.0,False,False
2025/26,2025-10-18,Crystal Palace,Bournemouth,Away,Bournemouth,Pinnacle,3.43,+200 to +299,0.3216095351761184,0.281933149641727,0.0396763855343914,0.10312070565408615,0,-1.0,True,True
2025/26,2025-10-18,Fulham,Arsenal,Home,Fulham,Pinnacle,5.98,+300 and longer,0.20548594856998298,0.16131968039427996,0.044166268175703016,0.22880597244849832,0,-1.0,True,True
2025/26,2025-10-18,Man City,Everton,Away,Everton,Pinnacle,7.71,+300 and longer,0.15919298367961246,0.12493394884794896,0.034259034831663496,0.22737790416981207,0,-1.0,True,True
2025/26,2025-10-18,Nott'm Forest,Chelsea,Home,Nott'm Forest,Pinnacle,3.77,+200 to +299,0.28714854559237746,0.25608307299687594,0.03106547259550152,0.08255001688326291,0,-1.0,True,True
2025/26,2025-10-18,Sunderland,Wolves,Home,Sunderland,Pinnacle,2.5,+150 to +199,0.4209156659660115,0.3870623605857822,0.03385330538022929,0.052289164915028774,1,1.5,True,True
2025/26,2025-10-18,Sunderland,Wolves,Away,Wolves,Pinnacle,3.25,+200 to +299,0.27051947100582563,0.2977402773736786,-0.027220806367852957,-0.1208117192310667,0,-1.0,False,False
2025/26,2025-10-19,Liverpool,Man United,Away,Man United,Pinnacle,5.32,+300 and longer,0.14720905719196659,0.18149790993556392,-0.03428885274359733,-0.21684781573873768,1,4.32,False,False
2025/26,2025-10-19,Tottenham,Aston Villa,Home,Tottenham,Pinnacle,2.07,+100 to +149,0.4095882823958391,0.4671805239361419,-0.05759224154030279,-0.15215225544061306,0,-1.0,False,False
2025/26,2025-10-19,Tottenham,Aston Villa,Away,Aston Villa,Pinnacle,3.5,+200 to +299,0.3469488937330559,0.2763039098708039,0.07064498386225199,0.2143211280656956,1,2.5,True,True
2025/26,2025-10-20,West Ham,Brentford,Home,West Ham,Pinnacle,2.54,+150 to +199,0.3032938887060955,0.38087371015356286,-0.07757982144746733,-0.22963352268651738,0,-1.0,False,False
2025/26,2025-10-20,West Ham,Brentford,Away,Brentford,Pinnacle,2.87,+150 to +199,0.4514545245204381,0.3370798689163936,0.11437465560404453,0.2956744853736575,1,1.87,True,True
2025/26,2025-10-24,Leeds,West Ham,Away,West Ham,Pinnacle,4.72,+300 and longer,0.23577480031725506,0.20566720940970623,0.03010759090754883,0.1128570574974439,0,-1.0,True,True
2025/26,2025-10-25,Brentford,Liverpool,Home,Brentford,Pinnacle,4.25,+300 and longer,0.2823261789751867,0.22704635890925956,0.05527982006592713,0.1998862606445435,1,3.25,True,True
2025/26,2025-10-25,Chelsea,Sunderland,Away,Sunderland,Pinnacle,8.0,+300 and longer,0.17930653188248225,0.12005279683219004,0.0592537350502922,0.43445225505985796,1,7.0,True,True
2025/26,2025-10-25,Man United,Brighton,Home,Man United,Pinnacle,2.0,+100 to +149,0.411631560907694,0.4829918824893699,-0.07136032158167593,-0.17673687818461203,1,1.0,False,False
2025/26,2025-10-25,Man United,Brighton,Away,Brighton,Pinnacle,3.57,+200 to +299,0.3519905832390211,0.2705836876691148,0.08140689556990632,0.25660638216330534,0,-1.0,True,True
2025/26,2025-10-25,Newcastle,Fulham,Away,Fulham,Pinnacle,5.59,+300 and longer,0.19444915439955346,0.1725345898862939,0.02191456451325957,0.08697077309350387,0,-1.0,True,True
2025/26,2025-10-26,Arsenal,Crystal Palace,Away,Crystal Palace,Pinnacle,7.49,+300 and longer,0.1656334219129022,0.12834297457324031,0.037290447339661886,0.24059433012763742,0,-1.0,True,True
2025/26,2025-10-26,Aston Villa,Man City,Home,Aston Villa,Pinnacle,4.24,+300 and longer,0.27693256019513507,0.22795262645250547,0.0489799337426296,0.17419405522737286,1,3.24,True,True
2025/26,2025-10-26,Bournemouth,Nott'm Forest,Away,Nott'm Forest,Pinnacle,4.48,+300 and longer,0.22043917424740303,0.21579133230233433,0.004647841945068704,-0.012432499371634376,0,-1.0,True,False
2025/26,2025-10-26,Everton,Tottenham,Home,Everton,Pinnacle,2.42,+100 to +149,0.41703616542251787,0.4000176542153277,0.017018511207190168,0.009227520322493188,0,-1.0,True,True
2025/26,2025-10-26,Everton,Tottenham,Away,Tottenham,Pinnacle,3.13,+200 to +299,0.32668047112413445,0.3092788253038636,0.017401645820270872,0.022509874618540815,1,2.13,True,True
2025/26,2025-10-26,Wolves,Burnley,Home,Wolves,Pinnacle,2.0,+100 to +149,0.5118395793568182,0.483456271195693,0.02838330816112522,0.02367915871363646,0,-1.0,True,True
2025/26,2025-10-26,Wolves,Burnley,Away,Burnley,Pinnacle,4.18,+300 and longer,0.2264456782202967,0.23131879004578618,-0.004873111825489468,-0.05345706503915981,1,3.1799999999999997,False,False
2025/26,2025-11-01,Brighton,Leeds,Away,Leeds,Pinnacle,4.15,+300 and longer,0.2708139201973084,0.2327441751077111,0.03806974508959729,0.12387776881882995,0,-1.0,True,True
2025/26,2025-11-01,Burnley,Arsenal,Home,Burnley,Pinnacle,9.99,+300 and longer,0.09052333632934163,0.09614890793329284,-0.005625571603951204,-0.0956718700698771,0,-1.0,False,False
2025/26,2025-11-01,Crystal Palace,Brentford,Away,Brentford,Pinnacle,4.01,+300 and longer,0.31233706701256797,0.24057636965297857,0.0717606973595894,0.2524716387203976,0,-1.0,True,True
2025/26,2025-11-01,Fulham,Wolves,Away,Wolves,Pinnacle,4.56,+300 and longer,0.22734656427153557,0.2121490322087063,0.015197532062829283,0.036700333078202085,0,-1.0,True,True
2025/26,2025-11-01,Liverpool,Aston Villa,Away,Aston Villa,Pinnacle,5.07,+300 and longer,0.1676621656096191,0.19016857372209145,-0.022506408112472343,-0.14995282035923108,0,-1.0,False,False
2025/26,2025-11-01,Nott'm Forest,Man United,Home,Nott'm Forest,Pinnacle,3.43,+200 to +299,0.35220790944760455,0.28158278615856824,0.0706251232890363,0.20807312940528377,0,-1.0,True,True
2025/26,2025-11-01,Nott'm Forest,Man United,Away,Man United,Pinnacle,2.06,+100 to +149,0.39351310177413906,0.4688490080213054,-0.07533590624716635,-0.18936301034527347,0,-1.0,False,False
2025/26,2025-11-01,Tottenham,Chelsea,Home,Tottenham,Pinnacle,2.73,+150 to +199,0.3607342573102852,0.35480213046217285,0.00593212684811234,-0.015195477542921387,0,-1.0,True,False
2025/26,2025-11-01,Tottenham,Chelsea,Away,Chelsea,Pinnacle,2.56,+150 to +199,0.4081463440142032,0.37836320943817653,0.02978313457602666,0.044854640676360136,1,1.56,True,True
2025/26,2025-11-02,Man City,Bournemouth,Away,Bournemouth,Pinnacle,6.02,+300 and longer,0.19898314082932966,0.15989451086435552,0.03908862996497414,0.19787850779256444,0,-1.0,True,True
2025/26,2025-11-02,West Ham,Newcastle,Home,West Ham,Pinnacle,5.07,+300 and longer,0.20345217229139403,0.1904850692374557,0.012967103053938334,0.03150251351736788,1,4.07,True,True
2025/26,2025-11-03,Sunderland,Everton,Home,Sunderland,Pinnacle,2.82,+150 to +199,0.3805473839865001,0.34337746784149276,0.037169916145007365,0.07314362284193021,0,-1.0,True,True
2025/26,2025-11-03,Sunderland,Everton,Away,Everton,Pinnacle,2.75,+150 to +199,0.31239278587905184,0.35211798520473075,-0.03972519932567892,-0.1409198388326074,0,-1.0,False,False
2025/26,2025-11-08,Chelsea,Wolves,Away,Wolves,Pinnacle,8.42,+300 and longer,0.14776476721507242,0.11432823318123839,0.03343653403383404,0.2441793399509098,0,-1.0,True,True
2025/26,2025-11-08,Everton,Fulham,Home,Everton,Pinnacle,2.26,+100 to +149,0.40338546898953237,0.42782881604128675,-0.024443347051754383,-0.08834884008365695,1,1.2599999999999998,False,False
2025/26,2025-11-08,Everton,Fulham,Away,Fulham,Pinnacle,3.41,+200 to +299,0.3204000763118287,0.28354637074877065,0.03685370556305806,0.09256426022333586,0,-1.0,True,True
2025/26,2025-11-08,Sunderland,Arsenal,Home,Sunderland,Pinnacle,7.56,+300 and longer,0.18386559406522743,0.12705375787105236,0.05681183619417507,0.3900238911331193,0,-1.0,True,True
2025/26,2025-11-08,Tottenham,Man United,Home,Tottenham,Pinnacle,2.72,+150 to +199,0.41615744839415436,0.35562842201454425,0.06052902637961011,0.1319482596321,0,-1.0,True,True
2025/26,2025-11-08,Tottenham,Man United,Away,Man United,Pinnacle,2.58,+150 to +199,0.351586479465567,0.37492608832541097,-0.023339608859843985,-0.0929068829788372,0,-1.0,False,False
2025/26,2025-11-08,West Ham,Burnley,Away,Burnley,Pinnacle,4.12,+300 and longer,0.2232496347777862,0.23454036002499612,-0.01129072524720992,-0.08021150471552085,0,-1.0,False,False
2025/26,2025-11-09,Aston Villa,Bournemouth,Home,Aston Villa,Pinnacle,2.25,+100 to +149,0.4136391285619069,0.42944447976781325,-0.01580535120590637,-0.06931196073570955,1,1.25,False,False
2025/26,2025-11-09,Aston Villa,Bournemouth,Away,Bournemouth,Pinnacle,3.29,+200 to +299,0.33297817209535,0.2936930332758601,0.03928513881948992,0.09549818619370165,0,-1.0,True,True
2025/26,2025-11-09,Brentford,Newcastle,Home,Brentford,Pinnacle,2.97,+150 to +199,0.3720585954433335,0.32635944593985744,0.04569914950347603,0.1050140284667005,1,1.9700000000000002,True,True
2025/26,2025-11-09,Brentford,Newcastle,Away,Newcastle,Pinnacle,2.5,+150 to +199,0.38485018808057125,0.3877150217765507,-0.002864833695979452,-0.037874529798571865,0,-1.0,False,False
2025/26,2025-11-09,Crystal Palace,Brighton,Home,Crystal Palace,Pinnacle,2.3,+100 to +149,0.45455668030097657,0.42064622535422447,0.0339104549467521,0.04548036469224592,0,-1.0,True,True
2025/26,2025-11-09,Crystal Palace,Brighton,Away,Brighton,Pinnacle,3.1,+200 to +299,0.3058038606037187,0.3120923607466826,-0.006288500142963893,-0.05200803212847194,0,-1.0,False,False
2025/26,2025-11-09,Man City,Liverpool,Away,Liverpool,Pinnacle,3.85,+200 to +299,0.32994779783067335,0.2505323944029997,0.07941540342767367,0.2702990216480925,0,-1.0,True,True
2025/26,2025-11-09,Nott'm Forest,Leeds,Home,Nott'm Forest,Pinnacle,2.29,+100 to +149,0.3985089712842638,0.4229986164385102,-0.024489645154246398,-0.08741445575903584,1,1.29,False,False
2025/26,2025-11-09,Nott'm Forest,Leeds,Away,Leeds,Pinnacle,3.27,+200 to +299,0.3168070827500758,0.29622838888201475,0.02057869386806105,0.03595916059274784,0,-1.0,True,True
2025/26,2025-11-22,Bournemouth,West Ham,Away,West Ham,Pinnacle,5.26,+300 and longer,0.18237934711980336,0.18340877390807117,-0.001029426788267812,-0.040684634149834364,0,-1.0,False,False
2025/26,2025-11-22,Brighton,Brentford,Away,Brentford,Pinnacle,4.05,+300 and longer,0.32724170277834025,0.23858794887401097,0.08865375390432928,0.325328896252278,0,-1.0,True,True
2025/26,2025-11-22,Burnley,Chelsea,Home,Burnley,Pinnacle,6.45,+300 and longer,0.154566494525026,0.14942109581548,0.005145398709546001,-0.003046110313582262,0,-1.0,True,False
2025/26,2025-11-22,Fulham,Sunderland,Home,Fulham,Pinnacle,2.12,+100 to +149,0.43324719085663244,0.4564063792759122,-0.023159188419279775,-0.08151595538393919,1,1.12,False,False
2025/26,2025-11-22,Fulham,Sunderland,Away,Sunderland,Pinnacle,3.95,+200 to +299,0.2719052057517287,0.2449573478645402,0.02694785788718851,0.07402556271932847,0,-1.0,True,True
2025/26,2025-11-22,Liverpool,Nott'm Forest,Away,Nott'm Forest,Pinnacle,6.9,+300 and longer,0.12244732911687674,0.1395326001571092,-0.017085271040232455,-0.15511342909355041,1,5.9,False,False
2025/26,2025-11-22,Newcastle,Man City,Home,Newcastle,Pinnacle,3.69,+200 to +299,0.36629953325981746,0.2620508930418592,0.10424864021795827,0.35164527772872645,1,2.69,True,True
2025/26,2025-11-22,Newcastle,Man City,Away,Man City,Pinnacle,2.0,+100 to +149,0.38303601293123213,0.48348389766223016,-0.10044788473099803,-0.23392797413753574,0,-1.0,False,False
2025/26,2025-11-22,Wolves,Crystal Palace,Home,Wolves,Pinnacle,3.92,+200 to +299,0.2517711846565393,0.24674773077581777,0.0050234538807215345,-0.013056956146365928,0,-1.0,True,False
2025/26,2025-11-23,Arsenal,Tottenham,Away,Tottenham,Pinnacle,7.88,+300 and longer,0.1202939191716053,0.1224074577993869,-0.0021135386277816026,-0.05208391692775027,0,-1.0,False,False
2025/26,2025-11-23,Leeds,Aston Villa,Home,Leeds,Pinnacle,3.05,+200 to +299,0.3415799022392805,0.31767601899623404,0.02390388324304643,0.041818701829805294,0,-1.0,True,True
2025/26,2025-11-23,Leeds,Aston Villa,Away,Aston Villa,Pinnacle,2.51,+150 to +199,0.38251663491366417,0.38602066053327244,-0.0035040256196082753,-0.03988324636670304,1,1.5099999999999998,False,False
2025/26,2025-11-24,Man United,Everton,Away,Everton,Pinnacle,4.68,+300 and longer,0.27995410067342685,0.20641194554238032,0.07354215513104653,0.31018519115163756,1,3.6799999999999997,True,True
2025/26,2025-11-29,Brentford,Burnley,Away,Burnley,Pinnacle,6.95,+300 and longer,0.09950613364531845,0.13888216113645416,-0.03937602749113571,-0.30843237116503674,0,-1.0,False,False
2025/26,2025-11-29,Everton,Newcastle,Home,Everton,Pinnacle,2.79,+150 to +199,0.3017522795014398,0.34694972588358797,-0.045197446382148176,-0.15811114019098294,0,-1.0,False,False
2025/26,2025-11-29,Everton,Newcastle,Away,Newcastle,Pinnacle,2.64,+150 to +199,0.442657470741473,0.36666277849061,0.07599469225086297,0.1686157227574887,1,1.6400000000000001,True,True
2025/26,2025-11-29,Man City,Leeds,Away,Leeds,Pinnacle,10.58,+300 and longer,0.12748054026188724,0.0906883311310938,0.03679220913079344,0.34874411597076693,0,-1.0,True,True
2025/26,2025-11-29,Sunderland,Bournemouth,Home,Sunderland,Pinnacle,3.14,+200 to +299,0.2847899444449824,0.3083700440528634,-0.02358009960788099,-0.10575957444275519,1,2.14,False,False
2025/26,2025-11-29,Sunderland,Bournemouth,Away,Bournemouth,Pinnacle,2.38,+100 to +149,0.44289131755463934,0.40684115055713915,0.03605016699750019,0.054081335780041595,0,-1.0,True,True
2025/26,2025-11-29,Tottenham,Fulham,Home,Tottenham,Pinnacle,2.3,+100 to +149,0.4278874022053466,0.42099282026581575,0.006894581939530853,-0.01585897492770294,0,-1.0,True,False
2025/26,2025-11-29,Tottenham,Fulham,Away,Fulham,Pinnacle,3.38,+200 to +299,0.3181382249073775,0.28647440432289234,0.031663820584485136,0.07530720018693593,1,2.38,True,True
2025/26,2025-11-30,Aston Villa,Wolves,Away,Wolves,Pinnacle,6.56,+300 and longer,0.19046643526422766,0.1468302931270217,0.04363614213720596,0.2494598153333334,0,-1.0,True,True
2025/26,2025-11-30,Chelsea,Arsenal,Home,Chelsea,Pinnacle,3.47,+200 to +299,0.29677186965434427,0.2789972854318174,0.017774584222526868,0.029798387700574747,0,-1.0,True,True
2025/26,2025-11-30,Chelsea,Arsenal,Away,Arsenal,Pinnacle,2.25,+100 to +149,0.4468474885288322,0.43027581353262506,0.016571674996207153,0.0054068491898724425,0,-1.0,True,True
2025/26,2025-11-30,Crystal Palace,Man United,Home,Crystal Palace,Pinnacle,2.29,+100 to +149,0.48905760883291083,0.42213131657786496,0.06692629225504587,0.11994192422736583,0,-1.0,True,True
2025/26,2025-11-30,Crystal Palace,Man United,Away,Man United,Pinnacle,3.11,+200 to +299,0.2766213597056618,0.3108298118853089,-0.034208452179647075,-0.1397075713153918,1,2.11,False,False
2025/26,2025-11-30,Nott'm Forest,Brighton,Home,Nott'm Forest,Pinnacle,2.81,+150 to +199,0.3467339063639904,0.3446747389880769,0.0020591673759134954,-0.02567772311718708,0,-1.0,True,False
2025/26,2025-11-30,Nott'm Forest,Brighton,Away,Brighton,Pinnacle,2.58,+150 to +199,0.391031536542479,0.3754015568048434,0.015629979737635635,0.00886136427959583,1,1.58,True,True
2025/26,2025-11-30,West Ham,Liverpool,Home,West Ham,Pinnacle,4.45,+300 and longer,0.15760803785698743,0.21682691171954357,-0.05921887386255614,-0.29864423153640585,0,-1.0,False,False
2025/26,2025-12-02,Bournemouth,Everton,Home,Bournemouth,Pinnacle,2.28,+100 to +149,0.5219795885775879,0.4267496111975117,0.09522997738007616,0.19011346195690026,0,-1.0,True,True
2025/26,2025-12-02,Bournemouth,Everton,Away,Everton,Pinnacle,3.43,+200 to +299,0.2352996954517584,0.2836702954898911,-0.04837060003813268,-0.19292204460046858,1,2.43,False,False
2025/26,2025-12-02,Fulham,Man City,Home,Fulham,Pinnacle,4.73,+300 and longer,0.25579339280651187,0.2042784716211203,0.051514921185391555,0.20990274797480124,0,-1.0,True,True
2025/26,2025-12-02,Newcastle,Tottenham,Away,Tottenham,Pinnacle,4.29,+300 and longer,0.19449439385589382,0.22586384758804104,-0.03136945373214722,-0.16561905035821556,0,-1.0,False,False
2025/26,2025-12-03,Arsenal,Brentford,Away,Brentford,Pinnacle,8.75,+300 and longer,0.17249705603881868,0.10990391777709226,0.06259313826172642,0.5093492403396636,0,-1.0,True,True
2025/26,2025-12-03,Brighton,Aston Villa,Home,Brighton,Pinnacle,2.18,+100 to +149,0.47722433162113176,0.4432972265906318,0.03392710503049995,0.04034904293406738,0,-1.0,True,True
2025/26,2025-12-03,Brighton,Aston Villa,Away,Aston Villa,Pinnacle,3.37,+200 to +299,0.27903892798248786,0.2867620041446817,-0.007723076162193865,-0.05963881269901583,1,2.37,False,False
2025/26,2025-12-03,Burnley,Crystal Palace,Home,Burnley,Pinnacle,4.64,+300 and longer,0.18287976918605026,0.20789906078240697,-0.025019291596356713,-0.1514378709767269,0,-1.0,False,False
2025/26,2025-12-03,Leeds,Chelsea,Home,Leeds,Pinnacle,4.27,+300 and longer,0.27947194181951873,0.2259099149351555,0.053562026884363234,0.19334519156934493,1,3.2699999999999996,True,True
2025/26,2025-12-03,Liverpool,Sunderland,Away,Sunderland,Pinnacle,8.12,+300 and longer,0.09914996476774267,0.11876972111553787,-0.019619756347795198,-0.19490228608592963,0,-1.0,False,False
2025/26,2025-12-03,Wolves,Nott'm Forest,Home,Wolves,Pinnacle,3.27,+200 to +299,0.34704363794058946,0.2958746929955685,0.051168944945020944,0.13483269606572756,0,-1.0,True,True
2025/26,2025-12-03,Wolves,Nott'm Forest,Away,Nott'm Forest,Pinnacle,2.32,+100 to +149,0.3698530610994714,0.41703027848944363,-0.047177217389972215,-0.1419408982492264,1,1.3199999999999998,False,False
2025/26,2025-12-04,Man United,West Ham,Away,West Ham,Pinnacle,6.52,+300 and longer,0.19013535439854512,0.14779810979288155,0.04233724460566357,0.2396825106785141,0,-1.0,True,True
2025/26,2025-12-06,Aston Villa,Arsenal,Home,Aston Villa,Pinnacle,4.32,+300 and longer,0.22221141938174813,0.2235238246002849,-0.0013124052185367607,-0.04004666827084802,1,3.3200000000000003,False,False
2025/26,2025-12-06,Bournemouth,Chelsea,Home,Bournemouth,Pinnacle,3.15,+200 to +299,0.39853218606226315,0.3072883426633358,0.09124384339892733,0.2553763860961289,0,-1.0,True,True
2025/26,2025-12-06,Bournemouth,Chelsea,Away,Chelsea,Pinnacle,2.2,+100 to +149,0.36281883369063966,0.4399810360861399,-0.07716220239550026,-0.20179856588059264,0,-1.0,False,False
2025/26,2025-12-06,Everton,Nott'm Forest,Home,Everton,Pinnacle,2.23,+100 to +149,0.44548580301029017,0.43429229763711485,0.011193505373175316,-0.006566659287052912,1,1.23,True,False
2025/26,2025-12-06,Everton,Nott'm Forest,Away,Nott'm Forest,Pinnacle,3.63,+200 to +299,0.2792967626858665,0.2667966456558584,0.012500117030008084,0.013847248549695435,0,-1.0,True,True
2025/26,2025-12-06,Leeds,Liverpool,Home,Leeds,Pinnacle,3.96,+200 to +299,0.2225558961900741,0.24379125487764852,-0.021235358687574424,-0.11867865108730657,0,-1.0,False,False
2025/26,2025-12-06,Man City,Sunderland,Away,Sunderland,Pinnacle,11.08,+300 and longer,0.11591189654207108,0.08625027072955367,0.02966162581251741,0.28430381368614754,0,-1.0,True,True
2025/26,2025-12-06,Newcastle,Burnley,Away,Burnley,Pinnacle,10.24,+300 and longer,0.0801288557851142,0.09344578613953236,-0.013316930354418166,-0.17948051676043064,0,-1.0,False,False
2025/26,2025-12-06,Tottenham,Brentford,Home,Tottenham,Pinnacle,2.39,+100 to +149,0.3565636416429923,0.40448277049914455,-0.04791912885615224,-0.14781289647324836,1,1.3900000000000001,False,False
2025/26,2025-12-06,Tottenham,Brentford,Away,Brentford,Pinnacle,3.09,+200 to +299,0.4026336873301653,0.312852369415196,0.0897813179149693,0.24413809385021068,0,-1.0,True,True
2025/26,2025-12-07,Brighton,West Ham,Away,West Ham,Pinnacle,5.73,+300 and longer,0.17346316797676423,0.16832817692219548,0.005134991054568744,-0.006056047493140926,0,-1.0,True,False
2025/26,2025-12-07,Fulham,Crystal Palace,Home,Fulham,Pinnacle,2.59,+150 to +199,0.3716896917779271,0.3737516667120194,-0.0020619749340923255,-0.037323698295168906,0,-1.0,False,False
2025/26,2025-12-07,Fulham,Crystal Palace,Away,Crystal Palace,Pinnacle,2.87,+150 to +199,0.3609010774672598,0.33728808947182237,0.02361298799543743,0.03578609233103558,1,1.87,True,True
2025/26,2025-12-08,Wolves,Man United,Home,Wolves,Pinnacle,4.19,+300 and longer,0.2939015050972574,0.2307068369807501,0.06319466811650729,0.23144730635750843,0,-1.0,True,True
2025/26,2025-12-13,Arsenal,Wolves,Away,Wolves,Pinnacle,21.15,+300 and longer,0.07115911307544705,0.0455285041551625,0.02563060892028455,0.505015241545705,0,-1.0,True,True
2025/26,2025-12-13,Burnley,Fulham,Home,Burnley,Pinnacle,3.98,+200 to +299,0.2571323639363308,0.2427929281888731,0.014339435747457718,0.023386808466596687,0,-1.0,True,True
2025/26,2025-12-13,Chelsea,Everton,Away,Everton,Pinnacle,5.3,+300 and longer,0.2078924554175771,0.1822976617004145,0.025594793717162584,0.10183001371315847,0,-1.0,True,True
2025/26,2025-12-13,Liverpool,Brighton,Away,Brighton,Pinnacle,4.68,+300 and longer,0.17626216613900625,0.2060766182298547,-0.02981445209084846,-0.17509306246945078,0,-1.0,False,False
2025/26,2025-12-14,Brentford,Leeds,Away,Leeds,Pinnacle,3.89,+200 to +299,0.23007449776725705,0.24821164555924702,-0.018137147791989966,-0.10501020368537006,0,-1.0,False,False
2025/26,2025-12-14,Crystal Palace,Man City,Home,Crystal Palace,Pinnacle,4.05,+300 and longer,0.31100788117105316,0.23852361806138095,0.07248426310967221,0.25958191874276526,0,-1.0,True,True
2025/26,2025-12-14,Nott'm Forest,Tottenham,Home,Nott'm Forest,Pinnacle,2.6,+150 to +199,0.3875694586013405,0.3722049689440993,0.015364489657241187,0.0076805923634852835,1,1.6,True,True
2025/26,2025-12-14,Nott'm Forest,Tottenham,Away,Tottenham,Pinnacle,2.82,+150 to +199,0.3466598771789042,0.343167701863354,0.0034921753155501833,-0.02241914635549025,0,-1.0,True,False
2025/26,2025-12-14,Sunderland,Newcastle,Home,Sunderland,Pinnacle,3.43,+200 to +299,0.23884200613212467,0.2818704470121163,-0.04302844087999161,-0.18077191896681233,1,2.43,False,False
2025/26,2025-12-14,Sunderland,Newcastle,Away,Newcastle,Pinnacle,2.26,+100 to +149,0.49516899703991024,0.4277945279874155,0.06737446905249472,0.11908193331019712,0,-1.0,True,True
2025/26,2025-12-14,West Ham,Aston Villa,Home,West Ham,Pinnacle,3.76,+200 to +299,0.2956757633793052,0.2572434858715557,0.03843227750774947,0.11174087030618751,0,-1.0,True,True
2025/26,2025-12-14,West Ham,Aston Villa,Away,Aston Villa,Pinnacle,2.05,+100 to +149,0.4525666804333136,0.4718221984766096,-0.019255518043296005,-0.07223830511170715,1,1.0499999999999998,False,False
2025/26,2025-12-15,Man United,Bournemouth,Away,Bournemouth,Pinnacle,3.93,+200 to +299,0.3316106086838625,0.24573881210167847,0.08587179658218402,0.30322969212757966,0,-1.0,True,True
2025/26,2025-12-20,Bournemouth,Burnley,Away,Burnley,Pinnacle,6.73,+300 and longer,0.1232860518318198,0.1429672455018915,-0.019681193670071692,-0.17028487117185265,0,-1.0,False,False
2025/26,2025-12-20,Brighton,Sunderland,Away,Sunderland,Pinnacle,5.5,+300 and longer,0.19980539634268502,0.17545293026754336,0.02435246607514166,0.09892967988476764,0,-1.0,True,True
2025/26,2025-12-20,Everton,Arsenal,Home,Everton,Pinnacle,6.18,+300 and longer,0.19997383710707986,0.15570515724240294,0.04426867986467692,0.23583831332175342,0,-1.0,True,True
2025/26,2025-12-20,Leeds,Crystal Palace,Home,Leeds,Pinnacle,2.66,+150 to +199,0.3715408690998128,0.3639243222157207,0.007616546884092135,-0.011701288194497894,1,1.6600000000000001,True,False
2025/26,2025-12-20,Leeds,Crystal Palace,Away,Crystal Palace,Pinnacle,2.81,+150 to +199,0.3601033583546099,0.34449775697288865,0.015605601381721235,0.011890436976453866,0,-1.0,True,True
2025/26,2025-12-20,Man City,West Ham,Away,West Ham,Pinnacle,12.43,+300 and longer,0.09484508995903586,0.07729319936063694,0.017551890598398914,0.17892446819081576,0,-1.0,True,True
2025/26,2025-12-20,Newcastle,Chelsea,Home,Newcastle,Pinnacle,2.87,+150 to +199,0.4624971755015994,0.33702573961171595,0.12547143588988346,0.3273668936895904,0,-1.0,True,True
2025/26,2025-12-20,Newcastle,Chelsea,Away,Chelsea,Pinnacle,2.55,+150 to +199,0.3010991370155826,0.37931916575906865,-0.07822002874348605,-0.2321972006102644,0,-1.0,False,False
2025/26,2025-12-20,Tottenham,Liverpool,Home,Tottenham,Pinnacle,3.42,+200 to +299,0.24157169395229947,0.28277634961439585,-0.041204655662096384,-0.17382480668313582,0,-1.0,False,False
2025/26,2025-12-20,Tottenham,Liverpool,Away,Liverpool,Pinnacle,2.09,+100 to +149,0.5379844058278743,0.46272493573264784,0.07525947009522649,0.12438740818025718,1,1.0899999999999999,True,True
2025/26,2025-12-20,Wolves,Brentford,Home,Wolves,Pinnacle,3.66,+200 to +299,0.25020930717019924,0.2640120938988562,-0.01380278672865698,-0.08423393575707072,0,-1.0,False,False
2025/26,2025-12-20,Wolves,Brentford,Away,Brentford,Pinnacle,2.08,+100 to +149,0.4938434217796794,0.4645597421489489,0.029283679630730475,0.02719431730173305,1,1.08,True,True
2025/26,2025-12-21,Aston Villa,Man United,Home,Aston Villa,Pinnacle,2.08,+100 to +149,0.4408088336106692,0.4643324665689326,-0.02352363295826343,-0.083117626089808,1,1.08,False,False
2025/26,2025-12-21,Aston Villa,Man United,Away,Man United,Pinnacle,3.49,+200 to +299,0.31686599912487573,0.27673682821300283,0.0401291709118729,0.10586233694581626,0,-1.0,True,True
2025/26,2025-12-22,Fulham,Nott'm Forest,Home,Fulham,Pinnacle,2.51,+150 to +199,0.4448864512466506,0.3850886027710483,0.05979784847560232,0.11666499262909302,1,1.5099999999999998,True,True
2025/26,2025-12-22,Fulham,Nott'm Forest,Away,Nott'm Forest,Pinnacle,3.01,+200 to +299,0.27699848112945896,0.3211203963306748,-0.04412191520121583,-0.16623457180032863,0,-1.0,False,False
2025/26,2025-12-26,Man United,Newcastle,Home,Man United,Pinnacle,2.57,+150 to +199,0.3698230994626946,0.37660965010664466,-0.006786550643950062,-0.04955463438087493,1,1.5699999999999998,False,False
2025/26,2025-12-26,Man United,Newcastle,Away,Newcastle,Pinnacle,2.67,+150 to +199,0.39254693111881295,0.36250441976557185,0.030042511353241097,0.04810030608723048,0,-1.0,True,True
2025/26,2025-12-27,Arsenal,Brighton,Away,Brighton,Pinnacle,8.08,+300 and longer,0.14583411634430876,0.11904229096385034,0.02679182538045842,0.17833966006201485,0,-1.0,True,True
2025/26,2025-12-27,Brentford,Bournemouth,Home,Brentford,Pinnacle,2.31,+100 to +149,0.4549422592748532,0.41897015724247383,0.03597210203237938,0.05091661892491084,1,1.31,True,True
2025/26,2025-12-27,Brentford,Bournemouth,Away,Bournemouth,Pinnacle,3.05,+200 to +299,0.304652331859582,0.3173183813869228,-0.012666049527340795,-0.07081038782827487,0,-1.0,False,False
2025/26,2025-12-27,Burnley,Everton,Home,Burnley,Pinnacle,4.12,+300 and longer,0.27740344068653966,0.23477444322846358,0.04262899745807608,0.14290217562854335,0,-1.0,True,True
2025/26,2025-12-27,Burnley,Everton,Away,Everton,Pinnacle,2.03,+100 to +149,0.458076034788698,0.476488032562202,-0.018411997773503996,-0.07010564937894315,0,-1.0,False,False
2025/26,2025-12-27,Chelsea,Aston Villa,Away,Aston Villa,Pinnacle,4.1,+300 and longer,0.24653060702464313,0.23506232408524333,0.011468282939399804,0.010775488801036737,1,3.0999999999999996,True,True
2025/26,2025-12-27,Liverpool,Wolves,Away,Wolves,Pinnacle,11.7,+300 and longer,0.08352237572572949,0.08210947930574099,0.0014128964199884991,-0.022788204008965085,0,-1.0,True,False
2025/26,2025-12-27,Nott'm Forest,Man City,Home,Nott'm Forest,Pinnacle,5.26,+300 and longer,0.2223485846419939,0.18353177115249245,0.038816813489501445,0.16955355521688786,0,-1.0,True,True
2025/26,2025-12-27,West Ham,Fulham,Home,West Ham,Pinnacle,2.69,+150 to +199,0.3368179220803115,0.35993696091344873,-0.023119038833137207,-0.09395978960396201,0,-1.0,False,False
2025/26,2025-12-27,West Ham,Fulham,Away,Fulham,Pinnacle,2.67,+150 to +199,0.39625916553620016,0.3626331179240364,0.033626047612163756,0.05801197198165431,1,1.67,True,True
2025/26,2025-12-28,Crystal Palace,Tottenham,Home,Crystal Palace,Pinnacle,2.29,+100 to +149,0.521461113768191,0.4224442319709095,0.09901688179728152,0.1941459505291574,0,-1.0,True,True
2025/26,2025-12-28,Crystal Palace,Tottenham,Away,Tottenham,Pinnacle,3.36,+200 to +299,0.2462034430018572,0.2879158604801734,-0.04171241747831622,-0.17275643151375986,1,2.36,False,False
2025/26,2025-12-28,Sunderland,Leeds,Home,Sunderland,Pinnacle,2.63,+150 to +199,0.3365032875335279,0.3684405126548531,-0.03193722512132524,-0.11499635378682171,0,-1.0,False,False
2025/26,2025-12-28,Sunderland,Leeds,Away,Leeds,Pinnacle,2.86,+150 to +199,0.3587314352325443,0.3388106812175747,0.01992075401496962,0.025971904765076603,0,-1.0,True,True
2025/26,2025-12-30,Arsenal,Aston Villa,Away,Aston Villa,Pinnacle,7.51,+300 and longer,0.1421281905816117,0.12881925500850988,0.01330893557310181,0.06738271126790374,0,-1.0,True,True
2025/26,2025-12-30,Burnley,Newcastle,Home,Burnley,Pinnacle,5.67,+300 and longer,0.17218932736420622,0.171042343578962,0.001146983785244221,-0.023686513844950685,0,-1.0,True,False
2025/26,2025-12-30,Chelsea,Bournemouth,Away,Bournemouth,Pinnacle,5.95,+300 and longer,0.2754321785375263,0.1627560947693716,0.11267608376815466,0.6388214622982813,0,-1.0,True,True
2025/26,2025-12-30,Man United,Wolves,Away,Wolves,Pinnacle,8.33,+300 and longer,0.17439775762428322,0.11589339933111209,0.05850435829317113,0.4527333210102793,0,-1.0,True,True
2025/26,2025-12-30,Nott'm Forest,Everton,Home,Nott'm Forest,Pinnacle,2.13,+100 to +149,0.3986048977535904,0.45610583325934473,-0.0575009355057543,-0.15097156778485243,0,-1.0,False,False
2025/26,2025-12-30,Nott'm Forest,Everton,Away,Everton,Pinnacle,3.88,+200 to +299,0.3160944774315442,0.2503879960934032,0.065706481338141,0.22644657243439137,1,2.88,True,True
2025/26,2025-12-30,West Ham,Brighton,Home,West Ham,Pinnacle,3.6,+200 to +299,0.29661624933121156,0.27037944964264754,0.026236799688564016,0.06781849759236169,0,-1.0,True,True
2025/26,2025-12-30,West Ham,Brighton,Away,Brighton,Pinnacle,2.05,+100 to +149,0.46103227995395246,0.474812692055381,-0.013780412101428552,-0.05488382609439757,0,-1.0,False,False
2025/26,2026-01-01,Brentford,Tottenham,Home,Brentford,Pinnacle,2.18,+100 to +149,0.5183051350757286,0.4442314866970497,0.07407364837867891,0.1299051944650884,0,-1.0,True,True
2025/26,2026-01-01,Brentford,Tottenham,Away,Tottenham,Pinnacle,3.48,+200 to +299,0.2511319316503464,0.27828294281596794,-0.02715101116562152,-0.12606087785679443,0,-1.0,False,False
2025/26,2026-01-01,Crystal Palace,Fulham,Home,Crystal Palace,Pinnacle,2.2,+100 to +149,0.4976785554785168,0.4402385026031149,0.05744005287540188,0.09489282205273697,0,-1.0,True,True
2025/26,2026-01-01,Crystal Palace,Fulham,Away,Fulham,Pinnacle,3.59,+200 to +299,0.24749963225622185,0.26978404059243816,-0.02228440833621631,-0.11147632020016363,0,-1.0,False,False
2025/26,2026-01-01,Liverpool,Leeds,Away,Leeds,Pinnacle,5.94,+300 and longer,0.18070810643032903,0.16215104319717896,0.018557063233150067,0.07340615219615443,0,-1.0,True,True
2025/26,2026-01-01,Sunderland,Man City,Home,Sunderland,Pinnacle,7.71,+300 and longer,0.18696609949943313,0.12493393749837552,0.062032162001057614,0.44150862714062944,0,-1.0,True,True
2025/26,2026-01-03,Aston Villa,Nott'm Forest,Away,Nott'm Forest,Pinnacle,4.83,+300 and longer,0.2387898906671658,0.20017561332068287,0.03861427734648293,0.15335517192241088,0,-1.0,True,True
2025/26,2026-01-03,Bournemouth,Arsenal,Home,Bournemouth,Pinnacle,6.16,+300 and longer,0.25804979231669156,0.1566321730950141,0.10141761922167747,0.5895867206708201,0,-1.0,True,True
2025/26,2026-01-03,Brighton,Burnley,Away,Burnley,Pinnacle,6.59,+300 and longer,0.13431978067394246,0.14609470197538915,-0.011774921301446695,-0.11483264535871918,0,-1.0,False,False
2025/26,2026-01-03,Wolves,West Ham,Home,Wolves,Pinnacle,2.53,+150 to +199,0.41052714653857586,0.38256464119118966,0.027962505347386202,0.038633680742596876,1,1.5299999999999998,True,True
2025/26,2026-01-03,Wolves,West Ham,Away,West Ham,Pinnacle,2.88,+150 to +199,0.3142333765632302,0.3360724104908714,-0.021839033927641194,-0.09500787549789713,0,-1.0,False,False
2025/26,2026-01-04,Everton,Brentford,Home,Everton,Pinnacle,2.45,+100 to +149,0.35586090160398354,0.3950243842212482,-0.039163482617264656,-0.12814079107024023,0,-1.0,False,False
2025/26,2026-01-04,Everton,Brentford,Away,Brentford,Pinnacle,3.24,+200 to +299,0.3761198683582097,0.2987067102907587,0.07741315806745103,0.2186283734805996,1,2.24,True,True
2025/26,2026-01-04,Fulham,Liverpool,Home,Fulham,Pinnacle,3.75,+200 to +299,0.24124291786705163,0.25772426692286465,-0.016481349055813027,-0.09533905799855635,0,-1.0,False,False
2025/26,2026-01-04,Leeds,Man United,Home,Leeds,Pinnacle,2.71,+150 to +199,0.4472552791363134,0.3574725211486448,0.0897827579876686,0.2120618064594093,0,-1.0,True,True
2025/26,2026-01-04,Leeds,Man United,Away,Man United,Pinnacle,2.61,+150 to +199,0.3011019930063565,0.3711687863267538,-0.07006679332039734,-0.21412379825340966,0,-1.0,False,False
2025/26,2026-01-04,Man City,Chelsea,Away,Chelsea,Pinnacle,4.64,+300 and longer,0.20921281462542468,0.20799407045126247,0.0012187441741622063,-0.02925254013802958,0,-1.0,True,False
2025/26,2026-01-04,Newcastle,Crystal Palace,Away,Crystal Palace,Pinnacle,4.86,+300 and longer,0.25438143567068994,0.19821308681505964,0.056168348855630296,0.23629377735955326,0,-1.0,True,True
2025/26,2026-01-04,Tottenham,Sunderland,Away,Sunderland,Pinnacle,4.39,+300 and longer,0.22437934195099724,0.22030474630011226,0.004074595650884971,-0.014974688835122207,0,-1.0,True,False
2025/26,2026-01-06,West Ham,Nott'm Forest,Home,West Ham,Pinnacle,3.29,+200 to +299,0.3530478801298222,0.2956616938552848,0.0573861862745374,0.16152752562711492,0,-1.0,True,True
2025/26,2026-01-06,West Ham,Nott'm Forest,Away,Nott'm Forest,Pinnacle,2.34,+100 to +149,0.37286372989872485,0.4156952875144817,-0.042831557615756854,-0.12749887203698396,1,1.3399999999999999,False,False
2025/26,2026-01-07,Bournemouth,Tottenham,Home,Bournemouth,Pinnacle,2.14,+100 to +149,0.513964562269635,0.45204409339467055,0.061920468874964496,0.0998841632570191,1,1.1400000000000001,True,True
2025/26,2026-01-07,Bournemouth,Tottenham,Away,Tottenham,Pinnacle,3.36,+200 to +299,0.24982339547391905,0.2879090356739866,-0.03808564020006758,-0.16059339120763205,0,-1.0,False,False
2025/26,2026-01-07,Brentford,Sunderland,Away,Sunderland,Pinnacle,4.56,+300 and longer,0.1740187995099062,0.21181669363461741,-0.03779789412471121,-0.20647427423482778,0,-1.0,False,False
2025/26,2026-01-07,Burnley,Man United,Home,Burnley,Pinnacle,4.92,+300 and longer,0.22843887775200866,0.19620212441567375,0.03223675333633491,0.1239192785398826,0,-1.0,True,True
2025/26,2026-01-07,Crystal Palace,Aston Villa,Home,Crystal Palace,Pinnacle,3.14,+200 to +299,0.4646001920430613,0.3083700440528634,0.1562301479901979,0.45884460301521246,0,-1.0,True,True
2025/26,2026-01-07,Crystal Palace,Aston Villa,Away,Aston Villa,Pinnacle,2.38,+100 to +149,0.2897292357517637,0.40684115055713915,-0.11711191480537547,-0.31044441891080243,0,-1.0,False,False
2025/26,2026-01-07,Everton,Wolves,Away,Wolves,Pinnacle,5.06,+300 and longer,0.22878702217434452,0.19068748713143693,0.038099535042907584,0.15766233220218306,0,-1.0,True,True
2025/26,2026-01-07,Fulham,Chelsea,Home,Fulham,Pinnacle,3.45,+200 to +299,0.3328139929129884,0.2802477809200133,0.05256621199297512,0.14820827554980998,1,2.45,True,True
2025/26,2026-01-07,Fulham,Chelsea,Away,Chelsea,Pinnacle,2.09,+100 to +149,0.4107337956408891,0.46260997328901715,-0.051876177648128075,-0.14156636711054194,0,-1.0,False,False
2025/26,2026-01-07,Man City,Brighton,Away,Brighton,Pinnacle,7.17,+300 and longer,0.18279518642134876,0.13437481771371906,0.048420368707629696,0.3106414866410705,0,-1.0,True,True
2025/26,2026-01-07,Newcastle,Leeds,Away,Leeds,Pinnacle,5.19,+300 and longer,0.22204854735088156,0.18562754911565157,0.036420998235229984,0.15243196075107535,0,-1.0,True,True
2025/26,2026-01-08,Arsenal,Liverpool,Away,Liverpool,Pinnacle,5.49,+300 and longer,0.2650172317469377,0.17564447136313735,0.08937276038380035,0.454944602290688,0,-1.0,True,True
2025/26,2026-01-17,Chelsea,Brentford,Away,Brentford,Bet365,4.75,+300 and longer,0.28798744031692486,0.2027096301720981,0.08527781014482677,0.367940341505393,0,-1.0,True,True
2025/26,2026-01-17,Leeds,Fulham,Home,Leeds,Bet365,2.15,+100 to +149,0.46814606253555935,0.44134505158578524,0.026801010949774107,0.006514034451452488,1,1.15,True,True
2025/26,2026-01-17,Leeds,Fulham,Away,Fulham,Bet365,3.5,+200 to +299,0.26495799335087655,0.2711119602598395,-0.006153966908962971,-0.07264702327193207,0,-1.0,False,False
2025/26,2026-01-17,Liverpool,Burnley,Away,Burnley,Bet365,11.0,+300 and longer,0.05592333091556518,0.08540656973613354,-0.029483238820568365,-0.38484335992878305,0,-1.0,False,False
2025/26,2026-01-17,Man United,Man City,Home,Man United,Bet365,3.7,+200 to +299,0.2894655010304989,0.25569843227056543,0.03376706875993346,0.07102235381284605,1,2.7,True,True
2025/26,2026-01-17,Nott'm Forest,Arsenal,Home,Nott'm Forest,Bet365,6.0,+300 and longer,0.17344783831193777,0.15854770503220061,0.01490013327973716,0.040687029871626645,0,-1.0,True,True
2025/26,2026-01-17,Sunderland,Crystal Palace,Home,Sunderland,Bet365,2.75,+150 to +199,0.2679891981503715,0.3463687150837989,-0.07837951693342743,-0.2630297050864785,1,1.75,False,False
2025/26,2026-01-17,Sunderland,Crystal Palace,Away,Crystal Palace,Bet365,2.75,+150 to +199,0.4540401387522681,0.3463687150837989,0.10767142366846921,0.24861038156873727,0,-1.0,True,True
2025/26,2026-01-17,Tottenham,West Ham,Away,West Ham,Bet365,4.5,+300 and longer,0.2070942679667979,0.21158844213423023,-0.0044941741674323354,-0.06807579414940945,1,3.5,False,False
2025/26,2026-01-18,Aston Villa,Everton,Away,Everton,Bet365,5.25,+300 and longer,0.24780124694631728,0.1821537945211226,0.06564745242519468,0.3009565464681656,1,4.25,True,True
2025/26,2026-01-18,Wolves,Newcastle,Home,Wolves,Bet365,4.75,+300 and longer,0.2159142594885964,0.2007380073800738,0.015176252108522609,0.025592732570832943,0,-1.0,True,True
2025/26,2026-01-19,Brighton,Bournemouth,Away,Bournemouth,Bet365,3.8,+200 to +299,0.33769781250615455,0.24823671082057458,0.08946110168557997,0.28325168752338725,0,-1.0,True,True
2025/26,2026-01-24,Bournemouth,Liverpool,Home,Bournemouth,Bet365,3.75,+200 to +299,0.2977227081500116,0.25249169435215946,0.04523101379785216,0.11646015556254352,1,2.75,True,True
2025/26,2026-01-24,Burnley,Tottenham,Home,Burnley,Bet365,3.7,+200 to +299,0.24597723242994157,0.2589317935763262,-0.012954561146384602,-0.08988424000921613,0,-1.0,False,False
2025/26,2026-01-24,Burnley,Tottenham,Away,Tottenham,Bet365,2.05,+100 to +149,0.5028790611516233,0.4673403103572718,0.03553875079435148,0.030902075360827563,0,-1.0,True,True
2025/26,2026-01-24,Fulham,Brighton,Home,Fulham,Bet365,2.6,+150 to +199,0.37497419555765044,0.36661341853035134,0.008360777027299093,-0.02506709155010889,1,1.6,True,False
2025/26,2026-01-24,Fulham,Brighton,Away,Brighton,Bet365,2.7,+150 to +199,0.35870863895717364,0.353035143769968,0.005673495187205668,-0.031486674815631055,0,-1.0,True,False
2025/26,2026-01-24,Man City,Wolves,Away,Wolves,Bet365,11.0,+300 and longer,0.10319679040419484,0.08519269776876268,0.018004092635432165,0.13516469444614332,0,-1.0,True,True
2025/26,2026-01-24,West Ham,Sunderland,Home,West Ham,Bet365,2.5,+150 to +199,0.40896473360744795,0.3774574049803408,0.031507328627107145,0.022411834018619903,1,1.5,True,True
2025/26,2026-01-24,West Ham,Sunderland,Away,Sunderland,Bet365,2.88,+150 to +199,0.3087410382735976,0.327653997378768,-0.01891295910517038,-0.11082580977203893,0,-1.0,False,False
2025/26,2026-01-25,Arsenal,Man United,Away,Man United,Bet365,6.0,+300 and longer,0.1467327279311302,0.15874177029992684,-0.01200904236879663,-0.11960363241321881,1,5.0,False,False
2025/26,2026-01-25,Brentford,Nott'm Forest,Away,Nott'm Forest,Bet365,4.1,+300 and longer,0.204132871488213,0.2315873345804753,-0.02745446309226232,-0.16305522689832685,1,3.0999999999999996,False,False
2025/26,2026-01-25,Crystal Palace,Chelsea,Home,Crystal Palace,Bet365,3.5,+200 to +299,0.39466758812076475,0.27240143369175623,0.12226615442900851,0.38133655842267666,0,-1.0,True,True
2025/26,2026-01-25,Crystal Palace,Chelsea,Away,Chelsea,Bet365,2.0,+100 to +149,0.3641627611400443,0.4767025089605735,-0.11253974782052917,-0.2716744777199114,1,1.0,False,False
2025/26,2026-01-25,Newcastle,Aston Villa,Away,Aston Villa,Bet365,3.7,+200 to +299,0.23949414561708587,0.256578947368421,-0.017084801751335144,-0.11387166121678227,1,2.7,False,False
2025/26,2026-01-26,Everton,Leeds,Home,Everton,Bet365,2.5,+150 to +199,0.3554982724963066,0.3800403225806452,-0.024542050084338574,-0.11125431875923342,0,-1.0,False,False
2025/26,2026-01-26,Everton,Leeds,Away,Leeds,Bet365,2.9,+150 to +199,0.3648233459888195,0.3276209677419355,0.037202378246883994,0.057987703367576415,0,-1.0,True,True
2025/26,2026-01-31,Brighton,Everton,Away,Everton,Bet365,4.1,+300 and longer,0.2508319247643046,0.2296155835200828,0.02121634124422181,0.02841089153364873,0,-1.0,True,True
2025/26,2026-01-31,Chelsea,West Ham,Away,West Ham,Bet365,6.0,+300 and longer,0.1447240257423063,0.15789473684210525,-0.013170711099798948,-0.13165584554616216,0,-1.0,False,False
2025/26,2026-01-31,Leeds,Arsenal,Home,Leeds,Bet365,5.75,+300 and longer,0.23432781327358196,0.16450818118642996,0.069819632087152,0.34738492632309637,0,-1.0,True,True
2025/26,2026-01-31,Liverpool,Newcastle,Away,Newcastle,Bet365,4.1,+300 and longer,0.2408593386966808,0.23099703849950645,0.00986230019717435,-0.012476711343608837,0,-1.0,True,False
2025/26,2026-01-31,Wolves,Bournemouth,Home,Wolves,Bet365,2.9,+150 to +199,0.25050638573132833,0.3236831523924407,-0.07317676666111239,-0.27353148137914784,0,-1.0,False,False
2025/26,2026-01-31,Wolves,Bournemouth,Away,Bournemouth,Bet365,2.3,+100 to +149,0.4864836752096294,0.40812223562525135,0.07836143958437802,0.11891245298214748,1,1.2999999999999998,True,True
2025/26,2026-02-01,Aston Villa,Brentford,Home,Aston Villa,Bet365,2.1,+100 to +149,0.41092158564200704,0.45092838196286467,-0.04000679632085763,-0.13706467015178514,0,-1.0,False,False
2025/26,2026-02-01,Aston Villa,Brentford,Away,Brentford,Bet365,3.4,+200 to +299,0.34107275747841137,0.27851458885941643,0.06255816861899494,0.15964737542659857,1,2.4,True,True
2025/26,2026-02-01,Man United,Fulham,Away,Fulham,Bet365,5.0,+300 and longer,0.2381028593666786,0.18882801015635442,0.049274849210324184,0.19051429683339305,0,-1.0,True,True
2025/26,2026-02-01,Nott'm Forest,Crystal Palace,Away,Crystal Palace,Bet365,3.9,+200 to +299,0.39498288588016794,0.24305555555555558,0.15192733032461236,0.5404332549326549,0,-1.0,True,True
2025/26,2026-02-01,Tottenham,Man City,Home,Tottenham,Bet365,4.5,+300 and longer,0.26538819178056383,0.2128240518482957,0.052564139932268134,0.19424686301253713,0,-1.0,True,True
2025/26,2026-02-02,Sunderland,Burnley,Away,Burnley,Bet365,4.75,+300 and longer,0.22981836716514936,0.20015885623510724,0.029659510930042127,0.0916372440344595,0,-1.0,True,True
2025/26,2026-02-06,Leeds,Nott'm Forest,Home,Leeds,Bet365,2.2,+100 to +149,0.501635494091119,0.43220338983050843,0.06943210426061053,0.1035980870004618,1,1.2000000000000002,True,True
2025/26,2026-02-06,Leeds,Nott'm Forest,Away,Nott'm Forest,Bet365,3.4,+200 to +299,0.23822960753116051,0.2796610169491525,-0.041431409417992004,-0.19001933439405427,0,-1.0,False,False
2025/26,2026-02-07,Arsenal,Sunderland,Away,Sunderland,Bet365,12.0,+300 and longer,0.07805920142908931,0.07839407803423636,-0.00033487660514704143,-0.06328958285092823,0,-1.0,False,False
2025/26,2026-02-07,Bournemouth,Aston Villa,Home,Bournemouth,Bet365,2.7,+150 to +199,0.4695119764288262,0.3507014028056112,0.11881057362321501,0.2676823363578309,0,-1.0,True,True
2025/26,2026-02-07,Bournemouth,Aston Villa,Away,Aston Villa,Bet365,2.5,+150 to +199,0.2860891924099401,0.3787575150300601,-0.09266832262012004,-0.28477701897514984,0,-1.0,False,False
2025/26,2026-02-07,Burnley,West Ham,Home,Burnley,Bet365,3.3,+200 to +299,0.3230518526583109,0.28754298815437523,0.035508864503935644,0.06607111377242592,0,-1.0,True,True
2025/26,2026-02-07,Burnley,West Ham,Away,West Ham,Bet365,2.15,+100 to +149,0.4155676745334436,0.44134505158578524,-0.02577737705234162,-0.10652949975309622,1,1.15,False,False
2025/26,2026-02-07,Fulham,Everton,Home,Fulham,Bet365,2.1,+100 to +149,0.4179559904476751,0.4532775453277545,-0.035321554880079375,-0.12229242005988217,0,-1.0,False,False
2025/26,2026-02-07,Fulham,Everton,Away,Everton,Bet365,3.75,+200 to +299,0.29485547823801145,0.25383542538354253,0.041020052854468914,0.10570804339254303,1,2.75,True,True
2025/26,2026-02-07,Man United,Tottenham,Away,Tottenham,Bet365,5.0,+300 and longer,0.25939337762321163,0.18882801015635442,0.07056536746685721,0.2969668881160581,0,-1.0,True,True
2025/26,2026-02-07,Newcastle,Brentford,Home,Newcastle,Bet365,2.1,+100 to +149,0.4970698649596019,0.4545454545454546,0.04252441041414734,0.04384671641516413,0,-1.0,True,True
2025/26,2026-02-07,Newcastle,Brentford,Away,Brentford,Bet365,3.5,+200 to +299,0.26813631788476805,0.27272727272727276,-0.004590954842504713,-0.0615228874033118,1,2.5,False,False
2025/26,2026-02-07,Wolves,Chelsea,Home,Wolves,Bet365,5.0,+300 and longer,0.23904107675699993,0.19069369112189552,0.048347385635104406,0.19520538378499963,0,-1.0,True,True
2025/26,2026-02-08,Brighton,Crystal Palace,Away,Crystal Palace,Bet365,3.9,+200 to +299,0.3252196751444802,0.24305555555555558,0.08216411958892461,0.26835673306347263,1,2.9,True,True
2025/26,2026-02-08,Liverpool,Man City,Home,Liverpool,Bet365,2.38,+100 to +149,0.4785616754025952,0.3986131787197368,0.07994849668285842,0.13897678745817643,0,-1.0,True,True
2025/26,2026-02-08,Liverpool,Man City,Away,Man City,Bet365,2.75,+150 to +199,0.2807913036137108,0.3449815874010813,-0.06419028378737052,-0.22782391506229527,1,1.75,False,False
2025/26,2026-02-10,Chelsea,Leeds,Away,Leeds,Bet365,5.5,+300 and longer,0.25226399780126607,0.17186279656351228,0.0804012012377538,0.38745198790696334,0,-1.0,True,True
2025/26,2026-02-10,Everton,Bournemouth,Home,Everton,Bet365,2.38,+100 to +149,0.3292599677747474,0.40106951871657753,-0.07180955094183011,-0.21636127669610117,0,-1.0,False,False
2025/26,2026-02-10,Everton,Bournemouth,Away,Bournemouth,Bet365,3.0,+200 to +299,0.40499811688122,0.3181818181818181,0.08681629869940188,0.21499435064366001,1,2.0,True,True
2025/26,2026-02-10,Tottenham,Newcastle,Home,Tottenham,Bet365,3.2,+200 to +299,0.31833985524521363,0.2990936555891239,0.019246199656089757,0.01868753678468371,0,-1.0,True,True
2025/26,2026-02-10,Tottenham,Newcastle,Away,Newcastle,Bet365,2.2,+100 to +149,0.4347376919829645,0.4350453172205438,-0.00030762523757926763,-0.04357707763747798,1,1.2000000000000002,False,False
2025/26,2026-02-10,West Ham,Man United,Home,West Ham,Bet365,4.5,+300 and longer,0.28041522290484144,0.21193232413178983,0.06848289877305161,0.26186850307178644,0,-1.0,True,True
2025/26,2026-02-11,Aston Villa,Brighton,Away,Brighton,Bet365,3.8,+200 to +299,0.2961072498006348,0.24896952615818213,0.04713772364245267,0.12520754924241229,0,-1.0,True,True
2025/26,2026-02-11,Crystal Palace,Burnley,Away,Burnley,Bet365,6.25,+300 and longer,0.11823389077795551,0.1528259414735049,-0.03459205069554938,-0.261038182637778,1,5.25,False,False
2025/26,2026-02-11,Man City,Fulham,Away,Fulham,Bet365,7.0,+300 and longer,0.1519806496257458,0.13477477477477479,0.017205874850971026,0.06386454738022063,0,-1.0,True,True
2025/26,2026-02-11,Nott'm Forest,Wolves,Away,Wolves,Bet365,5.0,+300 and longer,0.24738946219785068,0.19022379269729095,0.057165669500559735,0.23694731098925348,0,-1.0,True,True
2025/26,2026-02-11,Sunderland,Liverpool,Home,Sunderland,Bet365,4.75,+300 and longer,0.17837241610707655,0.20017356089094587,-0.021801144783869325,-0.15273102349138634,0,-1.0,False,False
2025/26,2026-02-12,Brentford,Arsenal,Home,Brentford,Bet365,4.75,+300 and longer,0.23568401757882051,0.1995185073728558,0.0361655102059647,0.11949908349939742,0,-1.0,True,True
2025/26,2026-02-18,Wolves,Arsenal,Home,Wolves,Bet365,11.0,+300 and longer,0.12459539062784217,0.08604097189137686,0.03855441873646531,0.3705492969062638,0,-1.0,True,True
2025/26,2026-02-21,Aston Villa,Leeds,Away,Leeds,Bet365,4.33,+300 and longer,0.2948459674592405,0.22010344200803078,0.07474252545120974,0.27668303909851155,0,-1.0,True,True
2025/26,2026-02-21,Brentford,Brighton,Home,Brentford,Bet365,2.0,+100 to +149,0.4848913109369587,0.47349177330895803,0.011399537628000667,-0.030217378126082606,0,-1.0,True,False
2025/26,2026-02-21,Brentford,Brighton,Away,Brighton,Bet365,3.5,+200 to +299,0.2769585127037355,0.27056672760511885,0.0063917850986166536,-0.030645205536925735,1,2.5,True,False
2025/26,2026-02-21,Chelsea,Burnley,Away,Burnley,Bet365,12.0,+300 and longer,0.0847124011616539,0.07885055185442974,0.005861849307224165,0.016548813939846863,0,-1.0,True,True
2025/26,2026-02-21,Man City,Newcastle,Away,Newcastle,Bet365,5.5,+300 and longer,0.25295246763845886,0.16968987712112346,0.0832625905173354,0.3912385720115237,0,-1.0,True,True
2025/26,2026-02-21,West Ham,Bournemouth,Home,West Ham,Bet365,2.5,+150 to +199,0.271044283315926,0.3807716387541087,-0.10972735543818268,-0.32238929171018493,0,-1.0,False,False
2025/26,2026-02-21,West Ham,Bournemouth,Away,Bournemouth,Bet365,2.63,+150 to +199,0.4893466706626189,0.3619502269525748,0.1273964437100441,0.2869817438426876,0,-1.0,True,True
2025/26,2026-02-22,Crystal Palace,Wolves,Away,Wolves,Bet365,5.0,+300 and longer,0.16330566897620297,0.18938307030129126,-0.02607740132508829,-0.18347165511898522,0,-1.0,False,False
2025/26,2026-02-22,Nott'm Forest,Liverpool,Home,Nott'm Forest,Bet365,4.1,+300 and longer,0.2135134139543149,0.23099703849950645,-0.01748362454519156,-0.12459500278730906,0,-1.0,False,False
2025/26,2026-02-22,Sunderland,Fulham,Home,Sunderland,Bet365,2.7,+150 to +199,0.3279395089422026,0.3532608695652174,-0.02532136062301482,-0.114563325856053,0,-1.0,False,False
2025/26,2026-02-22,Sunderland,Fulham,Away,Fulham,Bet365,2.7,+150 to +199,0.3661225779439538,0.3532608695652174,0.012861708378736403,-0.011469039551324611,1,1.7000000000000002,True,False
2025/26,2026-02-22,Tottenham,Arsenal,Home,Tottenham,Bet365,6.0,+300 and longer,0.18806451420791423,0.15818639798488665,0.02987811622302758,0.12838708524748532,0,-1.0,True,True
2025/26,2026-02-23,Everton,Man United,Home,Everton,Bet365,3.7,+200 to +299,0.3542536512252456,0.2548524257681154,0.0994012254571302,0.31073850953340876,0,-1.0,True,True
2025/26,2026-02-27,Wolves,Aston Villa,Home,Wolves,Bet365,4.1,+300 and longer,0.2688205128180218,0.23125000000000004,0.037570512818021734,0.10216410255388908,1,3.0999999999999996,True,True
2025/26,2026-02-28,Bournemouth,Sunderland,Away,Sunderland,Bet365,4.33,+300 and longer,0.17173125102423617,0.21928755908581452,-0.047556308061578345,-0.25640368306505734,0,-1.0,False,False
2025/26,2026-02-28,Burnley,Brentford,Home,Burnley,Bet365,4.5,+300 and longer,0.18994453315760004,0.21030484383766596,-0.020360310680065913,-0.14524960079079985,0,-1.0,False,False
2025/26,2026-02-28,Leeds,Man City,Home,Leeds,Bet365,4.75,+300 and longer,0.29581106513892075,0.19884287540642515,0.0969681897324956,0.4051025594098736,0,-1.0,True,True
2025/26,2026-02-28,Liverpool,West Ham,Away,West Ham,Bet365,6.5,+300 and longer,0.09416366765658472,0.1439701173959445,-0.049806449739359784,-0.38793616023219935,0,-1.0,False,False
2025/26,2026-02-28,Newcastle,Everton,Away,Everton,Bet365,4.75,+300 and longer,0.19345940991116786,0.2007380073800738,-0.00727859746890594,-0.0810678029219527,1,3.75,False,False
2025/26,2026-03-01,Arsenal,Chelsea,Away,Chelsea,Bet365,5.5,+300 and longer,0.17214338049540837,0.169927333705981,0.002216046789427356,-0.053211407275253975,0,-1.0,True,False
2025/26,2026-03-01,Brighton,Nott'm Forest,Home,Brighton,Bet365,2.0,+100 to +149,0.5044502862040118,0.4701492537313433,0.03430103247266847,0.008900572408023555,1,1.0,True,True
2025/26,2026-03-01,Brighton,Nott'm Forest,Away,Nott'm Forest,Bet365,3.5,+200 to +299,0.2434221205692274,0.26865671641791045,-0.02523459584868304,-0.14802257800770402,0,-1.0,False,False
2025/26,2026-03-01,Fulham,Tottenham,Home,Fulham,Bet365,2.1,+100 to +149,0.42850318411648125,0.45051194539249145,-0.022008761276010202,-0.10014331335538929,1,1.1,False,False
2025/26,2026-03-01,Fulham,Tottenham,Away,Tottenham,Bet365,3.3,+200 to +299,0.3076612087031866,0.2866894197952219,0.020971788907964695,0.015281988720515782,0,-1.0,True,True
2025/26,2026-03-01,Man United,Crystal Palace,Away,Crystal Palace,Bet365,5.5,+300 and longer,0.30065523071514294,0.17191011235955056,0.12874511835559238,0.6536037689332861,0,-1.0,True,True
2025/26,2026-03-03,Bournemouth,Brentford,Home,Bournemouth,Bet365,2.5,+150 to +199,0.4395123641361288,0.37806972008145995,0.06144264405466887,0.0987809103403221,0,-1.0,True,True
2025/26,2026-03-03,Bournemouth,Brentford,Away,Brentford,Bet365,2.63,+150 to +199,0.3197506941327817,0.35938186319530413,-0.03963116906252245,-0.15905567443078428,0,-1.0,False,False
2025/26,2026-03-03,Everton,Burnley,Away,Burnley,Bet365,6.0,+300 and longer,0.15947890805130768,0.15818639798488665,0.001292510066421032,-0.04312655169215396,0,-1.0,True,False
2025/26,2026-03-03,Leeds,Sunderland,Away,Sunderland,Bet365,4.33,+300 and longer,0.19571438268111657,0.21672840037901628,-0.021014017697899706,-0.15255672299076528,1,3.33,False,False
2025/26,2026-03-03,Wolves,Liverpool,Home,Wolves,Bet365,5.5,+300 and longer,0.15456426487051098,0.16981132075471697,-0.015247055884205996,-0.1498965432121896,1,4.5,False,False
2025/26,2026-03-04,Aston Villa,Chelsea,Home,Aston Villa,Bet365,2.7,+150 to +199,0.3715567250278975,0.35051546391752575,0.021041261110371745,0.003203157575323301,0,-1.0,True,True
2025/26,2026-03-04,Aston Villa,Chelsea,Away,Chelsea,Bet365,2.55,+150 to +199,0.38530873461084475,0.3711340206185567,0.014174713992288035,-0.017462726742345946,1,1.5499999999999998,True,False
2025/26,2026-03-04,Brighton,Arsenal,Home,Brighton,Bet365,4.75,+300 and longer,0.20982679468853596,0.19851808377962,0.01130871090891597,-0.0033227252294542042,0,-1.0,True,False
2025/26,2026-03-04,Fulham,West Ham,Home,Fulham,Bet365,2.0,+100 to +149,0.5082372354464252,0.473491773308958,0.03474546213746721,0.016474470892850368,0,-1.0,True,True
2025/26,2026-03-04,Fulham,West Ham,Away,West Ham,Bet365,3.7,+200 to +299,0.24105877235666753,0.2559414990859232,-0.014882726729255641,-0.1080825422803301,1,2.7,False,False
2025/26,2026-03-04,Man City,Nott'm Forest,Away,Nott'm Forest,Bet365,7.5,+300 and longer,0.13921872480308223,0.12602739726027395,0.013191327542808273,0.04414043602311679,0,-1.0,True,True
2025/26,2026-03-04,Newcastle,Man United,Home,Newcastle,Bet365,2.63,+150 to +199,0.4831665833839094,0.3619297617627173,0.12123682162119209,0.2707281142996816,1,1.63,True,True
2025/26,2026-03-04,Newcastle,Man United,Away,Man United,Bet365,2.6,+150 to +199,0.2796849616129333,0.3661058743984409,-0.08642091278550756,-0.2728190998063733,0,-1.0,False,False
2025/26,2026-03-05,Tottenham,Crystal Palace,Home,Tottenham,Bet365,2.35,+100 to +149,0.37779387395041814,0.4030403040304031,-0.02524643007998495,-0.11218439621651732,0,-1.0,False,False
2025/26,2026-03-05,Tottenham,Crystal Palace,Away,Crystal Palace,Bet365,3.1,+200 to +299,0.3730450379217299,0.3055305530553056,0.0675144848664243,0.15643961755736258,1,2.1,True,True
2025/26,2026-03-14,Arsenal,Everton,Away,Everton,Bet365,8.5,+300 and longer,0.11305253617309075,0.11174565291510398,0.0013068832579867656,-0.039053442528728666,0,-1.0,True,False
2025/26,2026-03-14,Burnley,Bournemouth,Home,Burnley,Bet365,4.1,+300 and longer,0.1859999494361553,0.23151446549255922,-0.045514516056403914,-0.23740020731176337,0,-1.0,False,False
2025/26,2026-03-14,Chelsea,Newcastle,Away,Newcastle,Bet365,3.8,+200 to +299,0.30090036778747836,0.24901185770750986,0.0518885100799685,0.14342139759241768,1,2.8,True,True
2025/26,2026-03-14,Sunderland,Brighton,Home,Sunderland,Bet365,3.3,+200 to +299,0.2945499523721787,0.28846153846153844,0.006088413910640245,-0.027985157171810382,0,-1.0,True,False
2025/26,2026-03-14,Sunderland,Brighton,Away,Brighton,Bet365,2.25,+100 to +149,0.42515503622630285,0.423076923076923,0.0020781131493798344,-0.04340116849081854,1,1.25,True,False
2025/26,2026-03-14,West Ham,Man City,Home,West Ham,Bet365,4.33,+300 and longer,0.19346429001344478,0.21992238033635186,-0.02645809032290708,-0.16229962424178412,0,-1.0,False,False
2025/26,2026-03-15,Crystal Palace,Leeds,Home,Crystal Palace,Bet365,2.55,+150 to +199,0.45607122685300766,0.37620235126469537,0.0798688755883123,0.1629816284751695,0,-1.0,True,True
2025/26,2026-03-15,Crystal Palace,Leeds,Away,Leeds,Bet365,2.88,+150 to +199,0.299989756971306,0.333095831848949,-0.033106074877643,-0.1360294999226388,0,-1.0,False,False
2025/26,2026-03-15,Liverpool,Tottenham,Away,Tottenham,Bet365,8.0,+300 and longer,0.13572203339579333,0.11856986501276906,0.017152168383024274,0.08577626716634668,0,-1.0,True,True
2025/26,2026-03-15,Man United,Aston Villa,Away,Aston Villa,Bet365,4.5,+300 and longer,0.2801131062779317,0.21158844213423023,0.06852466414370145,0.26050897825069264,0,-1.0,True,True
2025/26,2026-03-15,Nott'm Forest,Fulham,Home,Nott'm Forest,Bet365,2.2,+100 to +149,0.39539561226343106,0.43220338983050843,-0.03680777756707737,-0.13012965302045154,0,-1.0,False,False
2025/26,2026-03-15,Nott'm Forest,Fulham,Away,Fulham,Bet365,3.3,+200 to +299,0.3276444787332883,0.288135593220339,0.03950888551294929,0.08122677981985116,0,-1.0,True,True
2025/26,2026-03-16,Brentford,Wolves,Away,Wolves,Bet365,5.75,+300 and longer,0.16135578727516617,0.16450818118642999,-0.0031523939112638177,-0.07220422316779451,0,-1.0,False,False
2025/26,2026-03-20,Bournemouth,Man United,Home,Bournemouth,Bet365,3.2,+200 to +299,0.44546869680210277,0.29709605361131797,0.1483726431907848,0.42549982976672895,0,-1.0,True,True
2025/26,2026-03-20,Bournemouth,Man United,Away,Man United,Bet365,2.1,+100 to +149,0.31464131576189297,0.4527177959791511,-0.13807648021725816,-0.33925323690002473,0,-1.0,False,False
2025/26,2026-03-21,Brighton,Liverpool,Home,Brighton,Bet365,3.1,+200 to +299,0.27407926265420257,0.303508080409933,-0.02942881775573042,-0.15035428577197196,1,2.1,False,False
2025/26,2026-03-21,Brighton,Liverpool,Away,Liverpool,Bet365,2.2,+100 to +149,0.4875546206698267,0.4276704769412692,0.05988414372855749,0.07262016547361871,0,-1.0,True,True
2025/26,2026-03-21,Everton,Chelsea,Home,Everton,Bet365,3.5,+200 to +299,0.30199790025597006,0.27055702917771884,0.03144087107825122,0.056992650895895114,1,2.5,True,True
2025/26,2026-03-21,Everton,Chelsea,Away,Chelsea,Bet365,2.1,+100 to +149,0.45056988566381784,0.4509283819628648,-0.0003584962990469398,-0.053803240105982475,0,-1.0,False,False
2025/26,2026-03-21,Fulham,Burnley,Away,Burnley,Bet365,6.25,+300 and longer,0.16597684868699147,0.15130063554467504,0.01467621314231643,0.03735530429369671,0,-1.0,True,True
2025/26,2026-03-21,Leeds,Brentford,Home,Leeds,Bet365,2.45,+100 to +149,0.40884307973885003,0.39205009528995366,0.016792984448896375,0.0016655453601825965,0,-1.0,True,True
2025/26,2026-03-21,Leeds,Brentford,Away,Brentford,Bet365,2.88,+150 to +199,0.34618222257724507,0.33351483800707865,0.012667384570166418,-0.002995198977534197,0,-1.0,True,False
2025/26,2026-03-22,Aston Villa,West Ham,Away,West Ham,Bet365,3.8,+200 to +299,0.21329395453062547,0.24973319103521877,-0.0364392365045933,-0.18948297278362325,0,-1.0,False,False
2025/26,2026-03-22,Newcastle,Sunderland,Away,Sunderland,Bet365,5.0,+300 and longer,0.1553115036486719,0.19069369112189552,-0.03538218747322361,-0.2234424817566405,1,4.0,False,False
2025/26,2026-03-22,Tottenham,Nott'm Forest,Home,Tottenham,Bet365,2.25,+100 to +149,0.4525465347276959,0.42285270112708895,0.029693833600606956,0.018229703137315756,0,-1.0,True,True
2025/26,2026-03-22,Tottenham,Nott'm Forest,Away,Nott'm Forest,Bet365,3.2,+200 to +299,0.2875005227547928,0.29731830547998445,-0.009817782725191626,-0.07999832718466293,1,2.2,False,False
2025/26,2026-04-10,West Ham,Wolves,Away,Wolves,Bet365,4.33,+300 and longer,0.2755382160691551,0.22002058672156458,0.0555176293475905,0.19308047557944152,0,-1.0,True,True
2025/26,2026-04-11,Arsenal,Bournemouth,Away,Bournemouth,Bet365,7.5,+300 and longer,0.15231395615083984,0.12698412698412698,0.025329829166712864,0.14235467113129885,1,6.5,True,True
2025/26,2026-04-11,Brentford,Everton,Home,Brentford,Bet365,2.15,+100 to +149,0.5109377610577297,0.44134505158578524,0.06959270947194446,0.09851618627411884,0,-1.0,True,True
2025/26,2026-04-11,Brentford,Everton,Away,Everton,Bet365,3.5,+200 to +299,0.24017020151590435,0.2711119602598395,-0.030941758743935177,-0.1594042946943348,0,-1.0,False,False
2025/26,2026-04-11,Burnley,Brighton,Home,Burnley,Bet365,4.5,+300 and longer,0.20862279915285972,0.21158844213423023,-0.002965642981370503,-0.061197403812131235,0,-1.0,False,False
2025/26,2026-04-11,Liverpool,Fulham,Away,Fulham,Bet365,4.75,+300 and longer,0.15367351577501562,0.19961114711600778,-0.04593763134099216,-0.27005080006867577,0,-1.0,False,False
2025/26,2026-04-12,Chelsea,Man City,Home,Chelsea,Bet365,3.1,+200 to +299,0.37450253088140445,0.3069697538981777,0.06753277698322674,0.16095784573235372,0,-1.0,True,True
2025/26,2026-04-12,Chelsea,Man City,Away,Man City,Bet365,2.15,+100 to +149,0.38761075902139863,0.4426075521322562,-0.05499679311085759,-0.16663686810399303,1,1.15,False,False
2025/26,2026-04-12,Crystal Palace,Newcastle,Home,Crystal Palace,Bet365,3.0,+200 to +299,0.39107481675455247,0.31279620853080564,0.07827860822374683,0.1732244502636573,1,2.0,True,True
2025/26,2026-04-12,Crystal Palace,Newcastle,Away,Newcastle,Bet365,2.2,+100 to +149,0.3629805904903289,0.42654028436018954,-0.06355969386986066,-0.20144270092127636,0,-1.0,False,False
2025/26,2026-04-12,Nott'm Forest,Aston Villa,Home,Nott'm Forest,Bet365,2.63,+150 to +199,0.3551603106750697,0.3608748481166464,-0.005714537441576684,-0.06592838292456671,0,-1.0,False,False
2025/26,2026-04-12,Nott'm Forest,Aston Villa,Away,Aston Villa,Bet365,2.7,+150 to +199,0.37333119119079683,0.3515188335358444,0.02181235765495243,0.007994216215151395,0,-1.0,True,True
2025/26,2026-04-12,Sunderland,Tottenham,Home,Sunderland,Bet365,2.7,+150 to +199,0.3630746159203488,0.3516483516483516,0.011426264271997166,-0.019698537015058193,1,1.7000000000000002,True,False
2025/26,2026-04-12,Sunderland,Tottenham,Away,Tottenham,Bet365,2.7,+150 to +199,0.3554973348431691,0.3516483516483516,0.003848983194817468,-0.040157195923443356,0,-1.0,True,False
2025/26,2026-04-13,Man United,Leeds,Away,Leeds,Bet365,5.0,+300 and longer,0.28489784874071267,0.18846830486351512,0.09642954387719754,0.42448924370356345,1,4.0,True,True
2025/26,2026-04-18,Brentford,Fulham,Home,Brentford,Bet365,2.1,+100 to +149,0.5126836530834011,0.4532775453277545,0.05940610775564664,0.07663567147514239,0,-1.0,True,True
2025/26,2026-04-18,Brentford,Fulham,Away,Fulham,Bet365,3.25,+200 to +299,0.24505578996924363,0.2928870292887029,-0.04783123931945929,-0.2035686825999582,0,-1.0,False,False
2025/26,2026-04-18,Chelsea,Man United,Home,Chelsea,Bet365,2.2,+100 to +149,0.5158982020512393,0.4317656129529684,0.08413258909827087,0.13497604451272638,0,-1.0,True,True
2025/26,2026-04-18,Chelsea,Man United,Away,Man United,Bet365,3.2,+200 to +299,0.26315524610565033,0.2968388589051658,-0.03368361279951548,-0.15790321246191885,1,2.2,False,False
2025/26,2026-04-18,Leeds,Wolves,Away,Wolves,Bet365,5.75,+300 and longer,0.16602218738108027,0.16600977455462715,1.2412826453117587e-05,-0.04537242255878848,0,-1.0,True,False
2025/26,2026-04-18,Newcastle,Bournemouth,Home,Newcastle,Bet365,2.0,+100 to +149,0.46475526700962255,0.4751131221719458,-0.010357855162323237,-0.0704894659807549,0,-1.0,False,False
2025/26,2026-04-18,Newcastle,Bournemouth,Away,Bournemouth,Bet365,3.5,+200 to +299,0.300917749575634,0.2714932126696833,0.029424536905950704,0.053212123514718934,1,2.5,True,True
2025/26,2026-04-18,Tottenham,Brighton,Home,Tottenham,Bet365,2.7,+150 to +199,0.3694871136530957,0.35149384885764495,0.01799326479545077,-0.0023847931366415276,0,-1.0,True,False
2025/26,2026-04-18,Tottenham,Brighton,Away,Brighton,Bet365,2.4,+100 to +149,0.374366849761692,0.3954305799648506,-0.021063730203158604,-0.10151956057193923,0,-1.0,False,False
2025/26,2026-04-19,Aston Villa,Sunderland,Away,Sunderland,Bet365,5.5,+300 and longer,0.22225796185470012,0.17360870469193984,0.04864925716276028,0.22241879020085076,0,-1.0,True,True
2025/26,2026-04-19,Everton,Liverpool,Home,Everton,Bet365,3.1,+200 to +299,0.24701020863231965,0.3067869752844252,-0.05977676665210557,-0.2342683532398091,0,-1.0,False,False
2025/26,2026-04-19,Everton,Liverpool,Away,Liverpool,Bet365,2.3,+100 to +149,0.504907975834782,0.41349548842683403,0.09141248740794794,0.1612883444199984,1,1.2999999999999998,True,True
2025/26,2026-04-19,Man City,Arsenal,Away,Arsenal,Bet365,4.2,+300 and longer,0.38128669087317313,0.22572257225722572,0.1555641186159474,0.6014041016673273,0,-1.0,True,True
2025/26,2026-04-19,Nott'm Forest,Burnley,Away,Burnley,Bet365,7.0,+300 and longer,0.18343206393160483,0.13636363636363638,0.047068427567968446,0.2840244475212339,0,-1.0,True,True
2025/26,2026-04-20,Crystal Palace,West Ham,Home,Crystal Palace,Bet365,2.38,+100 to +149,0.5796137990273845,0.3981697037810067,0.18144409524637783,0.37948084168517515,0,-1.0,True,True
2025/26,2026-04-20,Crystal Palace,West Ham,Away,West Ham,Bet365,3.1,+200 to +299,0.1989143924140935,0.3056915790318696,-0.1067771866177761,-0.3833653835163101,0,-1.0,False,False
2025/26,2026-04-21,Brighton,Chelsea,Home,Brighton,Bet365,2.5,+150 to +199,0.36542531672457135,0.3787575150300601,-0.013332198305488763,-0.08643670818857163,1,1.5,False,False
2025/26,2026-04-21,Brighton,Chelsea,Away,Chelsea,Bet365,2.7,+150 to +199,0.39076148865789956,0.3507014028056112,0.040060085852288374,0.05505601937632898,0,-1.0,True,True
2025/26,2026-04-22,Bournemouth,Leeds,Home,Bournemouth,Bet365,2.0,+100 to +149,0.4466683839189715,0.4701492537313433,-0.023480869812371796,-0.10666323216205698,0,-1.0,False,False
2025/26,2026-04-22,Bournemouth,Leeds,Away,Leeds,Bet365,3.6,+200 to +299,0.3069406363320617,0.2611940298507463,0.0457466064813154,0.10498629079542221,0,-1.0,True,True
2025/26,2026-04-22,Burnley,Man City,Home,Burnley,Bet365,19.0,+300 and longer,0.11687090576599281,0.050187524674299246,0.06668338109169356,1.2205472095538634,0,-1.0,True,True
2025/26,2026-04-24,Sunderland,Nott'm Forest,Home,Sunderland,Bet365,2.7,+150 to +199,0.37786196909506464,0.3516483516483516,0.026213617446713022,0.020227316556674646,0,-1.0,True,True
2025/26,2026-04-24,Sunderland,Nott'm Forest,Away,Nott'm Forest,Bet365,2.7,+150 to +199,0.32845524019660166,0.3516483516483516,-0.02319311145174996,-0.11317085146917549,1,1.7000000000000002,False,False
2025/26,2026-04-25,Arsenal,Newcastle,Away,Newcastle,Bet365,6.25,+300 and longer,0.15513670481149666,0.1509175568337442,0.004219147977752469,-0.030395594928145808,0,-1.0,True,False
2025/26,2026-04-25,Fulham,Aston Villa,Home,Fulham,Bet365,2.75,+150 to +199,0.37619499259715977,0.346459785917706,0.029735206679453785,0.03453622964218939,1,1.75,True,True
2025/26,2026-04-25,Fulham,Aston Villa,Away,Aston Villa,Bet365,2.45,+100 to +149,0.3565307243908401,0.3888834331729352,-0.03235270878209512,-0.12649972524244169,0,-1.0,False,False
2025/26,2026-04-25,Liverpool,Crystal Palace,Away,Crystal Palace,Bet365,6.25,+300 and longer,0.1936541837131964,0.15173867228661753,0.04191551142657887,0.21033864820747739,0,-1.0,True,True
2025/26,2026-04-25,West Ham,Everton,Home,West Ham,Bet365,2.4,+100 to +149,0.3530424443222489,0.39471577261809454,-0.041673328295845635,-0.15269813362660267,1,1.4,False,False
2025/26,2026-04-25,West Ham,Everton,Away,Everton,Bet365,2.9,+150 to +199,0.3705651114240884,0.3266613290632506,0.04390378236083775,0.07463882312985626,0,-1.0,True,True
2025/26,2026-04-25,Wolves,Tottenham,Home,Wolves,Bet365,4.5,+300 and longer,0.31371237678115804,0.21124357674746064,0.1024688000336974,0.4117056955152112,0,-1.0,True,True
2025/26,2026-04-27,Man United,Brentford,Away,Brentford,Bet365,4.0,+300 and longer,0.3253824403936543,0.2372595342558218,0.08812290613783252,0.3015297615746173,0,-1.0,True,True
2025/26,2026-05-01,Leeds,Burnley,Away,Burnley,Bet365,9.5,+300 and longer,0.1143751696597052,0.09957325746799432,0.014801912191710884,0.08656411176719936,0,-1.0,True,True
2025/26,2026-05-02,Arsenal,Fulham,Away,Fulham,Bet365,7.0,+300 and longer,0.1173227866037792,0.13373025745734066,-0.01640747085356145,-0.1787404937735455,0,-1.0,False,False
2025/26,2026-05-02,Brentford,West Ham,Away,West Ham,Bet365,3.75,+200 to +299,0.18729392301299777,0.2523117569352708,-0.06501783392227303,-0.2976477887012584,0,-1.0,False,False
2025/26,2026-05-02,Newcastle,Brighton,Home,Newcastle,Bet365,2.5,+150 to +199,0.4699372989014027,0.3804878048780488,0.08944949402335389,0.17484324725350664,1,1.5,True,True
2025/26,2026-05-02,Newcastle,Brighton,Away,Brighton,Bet365,2.6,+150 to +199,0.2868343781556417,0.3658536585365853,-0.07901928038094358,-0.25423061679533154,0,-1.0,False,False
2025/26,2026-05-02,Wolves,Sunderland,Home,Wolves,Bet365,3.1,+200 to +299,0.361475849799359,0.290280777537797,0.07119507226156196,0.12057513437801282,0,-1.0,True,True
2025/26,2026-05-02,Wolves,Sunderland,Away,Sunderland,Bet365,2.1,+100 to +149,0.340833497016967,0.4285097192224623,-0.08767622220549526,-0.28424965626436927,0,-1.0,False,False
2025/26,2026-05-03,Aston Villa,Tottenham,Home,Aston Villa,Bet365,2.15,+100 to +149,0.500994768046226,0.4407039020657995,0.06029086598042649,0.07713875129938597,0,-1.0,True,True
2025/26,2026-05-03,Aston Villa,Tottenham,Away,Tottenham,Bet365,3.2,+200 to +299,0.2555181168279785,0.29609793420045905,-0.040579817372480564,-0.1823420261504688,1,2.2,False,False
2025/26,2026-05-03,Bournemouth,Crystal Palace,Away,Crystal Palace,Bet365,5.25,+300 and longer,0.2901670234524561,0.17997199064943042,0.11019503280302567,0.5233768731253945,0,-1.0,True,True
2025/26,2026-05-03,Man United,Liverpool,Home,Man United,Bet365,2.3,+100 to +149,0.32748238189855106,0.4095630021555947,-0.08208062025704366,-0.2467905216333326,1,1.2999999999999998,False,False
2025/26,2026-05-03,Man United,Liverpool,Away,Liverpool,Bet365,2.75,+150 to +199,0.43101903083485266,0.34254360180286103,0.08847542903199163,0.1853023347958449,0,-1.0,True,True
2025/26,2026-05-04,Chelsea,Nott'm Forest,Away,Nott'm Forest,Bet365,4.75,+300 and longer,0.18745223640520173,0.2007380073800738,-0.013285770974872074,-0.10960187707529179,1,3.75,False,False
2025/26,2026-05-04,Everton,Man City,Home,Everton,Bet365,6.5,+300 and longer,0.24353500555102403,0.14530005310674457,0.09823495244427946,0.5829775360816563,0,-1.0,True,True
2025/26,2026-05-09,Brighton,Wolves,Away,Wolves,Bet365,9.5,+300 and longer,0.1679506598277649,0.09999685049289786,0.06795380933486703,0.5955312683637664,0,-1.0,True,True
2025/26,2026-05-09,Fulham,Bournemouth,Home,Fulham,Bet365,2.75,+150 to +199,0.3399152020960166,0.3436754176610978,-0.0037602155650812152,-0.0652331942359543,0,-1.0,False,False
2025/26,2026-05-09,Fulham,Bournemouth,Away,Bournemouth,Bet365,2.4,+100 to +149,0.4057774320582831,0.39379474940334125,0.011982682654941845,-0.02613416306012062,1,1.4,True,False
2025/26,2026-05-09,Liverpool,Chelsea,Away,Chelsea,Bet365,3.9,+200 to +299,0.2553081301068307,0.24353727916957785,0.01177085093725283,-0.004298292583360341,0,-1.0,True,False
2025/26,2026-05-09,Man City,Brentford,Away,Brentford,Bet365,7.0,+300 and longer,0.2099233542060401,0.13578746310123285,0.07413589110480726,0.46946347944228073,0,-1.0,True,True
2025/26,2026-05-09,Sunderland,Man United,Home,Sunderland,Bet365,3.9,+200 to +299,0.276679342545326,0.24107375553818092,0.035605587007145084,0.07904943592677127,0,-1.0,True,True
2025/26,2026-05-10,Burnley,Aston Villa,Home,Burnley,Bet365,5.0,+300 and longer,0.2142866582045603,0.1894034665646017,0.024883191639958613,0.07143329102280149,0,-1.0,True,True
2025/26,2026-05-10,Crystal Palace,Everton,Home,Crystal Palace,Bet365,2.7,+150 to +199,0.48601120450322943,0.3515188335358444,0.13449237096738503,0.31223025215871947,0,-1.0,True,True
2025/26,2026-05-10,Crystal Palace,Everton,Away,Everton,Bet365,2.63,+150 to +199,0.25519301595816946,0.3608748481166464,-0.10568183215847693,-0.3288423680300143,0,-1.0,False,False
2025/26,2026-05-10,Nott'm Forest,Newcastle,Home,Nott'm Forest,Bet365,2.6,+150 to +199,0.32737887702956747,0.3673469387755102,-0.03996806174594275,-0.14881491972312455,0,-1.0,False,False
2025/26,2026-05-10,Nott'm Forest,Newcastle,Away,Newcastle,Bet365,2.6,+150 to +199,0.4148952658287935,0.3673469387755102,0.04754832705328327,0.07872769115486311,0,-1.0,True,True
2025/26,2026-05-10,West Ham,Arsenal,Home,West Ham,Bet365,5.5,+300 and longer,0.14217523619178343,0.1720368389470114,-0.02986160275522798,-0.21803620094519116,0,-1.0,False,False
2025/26,2026-05-11,Tottenham,Leeds,Away,Leeds,Bet365,3.75,+200 to +299,0.38784373864141003,0.25228224138800626,0.13556149725340377,0.4544140199052875,0,-1.0,True,True
2025/26,2026-05-13,Man City,Crystal Palace,Away,Crystal Palace,Bet365,12.0,+300 and longer,0.18328344811861924,0.07936507936507936,0.10391836875353988,1.1994013774234311,0,-1.0,True,True
2025/26,2026-05-15,Aston Villa,Liverpool,Home,Aston Villa,Bet365,2.75,+150 to +199,0.3096112909814773,0.3411167512690355,-0.031505460287558185,-0.14856894980093738,1,1.75,False,False
2025/26,2026-05-15,Aston Villa,Liverpool,Away,Liverpool,Bet365,2.4,+100 to +149,0.44452763516051846,0.39086294416243655,0.05366469099808191,0.06686632438524431,0,-1.0,True,True
2025/26,2026-05-17,Brentford,Crystal Palace,Away,Crystal Palace,Bet365,4.33,+300 and longer,0.29750088511035744,0.22056345980469233,0.07693742530566511,0.2881788325278478,0,-1.0,True,True
2025/26,2026-05-17,Everton,Sunderland,Away,Sunderland,Bet365,4.33,+300 and longer,0.23604228721184917,0.21928755908581452,0.01675472812603465,0.0220631036273069,1,3.33,True,True
2025/26,2026-05-17,Leeds,Brighton,Home,Leeds,Bet365,3.2,+200 to +299,0.4615018030713731,0.29609793420045905,0.16540386887091407,0.47680576982839407,1,2.2,True,True
2025/26,2026-05-17,Leeds,Brighton,Away,Brighton,Bet365,2.15,+100 to +149,0.28337730932680194,0.4407039020657995,-0.15732659273899757,-0.3907387849473759,0,-1.0,False,False
2025/26,2026-05-17,Man United,Nott'm Forest,Away,Nott'm Forest,Bet365,5.25,+300 and longer,0.2247126287346714,0.18079096045197737,0.04392166828269403,0.17974130085702478,0,-1.0,True,True
2025/26,2026-05-17,Newcastle,West Ham,Home,Newcastle,Bet365,2.1,+100 to +149,0.6136861729646924,0.4527177959791511,0.16096837698554128,0.2887409632258542,1,1.1,True,True
2025/26,2026-05-17,Newcastle,West Ham,Away,West Ham,Bet365,3.2,+200 to +299,0.17872689707934877,0.29709605361131797,-0.1183691565319692,-0.4280739293460839,0,-1.0,False,False
2025/26,2026-05-17,Wolves,Fulham,Home,Wolves,Bet365,3.8,+200 to +299,0.31313849507463215,0.25,0.06313849507463215,0.189926281283602,0,-1.0,True,True
2025/26,2026-05-18,Arsenal,Burnley,Away,Burnley,Bet365,23.0,+300 and longer,0.04437807625722945,0.04133627525339585,0.003041801003833597,0.020695753916277315,0,-1.0,True,True
2025/26,2026-05-19,Bournemouth,Man City,Home,Bournemouth,Bet365,4.5,+300 and longer,0.3243864936250411,0.21124357674746064,0.11314291687758044,0.45973922131268474,0,-1.0,True,True
2025/26,2026-05-19,Chelsea,Tottenham,Away,Tottenham,Bet365,3.9,+200 to +299,0.19936071110940243,0.24414426863815383,-0.044783557528751405,-0.2224932266733306,0,-1.0,False,False
2025/26,2026-05-24,Brighton,Man United,Away,Man United,Bet365,3.6,+200 to +299,0.31640747626293775,0.2629441624365483,0.05346331382638947,0.13906691454657594,1,2.6,True,True
2025/26,2026-05-24,Burnley,Wolves,Home,Burnley,Bet365,2.35,+100 to +149,0.3601741942966653,0.40293767368003175,-0.04276347938336644,-0.15359064340283646,0,-1.0,False,False
2025/26,2026-05-24,Burnley,Wolves,Away,Wolves,Bet365,2.9,+150 to +199,0.3551309002688207,0.3265184597062326,0.028612440562588104,0.029879610779580013,0,-1.0,True,True
2025/26,2026-05-24,Crystal Palace,Arsenal,Home,Crystal Palace,Bet365,4.2,+300 and longer,0.23411890876573127,0.2247191011235955,0.009399807642135771,-0.01670058318392864,0,-1.0,True,False
2025/26,2026-05-24,Fulham,Newcastle,Home,Fulham,Bet365,2.88,+150 to +199,0.34341476367364976,0.32917532917532916,0.014239434498320602,-0.010965480619888779,1,1.88,True,False
2025/26,2026-05-24,Fulham,Newcastle,Away,Newcastle,Bet365,2.25,+100 to +149,0.4017021733141798,0.4213444213444213,-0.019642248030241505,-0.0961701100430955,0,-1.0,False,False
2025/26,2026-05-24,Liverpool,Brentford,Away,Brentford,Bet365,3.8,+200 to +299,0.2159055589680908,0.24901185770750986,-0.03310629873941906,-0.17955887592125497,0,-1.0,False,False
2025/26,2026-05-24,Man City,Aston Villa,Away,Aston Villa,Bet365,9.0,+300 and longer,0.17588854834156503,0.10552147239263804,0.070367075948927,0.5829969350740853,1,8.0,True,True
2025/26,2026-05-24,Nott'm Forest,Bournemouth,Home,Nott'm Forest,Bet365,3.3,+200 to +299,0.3176987991666745,0.28655297735532564,0.03114582181134884,0.04840603725002568,0,-1.0,True,True
2025/26,2026-05-24,Nott'm Forest,Bournemouth,Away,Bournemouth,Bet365,2.05,+100 to +149,0.4262345693390674,0.4612804025719877,-0.03504583323292032,-0.12621913285491193,0,-1.0,False,False
2025/26,2026-05-24,Sunderland,Chelsea,Home,Sunderland,Bet365,3.6,+200 to +299,0.25943508152781014,0.2631578947368421,-0.00372281320903195,-0.0660337064998835,1,2.6,False,False
2025/26,2026-05-24,Sunderland,Chelsea,Away,Chelsea,Bet365,2.0,+100 to +149,0.4884601048236642,0.47368421052631576,0.014775894297348435,-0.023079790352671603,0,-1.0,True,False
2025/26,2026-05-24,Tottenham,Everton,Away,Everton,Bet365,3.8,+200 to +299,0.29872769361981066,0.24982124483353968,0.048906448786270984,0.1351652357552804,0,-1.0,True,True
2025/26,2026-05-24,West Ham,Leeds,Away,Leeds,Bet365,3.75,+200 to +299,0.4406627307276413,0.25223689816787387,0.18842583255976741,0.6524852402286547,0,-1.0,True,True
